sample_type,interaction_id,work_title,source_start_offset,source_end_offset,raw_context,derived_context,target,generated_pinyin,pinyin_syllables,polyphonic_flag,base_candidates,target_present,target_rank,pinyin_judgement,segmentation_judgement,missing_cause,notes
polyphonic_flagged,97f3e251a93721f8ddc1d2db,春,98,100,"盼望着，盼望着，東風來了，春天的腳步近了。

一切都像剛睡醒的樣子，欣欣然張開了眼。山朗潤起來了，水長起來了，太陽的臉紅起來了。

小草偷偷地從土裏鑽出來，嫩嫩的，綠綠的。園子裏，田野裏，瞧去，一",綠綠的園子裏田野裏瞧去一,大片,dapian,da pian,TRUE,1:大片 | 2:大篇 | 3:打偏 | 4:大批 | 5:打屁 | 6:大辟 | 7:大埤 | 8:打 | 9:大 | 10:達,TRUE,1,correct,,,
polyphonic_flagged,96a1ce8ce7c437c2b2242ce8,匆匆,88,90,燕子去了，有再來的時候；楊柳枯了，有再靑的時候；桃花謝了，有再開的時候。但是，聰明的，你吿訴我，我們的日子爲什麼一去不復返呢？——是有人偷了他們罷：那是誰？又藏在何處呢？是他們,那是誰又藏在何處呢是他們,自己,ziji,zi ji,TRUE,1:自己 | 2:字跡 | 3:子集 | 4:自給 | 5:仔雞 | 6:子雞 | 7:字集 | 8:自激 | 9:鎡基 | 10:子,TRUE,1,correct,,,
polyphonic_flagged,b53332e967c1f95c8d6a9ffe,槳聲燈影裏的秦淮河,4601,4603,"一九二三年八月的一晚，我和平伯同遊秦淮河；平伯是初泛，我是重來了。我們雇了一隻「七板子」，在夕陽已去、皎月方來的時候，便下了船。於是槳聲汩汩，我們開始領略那晃蕩著薔薇色的歷史的秦淮河的滋味了。

秦淮河裏的船，比北京万生園、頤和園的船好，比西湖的船好，比揚州瘦西湖的船也好。這幾處的船不是覺著笨，就是覺著簡陋、局促；都不能引起乘客們的情韻，如秦淮河的船一樣。秦淮河的船約略可分為兩種：一是大船；一是小船，就是所謂「七板子」。大船艙口闊大，可容二三十人。裏面陳設著字畫和光潔的紅木家具，桌上一律嵌著冰涼的大理石面。窗格雕鏤頗細，使人起柔膩之感。窗格里映著紅色藍色的玻璃；玻璃上有精緻的花紋，也頗悅人目。「七板子」規模雖不及大船，但那淡藍色的欄杆，空敞的艙，也足繫人情思。而最出色處卻在它的艙前。艙前是甲板上的一部，上面有弧形的頂，兩邊用疏疏的欄杆支著。裏面通常放著兩張藤的躺椅。躺下，可以談天，可以望遠，可以顧盼兩岸的河房。大船上也有這個，但在小船上更覺清雋罷了。艙前的頂下，一律懸著燈彩；燈的多少、明暗，彩蘇的精粗、艷晦，是不一的，但好歹總還你一個燈彩。這燈彩實在是最能勾人的東西。夜幕垂垂地下來時，大小船上都點起燈火。從兩重玻璃裏映出那輻射著的黃黃的散光，反暈出一片朦朧的煙靄；透過這煙靄，在黯黯的水波里，又逗起縷縷的明漪。在這薄靄和微漪裏，聽著那悠然的間歇的槳聲，誰能不被引入他的美夢去呢？只愁夢太多了，這些大小船兒如何載得起呀？我們這時模模糊糊的談著明末的秦淮河的艷跡，如《桃花扇》及《板橋雜記》裏所載的。我們真神往了。我們彷彿親見那時華燈映水，畫舫凌波的光景了。於是我們的船便成了歷史的重載了。我們終於恍然秦淮河的船所以雅麗過於他處，而又有奇異的吸引力的，實在是許多歷史的影像使然了。

秦淮河的水是碧陰陰的；看起來厚而不膩，或者是六朝金粉所凝麼？我們初上船的時候，天色還未斷黑，那漾漾的柔波是這樣恬靜、委婉，使我們一面有水闊天空之想，一面又憧憬著紙醉金迷之境了。等到燈火明時，陰陰的變為沈沉了：黯淡的水光，像夢一般；那偶然閃爍著的光芒，就是夢的眼睛了。我們坐在艙前，因了那隆起的頂棚，彷彿總是昂著首向前走著似的；於是飄飄然如御風而行的我們，看著那些自在的灣泊著的船，船裏走馬燈般的人物，便像是下界一般，迢迢的遠了，又像在霧裏看花，盡朦朦朧朧的。這時我們已過了利涉橋，望見東關頭了。沿路聽見斷續的歌聲：有從沿河的妓樓飄來的，有從河上船裏渡來的。我們明知那些歌聲，只是些因襲的言詞，從生澀的歌喉裏機械的發出來的；但它們經了夏夜的微風的吹漾和水波的搖拂，嬝娜著到我們耳邊的時候，已經不單是她們的歌聲，而混著微風和河水的密語了。於是我們不得不被牽惹著，震撼著，相與浮沉於這歌聲裏了。從東關頭轉彎，不久就到大中橋。大中橋共有三個橋拱，都很闊大，儼然是三座門兒；使我們覺得我們的船和船裏的我們，在橋下過去時，真是太無顏色了。橋磚是深褐色，表明它的歷史的長久；但都完好無缺，令人太息於古昔工程的堅美。橋上兩旁都是木壁的房子，中間應該有街路。這些房子都破舊了，多年煙熏的跡，遮沒了當年的美麗。我想像秦淮河的極盛時，在這樣宏闊的橋上，特地蓋了房子，必然是髹漆得富富麗麗的；晚間必然是燈火通明的，現在卻只剩下一片黑沉沉！但是橋上造著房子，畢竟使我們多少可以想見往日的繁華；這也慰情聊勝無了。過了大中橋，便到了燈月交輝、笙歌徹夜的秦淮河，這才是秦淮河的真面目哩。

大中橋外，頓然空闊，和橋內兩岸排著密密的人家的景像大異了。一眼望去，疏疏的林，淡淡的月，襯著蔚藍的天，頗像荒江野渡光景；那邊呢，鬱叢叢的，陰森森的，又似乎藏著無邊的黑暗，令人幾乎不信那是繁華的秦淮河了。但是河中眩暈著的燈光，縱橫著的畫舫，悠揚著的笛韻，夾著那吱吱的胡琴聲，終於使我們認識綠如茵陳酒的秦淮水了。此地天裸露著的多些，故覺夜來的獨遲些；從清清的水影裏，我們感到的只是薄薄的夜——這正是秦淮河的夜。大中橋外，本來還有一座復成橋，是船夫口中的我們的遊踪盡處，或也是秦淮河繁華的盡處了。我的腳曾踏過復成橋的脊，在十三四歲的時候。但是兩次遊秦淮河，卻都不曾見著復成橋的面；明知總在前途的，卻常覺得有些虛無縹緲似的。我想，不見倒也好。這時正是盛夏。我們下船後，藉著新生的晚涼和河上的微風，暑氣已漸漸消散；到了此地，豁然開朗，身子頓然輕了——習習的清風荏苒在面上、手上、衣上，這便又感到了一縷新涼了。南京的日光，大概沒有杭州猛烈；西湖的夏夜老是熱蓬蓬的，水像沸著一般，秦淮河的水卻盡是這樣冷冷地綠著。任你人影的憧憧，歌聲的擾擾，總像隔著一層薄薄的綠紗面冪似的；它盡是這樣靜靜的、冷冷的綠著。我們出了大中橋，走不上半里路，船夫便將船劃到一旁，停了槳由它宕著。他以為那裏正是繁華的極點，再過去就是荒涼了；所以讓我們多多賞鑑一會兒。他自己卻靜靜的蹲著。他是看慣這光景的了，大約只是一個無可無不可。這無可無不可，無論是升的沉的，總之，都比我們高了。

那時河裏鬧熱極了；船大半泊著，小半在水上穿梭似的來往。停泊著的都在近市的那一邊，我們的船自然也夾在其中。因為這邊略略的擠，便覺得那邊十分的疏了。在每一隻船從那邊過去時，我們能畫出它的輕輕的影和曲曲的波，在我們的心上；這顯著是空，且顯著是靜了。那時處處都是歌聲和淒厲的胡琴聲，圓潤的喉嚨，確乎是很少的。但那生澀的，尖脆的調子能使人有少年的，粗率不拘的感覺，也正可快我們的意。況且多少隔開些兒聽著，因為想像與渴慕的做美，總覺更有滋味；而竟發的喧囂，抑揚的不齊，遠近的雜沓，和樂器的嘈嘈切切，合成另一意味的諧音，也使我們無所適從，如隨著大風而走。這實在因為我們的心枯澀久了，變為脆弱；故偶然潤澤一下，便瘋狂似的不能自主了，但秦淮河確也膩人。即如船裏的人面，無論是和我們一堆儿泊著的，無論是從我們眼前過去的，總是模模糊糊的，甚至渺渺茫茫的；任你張圓了眼睛，揩淨了眥垢，也是枉然，這真夠人想呢。在我們停泊的地方，燈光原是紛然的；不過這些燈光都是黃而有暈的。黃已經不能明了，再加上了暈，便更不成了。燈愈多，暈就愈甚；在繁星般的黃的交錯裏，秦淮河彷彿籠上了一團光霧。光芒與霧氣騰騰的暈著，什麼都只剩了輪廓了；所以人面的詳細的曲線，便消失於我們的眼底了。但燈光究竟奪不了那邊的月色；燈光是渾的，月色是清的。在渾沌的燈光裏，滲入一派清輝，卻真是奇蹟！那晚月兒已瘦削了兩三分。她晚妝才罷，盈盈的上了柳梢頭。天是藍得可愛，彷彿一汪水似的；月兒便更出落得精神了。岸上原有三株兩株的垂楊樹，淡淡的影子，在水里搖曳著。它們那柔細的枝條浴著月光，就像一支支美人的臂膊，交互的纏著、挽著；又像是月兒披著的髪。而月兒偶爾也從它們的交叉處偷偷窺看我們，大有小姑娘怕羞的樣子。岸上另有幾株不知名的老樹，光光的立著；在月光裏照起來，卻又儼然是精神矍鑠的老人。遠處快到天際線了，才有一兩片白雲，亮得現出異彩，像是美麗的貝殼一般。白雲下便是黑黑的一帶輪廓；是一條隨意畫的不規則的曲線。這一段光景，和河中的風味大異了。但燈與月竟能並存著，交融著，使月成了纏綿的月，燈射著渺渺的靈輝，這正是天之所以厚秦淮河，也正是天之所以厚我們了。

這時卻遇著了難解的糾紛。秦淮河上原有一種歌妓，是以歌為業的。從前都在茶舫上，唱些大曲之類。每日午後一時起；什麼時候止，卻忘記了。晚上照樣也有一回，也在黃暈的燈光裏。我從前過南京時，曾隨著朋友去聽過兩次。因為茶舫裏的人臉太多了，覺得不大適意，終於聽不出所以然。前年聽說歌妓被取締了，不知怎的，頗涉想了幾次卻想不出什麼。這次到南京，先到茶舫上去看看，覺得頗是寂寥，令我無端的悵悵了。不料她們卻仍在秦淮河裏掙扎著，不料她們竟會糾纏到我們，我於是很張皇了，她們也乘著「七板子」，她們總是坐在艙前的。艙前點著石油汽燈，光亮炫人眼目：坐在下面的，自然是纖毫畢見了。引誘客人們的力量，也便在此了。艙裏躲著樂工等人，映著汽燈的餘輝蠕動著；他們是永遠不被注意的。每船的歌妓大約都是二人；天色一黑，她們的船就在大中橋外往來不息的兜生意。無論行著的船，泊著的船，都要來兜攬的。這都是我後來推想出來的。那晚不知怎樣，忽然輪著我們的船了。我們的船好好的停著，一隻歌舫劃向我們來了；漸漸和我們的船並著了。爍爍的燈光逼得我們皺起了眉頭；我們的風塵色全給它托出來了，這使我踧踖不安了。那時一個伙計跨過船來，拿著攤開的歌摺，就近塞向我的手裏，說：「點幾出吧！」他跨過來的時候，我們船上似乎有許多眼光跟著。同時相近的別的船上也似乎有許多眼睛炯炯的向我們船上看著。我真窘了！我也裝出大方的樣子，向歌妓們瞥了一眼，但究竟是不成的！我勉強將那歌摺翻了一翻，卻不曾看清了幾個字；便趕緊遞還那伙計，一面不好意思地說「不要，我們⋯⋯不要。」他便塞給平伯，平伯掉轉頭去，搖手說：「不要！」那人還膩著不走。平伯又回過臉來，搖著頭道「不要！」於是那人重到我處，我窘著再拒絕了他。他這纔有所不屑似的走了。

我的心立刻放下，如釋了重負一般。我們就開始自白了。

我說我受了道德律的壓迫，拒絕了她們；心裏似乎很抱歉的。這所謂抱歉，一面對於她們，一面對於我自己。她們於我們雖然沒有很奢的希望；但總有些希望的。我們拒絕了她們，無論理由如何充足，卻使她們的希望受了傷；這總有幾分不做美了，這是我覺得很悵悵的。至於我自己，更有一種不足之感。我這時被四面的歌聲誘惑了，降伏了；但是遠遠的，遠遠的歌聲總彷彿隔著重衣搔癢似的，越搔越搔不著癢處。我於是憧憬著貼耳的妙音了。在歌舫劃來時，我的憧憬，變為盼望；我固執的盼望著，有如飢渴。雖然從淺薄的經驗裏，也能夠推知，那貼耳的歌聲，將剝去了一切的美妙；但一個平常的人像我的，谁愿憑了理性之力去醜化未來呢？我寧願自己騙著了。不過我的社會感性是很敏銳的；我的思力能拆穿道德律的西洋鏡，而我的感情卻終於被它壓服著。我於是有所顧忌了，尤其是在眾目昭彰的時候。道德律的力，本來是民眾賦予的；在民眾的面前，自然更顯出它的威嚴了。我這時一面盼望，一面卻感到了兩重的禁制：一、在通俗的意義上，接近妓者總算一種不正當的行為；二、妓是一種不健全的職業，我們對於她們，應有哀矜勿喜之心，不應賞玩的去聽她們的歌。在眾目睽睽之下，這兩種思想在我心裏最為旺盛。她們暫時壓倒了我的聽歌的盼望，這便成就了我的灰色的拒絕。那時的心實在異常狀態中，覺得頗是昏亂。歌舫去了，暫時寧靜之後，我的思緒又如潮湧了。兩個相反的意思在我心頭往復：賣歌和賣淫不同，聽歌和狎妓不同，又干道德甚事？但是，但是，她們既被逼的以歌為業，她們的歌必無藝術味的；況她們的身世，我們究竟該同情的，所以拒絕倒也是正辦。但這些意思終於不曾撇開我的聽歌的盼望。它力量異常堅強；它總想將別的思緒踏在腳下。從這重重的爭鬬里，我感到了濃厚的不足之感。這不足之感使我的心盤旋不安，起坐都不安寧了。唉！我承認我是一個自私的人！平伯呢，卻與我不同。他引周啟明先生的詩，「因為我有妻子，所以我愛一切的女人；因為我有子女，所以我愛一切的孩子。」他的意思可以見了。他因為推及的同情，愛著那些歌妓，並且尊重著她們，所以拒絕了她們。在這種情形下，他自然以為聽是對於她們的一種侮辱。但他也是想听歌的，雖然不和我一樣。所以在他的心中，當然也有",樣所以在他的心中當然也有,一番,yifan,yi fan,TRUE,1:一番 | 2:一翻 | 3:疑犯 | 4:伊凡 | 5:懿範 | 6:儀範 | 7:貽範 | 8:遺範 | 9:一反 | 10:一凡,TRUE,1,correct,,,
polyphonic_flagged,2a6272831b50601864e2d87d,槳聲燈影裏的秦淮河,3715,3717,"一九二三年八月的一晚，我和平伯同遊秦淮河；平伯是初泛，我是重來了。我們雇了一隻「七板子」，在夕陽已去、皎月方來的時候，便下了船。於是槳聲汩汩，我們開始領略那晃蕩著薔薇色的歷史的秦淮河的滋味了。

秦淮河裏的船，比北京万生園、頤和園的船好，比西湖的船好，比揚州瘦西湖的船也好。這幾處的船不是覺著笨，就是覺著簡陋、局促；都不能引起乘客們的情韻，如秦淮河的船一樣。秦淮河的船約略可分為兩種：一是大船；一是小船，就是所謂「七板子」。大船艙口闊大，可容二三十人。裏面陳設著字畫和光潔的紅木家具，桌上一律嵌著冰涼的大理石面。窗格雕鏤頗細，使人起柔膩之感。窗格里映著紅色藍色的玻璃；玻璃上有精緻的花紋，也頗悅人目。「七板子」規模雖不及大船，但那淡藍色的欄杆，空敞的艙，也足繫人情思。而最出色處卻在它的艙前。艙前是甲板上的一部，上面有弧形的頂，兩邊用疏疏的欄杆支著。裏面通常放著兩張藤的躺椅。躺下，可以談天，可以望遠，可以顧盼兩岸的河房。大船上也有這個，但在小船上更覺清雋罷了。艙前的頂下，一律懸著燈彩；燈的多少、明暗，彩蘇的精粗、艷晦，是不一的，但好歹總還你一個燈彩。這燈彩實在是最能勾人的東西。夜幕垂垂地下來時，大小船上都點起燈火。從兩重玻璃裏映出那輻射著的黃黃的散光，反暈出一片朦朧的煙靄；透過這煙靄，在黯黯的水波里，又逗起縷縷的明漪。在這薄靄和微漪裏，聽著那悠然的間歇的槳聲，誰能不被引入他的美夢去呢？只愁夢太多了，這些大小船兒如何載得起呀？我們這時模模糊糊的談著明末的秦淮河的艷跡，如《桃花扇》及《板橋雜記》裏所載的。我們真神往了。我們彷彿親見那時華燈映水，畫舫凌波的光景了。於是我們的船便成了歷史的重載了。我們終於恍然秦淮河的船所以雅麗過於他處，而又有奇異的吸引力的，實在是許多歷史的影像使然了。

秦淮河的水是碧陰陰的；看起來厚而不膩，或者是六朝金粉所凝麼？我們初上船的時候，天色還未斷黑，那漾漾的柔波是這樣恬靜、委婉，使我們一面有水闊天空之想，一面又憧憬著紙醉金迷之境了。等到燈火明時，陰陰的變為沈沉了：黯淡的水光，像夢一般；那偶然閃爍著的光芒，就是夢的眼睛了。我們坐在艙前，因了那隆起的頂棚，彷彿總是昂著首向前走著似的；於是飄飄然如御風而行的我們，看著那些自在的灣泊著的船，船裏走馬燈般的人物，便像是下界一般，迢迢的遠了，又像在霧裏看花，盡朦朦朧朧的。這時我們已過了利涉橋，望見東關頭了。沿路聽見斷續的歌聲：有從沿河的妓樓飄來的，有從河上船裏渡來的。我們明知那些歌聲，只是些因襲的言詞，從生澀的歌喉裏機械的發出來的；但它們經了夏夜的微風的吹漾和水波的搖拂，嬝娜著到我們耳邊的時候，已經不單是她們的歌聲，而混著微風和河水的密語了。於是我們不得不被牽惹著，震撼著，相與浮沉於這歌聲裏了。從東關頭轉彎，不久就到大中橋。大中橋共有三個橋拱，都很闊大，儼然是三座門兒；使我們覺得我們的船和船裏的我們，在橋下過去時，真是太無顏色了。橋磚是深褐色，表明它的歷史的長久；但都完好無缺，令人太息於古昔工程的堅美。橋上兩旁都是木壁的房子，中間應該有街路。這些房子都破舊了，多年煙熏的跡，遮沒了當年的美麗。我想像秦淮河的極盛時，在這樣宏闊的橋上，特地蓋了房子，必然是髹漆得富富麗麗的；晚間必然是燈火通明的，現在卻只剩下一片黑沉沉！但是橋上造著房子，畢竟使我們多少可以想見往日的繁華；這也慰情聊勝無了。過了大中橋，便到了燈月交輝、笙歌徹夜的秦淮河，這才是秦淮河的真面目哩。

大中橋外，頓然空闊，和橋內兩岸排著密密的人家的景像大異了。一眼望去，疏疏的林，淡淡的月，襯著蔚藍的天，頗像荒江野渡光景；那邊呢，鬱叢叢的，陰森森的，又似乎藏著無邊的黑暗，令人幾乎不信那是繁華的秦淮河了。但是河中眩暈著的燈光，縱橫著的畫舫，悠揚著的笛韻，夾著那吱吱的胡琴聲，終於使我們認識綠如茵陳酒的秦淮水了。此地天裸露著的多些，故覺夜來的獨遲些；從清清的水影裏，我們感到的只是薄薄的夜——這正是秦淮河的夜。大中橋外，本來還有一座復成橋，是船夫口中的我們的遊踪盡處，或也是秦淮河繁華的盡處了。我的腳曾踏過復成橋的脊，在十三四歲的時候。但是兩次遊秦淮河，卻都不曾見著復成橋的面；明知總在前途的，卻常覺得有些虛無縹緲似的。我想，不見倒也好。這時正是盛夏。我們下船後，藉著新生的晚涼和河上的微風，暑氣已漸漸消散；到了此地，豁然開朗，身子頓然輕了——習習的清風荏苒在面上、手上、衣上，這便又感到了一縷新涼了。南京的日光，大概沒有杭州猛烈；西湖的夏夜老是熱蓬蓬的，水像沸著一般，秦淮河的水卻盡是這樣冷冷地綠著。任你人影的憧憧，歌聲的擾擾，總像隔著一層薄薄的綠紗面冪似的；它盡是這樣靜靜的、冷冷的綠著。我們出了大中橋，走不上半里路，船夫便將船劃到一旁，停了槳由它宕著。他以為那裏正是繁華的極點，再過去就是荒涼了；所以讓我們多多賞鑑一會兒。他自己卻靜靜的蹲著。他是看慣這光景的了，大約只是一個無可無不可。這無可無不可，無論是升的沉的，總之，都比我們高了。

那時河裏鬧熱極了；船大半泊著，小半在水上穿梭似的來往。停泊著的都在近市的那一邊，我們的船自然也夾在其中。因為這邊略略的擠，便覺得那邊十分的疏了。在每一隻船從那邊過去時，我們能畫出它的輕輕的影和曲曲的波，在我們的心上；這顯著是空，且顯著是靜了。那時處處都是歌聲和淒厲的胡琴聲，圓潤的喉嚨，確乎是很少的。但那生澀的，尖脆的調子能使人有少年的，粗率不拘的感覺，也正可快我們的意。況且多少隔開些兒聽著，因為想像與渴慕的做美，總覺更有滋味；而竟發的喧囂，抑揚的不齊，遠近的雜沓，和樂器的嘈嘈切切，合成另一意味的諧音，也使我們無所適從，如隨著大風而走。這實在因為我們的心枯澀久了，變為脆弱；故偶然潤澤一下，便瘋狂似的不能自主了，但秦淮河確也膩人。即如船裏的人面，無論是和我們一堆儿泊著的，無論是從我們眼前過去的，總是模模糊糊的，甚至渺渺茫茫的；任你張圓了眼睛，揩淨了眥垢，也是枉然，這真夠人想呢。在我們停泊的地方，燈光原是紛然的；不過這些燈光都是黃而有暈的。黃已經不能明了，再加上了暈，便更不成了。燈愈多，暈就愈甚；在繁星般的黃的交錯裏，秦淮河彷彿籠上了一團光霧。光芒與霧氣騰騰的暈著，什麼都只剩了輪廓了；所以人面的詳細的曲線，便消失於我們的眼底了。但燈光究竟奪不了那邊的月色；燈光是渾的，月色是清的。在渾沌的燈光裏，滲入一派清輝，卻真是奇蹟！那晚月兒已瘦削了兩三分。她晚妝才罷，盈盈的上了柳梢頭。天是藍得可愛，彷彿一汪水似的；月兒便更出落得精神了。岸上原有三株兩株的垂楊樹，淡淡的影子，在水里搖曳著。它們那柔細的枝條浴著月光，就像一支支美人的臂膊，交互的纏著、挽著；又像是月兒披著的髪。而月兒偶爾也從它們的交叉處偷偷窺看我們，大有小姑娘怕羞的樣子。岸上另有幾株不知名的老樹，光光的立著；在月光裏照起來，卻又儼然是精神矍鑠的老人。遠處快到天際線了，才有一兩片白雲，亮得現出異彩，像是美麗的貝殼一般。白雲下便是黑黑的一帶輪廓；是一條隨意畫的不規則的曲線。這一段光景，和河中的風味大異了。但燈與月竟能並存著，交融著，使月成了纏綿的月，燈射著渺渺的靈輝，這正是天之所以厚秦淮河，也正是天之所以厚我們了。

這時卻遇著了難解的糾紛。秦淮河上原有一種歌妓，是以歌為業的。從前都在茶舫上，唱些大曲之類。每日午後一時起；什麼時候止，卻忘記了。晚上照樣也有一回，也在黃暈的燈光裏。我從前過南京時，曾隨著朋友去聽過兩次。因為茶舫裏的人臉太多了，覺得不大適意，終於聽不出所以然。前年聽說歌妓被取締了，不知怎的，頗涉想了幾次卻想不出什麼。這次到南京，先到茶舫上去看看，覺得頗是寂寥，令我無端的悵悵了。不料她們卻仍在秦淮河裏掙扎著，不料她們竟會糾纏到我們，我於是很張皇了，她們也乘著「七板子」，她們總是坐在艙前的。艙前點著石油汽燈，光亮炫人眼目：坐在下面的，自然是纖毫畢見了。引誘客人們的力量，也便在此了。艙裏躲著樂工等人，映著汽燈的餘輝蠕動著；他們是永遠不被注意的。每船的歌妓大約都是二人；天色一黑，她們的船就在大中橋外往來不息的兜生意。無論行著的船，泊著的船，都要來兜攬的。這都是我後來推想出來的。那晚不知怎樣，忽然輪著我們的船了。我們的船好好的停著，一隻歌舫劃向我們來了；漸漸和我們的船並著了。爍爍的燈光逼得我們皺起了眉頭；我們的風塵色全給它托出來了，這使我踧踖不安了。那時一個伙計跨過船來，拿著攤開的歌摺，就近塞向我的手裏，說：「點幾出吧！」他跨過來的時候，我們船上似乎有許多眼光跟著。同時相近的別的船上也似乎有許多眼睛炯炯的向我們船上看著。我真窘了！我也裝出大方的樣子，向歌妓們瞥了一眼，但究竟是不成的！我勉強將那歌摺翻了一翻，卻不曾看清了幾個字；便趕緊遞還那伙計，一面不好意思地說「不要，我們⋯⋯不要。」他便塞給平伯，平伯掉轉頭去，搖手說：「不要！」那人還膩著不走。平伯又回過臉來，搖著頭道「不要！」於是那人重到我處，我窘著再拒絕了他。他這纔有所不屑似的走了。

我的心立刻放下，如釋了重負一般。我們就開始自白了。

我說我受了道德律的壓迫，拒絕了她們；心裏",德律的壓迫拒絕了她們心裏,似乎,sihu,si hu,TRUE,1:似乎 | 2:四戶 | 3:四湖 | 4:四胡 | 5:四呼 | 6:四壺 | 7:似虎 | 8:司戶 | 9:死 | 10:四,TRUE,1,correct,,,
polyphonic_flagged,c680c3873ba2c6144fa54826,春,477,480,"盼望着，盼望着，東風來了，春天的腳步近了。

一切都像剛睡醒的樣子，欣欣然張開了眼。山朗潤起來了，水長起來了，太陽的臉紅起來了。

小草偷偷地從土裏鑽出來，嫩嫩的，綠綠的。園子裏，田野裏，瞧去，一大片一大片滿是的。坐着，躺着，打兩個滾，踢幾腳球，賽幾䠀跑，捉幾回迷藏。風輕悄悄的，草軟綿綿的。

桃樹、杏樹、梨樹，你不讓我，我不讓你，都開滿了花趕䠀兒。紅的像火，粉的像霞，白的像雪。花裏帶着甜味；閉了眼，樹上仿彿已經滿是桃兒、杏兒、梨兒！花下成千成百的蜜蜂嗡嗡地鬧着，大小的蝴蝶飛來飛去。野花遍地是：雜樣兒，有名字的，沒名字的，散在草叢裏，像眼睛，像星星，還眨呀眨的。

「吹面不寒楊柳風」，不錯的，像母親的手撫摸着你。風裏帶來些新翻的泥土的氣息，混着青草味，還有各種花的香，都在微微潤溼的空氣裏醞釀。鳥兒將窠巢安在繁花嫩葉當中，高興起來了，呼朋引伴地賣弄清脆的喉嚨，唱出宛轉的曲子，與輕風流水應和着。牛背上牧童的短笛，這時候也成天在嘹亮地響。

雨是最尋常的，一下就是三兩天。可別惱。看，像牛毛，像花針，像細絲，密密地斜織着，人家屋頂上全籠着一層薄煙。",人家屋頂上全籠着一層薄煙,樹葉子,shuyezi,shu ye zi,TRUE,1:書葉子 | 2:樹葉 | 3:輸液 | 4:書頁 | 5:樹液 | 6:數夜 | 7:術業 | 8:書業 | 9:疏野 | 10:書,FALSE,,correct,,,
polyphonic_flagged,40e007e65a8be67dcfb257fb,給亡婦,652,654,"謙，日子真快，一眨眼你已經死了三個年頭了。這三年裡世事不知變化了多少回，但你未必注意這些個，我知道。你第一惦記的是你幾個孩子，第二便輪著我。孩子和我平分你的世界，你在日如此；你死後若還有知，想來還如此的。告訴你，我夏天回家來著：邁兒長得結實極了，比我高一個頭。閏兒父親說是最乖，可是沒有先前胖了。采芷和轉子都好。五兒全家誇她長得好看；卻在腿上生了濕瘡，整天坐在竹床上不能下來，看了怪可憐的。六兒，我怎麼說好，你明白，你臨終時也和母親談過，這孩子是只可以養著玩兒的，他左挨右挨去年春天，到底沒有挨過去。這孩子生了幾個月，你的肺病就重起來了。我勸你少親近他，只監督著老媽子照管就行。你總是忍不住，一會兒提，一會兒抱的。可是你病中為他操的那一份兒心也夠瞧的。那一個夏天他病的時候多，你成天兒忙著，湯呀，藥呀，冷呀，暖呀，連覺也沒有好好兒睡過。那裡有一分一毫想著你自己。瞧著他硬朗點兒你就樂，乾枯的笑容在黃蠟般的臉上，我只有暗中歎氣而已。

從來想不到做母親的要像你這樣。從邁兒起，你總是自己喂乳，一連四個都這樣。你起初不知道按鐘點兒喂，後來知道了，卻又弄不慣；孩子們每夜裡幾次將你哭醒了，特別是悶熱的夏季。我瞧你的覺老沒睡足。白天裡還得做菜，照料孩子，很少得空兒。你的身子本來壞，四個孩子就累你七八年。到了第五個，你自己實在不成了，又沒乳，只好自己餵奶粉，另雇老媽子專管她。但孩子跟老媽子睡，你就沒有放過心；夜裡一聽見哭，就豎起耳朵聽，工夫一大就得過去看。十六年初，和你到北京來，將邁兒，轉子留在家裡；三年多還",邁兒轉子留在家裡三年多還,不能,buneng,bu neng,TRUE,1:不能 | 2:不 | 3:部 | 4:補 | 5:布 | 6:步 | 7:佈 | 8:卜 | 9:捕 | 10:簿,TRUE,1,correct,,,
polyphonic_flagged,4a9c3c5a85758f96aa5327a4,槳聲燈影裏的秦淮河,2966,2968,"一九二三年八月的一晚，我和平伯同遊秦淮河；平伯是初泛，我是重來了。我們雇了一隻「七板子」，在夕陽已去、皎月方來的時候，便下了船。於是槳聲汩汩，我們開始領略那晃蕩著薔薇色的歷史的秦淮河的滋味了。

秦淮河裏的船，比北京万生園、頤和園的船好，比西湖的船好，比揚州瘦西湖的船也好。這幾處的船不是覺著笨，就是覺著簡陋、局促；都不能引起乘客們的情韻，如秦淮河的船一樣。秦淮河的船約略可分為兩種：一是大船；一是小船，就是所謂「七板子」。大船艙口闊大，可容二三十人。裏面陳設著字畫和光潔的紅木家具，桌上一律嵌著冰涼的大理石面。窗格雕鏤頗細，使人起柔膩之感。窗格里映著紅色藍色的玻璃；玻璃上有精緻的花紋，也頗悅人目。「七板子」規模雖不及大船，但那淡藍色的欄杆，空敞的艙，也足繫人情思。而最出色處卻在它的艙前。艙前是甲板上的一部，上面有弧形的頂，兩邊用疏疏的欄杆支著。裏面通常放著兩張藤的躺椅。躺下，可以談天，可以望遠，可以顧盼兩岸的河房。大船上也有這個，但在小船上更覺清雋罷了。艙前的頂下，一律懸著燈彩；燈的多少、明暗，彩蘇的精粗、艷晦，是不一的，但好歹總還你一個燈彩。這燈彩實在是最能勾人的東西。夜幕垂垂地下來時，大小船上都點起燈火。從兩重玻璃裏映出那輻射著的黃黃的散光，反暈出一片朦朧的煙靄；透過這煙靄，在黯黯的水波里，又逗起縷縷的明漪。在這薄靄和微漪裏，聽著那悠然的間歇的槳聲，誰能不被引入他的美夢去呢？只愁夢太多了，這些大小船兒如何載得起呀？我們這時模模糊糊的談著明末的秦淮河的艷跡，如《桃花扇》及《板橋雜記》裏所載的。我們真神往了。我們彷彿親見那時華燈映水，畫舫凌波的光景了。於是我們的船便成了歷史的重載了。我們終於恍然秦淮河的船所以雅麗過於他處，而又有奇異的吸引力的，實在是許多歷史的影像使然了。

秦淮河的水是碧陰陰的；看起來厚而不膩，或者是六朝金粉所凝麼？我們初上船的時候，天色還未斷黑，那漾漾的柔波是這樣恬靜、委婉，使我們一面有水闊天空之想，一面又憧憬著紙醉金迷之境了。等到燈火明時，陰陰的變為沈沉了：黯淡的水光，像夢一般；那偶然閃爍著的光芒，就是夢的眼睛了。我們坐在艙前，因了那隆起的頂棚，彷彿總是昂著首向前走著似的；於是飄飄然如御風而行的我們，看著那些自在的灣泊著的船，船裏走馬燈般的人物，便像是下界一般，迢迢的遠了，又像在霧裏看花，盡朦朦朧朧的。這時我們已過了利涉橋，望見東關頭了。沿路聽見斷續的歌聲：有從沿河的妓樓飄來的，有從河上船裏渡來的。我們明知那些歌聲，只是些因襲的言詞，從生澀的歌喉裏機械的發出來的；但它們經了夏夜的微風的吹漾和水波的搖拂，嬝娜著到我們耳邊的時候，已經不單是她們的歌聲，而混著微風和河水的密語了。於是我們不得不被牽惹著，震撼著，相與浮沉於這歌聲裏了。從東關頭轉彎，不久就到大中橋。大中橋共有三個橋拱，都很闊大，儼然是三座門兒；使我們覺得我們的船和船裏的我們，在橋下過去時，真是太無顏色了。橋磚是深褐色，表明它的歷史的長久；但都完好無缺，令人太息於古昔工程的堅美。橋上兩旁都是木壁的房子，中間應該有街路。這些房子都破舊了，多年煙熏的跡，遮沒了當年的美麗。我想像秦淮河的極盛時，在這樣宏闊的橋上，特地蓋了房子，必然是髹漆得富富麗麗的；晚間必然是燈火通明的，現在卻只剩下一片黑沉沉！但是橋上造著房子，畢竟使我們多少可以想見往日的繁華；這也慰情聊勝無了。過了大中橋，便到了燈月交輝、笙歌徹夜的秦淮河，這才是秦淮河的真面目哩。

大中橋外，頓然空闊，和橋內兩岸排著密密的人家的景像大異了。一眼望去，疏疏的林，淡淡的月，襯著蔚藍的天，頗像荒江野渡光景；那邊呢，鬱叢叢的，陰森森的，又似乎藏著無邊的黑暗，令人幾乎不信那是繁華的秦淮河了。但是河中眩暈著的燈光，縱橫著的畫舫，悠揚著的笛韻，夾著那吱吱的胡琴聲，終於使我們認識綠如茵陳酒的秦淮水了。此地天裸露著的多些，故覺夜來的獨遲些；從清清的水影裏，我們感到的只是薄薄的夜——這正是秦淮河的夜。大中橋外，本來還有一座復成橋，是船夫口中的我們的遊踪盡處，或也是秦淮河繁華的盡處了。我的腳曾踏過復成橋的脊，在十三四歲的時候。但是兩次遊秦淮河，卻都不曾見著復成橋的面；明知總在前途的，卻常覺得有些虛無縹緲似的。我想，不見倒也好。這時正是盛夏。我們下船後，藉著新生的晚涼和河上的微風，暑氣已漸漸消散；到了此地，豁然開朗，身子頓然輕了——習習的清風荏苒在面上、手上、衣上，這便又感到了一縷新涼了。南京的日光，大概沒有杭州猛烈；西湖的夏夜老是熱蓬蓬的，水像沸著一般，秦淮河的水卻盡是這樣冷冷地綠著。任你人影的憧憧，歌聲的擾擾，總像隔著一層薄薄的綠紗面冪似的；它盡是這樣靜靜的、冷冷的綠著。我們出了大中橋，走不上半里路，船夫便將船劃到一旁，停了槳由它宕著。他以為那裏正是繁華的極點，再過去就是荒涼了；所以讓我們多多賞鑑一會兒。他自己卻靜靜的蹲著。他是看慣這光景的了，大約只是一個無可無不可。這無可無不可，無論是升的沉的，總之，都比我們高了。

那時河裏鬧熱極了；船大半泊著，小半在水上穿梭似的來往。停泊著的都在近市的那一邊，我們的船自然也夾在其中。因為這邊略略的擠，便覺得那邊十分的疏了。在每一隻船從那邊過去時，我們能畫出它的輕輕的影和曲曲的波，在我們的心上；這顯著是空，且顯著是靜了。那時處處都是歌聲和淒厲的胡琴聲，圓潤的喉嚨，確乎是很少的。但那生澀的，尖脆的調子能使人有少年的，粗率不拘的感覺，也正可快我們的意。況且多少隔開些兒聽著，因為想像與渴慕的做美，總覺更有滋味；而竟發的喧囂，抑揚的不齊，遠近的雜沓，和樂器的嘈嘈切切，合成另一意味的諧音，也使我們無所適從，如隨著大風而走。這實在因為我們的心枯澀久了，變為脆弱；故偶然潤澤一下，便瘋狂似的不能自主了，但秦淮河確也膩人。即如船裏的人面，無論是和我們一堆儿泊著的，無論是從我們眼前過去的，總是模模糊糊的，甚至渺渺茫茫的；任你張圓了眼睛，揩淨了眥垢，也是枉然，這真夠人想呢。在我們停泊的地方，燈光原是紛然的；不過這些燈光都是黃而有暈的。黃已經不能明了，再加上了暈，便更不成了。燈愈多，暈就愈甚；在繁星般的黃的交錯裏，秦淮河彷彿籠上了一團光霧。光芒與霧氣騰騰的暈著，什麼都只剩了輪廓了；所以人面的詳細的曲線，便消失於我們的眼底了。但燈光究竟奪不了那邊的月色；燈光是渾的，月色是清的。在渾沌的燈光裏，滲入一派清輝，卻真是奇蹟！那晚月兒已瘦削了兩三分。她晚妝才罷，盈盈的上了柳梢頭。天是藍得可愛，彷彿一汪水似的；月兒便更出落得精神了。岸上原有三株兩株的垂楊樹，淡淡的影子，在水里搖曳著。它們那柔細的枝條浴著月光，就像一支支美人的臂膊，交互的纏著、挽著；又像是月兒披著的髪。而月兒偶爾也從它們的交叉處偷偷窺看我們，大有小姑娘怕羞的樣子。岸上另有幾株不知名的老樹，光光的立著；在月光裏照起來，卻又儼然是精神矍鑠的老人。遠處快到天際線了，才有一兩片白雲，亮得現出異彩，像是美麗的貝殼一般。白雲下便是黑黑的一帶輪廓；是一條隨意畫的不規則的曲線。這一段光景，和河中的風味大異了。但燈與月竟能並存著，交融著，使月成了纏綿的月，燈射著渺渺的靈輝，這正是天之所以厚秦淮河，也正是天之所以厚我們了。

這時卻遇著了難解的糾紛。秦淮河上原有一種歌妓，是",紛秦淮河上原有一種歌妓是,以歌,yige,yi ge,TRUE,1:一個 | 2:一哥 | 3:一格 | 4:億個 | 5:一隔 | 6:一割 | 7:伊格 | 8:倚歌 | 9:夷歌 | 10:抑割,FALSE,,correct,,,
polyphonic_flagged,7dbc7f0e9b5581482b1319b6,槳聲燈影裏的秦淮河,2327,2329,"一九二三年八月的一晚，我和平伯同遊秦淮河；平伯是初泛，我是重來了。我們雇了一隻「七板子」，在夕陽已去、皎月方來的時候，便下了船。於是槳聲汩汩，我們開始領略那晃蕩著薔薇色的歷史的秦淮河的滋味了。

秦淮河裏的船，比北京万生園、頤和園的船好，比西湖的船好，比揚州瘦西湖的船也好。這幾處的船不是覺著笨，就是覺著簡陋、局促；都不能引起乘客們的情韻，如秦淮河的船一樣。秦淮河的船約略可分為兩種：一是大船；一是小船，就是所謂「七板子」。大船艙口闊大，可容二三十人。裏面陳設著字畫和光潔的紅木家具，桌上一律嵌著冰涼的大理石面。窗格雕鏤頗細，使人起柔膩之感。窗格里映著紅色藍色的玻璃；玻璃上有精緻的花紋，也頗悅人目。「七板子」規模雖不及大船，但那淡藍色的欄杆，空敞的艙，也足繫人情思。而最出色處卻在它的艙前。艙前是甲板上的一部，上面有弧形的頂，兩邊用疏疏的欄杆支著。裏面通常放著兩張藤的躺椅。躺下，可以談天，可以望遠，可以顧盼兩岸的河房。大船上也有這個，但在小船上更覺清雋罷了。艙前的頂下，一律懸著燈彩；燈的多少、明暗，彩蘇的精粗、艷晦，是不一的，但好歹總還你一個燈彩。這燈彩實在是最能勾人的東西。夜幕垂垂地下來時，大小船上都點起燈火。從兩重玻璃裏映出那輻射著的黃黃的散光，反暈出一片朦朧的煙靄；透過這煙靄，在黯黯的水波里，又逗起縷縷的明漪。在這薄靄和微漪裏，聽著那悠然的間歇的槳聲，誰能不被引入他的美夢去呢？只愁夢太多了，這些大小船兒如何載得起呀？我們這時模模糊糊的談著明末的秦淮河的艷跡，如《桃花扇》及《板橋雜記》裏所載的。我們真神往了。我們彷彿親見那時華燈映水，畫舫凌波的光景了。於是我們的船便成了歷史的重載了。我們終於恍然秦淮河的船所以雅麗過於他處，而又有奇異的吸引力的，實在是許多歷史的影像使然了。

秦淮河的水是碧陰陰的；看起來厚而不膩，或者是六朝金粉所凝麼？我們初上船的時候，天色還未斷黑，那漾漾的柔波是這樣恬靜、委婉，使我們一面有水闊天空之想，一面又憧憬著紙醉金迷之境了。等到燈火明時，陰陰的變為沈沉了：黯淡的水光，像夢一般；那偶然閃爍著的光芒，就是夢的眼睛了。我們坐在艙前，因了那隆起的頂棚，彷彿總是昂著首向前走著似的；於是飄飄然如御風而行的我們，看著那些自在的灣泊著的船，船裏走馬燈般的人物，便像是下界一般，迢迢的遠了，又像在霧裏看花，盡朦朦朧朧的。這時我們已過了利涉橋，望見東關頭了。沿路聽見斷續的歌聲：有從沿河的妓樓飄來的，有從河上船裏渡來的。我們明知那些歌聲，只是些因襲的言詞，從生澀的歌喉裏機械的發出來的；但它們經了夏夜的微風的吹漾和水波的搖拂，嬝娜著到我們耳邊的時候，已經不單是她們的歌聲，而混著微風和河水的密語了。於是我們不得不被牽惹著，震撼著，相與浮沉於這歌聲裏了。從東關頭轉彎，不久就到大中橋。大中橋共有三個橋拱，都很闊大，儼然是三座門兒；使我們覺得我們的船和船裏的我們，在橋下過去時，真是太無顏色了。橋磚是深褐色，表明它的歷史的長久；但都完好無缺，令人太息於古昔工程的堅美。橋上兩旁都是木壁的房子，中間應該有街路。這些房子都破舊了，多年煙熏的跡，遮沒了當年的美麗。我想像秦淮河的極盛時，在這樣宏闊的橋上，特地蓋了房子，必然是髹漆得富富麗麗的；晚間必然是燈火通明的，現在卻只剩下一片黑沉沉！但是橋上造著房子，畢竟使我們多少可以想見往日的繁華；這也慰情聊勝無了。過了大中橋，便到了燈月交輝、笙歌徹夜的秦淮河，這才是秦淮河的真面目哩。

大中橋外，頓然空闊，和橋內兩岸排著密密的人家的景像大異了。一眼望去，疏疏的林，淡淡的月，襯著蔚藍的天，頗像荒江野渡光景；那邊呢，鬱叢叢的，陰森森的，又似乎藏著無邊的黑暗，令人幾乎不信那是繁華的秦淮河了。但是河中眩暈著的燈光，縱橫著的畫舫，悠揚著的笛韻，夾著那吱吱的胡琴聲，終於使我們認識綠如茵陳酒的秦淮水了。此地天裸露著的多些，故覺夜來的獨遲些；從清清的水影裏，我們感到的只是薄薄的夜——這正是秦淮河的夜。大中橋外，本來還有一座復成橋，是船夫口中的我們的遊踪盡處，或也是秦淮河繁華的盡處了。我的腳曾踏過復成橋的脊，在十三四歲的時候。但是兩次遊秦淮河，卻都不曾見著復成橋的面；明知總在前途的，卻常覺得有些虛無縹緲似的。我想，不見倒也好。這時正是盛夏。我們下船後，藉著新生的晚涼和河上的微風，暑氣已漸漸消散；到了此地，豁然開朗，身子頓然輕了——習習的清風荏苒在面上、手上、衣上，這便又感到了一縷新涼了。南京的日光，大概沒有杭州猛烈；西湖的夏夜老是熱蓬蓬的，水像沸著一般，秦淮河的水卻盡是這樣冷冷地綠著。任你人影的憧憧，歌聲的擾擾，總像隔著一層薄薄的綠紗面冪似的；它盡是這樣靜靜的、冷冷的綠著。我們出了大中橋，走不上半里路，船夫便將船劃到一旁，停了槳由它宕著。他以為那裏正是繁華的極點，再過去就是荒涼了；所以讓我們多多賞鑑一會兒。他自己卻靜靜的蹲著。他是看慣這光景的了，大約只是一個無可無不可。這無可無不可，無論是升的沉的，總之，都比我們高了。

那時河裏鬧熱極了；船大半泊著，小半在水上穿梭似的來往。停泊著的都在近市的那一邊，我們的船自然也夾在其中。因為這邊略略的擠，便覺得那邊十分的疏了。在每一隻船從那邊過去時，我們能畫出它的輕輕的影和曲曲的波，在我們的心上；這顯著是空，且顯著是靜了。那時處處都是歌聲和淒厲的胡琴聲，圓潤的喉嚨，確乎是很少的。但那生澀的，尖脆的調子能使人有少年的，粗率不拘的感覺，也正可快我們的意。況且多少隔開些兒聽著，因為想像與渴慕的做美，總覺更有滋味；而竟發的喧囂，抑揚的不齊，遠近的雜沓，和樂器的嘈嘈切切，合成另一意味的諧音，也使我們無所適從，如隨著大風而走。這實在因為我們的心",風而走這實在因為我們的心,枯澀,kuse,ku se,TRUE,1:苦澀 | 2:枯澀 | 3:哭 | 4:庫 | 5:苦 | 6:酷 | 7:褲 | 8:枯 | 9:窟 | 10:厙,TRUE,2,correct,,,
polyphonic_flagged,5c287bd5a1fe6fce3b43cb22,槳聲燈影裏的秦淮河,505,507,"一九二三年八月的一晚，我和平伯同遊秦淮河；平伯是初泛，我是重來了。我們雇了一隻「七板子」，在夕陽已去、皎月方來的時候，便下了船。於是槳聲汩汩，我們開始領略那晃蕩著薔薇色的歷史的秦淮河的滋味了。

秦淮河裏的船，比北京万生園、頤和園的船好，比西湖的船好，比揚州瘦西湖的船也好。這幾處的船不是覺著笨，就是覺著簡陋、局促；都不能引起乘客們的情韻，如秦淮河的船一樣。秦淮河的船約略可分為兩種：一是大船；一是小船，就是所謂「七板子」。大船艙口闊大，可容二三十人。裏面陳設著字畫和光潔的紅木家具，桌上一律嵌著冰涼的大理石面。窗格雕鏤頗細，使人起柔膩之感。窗格里映著紅色藍色的玻璃；玻璃上有精緻的花紋，也頗悅人目。「七板子」規模雖不及大船，但那淡藍色的欄杆，空敞的艙，也足繫人情思。而最出色處卻在它的艙前。艙前是甲板上的一部，上面有弧形的頂，兩邊用疏疏的欄杆支著。裏面通常放著兩張藤的躺椅。躺下，可以談天，可以望遠，可以顧盼兩岸的河房。大船上也有這個，但在小船上更覺清雋罷了。艙前的頂下，一律懸著燈彩；燈的多少、明暗，彩蘇的精粗、艷晦，是不一的，但好歹總還你一個燈彩。這燈彩實在是最能勾人的東西。夜幕垂垂地下來時，大小船上都",幕垂垂地下來時大小船上都,點起,dianqi,dian qi,TRUE,1:電氣 | 2:電器 | 3:點起 | 4:踮起 | 5:墊起 | 6:佃契 | 7:點漆 | 8:點 | 9:店 | 10:電,TRUE,3,correct,,,
polyphonic_flagged,b1fabf176c8d7b7bd7af351e,給亡婦,1305,1307,"謙，日子真快，一眨眼你已經死了三個年頭了。這三年裡世事不知變化了多少回，但你未必注意這些個，我知道。你第一惦記的是你幾個孩子，第二便輪著我。孩子和我平分你的世界，你在日如此；你死後若還有知，想來還如此的。告訴你，我夏天回家來著：邁兒長得結實極了，比我高一個頭。閏兒父親說是最乖，可是沒有先前胖了。采芷和轉子都好。五兒全家誇她長得好看；卻在腿上生了濕瘡，整天坐在竹床上不能下來，看了怪可憐的。六兒，我怎麼說好，你明白，你臨終時也和母親談過，這孩子是只可以養著玩兒的，他左挨右挨去年春天，到底沒有挨過去。這孩子生了幾個月，你的肺病就重起來了。我勸你少親近他，只監督著老媽子照管就行。你總是忍不住，一會兒提，一會兒抱的。可是你病中為他操的那一份兒心也夠瞧的。那一個夏天他病的時候多，你成天兒忙著，湯呀，藥呀，冷呀，暖呀，連覺也沒有好好兒睡過。那裡有一分一毫想著你自己。瞧著他硬朗點兒你就樂，乾枯的笑容在黃蠟般的臉上，我只有暗中歎氣而已。

從來想不到做母親的要像你這樣。從邁兒起，你總是自己喂乳，一連四個都這樣。你起初不知道按鐘點兒喂，後來知道了，卻又弄不慣；孩子們每夜裡幾次將你哭醒了，特別是悶熱的夏季。我瞧你的覺老沒睡足。白天裡還得做菜，照料孩子，很少得空兒。你的身子本來壞，四個孩子就累你七八年。到了第五個，你自己實在不成了，又沒乳，只好自己餵奶粉，另雇老媽子專管她。但孩子跟老媽子睡，你就沒有放過心；夜裡一聽見哭，就豎起耳朵聽，工夫一大就得過去看。十六年初，和你到北京來，將邁兒，轉子留在家裡；三年多還不能去接他們，可真把你惦記苦了。你並不常提，我卻明白。你後來說你的病就是惦記出來的；那個自然也有份兒，不過大半還是養育孩子累的。你的短短的十二年結婚生活，有十一年耗費在孩子們身上；而你一點不厭倦，有多少力量用多少，一直到自己毀滅為止。你對孩子一般兒愛，不問男的女的，大的小的。也不想到什麼“養兒防老，積穀防饑”，只拚命的愛去。你對於教育老實說有些外行，孩子們只要吃得好玩得好就成了。這也難怪你，你自己便是這樣長大的。況且孩子們原都還小，吃和玩本來也要緊的。你病重的時候最放不下的還是孩子。病的只剩皮包著骨頭了，總不信自己不會好；老說：“我死了，這一大群孩子可苦了。”後來說送你回家，你想著可以看見邁兒和轉子，也願意；你萬不想到會一走不返的。我送車的時候，你忍不住哭了，說：“還不知能不能再見？”可憐，你的心我知道，你滿想著好好兒帶著六個孩子回來見我的。謙，你那時一定這樣想，一定的。

除了孩子，你心裡只有我。不錯，那時你父親還在；可是你母親死了，他另有個女人，你老早就覺得隔了一層似的。出嫁後第一年你雖還一心一意依戀著他老人家，到第二年上我和孩子可就將你的心占住，你再沒有多少工夫惦記他了。你還記得第一年我在北京，你在家裡。家裡來信說你待不住，常回娘家去。我動氣了，馬上寫信責備你。你教人寫了一封復信，說家裡有事，不能不回去。這是你第一次也可以說第末次的抗議，我從此就沒給你寫信。暑假時帶了一肚子主意回去，但見了面，看你一臉笑，也就拉倒了。打這時候起，你漸漸從你父親的懷裡跑到我這兒。你換了金鐲子幫助我的",這兒你換了金鐲子幫助我的,學費,xuefei,xue fei,TRUE,1:學費 | 2:學飛 | 3:學 | 4:血 | 5:雪 | 6:薛 | 7:穴 | 8:屑 | 9:靴 | 10:謔,TRUE,1,correct,,,
polyphonic_flagged,bc228bd1549fddf08ae8dda6,槳聲燈影裏的秦淮河,4774,4776,"一九二三年八月的一晚，我和平伯同遊秦淮河；平伯是初泛，我是重來了。我們雇了一隻「七板子」，在夕陽已去、皎月方來的時候，便下了船。於是槳聲汩汩，我們開始領略那晃蕩著薔薇色的歷史的秦淮河的滋味了。

秦淮河裏的船，比北京万生園、頤和園的船好，比西湖的船好，比揚州瘦西湖的船也好。這幾處的船不是覺著笨，就是覺著簡陋、局促；都不能引起乘客們的情韻，如秦淮河的船一樣。秦淮河的船約略可分為兩種：一是大船；一是小船，就是所謂「七板子」。大船艙口闊大，可容二三十人。裏面陳設著字畫和光潔的紅木家具，桌上一律嵌著冰涼的大理石面。窗格雕鏤頗細，使人起柔膩之感。窗格里映著紅色藍色的玻璃；玻璃上有精緻的花紋，也頗悅人目。「七板子」規模雖不及大船，但那淡藍色的欄杆，空敞的艙，也足繫人情思。而最出色處卻在它的艙前。艙前是甲板上的一部，上面有弧形的頂，兩邊用疏疏的欄杆支著。裏面通常放著兩張藤的躺椅。躺下，可以談天，可以望遠，可以顧盼兩岸的河房。大船上也有這個，但在小船上更覺清雋罷了。艙前的頂下，一律懸著燈彩；燈的多少、明暗，彩蘇的精粗、艷晦，是不一的，但好歹總還你一個燈彩。這燈彩實在是最能勾人的東西。夜幕垂垂地下來時，大小船上都點起燈火。從兩重玻璃裏映出那輻射著的黃黃的散光，反暈出一片朦朧的煙靄；透過這煙靄，在黯黯的水波里，又逗起縷縷的明漪。在這薄靄和微漪裏，聽著那悠然的間歇的槳聲，誰能不被引入他的美夢去呢？只愁夢太多了，這些大小船兒如何載得起呀？我們這時模模糊糊的談著明末的秦淮河的艷跡，如《桃花扇》及《板橋雜記》裏所載的。我們真神往了。我們彷彿親見那時華燈映水，畫舫凌波的光景了。於是我們的船便成了歷史的重載了。我們終於恍然秦淮河的船所以雅麗過於他處，而又有奇異的吸引力的，實在是許多歷史的影像使然了。

秦淮河的水是碧陰陰的；看起來厚而不膩，或者是六朝金粉所凝麼？我們初上船的時候，天色還未斷黑，那漾漾的柔波是這樣恬靜、委婉，使我們一面有水闊天空之想，一面又憧憬著紙醉金迷之境了。等到燈火明時，陰陰的變為沈沉了：黯淡的水光，像夢一般；那偶然閃爍著的光芒，就是夢的眼睛了。我們坐在艙前，因了那隆起的頂棚，彷彿總是昂著首向前走著似的；於是飄飄然如御風而行的我們，看著那些自在的灣泊著的船，船裏走馬燈般的人物，便像是下界一般，迢迢的遠了，又像在霧裏看花，盡朦朦朧朧的。這時我們已過了利涉橋，望見東關頭了。沿路聽見斷續的歌聲：有從沿河的妓樓飄來的，有從河上船裏渡來的。我們明知那些歌聲，只是些因襲的言詞，從生澀的歌喉裏機械的發出來的；但它們經了夏夜的微風的吹漾和水波的搖拂，嬝娜著到我們耳邊的時候，已經不單是她們的歌聲，而混著微風和河水的密語了。於是我們不得不被牽惹著，震撼著，相與浮沉於這歌聲裏了。從東關頭轉彎，不久就到大中橋。大中橋共有三個橋拱，都很闊大，儼然是三座門兒；使我們覺得我們的船和船裏的我們，在橋下過去時，真是太無顏色了。橋磚是深褐色，表明它的歷史的長久；但都完好無缺，令人太息於古昔工程的堅美。橋上兩旁都是木壁的房子，中間應該有街路。這些房子都破舊了，多年煙熏的跡，遮沒了當年的美麗。我想像秦淮河的極盛時，在這樣宏闊的橋上，特地蓋了房子，必然是髹漆得富富麗麗的；晚間必然是燈火通明的，現在卻只剩下一片黑沉沉！但是橋上造著房子，畢竟使我們多少可以想見往日的繁華；這也慰情聊勝無了。過了大中橋，便到了燈月交輝、笙歌徹夜的秦淮河，這才是秦淮河的真面目哩。

大中橋外，頓然空闊，和橋內兩岸排著密密的人家的景像大異了。一眼望去，疏疏的林，淡淡的月，襯著蔚藍的天，頗像荒江野渡光景；那邊呢，鬱叢叢的，陰森森的，又似乎藏著無邊的黑暗，令人幾乎不信那是繁華的秦淮河了。但是河中眩暈著的燈光，縱橫著的畫舫，悠揚著的笛韻，夾著那吱吱的胡琴聲，終於使我們認識綠如茵陳酒的秦淮水了。此地天裸露著的多些，故覺夜來的獨遲些；從清清的水影裏，我們感到的只是薄薄的夜——這正是秦淮河的夜。大中橋外，本來還有一座復成橋，是船夫口中的我們的遊踪盡處，或也是秦淮河繁華的盡處了。我的腳曾踏過復成橋的脊，在十三四歲的時候。但是兩次遊秦淮河，卻都不曾見著復成橋的面；明知總在前途的，卻常覺得有些虛無縹緲似的。我想，不見倒也好。這時正是盛夏。我們下船後，藉著新生的晚涼和河上的微風，暑氣已漸漸消散；到了此地，豁然開朗，身子頓然輕了——習習的清風荏苒在面上、手上、衣上，這便又感到了一縷新涼了。南京的日光，大概沒有杭州猛烈；西湖的夏夜老是熱蓬蓬的，水像沸著一般，秦淮河的水卻盡是這樣冷冷地綠著。任你人影的憧憧，歌聲的擾擾，總像隔著一層薄薄的綠紗面冪似的；它盡是這樣靜靜的、冷冷的綠著。我們出了大中橋，走不上半里路，船夫便將船劃到一旁，停了槳由它宕著。他以為那裏正是繁華的極點，再過去就是荒涼了；所以讓我們多多賞鑑一會兒。他自己卻靜靜的蹲著。他是看慣這光景的了，大約只是一個無可無不可。這無可無不可，無論是升的沉的，總之，都比我們高了。

那時河裏鬧熱極了；船大半泊著，小半在水上穿梭似的來往。停泊著的都在近市的那一邊，我們的船自然也夾在其中。因為這邊略略的擠，便覺得那邊十分的疏了。在每一隻船從那邊過去時，我們能畫出它的輕輕的影和曲曲的波，在我們的心上；這顯著是空，且顯著是靜了。那時處處都是歌聲和淒厲的胡琴聲，圓潤的喉嚨，確乎是很少的。但那生澀的，尖脆的調子能使人有少年的，粗率不拘的感覺，也正可快我們的意。況且多少隔開些兒聽著，因為想像與渴慕的做美，總覺更有滋味；而竟發的喧囂，抑揚的不齊，遠近的雜沓，和樂器的嘈嘈切切，合成另一意味的諧音，也使我們無所適從，如隨著大風而走。這實在因為我們的心枯澀久了，變為脆弱；故偶然潤澤一下，便瘋狂似的不能自主了，但秦淮河確也膩人。即如船裏的人面，無論是和我們一堆儿泊著的，無論是從我們眼前過去的，總是模模糊糊的，甚至渺渺茫茫的；任你張圓了眼睛，揩淨了眥垢，也是枉然，這真夠人想呢。在我們停泊的地方，燈光原是紛然的；不過這些燈光都是黃而有暈的。黃已經不能明了，再加上了暈，便更不成了。燈愈多，暈就愈甚；在繁星般的黃的交錯裏，秦淮河彷彿籠上了一團光霧。光芒與霧氣騰騰的暈著，什麼都只剩了輪廓了；所以人面的詳細的曲線，便消失於我們的眼底了。但燈光究竟奪不了那邊的月色；燈光是渾的，月色是清的。在渾沌的燈光裏，滲入一派清輝，卻真是奇蹟！那晚月兒已瘦削了兩三分。她晚妝才罷，盈盈的上了柳梢頭。天是藍得可愛，彷彿一汪水似的；月兒便更出落得精神了。岸上原有三株兩株的垂楊樹，淡淡的影子，在水里搖曳著。它們那柔細的枝條浴著月光，就像一支支美人的臂膊，交互的纏著、挽著；又像是月兒披著的髪。而月兒偶爾也從它們的交叉處偷偷窺看我們，大有小姑娘怕羞的樣子。岸上另有幾株不知名的老樹，光光的立著；在月光裏照起來，卻又儼然是精神矍鑠的老人。遠處快到天際線了，才有一兩片白雲，亮得現出異彩，像是美麗的貝殼一般。白雲下便是黑黑的一帶輪廓；是一條隨意畫的不規則的曲線。這一段光景，和河中的風味大異了。但燈與月竟能並存著，交融著，使月成了纏綿的月，燈射著渺渺的靈輝，這正是天之所以厚秦淮河，也正是天之所以厚我們了。

這時卻遇著了難解的糾紛。秦淮河上原有一種歌妓，是以歌為業的。從前都在茶舫上，唱些大曲之類。每日午後一時起；什麼時候止，卻忘記了。晚上照樣也有一回，也在黃暈的燈光裏。我從前過南京時，曾隨著朋友去聽過兩次。因為茶舫裏的人臉太多了，覺得不大適意，終於聽不出所以然。前年聽說歌妓被取締了，不知怎的，頗涉想了幾次卻想不出什麼。這次到南京，先到茶舫上去看看，覺得頗是寂寥，令我無端的悵悵了。不料她們卻仍在秦淮河裏掙扎著，不料她們竟會糾纏到我們，我於是很張皇了，她們也乘著「七板子」，她們總是坐在艙前的。艙前點著石油汽燈，光亮炫人眼目：坐在下面的，自然是纖毫畢見了。引誘客人們的力量，也便在此了。艙裏躲著樂工等人，映著汽燈的餘輝蠕動著；他們是永遠不被注意的。每船的歌妓大約都是二人；天色一黑，她們的船就在大中橋外往來不息的兜生意。無論行著的船，泊著的船，都要來兜攬的。這都是我後來推想出來的。那晚不知怎樣，忽然輪著我們的船了。我們的船好好的停著，一隻歌舫劃向我們來了；漸漸和我們的船並著了。爍爍的燈光逼得我們皺起了眉頭；我們的風塵色全給它托出來了，這使我踧踖不安了。那時一個伙計跨過船來，拿著攤開的歌摺，就近塞向我的手裏，說：「點幾出吧！」他跨過來的時候，我們船上似乎有許多眼光跟著。同時相近的別的船上也似乎有許多眼睛炯炯的向我們船上看著。我真窘了！我也裝出大方的樣子，向歌妓們瞥了一眼，但究竟是不成的！我勉強將那歌摺翻了一翻，卻不曾看清了幾個字；便趕緊遞還那伙計，一面不好意思地說「不要，我們⋯⋯不要。」他便塞給平伯，平伯掉轉頭去，搖手說：「不要！」那人還膩著不走。平伯又回過臉來，搖著頭道「不要！」於是那人重到我處，我窘著再拒絕了他。他這纔有所不屑似的走了。

我的心立刻放下，如釋了重負一般。我們就開始自白了。

我說我受了道德律的壓迫，拒絕了她們；心裏似乎很抱歉的。這所謂抱歉，一面對於她們，一面對於我自己。她們於我們雖然沒有很奢的希望；但總有些希望的。我們拒絕了她們，無論理由如何充足，卻使她們的希望受了傷；這總有幾分不做美了，這是我覺得很悵悵的。至於我自己，更有一種不足之感。我這時被四面的歌聲誘惑了，降伏了；但是遠遠的，遠遠的歌聲總彷彿隔著重衣搔癢似的，越搔越搔不著癢處。我於是憧憬著貼耳的妙音了。在歌舫劃來時，我的憧憬，變為盼望；我固執的盼望著，有如飢渴。雖然從淺薄的經驗裏，也能夠推知，那貼耳的歌聲，將剝去了一切的美妙；但一個平常的人像我的，谁愿憑了理性之力去醜化未來呢？我寧願自己騙著了。不過我的社會感性是很敏銳的；我的思力能拆穿道德律的西洋鏡，而我的感情卻終於被它壓服著。我於是有所顧忌了，尤其是在眾目昭彰的時候。道德律的力，本來是民眾賦予的；在民眾的面前，自然更顯出它的威嚴了。我這時一面盼望，一面卻感到了兩重的禁制：一、在通俗的意義上，接近妓者總算一種不正當的行為；二、妓是一種不健全的職業，我們對於她們，應有哀矜勿喜之心，不應賞玩的去聽她們的歌。在眾目睽睽之下，這兩種思想在我心裏最為旺盛。她們暫時壓倒了我的聽歌的盼望，這便成就了我的灰色的拒絕。那時的心實在異常狀態中，覺得頗是昏亂。歌舫去了，暫時寧靜之後，我的思緒又如潮湧了。兩個相反的意思在我心頭往復：賣歌和賣淫不同，聽歌和狎妓不同，又干道德甚事？但是，但是，她們既被逼的以歌為業，她們的歌必無藝術味的；況她們的身世，我們究竟該同情的，所以拒絕倒也是正辦。但這些意思終於不曾撇開我的聽歌的盼望。它力量異常堅強；它總想將別的思緒踏在腳下。從這重重的爭鬬里，我感到了濃厚的不足之感。這不足之感使我的心盤旋不安，起坐都不安寧了。唉！我承認我是一個自私的人！平伯呢，卻與我不同。他引周啟明先生的詩，「因為我有妻子，所以我愛一切的女人；因為我有子女，所以我愛一切的孩子。」他的意思可以見了。他因為推及的同情，愛著那些歌妓，並且尊重著她們，所以拒絕了她們。在這種情形下，他自然以為聽是對於她們的一種侮辱。但他也是想听歌的，雖然不和我一樣。所以在他的心中，當然也有一番小小的爭鬬；爭鬬的結果，是同情勝了。至於道德律，在他是沒有什麼的：因為他很有蔑視一切的傾向，民眾的力量在他是不大覺著的。這時他的心意的活動比較簡單，又比較鬆弱，故事後還怡然自若；我卻不能了。這里平伯又比我高了。

在我們談話中間，又來了兩隻歌舫。伙計照前一樣的請我們點戲，我們照前一樣的拒絕了。我受了三次窘，心裏的不安更甚了。清豔的夜景也為之",安更甚了清豔的夜景也為之,減色,jianse,jian se,TRUE,1:艱澀 | 2:間色 | 3:減色 | 4:蹇澀 | 5:蹇澁 | 6:件色 | 7:儉嗇 | 8:儉色 | 9:見 | 10:間,TRUE,3,correct,,,
polyphonic_flagged,01503be1f375305358f77879,槳聲燈影裏的秦淮河,2443,2445,"一九二三年八月的一晚，我和平伯同遊秦淮河；平伯是初泛，我是重來了。我們雇了一隻「七板子」，在夕陽已去、皎月方來的時候，便下了船。於是槳聲汩汩，我們開始領略那晃蕩著薔薇色的歷史的秦淮河的滋味了。

秦淮河裏的船，比北京万生園、頤和園的船好，比西湖的船好，比揚州瘦西湖的船也好。這幾處的船不是覺著笨，就是覺著簡陋、局促；都不能引起乘客們的情韻，如秦淮河的船一樣。秦淮河的船約略可分為兩種：一是大船；一是小船，就是所謂「七板子」。大船艙口闊大，可容二三十人。裏面陳設著字畫和光潔的紅木家具，桌上一律嵌著冰涼的大理石面。窗格雕鏤頗細，使人起柔膩之感。窗格里映著紅色藍色的玻璃；玻璃上有精緻的花紋，也頗悅人目。「七板子」規模雖不及大船，但那淡藍色的欄杆，空敞的艙，也足繫人情思。而最出色處卻在它的艙前。艙前是甲板上的一部，上面有弧形的頂，兩邊用疏疏的欄杆支著。裏面通常放著兩張藤的躺椅。躺下，可以談天，可以望遠，可以顧盼兩岸的河房。大船上也有這個，但在小船上更覺清雋罷了。艙前的頂下，一律懸著燈彩；燈的多少、明暗，彩蘇的精粗、艷晦，是不一的，但好歹總還你一個燈彩。這燈彩實在是最能勾人的東西。夜幕垂垂地下來時，大小船上都點起燈火。從兩重玻璃裏映出那輻射著的黃黃的散光，反暈出一片朦朧的煙靄；透過這煙靄，在黯黯的水波里，又逗起縷縷的明漪。在這薄靄和微漪裏，聽著那悠然的間歇的槳聲，誰能不被引入他的美夢去呢？只愁夢太多了，這些大小船兒如何載得起呀？我們這時模模糊糊的談著明末的秦淮河的艷跡，如《桃花扇》及《板橋雜記》裏所載的。我們真神往了。我們彷彿親見那時華燈映水，畫舫凌波的光景了。於是我們的船便成了歷史的重載了。我們終於恍然秦淮河的船所以雅麗過於他處，而又有奇異的吸引力的，實在是許多歷史的影像使然了。

秦淮河的水是碧陰陰的；看起來厚而不膩，或者是六朝金粉所凝麼？我們初上船的時候，天色還未斷黑，那漾漾的柔波是這樣恬靜、委婉，使我們一面有水闊天空之想，一面又憧憬著紙醉金迷之境了。等到燈火明時，陰陰的變為沈沉了：黯淡的水光，像夢一般；那偶然閃爍著的光芒，就是夢的眼睛了。我們坐在艙前，因了那隆起的頂棚，彷彿總是昂著首向前走著似的；於是飄飄然如御風而行的我們，看著那些自在的灣泊著的船，船裏走馬燈般的人物，便像是下界一般，迢迢的遠了，又像在霧裏看花，盡朦朦朧朧的。這時我們已過了利涉橋，望見東關頭了。沿路聽見斷續的歌聲：有從沿河的妓樓飄來的，有從河上船裏渡來的。我們明知那些歌聲，只是些因襲的言詞，從生澀的歌喉裏機械的發出來的；但它們經了夏夜的微風的吹漾和水波的搖拂，嬝娜著到我們耳邊的時候，已經不單是她們的歌聲，而混著微風和河水的密語了。於是我們不得不被牽惹著，震撼著，相與浮沉於這歌聲裏了。從東關頭轉彎，不久就到大中橋。大中橋共有三個橋拱，都很闊大，儼然是三座門兒；使我們覺得我們的船和船裏的我們，在橋下過去時，真是太無顏色了。橋磚是深褐色，表明它的歷史的長久；但都完好無缺，令人太息於古昔工程的堅美。橋上兩旁都是木壁的房子，中間應該有街路。這些房子都破舊了，多年煙熏的跡，遮沒了當年的美麗。我想像秦淮河的極盛時，在這樣宏闊的橋上，特地蓋了房子，必然是髹漆得富富麗麗的；晚間必然是燈火通明的，現在卻只剩下一片黑沉沉！但是橋上造著房子，畢竟使我們多少可以想見往日的繁華；這也慰情聊勝無了。過了大中橋，便到了燈月交輝、笙歌徹夜的秦淮河，這才是秦淮河的真面目哩。

大中橋外，頓然空闊，和橋內兩岸排著密密的人家的景像大異了。一眼望去，疏疏的林，淡淡的月，襯著蔚藍的天，頗像荒江野渡光景；那邊呢，鬱叢叢的，陰森森的，又似乎藏著無邊的黑暗，令人幾乎不信那是繁華的秦淮河了。但是河中眩暈著的燈光，縱橫著的畫舫，悠揚著的笛韻，夾著那吱吱的胡琴聲，終於使我們認識綠如茵陳酒的秦淮水了。此地天裸露著的多些，故覺夜來的獨遲些；從清清的水影裏，我們感到的只是薄薄的夜——這正是秦淮河的夜。大中橋外，本來還有一座復成橋，是船夫口中的我們的遊踪盡處，或也是秦淮河繁華的盡處了。我的腳曾踏過復成橋的脊，在十三四歲的時候。但是兩次遊秦淮河，卻都不曾見著復成橋的面；明知總在前途的，卻常覺得有些虛無縹緲似的。我想，不見倒也好。這時正是盛夏。我們下船後，藉著新生的晚涼和河上的微風，暑氣已漸漸消散；到了此地，豁然開朗，身子頓然輕了——習習的清風荏苒在面上、手上、衣上，這便又感到了一縷新涼了。南京的日光，大概沒有杭州猛烈；西湖的夏夜老是熱蓬蓬的，水像沸著一般，秦淮河的水卻盡是這樣冷冷地綠著。任你人影的憧憧，歌聲的擾擾，總像隔著一層薄薄的綠紗面冪似的；它盡是這樣靜靜的、冷冷的綠著。我們出了大中橋，走不上半里路，船夫便將船劃到一旁，停了槳由它宕著。他以為那裏正是繁華的極點，再過去就是荒涼了；所以讓我們多多賞鑑一會兒。他自己卻靜靜的蹲著。他是看慣這光景的了，大約只是一個無可無不可。這無可無不可，無論是升的沉的，總之，都比我們高了。

那時河裏鬧熱極了；船大半泊著，小半在水上穿梭似的來往。停泊著的都在近市的那一邊，我們的船自然也夾在其中。因為這邊略略的擠，便覺得那邊十分的疏了。在每一隻船從那邊過去時，我們能畫出它的輕輕的影和曲曲的波，在我們的心上；這顯著是空，且顯著是靜了。那時處處都是歌聲和淒厲的胡琴聲，圓潤的喉嚨，確乎是很少的。但那生澀的，尖脆的調子能使人有少年的，粗率不拘的感覺，也正可快我們的意。況且多少隔開些兒聽著，因為想像與渴慕的做美，總覺更有滋味；而竟發的喧囂，抑揚的不齊，遠近的雜沓，和樂器的嘈嘈切切，合成另一意味的諧音，也使我們無所適從，如隨著大風而走。這實在因為我們的心枯澀久了，變為脆弱；故偶然潤澤一下，便瘋狂似的不能自主了，但秦淮河確也膩人。即如船裏的人面，無論是和我們一堆儿泊著的，無論是從我們眼前過去的，總是模模糊糊的，甚至渺渺茫茫的；任你張圓了眼睛，揩淨了眥垢，也是枉然，這真夠人想呢。在我們",是枉然這真夠人想呢在我們,停泊,tingbo,ting bo,TRUE,1:停泊 | 2:停播 | 3:聽 | 4:挺 | 5:停 | 6:廳 | 7:庭 | 8:亭 | 9:婷 | 10:廷,TRUE,1,correct,,,
polyphonic_flagged,2004b87dfd7dbf80eccbffde,給亡婦,733,735,"謙，日子真快，一眨眼你已經死了三個年頭了。這三年裡世事不知變化了多少回，但你未必注意這些個，我知道。你第一惦記的是你幾個孩子，第二便輪著我。孩子和我平分你的世界，你在日如此；你死後若還有知，想來還如此的。告訴你，我夏天回家來著：邁兒長得結實極了，比我高一個頭。閏兒父親說是最乖，可是沒有先前胖了。采芷和轉子都好。五兒全家誇她長得好看；卻在腿上生了濕瘡，整天坐在竹床上不能下來，看了怪可憐的。六兒，我怎麼說好，你明白，你臨終時也和母親談過，這孩子是只可以養著玩兒的，他左挨右挨去年春天，到底沒有挨過去。這孩子生了幾個月，你的肺病就重起來了。我勸你少親近他，只監督著老媽子照管就行。你總是忍不住，一會兒提，一會兒抱的。可是你病中為他操的那一份兒心也夠瞧的。那一個夏天他病的時候多，你成天兒忙著，湯呀，藥呀，冷呀，暖呀，連覺也沒有好好兒睡過。那裡有一分一毫想著你自己。瞧著他硬朗點兒你就樂，乾枯的笑容在黃蠟般的臉上，我只有暗中歎氣而已。

從來想不到做母親的要像你這樣。從邁兒起，你總是自己喂乳，一連四個都這樣。你起初不知道按鐘點兒喂，後來知道了，卻又弄不慣；孩子們每夜裡幾次將你哭醒了，特別是悶熱的夏季。我瞧你的覺老沒睡足。白天裡還得做菜，照料孩子，很少得空兒。你的身子本來壞，四個孩子就累你七八年。到了第五個，你自己實在不成了，又沒乳，只好自己餵奶粉，另雇老媽子專管她。但孩子跟老媽子睡，你就沒有放過心；夜裡一聽見哭，就豎起耳朵聽，工夫一大就得過去看。十六年初，和你到北京來，將邁兒，轉子留在家裡；三年多還不能去接他們，可真把你惦記苦了。你並不常提，我卻明白。你後來說你的病就是惦記出來的；那個自然也有份兒，不過大半還是養育孩子累的。你的短短的十二年結婚生活，有十一年",的十二年結婚生活有十一年,耗費,haofei,hao fei,TRUE,1:耗費 | 2:好肥 | 3:好飛 | 4:好 | 5:號 | 6:浩 | 7:豪 | 8:耗 | 9:郝 | 10:昊,TRUE,1,correct,,,
polyphonic_flagged,98354cd32ed6ea7646799f9d,給亡婦,1506,1508,"謙，日子真快，一眨眼你已經死了三個年頭了。這三年裡世事不知變化了多少回，但你未必注意這些個，我知道。你第一惦記的是你幾個孩子，第二便輪著我。孩子和我平分你的世界，你在日如此；你死後若還有知，想來還如此的。告訴你，我夏天回家來著：邁兒長得結實極了，比我高一個頭。閏兒父親說是最乖，可是沒有先前胖了。采芷和轉子都好。五兒全家誇她長得好看；卻在腿上生了濕瘡，整天坐在竹床上不能下來，看了怪可憐的。六兒，我怎麼說好，你明白，你臨終時也和母親談過，這孩子是只可以養著玩兒的，他左挨右挨去年春天，到底沒有挨過去。這孩子生了幾個月，你的肺病就重起來了。我勸你少親近他，只監督著老媽子照管就行。你總是忍不住，一會兒提，一會兒抱的。可是你病中為他操的那一份兒心也夠瞧的。那一個夏天他病的時候多，你成天兒忙著，湯呀，藥呀，冷呀，暖呀，連覺也沒有好好兒睡過。那裡有一分一毫想著你自己。瞧著他硬朗點兒你就樂，乾枯的笑容在黃蠟般的臉上，我只有暗中歎氣而已。

從來想不到做母親的要像你這樣。從邁兒起，你總是自己喂乳，一連四個都這樣。你起初不知道按鐘點兒喂，後來知道了，卻又弄不慣；孩子們每夜裡幾次將你哭醒了，特別是悶熱的夏季。我瞧你的覺老沒睡足。白天裡還得做菜，照料孩子，很少得空兒。你的身子本來壞，四個孩子就累你七八年。到了第五個，你自己實在不成了，又沒乳，只好自己餵奶粉，另雇老媽子專管她。但孩子跟老媽子睡，你就沒有放過心；夜裡一聽見哭，就豎起耳朵聽，工夫一大就得過去看。十六年初，和你到北京來，將邁兒，轉子留在家裡；三年多還不能去接他們，可真把你惦記苦了。你並不常提，我卻明白。你後來說你的病就是惦記出來的；那個自然也有份兒，不過大半還是養育孩子累的。你的短短的十二年結婚生活，有十一年耗費在孩子們身上；而你一點不厭倦，有多少力量用多少，一直到自己毀滅為止。你對孩子一般兒愛，不問男的女的，大的小的。也不想到什麼“養兒防老，積穀防饑”，只拚命的愛去。你對於教育老實說有些外行，孩子們只要吃得好玩得好就成了。這也難怪你，你自己便是這樣長大的。況且孩子們原都還小，吃和玩本來也要緊的。你病重的時候最放不下的還是孩子。病的只剩皮包著骨頭了，總不信自己不會好；老說：“我死了，這一大群孩子可苦了。”後來說送你回家，你想著可以看見邁兒和轉子，也願意；你萬不想到會一走不返的。我送車的時候，你忍不住哭了，說：“還不知能不能再見？”可憐，你的心我知道，你滿想著好好兒帶著六個孩子回來見我的。謙，你那時一定這樣想，一定的。

除了孩子，你心裡只有我。不錯，那時你父親還在；可是你母親死了，他另有個女人，你老早就覺得隔了一層似的。出嫁後第一年你雖還一心一意依戀著他老人家，到第二年上我和孩子可就將你的心占住，你再沒有多少工夫惦記他了。你還記得第一年我在北京，你在家裡。家裡來信說你待不住，常回娘家去。我動氣了，馬上寫信責備你。你教人寫了一封復信，說家裡有事，不能不回去。這是你第一次也可以說第末次的抗議，我從此就沒給你寫信。暑假時帶了一肚子主意回去，但見了面，看你一臉笑，也就拉倒了。打這時候起，你漸漸從你父親的懷裡跑到我這兒。你換了金鐲子幫助我的學費，叫我以後還你；但直到你死，我沒有還你。你在我家受了許多氣，又因為我家的緣故受你家裡的氣，你都忍著。這全為的是我，我知道。那回我從家鄉一個中學半途辭職出走。家裡人諷你也走。哪裡走！只得硬著頭皮往你家去。那時你家像個冰窖子，你們在窖裡足足住了三個月。好容易我才將你們領出來了，一同上外省去。小家庭這樣組織起來了。你雖不是什麼闊小姐，可也是自小嬌生慣養的，做起主婦來，什麼都得幹一兩手；你居然做下去了，",得幹一兩手你居然做下去了,而且,erqie,er qie,TRUE,1:而且 | 2:二期 | 3:而其 | 4:而起 | 5:二七 | 6:而泣 | 7:二汽 | 8:二氣 | 9:而 | 10:二,TRUE,1,correct,,,
polyphonic_flagged,8a6456a57ada631de19bb750,槳聲燈影裏的秦淮河,1826,1828,"一九二三年八月的一晚，我和平伯同遊秦淮河；平伯是初泛，我是重來了。我們雇了一隻「七板子」，在夕陽已去、皎月方來的時候，便下了船。於是槳聲汩汩，我們開始領略那晃蕩著薔薇色的歷史的秦淮河的滋味了。

秦淮河裏的船，比北京万生園、頤和園的船好，比西湖的船好，比揚州瘦西湖的船也好。這幾處的船不是覺著笨，就是覺著簡陋、局促；都不能引起乘客們的情韻，如秦淮河的船一樣。秦淮河的船約略可分為兩種：一是大船；一是小船，就是所謂「七板子」。大船艙口闊大，可容二三十人。裏面陳設著字畫和光潔的紅木家具，桌上一律嵌著冰涼的大理石面。窗格雕鏤頗細，使人起柔膩之感。窗格里映著紅色藍色的玻璃；玻璃上有精緻的花紋，也頗悅人目。「七板子」規模雖不及大船，但那淡藍色的欄杆，空敞的艙，也足繫人情思。而最出色處卻在它的艙前。艙前是甲板上的一部，上面有弧形的頂，兩邊用疏疏的欄杆支著。裏面通常放著兩張藤的躺椅。躺下，可以談天，可以望遠，可以顧盼兩岸的河房。大船上也有這個，但在小船上更覺清雋罷了。艙前的頂下，一律懸著燈彩；燈的多少、明暗，彩蘇的精粗、艷晦，是不一的，但好歹總還你一個燈彩。這燈彩實在是最能勾人的東西。夜幕垂垂地下來時，大小船上都點起燈火。從兩重玻璃裏映出那輻射著的黃黃的散光，反暈出一片朦朧的煙靄；透過這煙靄，在黯黯的水波里，又逗起縷縷的明漪。在這薄靄和微漪裏，聽著那悠然的間歇的槳聲，誰能不被引入他的美夢去呢？只愁夢太多了，這些大小船兒如何載得起呀？我們這時模模糊糊的談著明末的秦淮河的艷跡，如《桃花扇》及《板橋雜記》裏所載的。我們真神往了。我們彷彿親見那時華燈映水，畫舫凌波的光景了。於是我們的船便成了歷史的重載了。我們終於恍然秦淮河的船所以雅麗過於他處，而又有奇異的吸引力的，實在是許多歷史的影像使然了。

秦淮河的水是碧陰陰的；看起來厚而不膩，或者是六朝金粉所凝麼？我們初上船的時候，天色還未斷黑，那漾漾的柔波是這樣恬靜、委婉，使我們一面有水闊天空之想，一面又憧憬著紙醉金迷之境了。等到燈火明時，陰陰的變為沈沉了：黯淡的水光，像夢一般；那偶然閃爍著的光芒，就是夢的眼睛了。我們坐在艙前，因了那隆起的頂棚，彷彿總是昂著首向前走著似的；於是飄飄然如御風而行的我們，看著那些自在的灣泊著的船，船裏走馬燈般的人物，便像是下界一般，迢迢的遠了，又像在霧裏看花，盡朦朦朧朧的。這時我們已過了利涉橋，望見東關頭了。沿路聽見斷續的歌聲：有從沿河的妓樓飄來的，有從河上船裏渡來的。我們明知那些歌聲，只是些因襲的言詞，從生澀的歌喉裏機械的發出來的；但它們經了夏夜的微風的吹漾和水波的搖拂，嬝娜著到我們耳邊的時候，已經不單是她們的歌聲，而混著微風和河水的密語了。於是我們不得不被牽惹著，震撼著，相與浮沉於這歌聲裏了。從東關頭轉彎，不久就到大中橋。大中橋共有三個橋拱，都很闊大，儼然是三座門兒；使我們覺得我們的船和船裏的我們，在橋下過去時，真是太無顏色了。橋磚是深褐色，表明它的歷史的長久；但都完好無缺，令人太息於古昔工程的堅美。橋上兩旁都是木壁的房子，中間應該有街路。這些房子都破舊了，多年煙熏的跡，遮沒了當年的美麗。我想像秦淮河的極盛時，在這樣宏闊的橋上，特地蓋了房子，必然是髹漆得富富麗麗的；晚間必然是燈火通明的，現在卻只剩下一片黑沉沉！但是橋上造著房子，畢竟使我們多少可以想見往日的繁華；這也慰情聊勝無了。過了大中橋，便到了燈月交輝、笙歌徹夜的秦淮河，這才是秦淮河的真面目哩。

大中橋外，頓然空闊，和橋內兩岸排著密密的人家的景像大異了。一眼望去，疏疏的林，淡淡的月，襯著蔚藍的天，頗像荒江野渡光景；那邊呢，鬱叢叢的，陰森森的，又似乎藏著無邊的黑暗，令人幾乎不信那是繁華的秦淮河了。但是河中眩暈著的燈光，縱橫著的畫舫，悠揚著的笛韻，夾著那吱吱的胡琴聲，終於使我們認識綠如茵陳酒的秦淮水了。此地天裸露著的多些，故覺夜來的獨遲些；從清清的水影裏，我們感到的只是薄薄的夜——這正是秦淮河的夜。大中橋外，本來還有一座復成橋，是船夫口中的我們的遊踪盡處，或也是秦淮河繁華的盡處了。我的腳曾踏過復成橋的脊，在十三四歲的時候。但是兩次遊秦淮河，卻都不曾見著復成橋的面；明知總在前途的，卻常覺得有些虛無縹緲似的。我想，不見倒也好。這時正是盛夏。我們下船後，藉著新生的晚涼和河上的微風，暑氣已漸漸消散；到了此地，豁然開朗，身子頓然輕了——習習的清風荏苒在面上、手上、衣上，這便又感到了一縷新涼了。",上這便又感到了一縷新涼了,南京,nanjing,nan jing,TRUE,1:南京 | 2:南靖 | 3:難經 | 4:南境 | 5:男 | 6:難 | 7:南 | 8:喃 | 9:楠 | 10:囡,TRUE,1,correct,,,
polyphonic_flagged,12573330a2d2099775a0ce03,槳聲燈影裏的秦淮河,1452,1454,"一九二三年八月的一晚，我和平伯同遊秦淮河；平伯是初泛，我是重來了。我們雇了一隻「七板子」，在夕陽已去、皎月方來的時候，便下了船。於是槳聲汩汩，我們開始領略那晃蕩著薔薇色的歷史的秦淮河的滋味了。

秦淮河裏的船，比北京万生園、頤和園的船好，比西湖的船好，比揚州瘦西湖的船也好。這幾處的船不是覺著笨，就是覺著簡陋、局促；都不能引起乘客們的情韻，如秦淮河的船一樣。秦淮河的船約略可分為兩種：一是大船；一是小船，就是所謂「七板子」。大船艙口闊大，可容二三十人。裏面陳設著字畫和光潔的紅木家具，桌上一律嵌著冰涼的大理石面。窗格雕鏤頗細，使人起柔膩之感。窗格里映著紅色藍色的玻璃；玻璃上有精緻的花紋，也頗悅人目。「七板子」規模雖不及大船，但那淡藍色的欄杆，空敞的艙，也足繫人情思。而最出色處卻在它的艙前。艙前是甲板上的一部，上面有弧形的頂，兩邊用疏疏的欄杆支著。裏面通常放著兩張藤的躺椅。躺下，可以談天，可以望遠，可以顧盼兩岸的河房。大船上也有這個，但在小船上更覺清雋罷了。艙前的頂下，一律懸著燈彩；燈的多少、明暗，彩蘇的精粗、艷晦，是不一的，但好歹總還你一個燈彩。這燈彩實在是最能勾人的東西。夜幕垂垂地下來時，大小船上都點起燈火。從兩重玻璃裏映出那輻射著的黃黃的散光，反暈出一片朦朧的煙靄；透過這煙靄，在黯黯的水波里，又逗起縷縷的明漪。在這薄靄和微漪裏，聽著那悠然的間歇的槳聲，誰能不被引入他的美夢去呢？只愁夢太多了，這些大小船兒如何載得起呀？我們這時模模糊糊的談著明末的秦淮河的艷跡，如《桃花扇》及《板橋雜記》裏所載的。我們真神往了。我們彷彿親見那時華燈映水，畫舫凌波的光景了。於是我們的船便成了歷史的重載了。我們終於恍然秦淮河的船所以雅麗過於他處，而又有奇異的吸引力的，實在是許多歷史的影像使然了。

秦淮河的水是碧陰陰的；看起來厚而不膩，或者是六朝金粉所凝麼？我們初上船的時候，天色還未斷黑，那漾漾的柔波是這樣恬靜、委婉，使我們一面有水闊天空之想，一面又憧憬著紙醉金迷之境了。等到燈火明時，陰陰的變為沈沉了：黯淡的水光，像夢一般；那偶然閃爍著的光芒，就是夢的眼睛了。我們坐在艙前，因了那隆起的頂棚，彷彿總是昂著首向前走著似的；於是飄飄然如御風而行的我們，看著那些自在的灣泊著的船，船裏走馬燈般的人物，便像是下界一般，迢迢的遠了，又像在霧裏看花，盡朦朦朧朧的。這時我們已過了利涉橋，望見東關頭了。沿路聽見斷續的歌聲：有從沿河的妓樓飄來的，有從河上船裏渡來的。我們明知那些歌聲，只是些因襲的言詞，從生澀的歌喉裏機械的發出來的；但它們經了夏夜的微風的吹漾和水波的搖拂，嬝娜著到我們耳邊的時候，已經不單是她們的歌聲，而混著微風和河水的密語了。於是我們不得不被牽惹著，震撼著，相與浮沉於這歌聲裏了。從東關頭轉彎，不久就到大中橋。大中橋共有三個橋拱，都很闊大，儼然是三座門兒；使我們覺得我們的船和船裏的我們，在橋下過去時，真是太無顏色了。橋磚是深褐色，表明它的歷史的長久；但都完好無缺，令人太息於古昔工程的堅美。橋上兩旁都是木壁的房子，中間應該有街路。這些房子都破舊了，多年煙熏的跡，遮沒了當年的美麗。我想像秦淮河的極盛時，在這樣宏闊的橋上，特地蓋了房子，必然是髹漆得富富麗麗的；晚間必然是燈火通明的，現在卻只剩下一片黑沉沉！但是橋上造著房子，畢竟使我們多少可以想見往日的繁華；這也慰情聊勝無了。過了大中橋，便到了燈月交輝、笙歌徹夜的秦淮河，這才是秦淮河的真面目哩。

大中橋外，頓然空闊，和橋內兩岸排著密密的人家的景像",兩岸排著密密的人家的景像,大異,dayi,da yi,TRUE,1:大一 | 2:答疑 | 3:大意 | 4:大衣 | 5:打一 | 6:大義 | 7:大姨 | 8:大邑 | 9:達意 | 10:大易,FALSE,,correct,,,
polyphonic_flagged,593e75ab30f1bb2984e4ecdf,阿河,1389,1391,"我這一回寒假，因為養病，住到一家親戚的別墅里去。那別墅是在鄉下。前面偏左的地方，是一片淡藍的湖水，對岸環擁著不盡的青山。山的影子倒映在水里，越顯得清清朗朗的。水面常如鏡子一般。風起時，微有皺痕；像少女們皺她們的眉頭，過一會子就好了。湖的余勢束成一條小港，緩緩地不聲不響地流過別墅的門前。門前有一條小石橋，橋那邊盡是田畝。這邊沿岸一帶，相間地栽著桃樹和柳樹，春來當有一番熱鬧的夢。別墅外面繚繞著短短的竹篱，篱外是小小的路。里邊一座向南的樓，背后便倚著山。西邊是三間平屋，我便住在這里。院子里有兩塊草地，上面隨便放著兩三塊石頭。另外的隙地上，或羅列著盆栽，或种蒔著花草。篱邊還有几株枝干蟠曲的大樹，有一株几乎要伸到水里去了。

我的親戚韋君只有夫婦二人和一個女儿。她在外邊念書，這時也剛回到家里。她邀來三位同學，同到她家過這個寒假；兩位是親戚，一位是朋友。她們住著樓上的兩間屋子。韋君夫婦也住在樓上。樓下正中是客廳，常是閒著，西間是吃飯的地方；東間便是韋君的書房，我們談天，喝茶，看報，都在這里。我吃了飯，便是一個人，也要到這里來閒坐一回。我來的第二天，韋小姐告訴我，她母親要給她們找一個好好的女用人；長工阿齊說有一個表妹，母親叫他明天就帶來做做看呢。她似乎很高興的樣子，我只是不經意地答應。

平屋与樓屋之間，是一個小小的廚房。我住的是東面的屋子，從窗子里可以看見廚房里人的來往。這一天午飯前，我偶然向外看看，見一個面生的女用人，兩手提著兩把白鐵壺，正往廚房里走；韋家的李媽在她前面領著，不知在和她說甚么話。她的頭髮亂蓬蓬的，像冬天的枯草一樣。身上穿著鑲邊的黑布棉襖和夾褲，黑里已泛出黃色；棉襖長与膝齊，夾褲也直拖到腳背上。腳倒是雙天足，穿著尖頭的黑布鞋，后跟還帶著兩片同色的“葉拔儿”。想這就是阿齊帶來的女用人了；想完了就坐下看書。晚飯后，韋小姐告訴我，女用人來了，她的名字叫“阿河”。我說，“名字很好，只是人土些；還能做么？”她說，“別看她土，很聰明呢。”我說，“哦。”便接著看手中的報了。

以后每天早上，中上，晚上，我常常看見阿河挈著水壺來往；她的眼似乎總是望前看的。兩個禮拜匆匆地過去了。韋小姐忽然和我說，你別看阿河土，她的志气很好，她是個可怜的人。我和娘說，把我前年在家穿的那身棉襖褲給了她吧。我嫌那兩件衣服太花，給了她正好。娘先不肯，說她來了沒有几天；后來也肯了。今天拿出來讓她穿，正合式呢。我們教給她打絨繩鞋，她真聰明，一學就會了。她說拿到工錢，也要打一雙穿呢。我等几天再和娘說去。

“她這樣愛好！怪不得頭髮光得多了，原來都是你們教她的。好！你們盡教她講究，她將來怕不愿回家去呢。”大家都笑了。

舊新年是過去了。因為江浙的兵事，我們的學校一時還不能開學。我們大家都樂得在別墅里多住些日子。這時阿河如換了一個人。她穿著寶藍色挑著小花儿的布棉襖褲；腳下是嫩藍色毛繩鞋，鞋口還綴著兩個半藍半白的小絨球儿。我想這一定是她的小姐們給幫忙的。古語說得好，“人要衣裳馬要鞍”，阿河這一打扮，真有些楚楚可怜了。她的頭髮早已是刷得光光的，覆額的留海也梳得十分伏帖。一張小小的圓臉，如正開的桃李花；臉上并沒有笑，卻隱隱地含著春日的光輝，像花房里充了蜜一般。這在我几乎是一個奇跡；我現在是常站在窗前看她了。我覺得在深山里發見了一粒貓儿眼；這樣精純的貓儿眼，是我生平所僅見！我覺得我們",是我生平所僅見我覺得我們,相識,xiangshi,xiang shi,TRUE,1:像是 | 2:相識 | 3:象是 | 4:相視 | 5:翔實 | 6:詳實 | 7:鄉試 | 8:像似 | 9:相士 | 10:向時,TRUE,2,,,,
polyphonic_flagged,ed10ee6c7e66458051abf7b0,阿河,2077,2079,"我這一回寒假，因為養病，住到一家親戚的別墅里去。那別墅是在鄉下。前面偏左的地方，是一片淡藍的湖水，對岸環擁著不盡的青山。山的影子倒映在水里，越顯得清清朗朗的。水面常如鏡子一般。風起時，微有皺痕；像少女們皺她們的眉頭，過一會子就好了。湖的余勢束成一條小港，緩緩地不聲不響地流過別墅的門前。門前有一條小石橋，橋那邊盡是田畝。這邊沿岸一帶，相間地栽著桃樹和柳樹，春來當有一番熱鬧的夢。別墅外面繚繞著短短的竹篱，篱外是小小的路。里邊一座向南的樓，背后便倚著山。西邊是三間平屋，我便住在這里。院子里有兩塊草地，上面隨便放著兩三塊石頭。另外的隙地上，或羅列著盆栽，或种蒔著花草。篱邊還有几株枝干蟠曲的大樹，有一株几乎要伸到水里去了。

我的親戚韋君只有夫婦二人和一個女儿。她在外邊念書，這時也剛回到家里。她邀來三位同學，同到她家過這個寒假；兩位是親戚，一位是朋友。她們住著樓上的兩間屋子。韋君夫婦也住在樓上。樓下正中是客廳，常是閒著，西間是吃飯的地方；東間便是韋君的書房，我們談天，喝茶，看報，都在這里。我吃了飯，便是一個人，也要到這里來閒坐一回。我來的第二天，韋小姐告訴我，她母親要給她們找一個好好的女用人；長工阿齊說有一個表妹，母親叫他明天就帶來做做看呢。她似乎很高興的樣子，我只是不經意地答應。

平屋与樓屋之間，是一個小小的廚房。我住的是東面的屋子，從窗子里可以看見廚房里人的來往。這一天午飯前，我偶然向外看看，見一個面生的女用人，兩手提著兩把白鐵壺，正往廚房里走；韋家的李媽在她前面領著，不知在和她說甚么話。她的頭髮亂蓬蓬的，像冬天的枯草一樣。身上穿著鑲邊的黑布棉襖和夾褲，黑里已泛出黃色；棉襖長与膝齊，夾褲也直拖到腳背上。腳倒是雙天足，穿著尖頭的黑布鞋，后跟還帶著兩片同色的“葉拔儿”。想這就是阿齊帶來的女用人了；想完了就坐下看書。晚飯后，韋小姐告訴我，女用人來了，她的名字叫“阿河”。我說，“名字很好，只是人土些；還能做么？”她說，“別看她土，很聰明呢。”我說，“哦。”便接著看手中的報了。

以后每天早上，中上，晚上，我常常看見阿河挈著水壺來往；她的眼似乎總是望前看的。兩個禮拜匆匆地過去了。韋小姐忽然和我說，你別看阿河土，她的志气很好，她是個可怜的人。我和娘說，把我前年在家穿的那身棉襖褲給了她吧。我嫌那兩件衣服太花，給了她正好。娘先不肯，說她來了沒有几天；后來也肯了。今天拿出來讓她穿，正合式呢。我們教給她打絨繩鞋，她真聰明，一學就會了。她說拿到工錢，也要打一雙穿呢。我等几天再和娘說去。

“她這樣愛好！怪不得頭髮光得多了，原來都是你們教她的。好！你們盡教她講究，她將來怕不愿回家去呢。”大家都笑了。

舊新年是過去了。因為江浙的兵事，我們的學校一時還不能開學。我們大家都樂得在別墅里多住些日子。這時阿河如換了一個人。她穿著寶藍色挑著小花儿的布棉襖褲；腳下是嫩藍色毛繩鞋，鞋口還綴著兩個半藍半白的小絨球儿。我想這一定是她的小姐們給幫忙的。古語說得好，“人要衣裳馬要鞍”，阿河這一打扮，真有些楚楚可怜了。她的頭髮早已是刷得光光的，覆額的留海也梳得十分伏帖。一張小小的圓臉，如正開的桃李花；臉上并沒有笑，卻隱隱地含著春日的光輝，像花房里充了蜜一般。這在我几乎是一個奇跡；我現在是常站在窗前看她了。我覺得在深山里發見了一粒貓儿眼；這樣精純的貓儿眼，是我生平所僅見！我覺得我們相識已太長久，极愿和她說一句話——极平淡的話，一句也好。但我怎好平白地和她攀談呢？這樣郁郁了一禮拜。

這是元宵節的前一晚上。我吃了飯，在屋里坐了一會，覺得有些無聊，便信步走到那書房里。拿起報來，想再細看一回。忽然門鈕一響，阿河進來了。她手里拿著三四支顏色鉛筆；出乎意料地走近了我。她站在我面前了，靜靜地微笑著說：“白先生，你知道鉛筆刨在哪里？”一面將拿著的鉛筆給我看。我不自主地立起來，匆忙地應道，“在這里；”我用手指著南邊柱子。但我立刻覺得這是不夠的。我領她走近了柱子。這時我像閃電似地躊躇了一下，便說，“我…… 我……”她一聲不響地已將一支鉛筆交給我。我放進刨子里刨給她看。刨了兩下，便想交給她；但終于刨完了一支，交還了她。她接了筆略看一看，仍仰著臉向我。我窘极了。剎那間念頭轉了好几個圈子；到底硬著頭皮搭訕著說，“就這樣刨好了。”我赶緊向門外一瞥，就走回原處看報去。但我的頭剛低下，我的眼已抬起來了。于是遠遠地從容地問道，“你會么？”她不曾掉過頭來，只“嚶”了一聲，也不說話。我看了她背影一會。覺得應該低下頭了。等我再抬起頭來時，她已默默地向外走了。她似乎總是望前看的；我想再問她一句話，但終于不曾出口。我撇下了報，站起來走了一會，便回到自己屋里。

我一直想著些什么，但什么也沒有想出。

第二天早上看見她往廚房里走時，我發愿我的眼將老跟著她的影子！她的影子真好。她那几步路走得又敏捷，又勻稱，又苗條，正如一只可愛的小貓。她兩手各提著一只水壺，又令我想到在一條細細的索儿上抖擻精神走著的女子。這全由于她的腰；她的腰真太軟了，用白水的話說，真是軟到使我如吃蘇州的牛皮糖",軟到使我如吃蘇州的牛皮糖,一樣,yiyang,yi yang,TRUE,1:一樣 | 2:異樣 | 3:益陽 | 4:弋陽 | 5:宜陽 | 6:抑揚 | 7:頤養 | 8:依樣 | 9:一氧 | 10:一養,TRUE,1,,,,
polyphonic_flagged,fe725af9e84f08d02bef1dad,阿河,2623,2625,"我這一回寒假，因為養病，住到一家親戚的別墅里去。那別墅是在鄉下。前面偏左的地方，是一片淡藍的湖水，對岸環擁著不盡的青山。山的影子倒映在水里，越顯得清清朗朗的。水面常如鏡子一般。風起時，微有皺痕；像少女們皺她們的眉頭，過一會子就好了。湖的余勢束成一條小港，緩緩地不聲不響地流過別墅的門前。門前有一條小石橋，橋那邊盡是田畝。這邊沿岸一帶，相間地栽著桃樹和柳樹，春來當有一番熱鬧的夢。別墅外面繚繞著短短的竹篱，篱外是小小的路。里邊一座向南的樓，背后便倚著山。西邊是三間平屋，我便住在這里。院子里有兩塊草地，上面隨便放著兩三塊石頭。另外的隙地上，或羅列著盆栽，或种蒔著花草。篱邊還有几株枝干蟠曲的大樹，有一株几乎要伸到水里去了。

我的親戚韋君只有夫婦二人和一個女儿。她在外邊念書，這時也剛回到家里。她邀來三位同學，同到她家過這個寒假；兩位是親戚，一位是朋友。她們住著樓上的兩間屋子。韋君夫婦也住在樓上。樓下正中是客廳，常是閒著，西間是吃飯的地方；東間便是韋君的書房，我們談天，喝茶，看報，都在這里。我吃了飯，便是一個人，也要到這里來閒坐一回。我來的第二天，韋小姐告訴我，她母親要給她們找一個好好的女用人；長工阿齊說有一個表妹，母親叫他明天就帶來做做看呢。她似乎很高興的樣子，我只是不經意地答應。

平屋与樓屋之間，是一個小小的廚房。我住的是東面的屋子，從窗子里可以看見廚房里人的來往。這一天午飯前，我偶然向外看看，見一個面生的女用人，兩手提著兩把白鐵壺，正往廚房里走；韋家的李媽在她前面領著，不知在和她說甚么話。她的頭髮亂蓬蓬的，像冬天的枯草一樣。身上穿著鑲邊的黑布棉襖和夾褲，黑里已泛出黃色；棉襖長与膝齊，夾褲也直拖到腳背上。腳倒是雙天足，穿著尖頭的黑布鞋，后跟還帶著兩片同色的“葉拔儿”。想這就是阿齊帶來的女用人了；想完了就坐下看書。晚飯后，韋小姐告訴我，女用人來了，她的名字叫“阿河”。我說，“名字很好，只是人土些；還能做么？”她說，“別看她土，很聰明呢。”我說，“哦。”便接著看手中的報了。

以后每天早上，中上，晚上，我常常看見阿河挈著水壺來往；她的眼似乎總是望前看的。兩個禮拜匆匆地過去了。韋小姐忽然和我說，你別看阿河土，她的志气很好，她是個可怜的人。我和娘說，把我前年在家穿的那身棉襖褲給了她吧。我嫌那兩件衣服太花，給了她正好。娘先不肯，說她來了沒有几天；后來也肯了。今天拿出來讓她穿，正合式呢。我們教給她打絨繩鞋，她真聰明，一學就會了。她說拿到工錢，也要打一雙穿呢。我等几天再和娘說去。

“她這樣愛好！怪不得頭髮光得多了，原來都是你們教她的。好！你們盡教她講究，她將來怕不愿回家去呢。”大家都笑了。

舊新年是過去了。因為江浙的兵事，我們的學校一時還不能開學。我們大家都樂得在別墅里多住些日子。這時阿河如換了一個人。她穿著寶藍色挑著小花儿的布棉襖褲；腳下是嫩藍色毛繩鞋，鞋口還綴著兩個半藍半白的小絨球儿。我想這一定是她的小姐們給幫忙的。古語說得好，“人要衣裳馬要鞍”，阿河這一打扮，真有些楚楚可怜了。她的頭髮早已是刷得光光的，覆額的留海也梳得十分伏帖。一張小小的圓臉，如正開的桃李花；臉上并沒有笑，卻隱隱地含著春日的光輝，像花房里充了蜜一般。這在我几乎是一個奇跡；我現在是常站在窗前看她了。我覺得在深山里發見了一粒貓儿眼；這樣精純的貓儿眼，是我生平所僅見！我覺得我們相識已太長久，极愿和她說一句話——极平淡的話，一句也好。但我怎好平白地和她攀談呢？這樣郁郁了一禮拜。

這是元宵節的前一晚上。我吃了飯，在屋里坐了一會，覺得有些無聊，便信步走到那書房里。拿起報來，想再細看一回。忽然門鈕一響，阿河進來了。她手里拿著三四支顏色鉛筆；出乎意料地走近了我。她站在我面前了，靜靜地微笑著說：“白先生，你知道鉛筆刨在哪里？”一面將拿著的鉛筆給我看。我不自主地立起來，匆忙地應道，“在這里；”我用手指著南邊柱子。但我立刻覺得這是不夠的。我領她走近了柱子。這時我像閃電似地躊躇了一下，便說，“我…… 我……”她一聲不響地已將一支鉛筆交給我。我放進刨子里刨給她看。刨了兩下，便想交給她；但終于刨完了一支，交還了她。她接了筆略看一看，仍仰著臉向我。我窘极了。剎那間念頭轉了好几個圈子；到底硬著頭皮搭訕著說，“就這樣刨好了。”我赶緊向門外一瞥，就走回原處看報去。但我的頭剛低下，我的眼已抬起來了。于是遠遠地從容地問道，“你會么？”她不曾掉過頭來，只“嚶”了一聲，也不說話。我看了她背影一會。覺得應該低下頭了。等我再抬起頭來時，她已默默地向外走了。她似乎總是望前看的；我想再問她一句話，但終于不曾出口。我撇下了報，站起來走了一會，便回到自己屋里。

我一直想著些什么，但什么也沒有想出。

第二天早上看見她往廚房里走時，我發愿我的眼將老跟著她的影子！她的影子真好。她那几步路走得又敏捷，又勻稱，又苗條，正如一只可愛的小貓。她兩手各提著一只水壺，又令我想到在一條細細的索儿上抖擻精神走著的女子。這全由于她的腰；她的腰真太軟了，用白水的話說，真是軟到使我如吃蘇州的牛皮糖一樣。不止她的腰，我的日記里說得好：“她有一套和云霞比美，水月爭靈的曲線，織成大大的一張迷惑的网！”而那兩頰的曲線，尤其甜蜜可人。她兩頰是白中透著微紅，潤澤如玉。她的皮膚，嫩得可以掐出水來；我的日記里說，“我很想去掐她一下呀！”她的眼像一雙小燕子，老是在灩灩的春水上打著圈儿。她的笑最使我記住，像一朵花漂浮在我的腦海里。我不是說過，她的小圓臉像正開的桃花么？那么，她微笑的時候，便是盛開的時候了：花房里充滿了蜜，真如要流出來的樣子。她的髮不甚厚，但黑而有光，柔軟而滑，如純絲一般。只可惜我不曾聞著一些儿香。唉！從前我在窗前看她好多次，所得的真太少了；若不是昨晚一見，——雖只几分鐘——我真太對不起這樣一個人儿了。

午飯后，韋君照例地睡午覺去了，只有我，韋小姐和其他三位小姐在書房里。我有意無意地談起阿河的事。我說：

“你們怎知道她的志气好呢？”

“那天我們教給她打絨繩鞋；”一位蔡小姐便答道，“看她很聰明，就問她為甚么不念書？她被我們一問，就傷心起來了。……”

“是的，”韋小姐笑著搶了說，“后來還哭了呢；還有一位傻子陪她淌眼淚呢。”

那邊黃小姐可急了，走過來推了她一下。蔡小姐忙攔住道，“人家說正經話，你們盡鬧著玩儿！讓我說完了呀——”“我代你說啵，”韋小姐仍搶著說，“——她說她",說啵韋小姐仍搶著說她說她,只有,zhiyou,zhi you,TRUE,1:只有 | 2:知友 | 3:摯友 | 4:之憂 | 5:之友 | 6:之遊 | 7:之右 | 8:脂油 | 9:至友 | 10:執友,TRUE,1,,,,
polyphonic_flagged,8e232a3f8480ed0b80548d47,背影,1198,1200,"我與父親不相見已二年餘了，我最不能忘記的是他的背影。那年冬天，祖母死了，父親的差使也交卸了，正是禍不單行的日子，我從北京到徐州，打算跟着父親奔喪囘家。到徐州見着父親，看見滿院狼藉的東西，又想起祖母，不禁簌簌地流下眼淚。父親說，「事已如此，不必難過，好在天無絕人之路！」

囘家變賣典質，父親還了虧空；又借錢辦了喪事。這些日子，家中光景很是慘澹，一半爲了喪事，一半爲了父親賦閒。喪事完畢，父親要到南京謀事，我也要囘北京念書，我們便同行。

到南京時，有朋友約去游逛，勾留了一日；第二日上午便須渡江到浦口，下午上車北去。父親因爲事忙，本已說定不送我，叫旅館裏一個熟識的茶房陪我同去。他再三囑付茶房，甚是仔細。但他終於不放心，怕茶房不妥帖；頗躊躇了一會。其實我那年已二十歲，北京已來往過兩三次，是沒有甚麽要緊的了。他躊躇了一會，終於決定還是自己送我去。我兩三囘勸他不必去；他只說，「不要緊，他們去不好！」

我們過了江，進了車站。我買票，他忙着照看行李。行李太多了，得向腳夫行些小費，才可過去。他便又忙着和他們講價錢。我那時眞是聰明過分，總覺他說話不大漂亮，非自己插嘴不可。但他終於講定了價錢；就送我上車。他給我揀定了靠車門的一張椅子；我將他給我做的紫毛大衣鋪好坐位。他囑我路上小心，夜裏要警醒些，不要受涼。又囑託茶房好好照應我。我心裏暗笑他的迂；他們只認得錢，託他們直是白託！而且我這樣大年紀的人，難道還不能料理自己麽？唉，我現在想想，那時眞是太聰明了！

我說道，「爸爸，你走吧。」他望車外看了看，說，「我買幾個橘子去。你就在此地，不要走動。」我看那邊月臺的柵欄外有幾個賣東西的等着顧客。走到那邊月臺，須穿過鐵道，須跳下去又爬上去。父親是一個胖子，走過去自然要費事些。我本來要去的，他不肯，只好讓他去。我看見他戴着黑布小帽，穿着黑布大馬褂，深靑布棉袍，蹣跚地走到鐵道邊，慢慢探身下去，尚不大難。可是他穿過鐵道，要爬上那邊月臺，就不容易了。他用兩手攀着上面，兩腳再向上縮；他肥胖的身子向左微傾，顯出努力的樣子。這時我看見他的背影，我的淚很快地流下來了。我趕緊拭乾了淚，怕他看見，也怕別人看見。我再向外看時，他已抱了朱紅的橘子望囘走了。過鐵道時，他先將橘子散放在地上，自己慢慢爬下，再抱起橘子走。到這邊時，我趕緊去攙他。他和我走到車上，將橘子一股腦兒放在我的皮大衣上。於是撲撲衣上的泥土，心裏狠輕鬆似的，過一會說，「我走了；到那邊來信！」我望着他走出去。他走了幾步，囘過頭看見我，說，「進去吧，裏邊沒人。」等他的背影混入來來往往的人裏，再找不着了，我便進來坐下，我的眼淚又來了。

近幾年來，父親和我都是東奔西走，家中光景是一日不如一日。他少年出外謀生，獨立支持，做了許多大事。那知老境却如此頹唐！他觸目傷懷，自然情不能自已。情鬱於中，自然要發之於外；家庭瑣屑便往往觸他之怒。他待我漸漸不同往日。但最近",他待我漸漸不同往日但最近,兩年,liangnian,liang nian,TRUE,1:兩年 | 2:兩 | 3:量 | 4:亮 | 5:良 | 6:涼 | 7:樑 | 8:梁 | 9:輛 | 10:靚,TRUE,1,,,,
polyphonic_flagged,9620083f67e065245ea93c0f,槳聲燈影裏的秦淮河,534,536,"一九二三年八月的一晚，我和平伯同遊秦淮河；平伯是初泛，我是重來了。我們雇了一隻「七板子」，在夕陽已去、皎月方來的時候，便下了船。於是槳聲汩汩，我們開始領略那晃蕩著薔薇色的歷史的秦淮河的滋味了。

秦淮河裏的船，比北京万生園、頤和園的船好，比西湖的船好，比揚州瘦西湖的船也好。這幾處的船不是覺著笨，就是覺著簡陋、局促；都不能引起乘客們的情韻，如秦淮河的船一樣。秦淮河的船約略可分為兩種：一是大船；一是小船，就是所謂「七板子」。大船艙口闊大，可容二三十人。裏面陳設著字畫和光潔的紅木家具，桌上一律嵌著冰涼的大理石面。窗格雕鏤頗細，使人起柔膩之感。窗格里映著紅色藍色的玻璃；玻璃上有精緻的花紋，也頗悅人目。「七板子」規模雖不及大船，但那淡藍色的欄杆，空敞的艙，也足繫人情思。而最出色處卻在它的艙前。艙前是甲板上的一部，上面有弧形的頂，兩邊用疏疏的欄杆支著。裏面通常放著兩張藤的躺椅。躺下，可以談天，可以望遠，可以顧盼兩岸的河房。大船上也有這個，但在小船上更覺清雋罷了。艙前的頂下，一律懸著燈彩；燈的多少、明暗，彩蘇的精粗、艷晦，是不一的，但好歹總還你一個燈彩。這燈彩實在是最能勾人的東西。夜幕垂垂地下來時，大小船上都點起燈火。從兩重玻璃裏映出那輻射著的黃黃的散光，反暈出一片",著的黃黃的散光反暈出一片,朦朧,menglong,meng long,TRUE,1:猛龍 | 2:朦朧 | 3:蒙朧 | 4:矇矓 | 5:蒙籠 | 6:曚曨 | 7:蒙蘢 | 8:夢 | 9:猛 | 10:孟,TRUE,2,,,,
polyphonic_flagged,8fc28ae45902c1caf10d2b75,槳聲燈影裏的秦淮河,1373,1375,"一九二三年八月的一晚，我和平伯同遊秦淮河；平伯是初泛，我是重來了。我們雇了一隻「七板子」，在夕陽已去、皎月方來的時候，便下了船。於是槳聲汩汩，我們開始領略那晃蕩著薔薇色的歷史的秦淮河的滋味了。

秦淮河裏的船，比北京万生園、頤和園的船好，比西湖的船好，比揚州瘦西湖的船也好。這幾處的船不是覺著笨，就是覺著簡陋、局促；都不能引起乘客們的情韻，如秦淮河的船一樣。秦淮河的船約略可分為兩種：一是大船；一是小船，就是所謂「七板子」。大船艙口闊大，可容二三十人。裏面陳設著字畫和光潔的紅木家具，桌上一律嵌著冰涼的大理石面。窗格雕鏤頗細，使人起柔膩之感。窗格里映著紅色藍色的玻璃；玻璃上有精緻的花紋，也頗悅人目。「七板子」規模雖不及大船，但那淡藍色的欄杆，空敞的艙，也足繫人情思。而最出色處卻在它的艙前。艙前是甲板上的一部，上面有弧形的頂，兩邊用疏疏的欄杆支著。裏面通常放著兩張藤的躺椅。躺下，可以談天，可以望遠，可以顧盼兩岸的河房。大船上也有這個，但在小船上更覺清雋罷了。艙前的頂下，一律懸著燈彩；燈的多少、明暗，彩蘇的精粗、艷晦，是不一的，但好歹總還你一個燈彩。這燈彩實在是最能勾人的東西。夜幕垂垂地下來時，大小船上都點起燈火。從兩重玻璃裏映出那輻射著的黃黃的散光，反暈出一片朦朧的煙靄；透過這煙靄，在黯黯的水波里，又逗起縷縷的明漪。在這薄靄和微漪裏，聽著那悠然的間歇的槳聲，誰能不被引入他的美夢去呢？只愁夢太多了，這些大小船兒如何載得起呀？我們這時模模糊糊的談著明末的秦淮河的艷跡，如《桃花扇》及《板橋雜記》裏所載的。我們真神往了。我們彷彿親見那時華燈映水，畫舫凌波的光景了。於是我們的船便成了歷史的重載了。我們終於恍然秦淮河的船所以雅麗過於他處，而又有奇異的吸引力的，實在是許多歷史的影像使然了。

秦淮河的水是碧陰陰的；看起來厚而不膩，或者是六朝金粉所凝麼？我們初上船的時候，天色還未斷黑，那漾漾的柔波是這樣恬靜、委婉，使我們一面有水闊天空之想，一面又憧憬著紙醉金迷之境了。等到燈火明時，陰陰的變為沈沉了：黯淡的水光，像夢一般；那偶然閃爍著的光芒，就是夢的眼睛了。我們坐在艙前，因了那隆起的頂棚，彷彿總是昂著首向前走著似的；於是飄飄然如御風而行的我們，看著那些自在的灣泊著的船，船裏走馬燈般的人物，便像是下界一般，迢迢的遠了，又像在霧裏看花，盡朦朦朧朧的。這時我們已過了利涉橋，望見東關頭了。沿路聽見斷續的歌聲：有從沿河的妓樓飄來的，有從河上船裏渡來的。我們明知那些歌聲，只是些因襲的言詞，從生澀的歌喉裏機械的發出來的；但它們經了夏夜的微風的吹漾和水波的搖拂，嬝娜著到我們耳邊的時候，已經不單是她們的歌聲，而混著微風和河水的密語了。於是我們不得不被牽惹著，震撼著，相與浮沉於這歌聲裏了。從東關頭轉彎，不久就到大中橋。大中橋共有三個橋拱，都很闊大，儼然是三座門兒；使我們覺得我們的船和船裏的我們，在橋下過去時，真是太無顏色了。橋磚是深褐色，表明它的歷史的長久；但都完好無缺，令人太息於古昔工程的堅美。橋上兩旁都是木壁的房子，中間應該有街路。這些房子都破舊了，多年煙熏的跡，遮沒了當年的美麗。我想像秦淮河的極盛時，在這樣宏闊的橋上，特地蓋了房子，必然是髹漆得富富麗麗的；晚間必然是燈火通明的，現在卻只剩下一片黑沉沉！但是橋上造著房子，畢竟使我們多少可以",著房子畢竟使我們多少可以,想見,xiangjian,xiang jian,TRUE,1:詳見 | 2:相見 | 3:想見 | 4:相間 | 5:鄉間 | 6:相減 | 7:響箭 | 8:相姦 | 9:香肩 | 10:象簡,TRUE,3,,,,
polyphonic_flagged,8f96f2c67be79a481f88a3ec,阿河,291,293,我這一回寒假，因為養病，住到一家親戚的別墅里去。那別墅是在鄉下。前面偏左的地方，是一片淡藍的湖水，對岸環擁著不盡的青山。山的影子倒映在水里，越顯得清清朗朗的。水面常如鏡子一般。風起時，微有皺痕；像少女們皺她們的眉頭，過一會子就好了。湖的余勢束成一條小港，緩緩地不聲不響地流過別墅的門前。門前有一條小石橋，橋那邊盡是田畝。這邊沿岸一帶，相間地栽著桃樹和柳樹，春來當有一番熱鬧的夢。別墅外面繚繞著短短的竹篱，篱外是小小的路。里邊一座向南的樓，背后便倚著山。西邊是三間平屋，我便住在這里。院子里有兩塊草地，上面隨便放著兩三塊石頭。另外的隙地上，或羅列著盆栽，或种蒔著花草。篱邊還有几株枝干,蒔著花草篱邊還有几株枝干,蟠曲,panqu,pan qu,TRUE,1:盤曲 | 2:蟠曲 | 3:拚去 | 4:盤 | 5:潘 | 6:判 | 7:盼 | 8:攀 | 9:畔 | 10:叛,TRUE,2,,,,
polyphonic_flagged,92e460376feac396c40c3567,槳聲燈影裏的秦淮河,764,766,"一九二三年八月的一晚，我和平伯同遊秦淮河；平伯是初泛，我是重來了。我們雇了一隻「七板子」，在夕陽已去、皎月方來的時候，便下了船。於是槳聲汩汩，我們開始領略那晃蕩著薔薇色的歷史的秦淮河的滋味了。

秦淮河裏的船，比北京万生園、頤和園的船好，比西湖的船好，比揚州瘦西湖的船也好。這幾處的船不是覺著笨，就是覺著簡陋、局促；都不能引起乘客們的情韻，如秦淮河的船一樣。秦淮河的船約略可分為兩種：一是大船；一是小船，就是所謂「七板子」。大船艙口闊大，可容二三十人。裏面陳設著字畫和光潔的紅木家具，桌上一律嵌著冰涼的大理石面。窗格雕鏤頗細，使人起柔膩之感。窗格里映著紅色藍色的玻璃；玻璃上有精緻的花紋，也頗悅人目。「七板子」規模雖不及大船，但那淡藍色的欄杆，空敞的艙，也足繫人情思。而最出色處卻在它的艙前。艙前是甲板上的一部，上面有弧形的頂，兩邊用疏疏的欄杆支著。裏面通常放著兩張藤的躺椅。躺下，可以談天，可以望遠，可以顧盼兩岸的河房。大船上也有這個，但在小船上更覺清雋罷了。艙前的頂下，一律懸著燈彩；燈的多少、明暗，彩蘇的精粗、艷晦，是不一的，但好歹總還你一個燈彩。這燈彩實在是最能勾人的東西。夜幕垂垂地下來時，大小船上都點起燈火。從兩重玻璃裏映出那輻射著的黃黃的散光，反暈出一片朦朧的煙靄；透過這煙靄，在黯黯的水波里，又逗起縷縷的明漪。在這薄靄和微漪裏，聽著那悠然的間歇的槳聲，誰能不被引入他的美夢去呢？只愁夢太多了，這些大小船兒如何載得起呀？我們這時模模糊糊的談著明末的秦淮河的艷跡，如《桃花扇》及《板橋雜記》裏所載的。我們真神往了。我們彷彿親見那時華燈映水，畫舫凌波的光景了。於是我們的船便成了歷史的重載了。我們終於恍然秦淮河的船所以雅麗過於他處，而又有奇異的吸引力的，實在是許多歷史的影像使然了。

秦淮河的水是碧陰陰的；看起來厚而",的水是碧陰陰的看起來厚而,不膩,buni,bu ni,TRUE,1:不膩 | 2:不擬 | 3:不 | 4:部 | 5:補 | 6:布 | 7:步 | 8:佈 | 9:卜 | 10:捕,TRUE,1,,,,
polyphonic_flagged,c82fa56b41f5347b4fadebcc,阿河,4855,4857,"我這一回寒假，因為養病，住到一家親戚的別墅里去。那別墅是在鄉下。前面偏左的地方，是一片淡藍的湖水，對岸環擁著不盡的青山。山的影子倒映在水里，越顯得清清朗朗的。水面常如鏡子一般。風起時，微有皺痕；像少女們皺她們的眉頭，過一會子就好了。湖的余勢束成一條小港，緩緩地不聲不響地流過別墅的門前。門前有一條小石橋，橋那邊盡是田畝。這邊沿岸一帶，相間地栽著桃樹和柳樹，春來當有一番熱鬧的夢。別墅外面繚繞著短短的竹篱，篱外是小小的路。里邊一座向南的樓，背后便倚著山。西邊是三間平屋，我便住在這里。院子里有兩塊草地，上面隨便放著兩三塊石頭。另外的隙地上，或羅列著盆栽，或种蒔著花草。篱邊還有几株枝干蟠曲的大樹，有一株几乎要伸到水里去了。

我的親戚韋君只有夫婦二人和一個女儿。她在外邊念書，這時也剛回到家里。她邀來三位同學，同到她家過這個寒假；兩位是親戚，一位是朋友。她們住著樓上的兩間屋子。韋君夫婦也住在樓上。樓下正中是客廳，常是閒著，西間是吃飯的地方；東間便是韋君的書房，我們談天，喝茶，看報，都在這里。我吃了飯，便是一個人，也要到這里來閒坐一回。我來的第二天，韋小姐告訴我，她母親要給她們找一個好好的女用人；長工阿齊說有一個表妹，母親叫他明天就帶來做做看呢。她似乎很高興的樣子，我只是不經意地答應。

平屋与樓屋之間，是一個小小的廚房。我住的是東面的屋子，從窗子里可以看見廚房里人的來往。這一天午飯前，我偶然向外看看，見一個面生的女用人，兩手提著兩把白鐵壺，正往廚房里走；韋家的李媽在她前面領著，不知在和她說甚么話。她的頭髮亂蓬蓬的，像冬天的枯草一樣。身上穿著鑲邊的黑布棉襖和夾褲，黑里已泛出黃色；棉襖長与膝齊，夾褲也直拖到腳背上。腳倒是雙天足，穿著尖頭的黑布鞋，后跟還帶著兩片同色的“葉拔儿”。想這就是阿齊帶來的女用人了；想完了就坐下看書。晚飯后，韋小姐告訴我，女用人來了，她的名字叫“阿河”。我說，“名字很好，只是人土些；還能做么？”她說，“別看她土，很聰明呢。”我說，“哦。”便接著看手中的報了。

以后每天早上，中上，晚上，我常常看見阿河挈著水壺來往；她的眼似乎總是望前看的。兩個禮拜匆匆地過去了。韋小姐忽然和我說，你別看阿河土，她的志气很好，她是個可怜的人。我和娘說，把我前年在家穿的那身棉襖褲給了她吧。我嫌那兩件衣服太花，給了她正好。娘先不肯，說她來了沒有几天；后來也肯了。今天拿出來讓她穿，正合式呢。我們教給她打絨繩鞋，她真聰明，一學就會了。她說拿到工錢，也要打一雙穿呢。我等几天再和娘說去。

“她這樣愛好！怪不得頭髮光得多了，原來都是你們教她的。好！你們盡教她講究，她將來怕不愿回家去呢。”大家都笑了。

舊新年是過去了。因為江浙的兵事，我們的學校一時還不能開學。我們大家都樂得在別墅里多住些日子。這時阿河如換了一個人。她穿著寶藍色挑著小花儿的布棉襖褲；腳下是嫩藍色毛繩鞋，鞋口還綴著兩個半藍半白的小絨球儿。我想這一定是她的小姐們給幫忙的。古語說得好，“人要衣裳馬要鞍”，阿河這一打扮，真有些楚楚可怜了。她的頭髮早已是刷得光光的，覆額的留海也梳得十分伏帖。一張小小的圓臉，如正開的桃李花；臉上并沒有笑，卻隱隱地含著春日的光輝，像花房里充了蜜一般。這在我几乎是一個奇跡；我現在是常站在窗前看她了。我覺得在深山里發見了一粒貓儿眼；這樣精純的貓儿眼，是我生平所僅見！我覺得我們相識已太長久，极愿和她說一句話——极平淡的話，一句也好。但我怎好平白地和她攀談呢？這樣郁郁了一禮拜。

這是元宵節的前一晚上。我吃了飯，在屋里坐了一會，覺得有些無聊，便信步走到那書房里。拿起報來，想再細看一回。忽然門鈕一響，阿河進來了。她手里拿著三四支顏色鉛筆；出乎意料地走近了我。她站在我面前了，靜靜地微笑著說：“白先生，你知道鉛筆刨在哪里？”一面將拿著的鉛筆給我看。我不自主地立起來，匆忙地應道，“在這里；”我用手指著南邊柱子。但我立刻覺得這是不夠的。我領她走近了柱子。這時我像閃電似地躊躇了一下，便說，“我…… 我……”她一聲不響地已將一支鉛筆交給我。我放進刨子里刨給她看。刨了兩下，便想交給她；但終于刨完了一支，交還了她。她接了筆略看一看，仍仰著臉向我。我窘极了。剎那間念頭轉了好几個圈子；到底硬著頭皮搭訕著說，“就這樣刨好了。”我赶緊向門外一瞥，就走回原處看報去。但我的頭剛低下，我的眼已抬起來了。于是遠遠地從容地問道，“你會么？”她不曾掉過頭來，只“嚶”了一聲，也不說話。我看了她背影一會。覺得應該低下頭了。等我再抬起頭來時，她已默默地向外走了。她似乎總是望前看的；我想再問她一句話，但終于不曾出口。我撇下了報，站起來走了一會，便回到自己屋里。

我一直想著些什么，但什么也沒有想出。

第二天早上看見她往廚房里走時，我發愿我的眼將老跟著她的影子！她的影子真好。她那几步路走得又敏捷，又勻稱，又苗條，正如一只可愛的小貓。她兩手各提著一只水壺，又令我想到在一條細細的索儿上抖擻精神走著的女子。這全由于她的腰；她的腰真太軟了，用白水的話說，真是軟到使我如吃蘇州的牛皮糖一樣。不止她的腰，我的日記里說得好：“她有一套和云霞比美，水月爭靈的曲線，織成大大的一張迷惑的网！”而那兩頰的曲線，尤其甜蜜可人。她兩頰是白中透著微紅，潤澤如玉。她的皮膚，嫩得可以掐出水來；我的日記里說，“我很想去掐她一下呀！”她的眼像一雙小燕子，老是在灩灩的春水上打著圈儿。她的笑最使我記住，像一朵花漂浮在我的腦海里。我不是說過，她的小圓臉像正開的桃花么？那么，她微笑的時候，便是盛開的時候了：花房里充滿了蜜，真如要流出來的樣子。她的髮不甚厚，但黑而有光，柔軟而滑，如純絲一般。只可惜我不曾聞著一些儿香。唉！從前我在窗前看她好多次，所得的真太少了；若不是昨晚一見，——雖只几分鐘——我真太對不起這樣一個人儿了。

午飯后，韋君照例地睡午覺去了，只有我，韋小姐和其他三位小姐在書房里。我有意無意地談起阿河的事。我說：

“你們怎知道她的志气好呢？”

“那天我們教給她打絨繩鞋；”一位蔡小姐便答道，“看她很聰明，就問她為甚么不念書？她被我們一問，就傷心起來了。……”

“是的，”韋小姐笑著搶了說，“后來還哭了呢；還有一位傻子陪她淌眼淚呢。”

那邊黃小姐可急了，走過來推了她一下。蔡小姐忙攔住道，“人家說正經話，你們盡鬧著玩儿！讓我說完了呀——”“我代你說啵，”韋小姐仍搶著說，“——她說她只有一個爹，沒有娘。嫁了一個男人，倒有三十多歲，土頭土腦的，臉上滿是包！他是李媽的鄰舍，我還看見過呢。……”“好了，底下我說吧。”蔡小姐接著道，“她男人又不要好，盡愛賭錢；她一气，就住到娘家來，有一年多不回去了。”

“她今年几歲？”我問。

“十七不知十八？前年出嫁的，几個月就回家了，”蔡小姐說。

“不，十八，我知道，”韋小姐改正道。

“哦。你們可曾勸她离婚？”

“怎么不勸；”韋小姐應道，“她說十八回去吃她表哥的喜酒，要和她的爹去說呢。”

“你們教她的好事，該當何罪！”我笑了。

她們也都笑了。

十九的早上，我正在屋里看書，听見外面有嚷嚷的聲音；這是從來沒有的。我立刻走出來看；只見門外有兩個鄉下人要走進來，卻給阿齊攔住。他們只是央告，阿齊只是不肯。這時韋君已走出院中，向他們道，

“你們回去吧。人在我這里，不要緊的。快回去，不要瞎吵！”

兩個人面面相覷，說不出一句話；俄延了一會，只好走了。我問韋君什么事？他說，

“阿河囉！還不是瞎吵一回子。”

我想他于男女的事向來是懶得說的，還是回頭問他小姐的好；我們便談到別的事情上去。

吃了飯，我赶緊問韋小姐，她說，

“她是告訴娘的，你問娘去。”

我想這件事有些尷尬，便到西間里問韋太太；她正看著李媽收拾碗碟呢。她見我問，便笑著說，

“你要問這些事做什么？她昨天回去，原是借了阿桂的衣裳穿了去的，打扮得嬌滴滴的，也難怪，被她男人看見了，便約了些不相干的人，將她搶回去過了一夜。今天早上，她騙她男人，說要到此地來拿行李。她男人就會信她，派了兩個人跟著。那知她到了這里，便叫阿齊攔著那跟來的人；她自己便跪在我面前哭訴，說死也不愿回她男人家去。你說我有什么法子。只好讓那跟來的人先回去再說。好在沒有几天，她們要上學了，我將來交給她的爹吧。唉，現在的人，心眼儿真是越過越大了；一個鄉下女人，也會鬧出這樣惊天動地的事了！”

“可不是，”李媽在旁插嘴道，“太太你不知道；我家三叔前儿來，我還听他說呢。我本不該說的，阿彌陀佛！太太，你想她不愿意回婆家，老愿意住在娘家，是什么道理？家里只有一個單身的老子；你想那該死的老畜生！他舍不得放她回去呀！”

“低些，真的么？”韋太太惊詫地問。

“他們說得千真万确的。我早就想告訴太太了，總有些疑心；今天看她的樣子，真有几分對呢。太太，你想現在還成什么世界！”

“這該不至于吧。”我淡淡地插了一句。

“少爺，你那里知道！”韋太太歎了一口气，“——好在沒有几天了，讓她快些走吧；別將我們的運气帶坏了。她的事，我們以后也別談吧。”

開學的通告來了，我定在二十八走。二十六的晚上，阿河忽然不到廚房里挈水了。韋小姐跑來低低地告訴我，“娘叫阿齊將阿河送回去了；我在樓上，都不知道呢。”我應了一聲，一句話也沒有說。正如每日有三頓飽飯吃的人，忽然絕了糧；卻又不能告訴一個人！而且我覺得她的前面是黑洞洞的，此去不定有什么好歹！那一夜我是沒有好好地睡，只翻來覆去地做夢，醒來卻又一例茫然。這樣昏昏沉沉地到了二十八早上，懶懶地向韋君夫婦和韋小姐告別而行，韋君夫婦堅約春假再來住，我只得含糊答應著。出門時，我很想回望廚房几眼；但許多人都站在門口送我，我怎好回頭呢？

到校一打听，老友陸已來了。我不及料理行李，便找著他，將阿河的事一五一十告訴他。他本是個好事的人；听我說時，時而皺眉，時而歎气，時而擦掌。听到她只十八歲時，他突然將舌頭一伸，跳起來道，

“可惜我早有了我那太太！要不然，我准得想法子娶她！”

“你娶她就好了；現在不知鹿死誰手呢？”

我倆默默相對了一會，陸忽然拍著桌子道，

“有了，老汪不是去年失了戀么？他現在還沒有主儿，何不給他倆撮合一下。”

我正要答說，他已出去了。過了一會子，他和汪來了，進門就嚷著說，

“我和他說，他不信；要問你呢！”

“事是有的，人呢，也真不錯。只是人家的事，我們憑什么去管！”我說。

“想法子呀！”陸嚷著。

“什么法子？你說！”

“好，你們盡和我開玩笑，我才不理會你們呢！”汪笑了。

我們几乎每天都要談到阿河，但誰也不曾認真去“想法子。”

一轉眼已到了春假。我再到韋君別墅的時候，水是綠綠的，桃腮柳眼，著意引人。我卻只惦著阿河，不知她怎么樣了。那時韋小姐已回來兩天。我背地里問她，她說，“奇得很！阿齊告訴我，說她二月間來求娘來了。她說她男人已死了心，不想她回去；只不肯白白地放掉她。他教她的爹拿出八十塊錢來，人就是她的爹的了；他自己也好另娶一房人。可是阿河說她的爹那有這些錢？她求娘可怜可怜她！娘的脾气你知道。她是個古板的人；她數說了阿河一頓，一個錢也不給！我現在和阿齊說，讓他上鎮去時，帶個信儿給她，我可以給她五塊錢。我想你也可以幫她些，我教阿齊一塊儿告訴她吧。只可惜她未必肯再上我們這儿來囉！”

“我拿十塊錢吧，你告訴阿齊就是。”

我看阿齊空閒了，便又去問阿河的事。他說，

“她的爹正給她東找西找地找主儿呢。只怕難吧，八十塊大洋呢！”

我忽然覺得不自在起來，不愿再問下去。

過了兩天，阿齊從鎮上回來，說，

“今天見著阿河了。娘的，齊整起來了。穿起了裙子，做老板娘娘了！据說是自己揀中的；這种年頭！”

我立刻覺得，這一來全完了！只怔怔地看著阿齊，似乎想在他臉上找出阿河的影子。咳，我說什么好呢？愿命運之神長遠庇護著她吧！

第二天我便托故离開了那別墅；我不愿再見那湖光山色，更不愿再見那間小小的",山色更不愿再見那間小小的,廚房,chufang,chu fang,TRUE,1:廚房 | 2:處方 | 3:出訪 | 4:儲放 | 5:出 | 6:處 | 7:除 | 8:初 | 9:楚 | 10:齣,TRUE,1,,,,
polyphonic_flagged,72d0108b4f68b9d4d522b1bf,春,721,725,"盼望着，盼望着，東風來了，春天的腳步近了。

一切都像剛睡醒的樣子，欣欣然張開了眼。山朗潤起來了，水長起來了，太陽的臉紅起來了。

小草偷偷地從土裏鑽出來，嫩嫩的，綠綠的。園子裏，田野裏，瞧去，一大片一大片滿是的。坐着，躺着，打兩個滾，踢幾腳球，賽幾䠀跑，捉幾回迷藏。風輕悄悄的，草軟綿綿的。

桃樹、杏樹、梨樹，你不讓我，我不讓你，都開滿了花趕䠀兒。紅的像火，粉的像霞，白的像雪。花裏帶着甜味；閉了眼，樹上仿彿已經滿是桃兒、杏兒、梨兒！花下成千成百的蜜蜂嗡嗡地鬧着，大小的蝴蝶飛來飛去。野花遍地是：雜樣兒，有名字的，沒名字的，散在草叢裏，像眼睛，像星星，還眨呀眨的。

「吹面不寒楊柳風」，不錯的，像母親的手撫摸着你。風裏帶來些新翻的泥土的氣息，混着青草味，還有各種花的香，都在微微潤溼的空氣裏醞釀。鳥兒將窠巢安在繁花嫩葉當中，高興起來了，呼朋引伴地賣弄清脆的喉嚨，唱出宛轉的曲子，與輕風流水應和着。牛背上牧童的短笛，這時候也成天在嘹亮地響。

雨是最尋常的，一下就是三兩天。可別惱。看，像牛毛，像花針，像細絲，密密地斜織着，人家屋頂上全籠着一層薄煙。樹葉子却綠得發亮，小草也青得逼你的眼。傍晚時候，上燈了，一點點黃暈的光，烘托出一片安靜而和平的夜。鄉下去，小路上，石橋邊，撑起傘慢慢走着的人；還有地裏工作的農夫，披着蓑戴着笠的。他們的草屋，稀稀疏疏的在雨裏靜默着。

天上風箏漸漸多了，地上孩子也多了。城裏鄉下，家家戶戶，老老小小，他們也趕䠀兒似的，一個個都出來了。舒活舒活筋骨，抖擻抖擻精神，各做各的一份兒事去。「一年之計在于春」，剛起頭兒，有的是工夫，有的是希望。

春天像剛落地的娃娃，從頭到腳都是新的，它生長着。

春天像小姑娘，",新的它生長着春天像小姑娘,花枝招展,huazhizhaozhan,hua zhi zhao zhan,TRUE,1:花枝招展 | 2:花枝招颭 | 3:畫質 | 4:花枝 | 5:畫紙 | 6:華志 | 7:化紙 | 8:話 | 9:花 | 10:化,TRUE,1,,,,
polyphonic_flagged,2818675502b3968e474fe4b9,背影,1270,1272,"我與父親不相見已二年餘了，我最不能忘記的是他的背影。那年冬天，祖母死了，父親的差使也交卸了，正是禍不單行的日子，我從北京到徐州，打算跟着父親奔喪囘家。到徐州見着父親，看見滿院狼藉的東西，又想起祖母，不禁簌簌地流下眼淚。父親說，「事已如此，不必難過，好在天無絕人之路！」

囘家變賣典質，父親還了虧空；又借錢辦了喪事。這些日子，家中光景很是慘澹，一半爲了喪事，一半爲了父親賦閒。喪事完畢，父親要到南京謀事，我也要囘北京念書，我們便同行。

到南京時，有朋友約去游逛，勾留了一日；第二日上午便須渡江到浦口，下午上車北去。父親因爲事忙，本已說定不送我，叫旅館裏一個熟識的茶房陪我同去。他再三囑付茶房，甚是仔細。但他終於不放心，怕茶房不妥帖；頗躊躇了一會。其實我那年已二十歲，北京已來往過兩三次，是沒有甚麽要緊的了。他躊躇了一會，終於決定還是自己送我去。我兩三囘勸他不必去；他只說，「不要緊，他們去不好！」

我們過了江，進了車站。我買票，他忙着照看行李。行李太多了，得向腳夫行些小費，才可過去。他便又忙着和他們講價錢。我那時眞是聰明過分，總覺他說話不大漂亮，非自己插嘴不可。但他終於講定了價錢；就送我上車。他給我揀定了靠車門的一張椅子；我將他給我做的紫毛大衣鋪好坐位。他囑我路上小心，夜裏要警醒些，不要受涼。又囑託茶房好好照應我。我心裏暗笑他的迂；他們只認得錢，託他們直是白託！而且我這樣大年紀的人，難道還不能料理自己麽？唉，我現在想想，那時眞是太聰明了！

我說道，「爸爸，你走吧。」他望車外看了看，說，「我買幾個橘子去。你就在此地，不要走動。」我看那邊月臺的柵欄外有幾個賣東西的等着顧客。走到那邊月臺，須穿過鐵道，須跳下去又爬上去。父親是一個胖子，走過去自然要費事些。我本來要去的，他不肯，只好讓他去。我看見他戴着黑布小帽，穿着黑布大馬褂，深靑布棉袍，蹣跚地走到鐵道邊，慢慢探身下去，尚不大難。可是他穿過鐵道，要爬上那邊月臺，就不容易了。他用兩手攀着上面，兩腳再向上縮；他肥胖的身子向左微傾，顯出努力的樣子。這時我看見他的背影，我的淚很快地流下來了。我趕緊拭乾了淚，怕他看見，也怕別人看見。我再向外看時，他已抱了朱紅的橘子望囘走了。過鐵道時，他先將橘子散放在地上，自己慢慢爬下，再抱起橘子走。到這邊時，我趕緊去攙他。他和我走到車上，將橘子一股腦兒放在我的皮大衣上。於是撲撲衣上的泥土，心裏狠輕鬆似的，過一會說，「我走了；到那邊來信！」我望着他走出去。他走了幾步，囘過頭看見我，說，「進去吧，裏邊沒人。」等他的背影混入來來往往的人裏，再找不着了，我便進來坐下，我的眼淚又來了。

近幾年來，父親和我都是東奔西走，家中光景是一日不如一日。他少年出外謀生，獨立支持，做了許多大事。那知老境却如此頹唐！他觸目傷懷，自然情不能自已。情鬱於中，自然要發之於外；家庭瑣屑便往往觸他之怒。他待我漸漸不同往日。但最近兩年的不見，他終於忘却我的不好，只是惦記着我，惦記着我的兒子。我北來後，他寫了一封信給我，信中說道，「我身體平安，惟膀子疼痛利害，舉箸提筆，諸多",膀子疼痛利害舉箸提筆諸多,不便,bubian,bu bian,TRUE,1:不變 | 2:不便 | 3:補編 | 4:布邊 | 5:不辨 | 6:不必 | 7:不比 | 8:不避 | 9:布幣 | 10:補壁,TRUE,2,,,,
polyphonic_flagged,2471cee3ae5ab2553d78330a,槳聲燈影裏的秦淮河,2318,2320,"一九二三年八月的一晚，我和平伯同遊秦淮河；平伯是初泛，我是重來了。我們雇了一隻「七板子」，在夕陽已去、皎月方來的時候，便下了船。於是槳聲汩汩，我們開始領略那晃蕩著薔薇色的歷史的秦淮河的滋味了。

秦淮河裏的船，比北京万生園、頤和園的船好，比西湖的船好，比揚州瘦西湖的船也好。這幾處的船不是覺著笨，就是覺著簡陋、局促；都不能引起乘客們的情韻，如秦淮河的船一樣。秦淮河的船約略可分為兩種：一是大船；一是小船，就是所謂「七板子」。大船艙口闊大，可容二三十人。裏面陳設著字畫和光潔的紅木家具，桌上一律嵌著冰涼的大理石面。窗格雕鏤頗細，使人起柔膩之感。窗格里映著紅色藍色的玻璃；玻璃上有精緻的花紋，也頗悅人目。「七板子」規模雖不及大船，但那淡藍色的欄杆，空敞的艙，也足繫人情思。而最出色處卻在它的艙前。艙前是甲板上的一部，上面有弧形的頂，兩邊用疏疏的欄杆支著。裏面通常放著兩張藤的躺椅。躺下，可以談天，可以望遠，可以顧盼兩岸的河房。大船上也有這個，但在小船上更覺清雋罷了。艙前的頂下，一律懸著燈彩；燈的多少、明暗，彩蘇的精粗、艷晦，是不一的，但好歹總還你一個燈彩。這燈彩實在是最能勾人的東西。夜幕垂垂地下來時，大小船上都點起燈火。從兩重玻璃裏映出那輻射著的黃黃的散光，反暈出一片朦朧的煙靄；透過這煙靄，在黯黯的水波里，又逗起縷縷的明漪。在這薄靄和微漪裏，聽著那悠然的間歇的槳聲，誰能不被引入他的美夢去呢？只愁夢太多了，這些大小船兒如何載得起呀？我們這時模模糊糊的談著明末的秦淮河的艷跡，如《桃花扇》及《板橋雜記》裏所載的。我們真神往了。我們彷彿親見那時華燈映水，畫舫凌波的光景了。於是我們的船便成了歷史的重載了。我們終於恍然秦淮河的船所以雅麗過於他處，而又有奇異的吸引力的，實在是許多歷史的影像使然了。

秦淮河的水是碧陰陰的；看起來厚而不膩，或者是六朝金粉所凝麼？我們初上船的時候，天色還未斷黑，那漾漾的柔波是這樣恬靜、委婉，使我們一面有水闊天空之想，一面又憧憬著紙醉金迷之境了。等到燈火明時，陰陰的變為沈沉了：黯淡的水光，像夢一般；那偶然閃爍著的光芒，就是夢的眼睛了。我們坐在艙前，因了那隆起的頂棚，彷彿總是昂著首向前走著似的；於是飄飄然如御風而行的我們，看著那些自在的灣泊著的船，船裏走馬燈般的人物，便像是下界一般，迢迢的遠了，又像在霧裏看花，盡朦朦朧朧的。這時我們已過了利涉橋，望見東關頭了。沿路聽見斷續的歌聲：有從沿河的妓樓飄來的，有從河上船裏渡來的。我們明知那些歌聲，只是些因襲的言詞，從生澀的歌喉裏機械的發出來的；但它們經了夏夜的微風的吹漾和水波的搖拂，嬝娜著到我們耳邊的時候，已經不單是她們的歌聲，而混著微風和河水的密語了。於是我們不得不被牽惹著，震撼著，相與浮沉於這歌聲裏了。從東關頭轉彎，不久就到大中橋。大中橋共有三個橋拱，都很闊大，儼然是三座門兒；使我們覺得我們的船和船裏的我們，在橋下過去時，真是太無顏色了。橋磚是深褐色，表明它的歷史的長久；但都完好無缺，令人太息於古昔工程的堅美。橋上兩旁都是木壁的房子，中間應該有街路。這些房子都破舊了，多年煙熏的跡，遮沒了當年的美麗。我想像秦淮河的極盛時，在這樣宏闊的橋上，特地蓋了房子，必然是髹漆得富富麗麗的；晚間必然是燈火通明的，現在卻只剩下一片黑沉沉！但是橋上造著房子，畢竟使我們多少可以想見往日的繁華；這也慰情聊勝無了。過了大中橋，便到了燈月交輝、笙歌徹夜的秦淮河，這才是秦淮河的真面目哩。

大中橋外，頓然空闊，和橋內兩岸排著密密的人家的景像大異了。一眼望去，疏疏的林，淡淡的月，襯著蔚藍的天，頗像荒江野渡光景；那邊呢，鬱叢叢的，陰森森的，又似乎藏著無邊的黑暗，令人幾乎不信那是繁華的秦淮河了。但是河中眩暈著的燈光，縱橫著的畫舫，悠揚著的笛韻，夾著那吱吱的胡琴聲，終於使我們認識綠如茵陳酒的秦淮水了。此地天裸露著的多些，故覺夜來的獨遲些；從清清的水影裏，我們感到的只是薄薄的夜——這正是秦淮河的夜。大中橋外，本來還有一座復成橋，是船夫口中的我們的遊踪盡處，或也是秦淮河繁華的盡處了。我的腳曾踏過復成橋的脊，在十三四歲的時候。但是兩次遊秦淮河，卻都不曾見著復成橋的面；明知總在前途的，卻常覺得有些虛無縹緲似的。我想，不見倒也好。這時正是盛夏。我們下船後，藉著新生的晚涼和河上的微風，暑氣已漸漸消散；到了此地，豁然開朗，身子頓然輕了——習習的清風荏苒在面上、手上、衣上，這便又感到了一縷新涼了。南京的日光，大概沒有杭州猛烈；西湖的夏夜老是熱蓬蓬的，水像沸著一般，秦淮河的水卻盡是這樣冷冷地綠著。任你人影的憧憧，歌聲的擾擾，總像隔著一層薄薄的綠紗面冪似的；它盡是這樣靜靜的、冷冷的綠著。我們出了大中橋，走不上半里路，船夫便將船劃到一旁，停了槳由它宕著。他以為那裏正是繁華的極點，再過去就是荒涼了；所以讓我們多多賞鑑一會兒。他自己卻靜靜的蹲著。他是看慣這光景的了，大約只是一個無可無不可。這無可無不可，無論是升的沉的，總之，都比我們高了。

那時河裏鬧熱極了；船大半泊著，小半在水上穿梭似的來往。停泊著的都在近市的那一邊，我們的船自然也夾在其中。因為這邊略略的擠，便覺得那邊十分的疏了。在每一隻船從那邊過去時，我們能畫出它的輕輕的影和曲曲的波，在我們的心上；這顯著是空，且顯著是靜了。那時處處都是歌聲和淒厲的胡琴聲，圓潤的喉嚨，確乎是很少的。但那生澀的，尖脆的調子能使人有少年的，粗率不拘的感覺，也正可快我們的意。況且多少隔開些兒聽著，因為想像與渴慕的做美，總覺更有滋味；而竟發的喧囂，抑揚的不齊，遠近的雜沓，和樂器的嘈嘈切切，合成另一意味的諧音，也使我們無所適從，如隨著大風而走。",們無所適從如隨著大風而走,這實,zheshi,zhe shi,TRUE,1:這是 | 2:這時 | 3:這事 | 4:這使 | 5:赭石 | 6:折實 | 7:鏑矢 | 8:這世 | 9:遮飾 | 10:這,FALSE,,,,,
polyphonic_flagged,b161d2d772124c5173448488,給亡婦,2636,2638,"謙，日子真快，一眨眼你已經死了三個年頭了。這三年裡世事不知變化了多少回，但你未必注意這些個，我知道。你第一惦記的是你幾個孩子，第二便輪著我。孩子和我平分你的世界，你在日如此；你死後若還有知，想來還如此的。告訴你，我夏天回家來著：邁兒長得結實極了，比我高一個頭。閏兒父親說是最乖，可是沒有先前胖了。采芷和轉子都好。五兒全家誇她長得好看；卻在腿上生了濕瘡，整天坐在竹床上不能下來，看了怪可憐的。六兒，我怎麼說好，你明白，你臨終時也和母親談過，這孩子是只可以養著玩兒的，他左挨右挨去年春天，到底沒有挨過去。這孩子生了幾個月，你的肺病就重起來了。我勸你少親近他，只監督著老媽子照管就行。你總是忍不住，一會兒提，一會兒抱的。可是你病中為他操的那一份兒心也夠瞧的。那一個夏天他病的時候多，你成天兒忙著，湯呀，藥呀，冷呀，暖呀，連覺也沒有好好兒睡過。那裡有一分一毫想著你自己。瞧著他硬朗點兒你就樂，乾枯的笑容在黃蠟般的臉上，我只有暗中歎氣而已。

從來想不到做母親的要像你這樣。從邁兒起，你總是自己喂乳，一連四個都這樣。你起初不知道按鐘點兒喂，後來知道了，卻又弄不慣；孩子們每夜裡幾次將你哭醒了，特別是悶熱的夏季。我瞧你的覺老沒睡足。白天裡還得做菜，照料孩子，很少得空兒。你的身子本來壞，四個孩子就累你七八年。到了第五個，你自己實在不成了，又沒乳，只好自己餵奶粉，另雇老媽子專管她。但孩子跟老媽子睡，你就沒有放過心；夜裡一聽見哭，就豎起耳朵聽，工夫一大就得過去看。十六年初，和你到北京來，將邁兒，轉子留在家裡；三年多還不能去接他們，可真把你惦記苦了。你並不常提，我卻明白。你後來說你的病就是惦記出來的；那個自然也有份兒，不過大半還是養育孩子累的。你的短短的十二年結婚生活，有十一年耗費在孩子們身上；而你一點不厭倦，有多少力量用多少，一直到自己毀滅為止。你對孩子一般兒愛，不問男的女的，大的小的。也不想到什麼“養兒防老，積穀防饑”，只拚命的愛去。你對於教育老實說有些外行，孩子們只要吃得好玩得好就成了。這也難怪你，你自己便是這樣長大的。況且孩子們原都還小，吃和玩本來也要緊的。你病重的時候最放不下的還是孩子。病的只剩皮包著骨頭了，總不信自己不會好；老說：“我死了，這一大群孩子可苦了。”後來說送你回家，你想著可以看見邁兒和轉子，也願意；你萬不想到會一走不返的。我送車的時候，你忍不住哭了，說：“還不知能不能再見？”可憐，你的心我知道，你滿想著好好兒帶著六個孩子回來見我的。謙，你那時一定這樣想，一定的。

除了孩子，你心裡只有我。不錯，那時你父親還在；可是你母親死了，他另有個女人，你老早就覺得隔了一層似的。出嫁後第一年你雖還一心一意依戀著他老人家，到第二年上我和孩子可就將你的心占住，你再沒有多少工夫惦記他了。你還記得第一年我在北京，你在家裡。家裡來信說你待不住，常回娘家去。我動氣了，馬上寫信責備你。你教人寫了一封復信，說家裡有事，不能不回去。這是你第一次也可以說第末次的抗議，我從此就沒給你寫信。暑假時帶了一肚子主意回去，但見了面，看你一臉笑，也就拉倒了。打這時候起，你漸漸從你父親的懷裡跑到我這兒。你換了金鐲子幫助我的學費，叫我以後還你；但直到你死，我沒有還你。你在我家受了許多氣，又因為我家的緣故受你家裡的氣，你都忍著。這全為的是我，我知道。那回我從家鄉一個中學半途辭職出走。家裡人諷你也走。哪裡走！只得硬著頭皮往你家去。那時你家像個冰窖子，你們在窖裡足足住了三個月。好容易我才將你們領出來了，一同上外省去。小家庭這樣組織起來了。你雖不是什麼闊小姐，可也是自小嬌生慣養的，做起主婦來，什麼都得幹一兩手；你居然做下去了，而且高高興興地做下去了。菜照例滿是你做，可是吃的都是我們；你至多夾上兩三筷子就算了。你的菜做得不壞，有一位老在行大大地誇獎過你。你洗衣服也不錯，夏天我的綢大褂大概總是你親自動手。你在家老不樂意閑著；坐前幾個“月子”，老是四五天就起床，說是躺著家裡事沒條沒理的。其實你起來也還不是沒條理；咱們家那麼多孩子，哪兒來條理？在浙江住的時候，逃過兩回兵難，我都在北平。真虧你領著母親和一群孩子東藏西躲的；末一回還要走多少里路，翻一道大嶺。這兩回差不多只靠你一個人。你不但帶了母親和孩子們，還帶了我一箱箱的書；你知道我是最愛書的。在短短的十二年裡，你操的心比人家一輩子還多；謙，你那樣身子怎麼經得住！你將我的責任一股腦兒擔負了去，壓死了你；我如何對得起你！

你為我的撈什子書也費了不少神；第一回讓你父親的男傭人從家鄉捎到上海去。他說了幾句閒話，你氣得在你父親面前哭了。第二回是帶著逃難，別人都說你傻子。你有你的想頭：“沒有書怎麼教書？況且他又愛這個玩意兒。”其實你沒有曉得，那些書丟了也並不可惜；不過教你怎麼曉得，我平常從來沒和你談過這些個！總而言之，你的心是可感謝的。這十二年裡你為我吃的苦真不少，可是沒有過幾天好日子。我們在一起住，算來也還不到五個年頭。無論日子怎麼壞，無論是離是合，你從來沒對我發過脾氣，連一句怨言也沒有。——別說怨我，就是怨命也沒有過。老實說，我的脾氣可不大好，遷怒的事兒有的是。那些時候你往往抽噎著流眼淚，從不回嘴，也不號啕。不過我也只信得過你一個人，有些話我只和你一個人說，因為世界上只你一個人真關心我，真同情我。你不但為我吃苦，更為我分苦；我之有我現在的精神，大半是你給我培養著的。這些年來我很少生病。但我最不耐煩生病，生了病就呻吟不絕，鬧那伺候病的人。你是領教過一回的，那回只一兩點鐘，可是也夠麻煩了。你常生病，卻總不開口，掙扎著起來；一來怕攪我，二來怕沒人做你那份兒事。我有一個壞脾氣，怕聽人生病，也是真的。後來你天天發燒，自己還以為南方帶來的瘧疾，一直瞞著我。明明躺著，聽見我的腳步，一骨碌就坐起來。我漸漸有些奇怪，讓大夫一瞧，這可糟了，你的一個肺已爛了一個大窟窿了！大夫勸你到西山去靜養，你丟不下孩子，又捨不得錢；勸你在家裡躺著，你也丟不下那份兒家務。越看越不行了，這才送你回去。明知凶多吉少，想不到只一個月工夫你就完了！本來盼望還見得著你，這一來可拉倒了。你也何嘗想到這個？父親告訴我，你回家獨住著一所小住宅，還嫌沒有客廳，怕我回去不便哪。

前年夏天回家，上你墳上去了。你睡在祖父母的下首，想來還不孤單的。只是當年祖父母的墳太小了，你正睡在壙底下。這叫做“抗壙”，在生人看來是不安心的；等著想辦法哪。那時壙上壙下密密地長著青草，",時壙上壙下密密地長著青草,朝露,zhaolu,zhao lu,TRUE,1:着陸 | 2:招錄 | 3:朝露 | 4:照錄 | 5:找路 | 6:找 | 7:照 | 8:趙 | 9:招 | 10:着,TRUE,3,,,,
polyphonic_flagged,e55c37edabcd92ef5f096cc5,給亡婦,912,914,"謙，日子真快，一眨眼你已經死了三個年頭了。這三年裡世事不知變化了多少回，但你未必注意這些個，我知道。你第一惦記的是你幾個孩子，第二便輪著我。孩子和我平分你的世界，你在日如此；你死後若還有知，想來還如此的。告訴你，我夏天回家來著：邁兒長得結實極了，比我高一個頭。閏兒父親說是最乖，可是沒有先前胖了。采芷和轉子都好。五兒全家誇她長得好看；卻在腿上生了濕瘡，整天坐在竹床上不能下來，看了怪可憐的。六兒，我怎麼說好，你明白，你臨終時也和母親談過，這孩子是只可以養著玩兒的，他左挨右挨去年春天，到底沒有挨過去。這孩子生了幾個月，你的肺病就重起來了。我勸你少親近他，只監督著老媽子照管就行。你總是忍不住，一會兒提，一會兒抱的。可是你病中為他操的那一份兒心也夠瞧的。那一個夏天他病的時候多，你成天兒忙著，湯呀，藥呀，冷呀，暖呀，連覺也沒有好好兒睡過。那裡有一分一毫想著你自己。瞧著他硬朗點兒你就樂，乾枯的笑容在黃蠟般的臉上，我只有暗中歎氣而已。

從來想不到做母親的要像你這樣。從邁兒起，你總是自己喂乳，一連四個都這樣。你起初不知道按鐘點兒喂，後來知道了，卻又弄不慣；孩子們每夜裡幾次將你哭醒了，特別是悶熱的夏季。我瞧你的覺老沒睡足。白天裡還得做菜，照料孩子，很少得空兒。你的身子本來壞，四個孩子就累你七八年。到了第五個，你自己實在不成了，又沒乳，只好自己餵奶粉，另雇老媽子專管她。但孩子跟老媽子睡，你就沒有放過心；夜裡一聽見哭，就豎起耳朵聽，工夫一大就得過去看。十六年初，和你到北京來，將邁兒，轉子留在家裡；三年多還不能去接他們，可真把你惦記苦了。你並不常提，我卻明白。你後來說你的病就是惦記出來的；那個自然也有份兒，不過大半還是養育孩子累的。你的短短的十二年結婚生活，有十一年耗費在孩子們身上；而你一點不厭倦，有多少力量用多少，一直到自己毀滅為止。你對孩子一般兒愛，不問男的女的，大的小的。也不想到什麼“養兒防老，積穀防饑”，只拚命的愛去。你對於教育老實說有些外行，孩子們只要吃得好玩得好就成了。這也難怪你，你自己便是這樣長大的。況且孩子們原都還小，吃和玩本來也要緊的。你病重的時候最放不下的還是孩子。病的只剩皮包著骨頭了，總不信自己",剩皮包著骨頭了總不信自己,不會,buhui,bu hui,TRUE,1:不會 | 2:不回 | 3:不悔 | 4:不諱 | 5:補回 | 6:部會 | 7:佈會 | 8:不惠 | 9:不慧 | 10:不隳,TRUE,1,,,,
polyphonic_flagged,ff956a55dbd2da8d851d7595,槳聲燈影裏的秦淮河,3008,3010,"一九二三年八月的一晚，我和平伯同遊秦淮河；平伯是初泛，我是重來了。我們雇了一隻「七板子」，在夕陽已去、皎月方來的時候，便下了船。於是槳聲汩汩，我們開始領略那晃蕩著薔薇色的歷史的秦淮河的滋味了。

秦淮河裏的船，比北京万生園、頤和園的船好，比西湖的船好，比揚州瘦西湖的船也好。這幾處的船不是覺著笨，就是覺著簡陋、局促；都不能引起乘客們的情韻，如秦淮河的船一樣。秦淮河的船約略可分為兩種：一是大船；一是小船，就是所謂「七板子」。大船艙口闊大，可容二三十人。裏面陳設著字畫和光潔的紅木家具，桌上一律嵌著冰涼的大理石面。窗格雕鏤頗細，使人起柔膩之感。窗格里映著紅色藍色的玻璃；玻璃上有精緻的花紋，也頗悅人目。「七板子」規模雖不及大船，但那淡藍色的欄杆，空敞的艙，也足繫人情思。而最出色處卻在它的艙前。艙前是甲板上的一部，上面有弧形的頂，兩邊用疏疏的欄杆支著。裏面通常放著兩張藤的躺椅。躺下，可以談天，可以望遠，可以顧盼兩岸的河房。大船上也有這個，但在小船上更覺清雋罷了。艙前的頂下，一律懸著燈彩；燈的多少、明暗，彩蘇的精粗、艷晦，是不一的，但好歹總還你一個燈彩。這燈彩實在是最能勾人的東西。夜幕垂垂地下來時，大小船上都點起燈火。從兩重玻璃裏映出那輻射著的黃黃的散光，反暈出一片朦朧的煙靄；透過這煙靄，在黯黯的水波里，又逗起縷縷的明漪。在這薄靄和微漪裏，聽著那悠然的間歇的槳聲，誰能不被引入他的美夢去呢？只愁夢太多了，這些大小船兒如何載得起呀？我們這時模模糊糊的談著明末的秦淮河的艷跡，如《桃花扇》及《板橋雜記》裏所載的。我們真神往了。我們彷彿親見那時華燈映水，畫舫凌波的光景了。於是我們的船便成了歷史的重載了。我們終於恍然秦淮河的船所以雅麗過於他處，而又有奇異的吸引力的，實在是許多歷史的影像使然了。

秦淮河的水是碧陰陰的；看起來厚而不膩，或者是六朝金粉所凝麼？我們初上船的時候，天色還未斷黑，那漾漾的柔波是這樣恬靜、委婉，使我們一面有水闊天空之想，一面又憧憬著紙醉金迷之境了。等到燈火明時，陰陰的變為沈沉了：黯淡的水光，像夢一般；那偶然閃爍著的光芒，就是夢的眼睛了。我們坐在艙前，因了那隆起的頂棚，彷彿總是昂著首向前走著似的；於是飄飄然如御風而行的我們，看著那些自在的灣泊著的船，船裏走馬燈般的人物，便像是下界一般，迢迢的遠了，又像在霧裏看花，盡朦朦朧朧的。這時我們已過了利涉橋，望見東關頭了。沿路聽見斷續的歌聲：有從沿河的妓樓飄來的，有從河上船裏渡來的。我們明知那些歌聲，只是些因襲的言詞，從生澀的歌喉裏機械的發出來的；但它們經了夏夜的微風的吹漾和水波的搖拂，嬝娜著到我們耳邊的時候，已經不單是她們的歌聲，而混著微風和河水的密語了。於是我們不得不被牽惹著，震撼著，相與浮沉於這歌聲裏了。從東關頭轉彎，不久就到大中橋。大中橋共有三個橋拱，都很闊大，儼然是三座門兒；使我們覺得我們的船和船裏的我們，在橋下過去時，真是太無顏色了。橋磚是深褐色，表明它的歷史的長久；但都完好無缺，令人太息於古昔工程的堅美。橋上兩旁都是木壁的房子，中間應該有街路。這些房子都破舊了，多年煙熏的跡，遮沒了當年的美麗。我想像秦淮河的極盛時，在這樣宏闊的橋上，特地蓋了房子，必然是髹漆得富富麗麗的；晚間必然是燈火通明的，現在卻只剩下一片黑沉沉！但是橋上造著房子，畢竟使我們多少可以想見往日的繁華；這也慰情聊勝無了。過了大中橋，便到了燈月交輝、笙歌徹夜的秦淮河，這才是秦淮河的真面目哩。

大中橋外，頓然空闊，和橋內兩岸排著密密的人家的景像大異了。一眼望去，疏疏的林，淡淡的月，襯著蔚藍的天，頗像荒江野渡光景；那邊呢，鬱叢叢的，陰森森的，又似乎藏著無邊的黑暗，令人幾乎不信那是繁華的秦淮河了。但是河中眩暈著的燈光，縱橫著的畫舫，悠揚著的笛韻，夾著那吱吱的胡琴聲，終於使我們認識綠如茵陳酒的秦淮水了。此地天裸露著的多些，故覺夜來的獨遲些；從清清的水影裏，我們感到的只是薄薄的夜——這正是秦淮河的夜。大中橋外，本來還有一座復成橋，是船夫口中的我們的遊踪盡處，或也是秦淮河繁華的盡處了。我的腳曾踏過復成橋的脊，在十三四歲的時候。但是兩次遊秦淮河，卻都不曾見著復成橋的面；明知總在前途的，卻常覺得有些虛無縹緲似的。我想，不見倒也好。這時正是盛夏。我們下船後，藉著新生的晚涼和河上的微風，暑氣已漸漸消散；到了此地，豁然開朗，身子頓然輕了——習習的清風荏苒在面上、手上、衣上，這便又感到了一縷新涼了。南京的日光，大概沒有杭州猛烈；西湖的夏夜老是熱蓬蓬的，水像沸著一般，秦淮河的水卻盡是這樣冷冷地綠著。任你人影的憧憧，歌聲的擾擾，總像隔著一層薄薄的綠紗面冪似的；它盡是這樣靜靜的、冷冷的綠著。我們出了大中橋，走不上半里路，船夫便將船劃到一旁，停了槳由它宕著。他以為那裏正是繁華的極點，再過去就是荒涼了；所以讓我們多多賞鑑一會兒。他自己卻靜靜的蹲著。他是看慣這光景的了，大約只是一個無可無不可。這無可無不可，無論是升的沉的，總之，都比我們高了。

那時河裏鬧熱極了；船大半泊著，小半在水上穿梭似的來往。停泊著的都在近市的那一邊，我們的船自然也夾在其中。因為這邊略略的擠，便覺得那邊十分的疏了。在每一隻船從那邊過去時，我們能畫出它的輕輕的影和曲曲的波，在我們的心上；這顯著是空，且顯著是靜了。那時處處都是歌聲和淒厲的胡琴聲，圓潤的喉嚨，確乎是很少的。但那生澀的，尖脆的調子能使人有少年的，粗率不拘的感覺，也正可快我們的意。況且多少隔開些兒聽著，因為想像與渴慕的做美，總覺更有滋味；而竟發的喧囂，抑揚的不齊，遠近的雜沓，和樂器的嘈嘈切切，合成另一意味的諧音，也使我們無所適從，如隨著大風而走。這實在因為我們的心枯澀久了，變為脆弱；故偶然潤澤一下，便瘋狂似的不能自主了，但秦淮河確也膩人。即如船裏的人面，無論是和我們一堆儿泊著的，無論是從我們眼前過去的，總是模模糊糊的，甚至渺渺茫茫的；任你張圓了眼睛，揩淨了眥垢，也是枉然，這真夠人想呢。在我們停泊的地方，燈光原是紛然的；不過這些燈光都是黃而有暈的。黃已經不能明了，再加上了暈，便更不成了。燈愈多，暈就愈甚；在繁星般的黃的交錯裏，秦淮河彷彿籠上了一團光霧。光芒與霧氣騰騰的暈著，什麼都只剩了輪廓了；所以人面的詳細的曲線，便消失於我們的眼底了。但燈光究竟奪不了那邊的月色；燈光是渾的，月色是清的。在渾沌的燈光裏，滲入一派清輝，卻真是奇蹟！那晚月兒已瘦削了兩三分。她晚妝才罷，盈盈的上了柳梢頭。天是藍得可愛，彷彿一汪水似的；月兒便更出落得精神了。岸上原有三株兩株的垂楊樹，淡淡的影子，在水里搖曳著。它們那柔細的枝條浴著月光，就像一支支美人的臂膊，交互的纏著、挽著；又像是月兒披著的髪。而月兒偶爾也從它們的交叉處偷偷窺看我們，大有小姑娘怕羞的樣子。岸上另有幾株不知名的老樹，光光的立著；在月光裏照起來，卻又儼然是精神矍鑠的老人。遠處快到天際線了，才有一兩片白雲，亮得現出異彩，像是美麗的貝殼一般。白雲下便是黑黑的一帶輪廓；是一條隨意畫的不規則的曲線。這一段光景，和河中的風味大異了。但燈與月竟能並存著，交融著，使月成了纏綿的月，燈射著渺渺的靈輝，這正是天之所以厚秦淮河，也正是天之所以厚我們了。

這時卻遇著了難解的糾紛。秦淮河上原有一種歌妓，是以歌為業的。從前都在茶舫上，唱些大曲之類。每日午後一時起；什麼時候止，卻忘記了。晚上",起什麼時候止卻忘記了晚上,照樣,zhaoyang,zhao yang,TRUE,1:照樣 | 2:朝陽 | 3:昭陽 | 4:趙陽 | 5:找 | 6:照 | 7:趙 | 8:招 | 9:着 | 10:兆,TRUE,1,,,,
polyphonic_flagged,939929a65038050d0bb6ee38,槳聲燈影裏的秦淮河,4423,4426,"一九二三年八月的一晚，我和平伯同遊秦淮河；平伯是初泛，我是重來了。我們雇了一隻「七板子」，在夕陽已去、皎月方來的時候，便下了船。於是槳聲汩汩，我們開始領略那晃蕩著薔薇色的歷史的秦淮河的滋味了。

秦淮河裏的船，比北京万生園、頤和園的船好，比西湖的船好，比揚州瘦西湖的船也好。這幾處的船不是覺著笨，就是覺著簡陋、局促；都不能引起乘客們的情韻，如秦淮河的船一樣。秦淮河的船約略可分為兩種：一是大船；一是小船，就是所謂「七板子」。大船艙口闊大，可容二三十人。裏面陳設著字畫和光潔的紅木家具，桌上一律嵌著冰涼的大理石面。窗格雕鏤頗細，使人起柔膩之感。窗格里映著紅色藍色的玻璃；玻璃上有精緻的花紋，也頗悅人目。「七板子」規模雖不及大船，但那淡藍色的欄杆，空敞的艙，也足繫人情思。而最出色處卻在它的艙前。艙前是甲板上的一部，上面有弧形的頂，兩邊用疏疏的欄杆支著。裏面通常放著兩張藤的躺椅。躺下，可以談天，可以望遠，可以顧盼兩岸的河房。大船上也有這個，但在小船上更覺清雋罷了。艙前的頂下，一律懸著燈彩；燈的多少、明暗，彩蘇的精粗、艷晦，是不一的，但好歹總還你一個燈彩。這燈彩實在是最能勾人的東西。夜幕垂垂地下來時，大小船上都點起燈火。從兩重玻璃裏映出那輻射著的黃黃的散光，反暈出一片朦朧的煙靄；透過這煙靄，在黯黯的水波里，又逗起縷縷的明漪。在這薄靄和微漪裏，聽著那悠然的間歇的槳聲，誰能不被引入他的美夢去呢？只愁夢太多了，這些大小船兒如何載得起呀？我們這時模模糊糊的談著明末的秦淮河的艷跡，如《桃花扇》及《板橋雜記》裏所載的。我們真神往了。我們彷彿親見那時華燈映水，畫舫凌波的光景了。於是我們的船便成了歷史的重載了。我們終於恍然秦淮河的船所以雅麗過於他處，而又有奇異的吸引力的，實在是許多歷史的影像使然了。

秦淮河的水是碧陰陰的；看起來厚而不膩，或者是六朝金粉所凝麼？我們初上船的時候，天色還未斷黑，那漾漾的柔波是這樣恬靜、委婉，使我們一面有水闊天空之想，一面又憧憬著紙醉金迷之境了。等到燈火明時，陰陰的變為沈沉了：黯淡的水光，像夢一般；那偶然閃爍著的光芒，就是夢的眼睛了。我們坐在艙前，因了那隆起的頂棚，彷彿總是昂著首向前走著似的；於是飄飄然如御風而行的我們，看著那些自在的灣泊著的船，船裏走馬燈般的人物，便像是下界一般，迢迢的遠了，又像在霧裏看花，盡朦朦朧朧的。這時我們已過了利涉橋，望見東關頭了。沿路聽見斷續的歌聲：有從沿河的妓樓飄來的，有從河上船裏渡來的。我們明知那些歌聲，只是些因襲的言詞，從生澀的歌喉裏機械的發出來的；但它們經了夏夜的微風的吹漾和水波的搖拂，嬝娜著到我們耳邊的時候，已經不單是她們的歌聲，而混著微風和河水的密語了。於是我們不得不被牽惹著，震撼著，相與浮沉於這歌聲裏了。從東關頭轉彎，不久就到大中橋。大中橋共有三個橋拱，都很闊大，儼然是三座門兒；使我們覺得我們的船和船裏的我們，在橋下過去時，真是太無顏色了。橋磚是深褐色，表明它的歷史的長久；但都完好無缺，令人太息於古昔工程的堅美。橋上兩旁都是木壁的房子，中間應該有街路。這些房子都破舊了，多年煙熏的跡，遮沒了當年的美麗。我想像秦淮河的極盛時，在這樣宏闊的橋上，特地蓋了房子，必然是髹漆得富富麗麗的；晚間必然是燈火通明的，現在卻只剩下一片黑沉沉！但是橋上造著房子，畢竟使我們多少可以想見往日的繁華；這也慰情聊勝無了。過了大中橋，便到了燈月交輝、笙歌徹夜的秦淮河，這才是秦淮河的真面目哩。

大中橋外，頓然空闊，和橋內兩岸排著密密的人家的景像大異了。一眼望去，疏疏的林，淡淡的月，襯著蔚藍的天，頗像荒江野渡光景；那邊呢，鬱叢叢的，陰森森的，又似乎藏著無邊的黑暗，令人幾乎不信那是繁華的秦淮河了。但是河中眩暈著的燈光，縱橫著的畫舫，悠揚著的笛韻，夾著那吱吱的胡琴聲，終於使我們認識綠如茵陳酒的秦淮水了。此地天裸露著的多些，故覺夜來的獨遲些；從清清的水影裏，我們感到的只是薄薄的夜——這正是秦淮河的夜。大中橋外，本來還有一座復成橋，是船夫口中的我們的遊踪盡處，或也是秦淮河繁華的盡處了。我的腳曾踏過復成橋的脊，在十三四歲的時候。但是兩次遊秦淮河，卻都不曾見著復成橋的面；明知總在前途的，卻常覺得有些虛無縹緲似的。我想，不見倒也好。這時正是盛夏。我們下船後，藉著新生的晚涼和河上的微風，暑氣已漸漸消散；到了此地，豁然開朗，身子頓然輕了——習習的清風荏苒在面上、手上、衣上，這便又感到了一縷新涼了。南京的日光，大概沒有杭州猛烈；西湖的夏夜老是熱蓬蓬的，水像沸著一般，秦淮河的水卻盡是這樣冷冷地綠著。任你人影的憧憧，歌聲的擾擾，總像隔著一層薄薄的綠紗面冪似的；它盡是這樣靜靜的、冷冷的綠著。我們出了大中橋，走不上半里路，船夫便將船劃到一旁，停了槳由它宕著。他以為那裏正是繁華的極點，再過去就是荒涼了；所以讓我們多多賞鑑一會兒。他自己卻靜靜的蹲著。他是看慣這光景的了，大約只是一個無可無不可。這無可無不可，無論是升的沉的，總之，都比我們高了。

那時河裏鬧熱極了；船大半泊著，小半在水上穿梭似的來往。停泊著的都在近市的那一邊，我們的船自然也夾在其中。因為這邊略略的擠，便覺得那邊十分的疏了。在每一隻船從那邊過去時，我們能畫出它的輕輕的影和曲曲的波，在我們的心上；這顯著是空，且顯著是靜了。那時處處都是歌聲和淒厲的胡琴聲，圓潤的喉嚨，確乎是很少的。但那生澀的，尖脆的調子能使人有少年的，粗率不拘的感覺，也正可快我們的意。況且多少隔開些兒聽著，因為想像與渴慕的做美，總覺更有滋味；而竟發的喧囂，抑揚的不齊，遠近的雜沓，和樂器的嘈嘈切切，合成另一意味的諧音，也使我們無所適從，如隨著大風而走。這實在因為我們的心枯澀久了，變為脆弱；故偶然潤澤一下，便瘋狂似的不能自主了，但秦淮河確也膩人。即如船裏的人面，無論是和我們一堆儿泊著的，無論是從我們眼前過去的，總是模模糊糊的，甚至渺渺茫茫的；任你張圓了眼睛，揩淨了眥垢，也是枉然，這真夠人想呢。在我們停泊的地方，燈光原是紛然的；不過這些燈光都是黃而有暈的。黃已經不能明了，再加上了暈，便更不成了。燈愈多，暈就愈甚；在繁星般的黃的交錯裏，秦淮河彷彿籠上了一團光霧。光芒與霧氣騰騰的暈著，什麼都只剩了輪廓了；所以人面的詳細的曲線，便消失於我們的眼底了。但燈光究竟奪不了那邊的月色；燈光是渾的，月色是清的。在渾沌的燈光裏，滲入一派清輝，卻真是奇蹟！那晚月兒已瘦削了兩三分。她晚妝才罷，盈盈的上了柳梢頭。天是藍得可愛，彷彿一汪水似的；月兒便更出落得精神了。岸上原有三株兩株的垂楊樹，淡淡的影子，在水里搖曳著。它們那柔細的枝條浴著月光，就像一支支美人的臂膊，交互的纏著、挽著；又像是月兒披著的髪。而月兒偶爾也從它們的交叉處偷偷窺看我們，大有小姑娘怕羞的樣子。岸上另有幾株不知名的老樹，光光的立著；在月光裏照起來，卻又儼然是精神矍鑠的老人。遠處快到天際線了，才有一兩片白雲，亮得現出異彩，像是美麗的貝殼一般。白雲下便是黑黑的一帶輪廓；是一條隨意畫的不規則的曲線。這一段光景，和河中的風味大異了。但燈與月竟能並存著，交融著，使月成了纏綿的月，燈射著渺渺的靈輝，這正是天之所以厚秦淮河，也正是天之所以厚我們了。

這時卻遇著了難解的糾紛。秦淮河上原有一種歌妓，是以歌為業的。從前都在茶舫上，唱些大曲之類。每日午後一時起；什麼時候止，卻忘記了。晚上照樣也有一回，也在黃暈的燈光裏。我從前過南京時，曾隨著朋友去聽過兩次。因為茶舫裏的人臉太多了，覺得不大適意，終於聽不出所以然。前年聽說歌妓被取締了，不知怎的，頗涉想了幾次卻想不出什麼。這次到南京，先到茶舫上去看看，覺得頗是寂寥，令我無端的悵悵了。不料她們卻仍在秦淮河裏掙扎著，不料她們竟會糾纏到我們，我於是很張皇了，她們也乘著「七板子」，她們總是坐在艙前的。艙前點著石油汽燈，光亮炫人眼目：坐在下面的，自然是纖毫畢見了。引誘客人們的力量，也便在此了。艙裏躲著樂工等人，映著汽燈的餘輝蠕動著；他們是永遠不被注意的。每船的歌妓大約都是二人；天色一黑，她們的船就在大中橋外往來不息的兜生意。無論行著的船，泊著的船，都要來兜攬的。這都是我後來推想出來的。那晚不知怎樣，忽然輪著我們的船了。我們的船好好的停著，一隻歌舫劃向我們來了；漸漸和我們的船並著了。爍爍的燈光逼得我們皺起了眉頭；我們的風塵色全給它托出來了，這使我踧踖不安了。那時一個伙計跨過船來，拿著攤開的歌摺，就近塞向我的手裏，說：「點幾出吧！」他跨過來的時候，我們船上似乎有許多眼光跟著。同時相近的別的船上也似乎有許多眼睛炯炯的向我們船上看著。我真窘了！我也裝出大方的樣子，向歌妓們瞥了一眼，但究竟是不成的！我勉強將那歌摺翻了一翻，卻不曾看清了幾個字；便趕緊遞還那伙計，一面不好意思地說「不要，我們⋯⋯不要。」他便塞給平伯，平伯掉轉頭去，搖手說：「不要！」那人還膩著不走。平伯又回過臉來，搖著頭道「不要！」於是那人重到我處，我窘著再拒絕了他。他這纔有所不屑似的走了。

我的心立刻放下，如釋了重負一般。我們就開始自白了。

我說我受了道德律的壓迫，拒絕了她們；心裏似乎很抱歉的。這所謂抱歉，一面對於她們，一面對於我自己。她們於我們雖然沒有很奢的希望；但總有些希望的。我們拒絕了她們，無論理由如何充足，卻使她們的希望受了傷；這總有幾分不做美了，這是我覺得很悵悵的。至於我自己，更有一種不足之感。我這時被四面的歌聲誘惑了，降伏了；但是遠遠的，遠遠的歌聲總彷彿隔著重衣搔癢似的，越搔越搔不著癢處。我於是憧憬著貼耳的妙音了。在歌舫劃來時，我的憧憬，變為盼望；我固執的盼望著，有如飢渴。雖然從淺薄的經驗裏，也能夠推知，那貼耳的歌聲，將剝去了一切的美妙；但一個平常的人像我的，谁愿憑了理性之力去醜化未來呢？我寧願自己騙著了。不過我的社會感性是很敏銳的；我的思力能拆穿道德律的西洋鏡，而我的感情卻終於被它壓服著。我於是有所顧忌了，尤其是在眾目昭彰的時候。道德律的力，本來是民眾賦予的；在民眾的面前，自然更顯出它的威嚴了。我這時一面盼望，一面卻感到了兩重的禁制：一、在通俗的意義上，接近妓者總算一種不正當的行為；二、妓是一種不健全的職業，我們對於她們，應有哀矜勿喜之心，不應賞玩的去聽她們的歌。在眾目睽睽之下，這兩種思想在我心裏最為旺盛。她們暫時壓倒了我的聽歌的盼望，這便成就了我的灰色的拒絕。那時的心實在異常狀態中，覺得頗是昏亂。歌舫去了，暫時寧靜之後，我的思緒又如潮湧了。兩個相反的意思在我心頭往復：賣歌和賣淫不同，聽歌和狎妓不同，又干道德甚事？但是，但是，她們既被逼的以歌為業，她們的歌必無藝術味的；況她們的身世，我們究竟該同情的，所以拒絕倒也是正辦。但這些意思終於不曾撇開我的聽歌的盼望。它力量異常堅強；它總想將別的思緒踏在腳下。從這重重的爭鬬里，我感到了濃厚的不足之感。這不足之感使我的",不足之感這不足之感使我的,心盤旋,xinpanxuan,xin pan xuan,TRUE,1:新盤旋 | 2:新盤 | 3:辛盤 | 4:新 | 5:心 | 6:信 | 7:欣 | 8:馨 | 9:鑫 | 10:辛,FALSE,,,,,
polyphonic_flagged,564fe7c974c7c164baecccb4,背影,653,655,"我與父親不相見已二年餘了，我最不能忘記的是他的背影。那年冬天，祖母死了，父親的差使也交卸了，正是禍不單行的日子，我從北京到徐州，打算跟着父親奔喪囘家。到徐州見着父親，看見滿院狼藉的東西，又想起祖母，不禁簌簌地流下眼淚。父親說，「事已如此，不必難過，好在天無絕人之路！」

囘家變賣典質，父親還了虧空；又借錢辦了喪事。這些日子，家中光景很是慘澹，一半爲了喪事，一半爲了父親賦閒。喪事完畢，父親要到南京謀事，我也要囘北京念書，我們便同行。

到南京時，有朋友約去游逛，勾留了一日；第二日上午便須渡江到浦口，下午上車北去。父親因爲事忙，本已說定不送我，叫旅館裏一個熟識的茶房陪我同去。他再三囑付茶房，甚是仔細。但他終於不放心，怕茶房不妥帖；頗躊躇了一會。其實我那年已二十歲，北京已來往過兩三次，是沒有甚麽要緊的了。他躊躇了一會，終於決定還是自己送我去。我兩三囘勸他不必去；他只說，「不要緊，他們去不好！」

我們過了江，進了車站。我買票，他忙着照看行李。行李太多了，得向腳夫行些小費，才可過去。他便又忙着和他們講價錢。我那時眞是聰明過分，總覺他說話不大漂亮，非自己插嘴不可。但他終於講定了價錢；就送我上車。他給我揀定了靠車門的一張椅子；我將他給我做的紫毛大衣鋪好坐位。他囑我路上小心，夜裏要警醒些，不要受涼。又囑託茶房好好照應我。我心裏暗笑他的迂；他們只認得錢，託他們直是白託！而且我這樣大年紀的人，難道還不能料理自己麽？唉，我現在想想，那時眞是太聰明了！

我說道，「爸爸，你走吧。」他望車外看了看，說，「我買",走吧他望車外看了看說我買,幾個,jige,ji ge,TRUE,1:幾個 | 2:及格 | 3:幾格 | 4:級格 | 5:肌革 | 6:及 | 7:機 | 8:級 | 9:即 | 10:既,TRUE,1,,,,
polyphonic_flagged,760ff67d9b664a19dd858dab,春,78,81,"盼望着，盼望着，東風來了，春天的腳步近了。

一切都像剛睡醒的樣子，欣欣然張開了眼。山朗潤起來了，水長起來了，太陽的臉紅起來了。

小草偷偷地從土裏鑽出來，",了小草偷偷地從土裏鑽出來,嫩嫩的,nennende,nen nen de,TRUE,1:嫩嫩的 | 2:嫩嫩 | 3:嫩 | 4:恁 | 5:嫰 | 6:腝 | 7:㜛 | 8:㯎 | 9:㶧 | 10:枘,TRUE,1,,,,
polyphonic_flagged,979a79dc48327c7c57ad7ce1,荷塘月色,1209,1211,"這幾天心裏頗不寧靜。今晚在院子裏坐着乘涼，忽然想起日日走過的荷塘，在這滿月的光裏，總該另有一番樣子吧。月亮漸漸地升高了，牆外馬路上孩子們的歡笑，已經聽不見了；妻在屋裏拍着閏兒，迷迷糊糊地哼着眠歌。我悄悄地披了大衫，帶上門出去。

沿着荷塘，是一條曲折的小煤屑路。這是一條幽僻的路；白天也少人走，夜晚更加寂寞。荷塘四面，長着許多樹，蓊蓊鬱鬱的。路的一旁，是些楊柳，和一些不知道名字的樹。沒有月光的晚上，這路上陰森森的，有些怕人。今晚卻很好，雖然月光也還是淡淡的。

路上只我一個人，背着手踱着。這一片天地好像是我的；我也像超出了平常的自己，到了另一世界裏。我愛熱鬧，也愛冷靜；愛羣居，也愛獨處。像今晚上，一個人在這蒼茫的月下，什麽都可以想，什麽都可以不想，便覺是個自由的人。白天裏一定要做的事，一定要說的話，現在都可不理。這是獨處的妙處，我且受用這無邊的荷香月色好了。

曲曲折折的荷塘上面，彌望的是田田的葉子。葉子出水很高，像亭亭的舞女的裙。層層的葉子中間，零星地點綴着些白花，有嬝娜地開着的，有羞澀地打着朶兒的；正如一粒粒的明珠，又如碧天裏的星星，又如剛出浴的美人。微風過處，送來縷縷清淸香，彷彿遠處高樓上渺茫的歌聲似的。這時候葉子與花也有一絲的顫動，像閃電般，霎時傳過荷塘的那邊去了。葉子本是肩並肩密密地挨着，這便宛然有了一道凝碧的波痕。葉子底下是脈脈的流水，遮住了，不能見一些顏色；而葉子卻更見風致了。

月光如流水一般，靜靜地瀉在這一片葉子和花上。薄薄的靑霧浮起在荷塘裏。葉子和花彷彿在牛乳中洗過一樣；又像籠着輕紗的夢。雖然是滿月，天上卻有一層淡淡的雲，所以不能朗照；但我以爲這恰是到了好處——酣眠固不可少，小睡也別有風味的。月光是隔了樹照過來的，高處叢生的灌木，落下參差的斑駁的黑影，峭楞楞如鬼一般；彎彎的楊柳的稀疏的倩影，卻又像是畫在荷葉上。塘中的月色並不均勻；但光與影有着和諧的旋律，如梵婀玲上奏着的名曲。

荷塘的四面，遠遠近近，高高低低都是樹，而楊柳最多。這些樹將一片荷塘重重圍住；只在小路一旁，漏着幾段空隙，像是特爲月光留下的。樹色一例是陰陰的，乍看像一團煙霧；但楊柳的丰姿，便在煙霧裏也辨得出。樹梢上隱隱約約的是一帶遠山，只有些大意罷了。樹縫裏也漏着一兩點路燈光，沒精打彩的，是渴睡人的眼。這時候最熱鬧的，要數樹上的蟬聲與水裏的蛙聲；但熱鬧是牠們的，我什麽也沒有。

忽然想起采蓮的事情來了。采蓮是江南的舊俗，似乎很早就有，而六朝時爲盛；從詩歌裏可以約略知道。采蓮的是少年的女子，她們是蕩着小船，唱着豔歌去的。采蓮人不用說很多，還有看采蓮的人。那是一個熱鬧的季節，也是一個風流的季節。梁元帝采蓮賦裏說得好：

於是妖童媛女，蕩舟心許；鷁首徐迴，兼傳羽杯；櫂將移而藻挂，船欲動而萍開。爾其纖腰束素，遷延顧步；夏始春餘，葉嫩花初，恐沾裳而淺笑，畏傾船而斂裾。

可見當時嬉游的光景了。這眞是有趣的事，",游的光景了這眞是有趣的事,可惜,kexi,ke xi,TRUE,1:可惜 | 2:可喜 | 3:科系 | 4:柯西 | 5:克西 | 6:客席 | 7:苛細 | 8:可攜 | 9:可洗 | 10:可,TRUE,1,,,,
polyphonic_flagged,0a22716e9711cdbaf398ce6a,阿河,2647,2649,"我這一回寒假，因為養病，住到一家親戚的別墅里去。那別墅是在鄉下。前面偏左的地方，是一片淡藍的湖水，對岸環擁著不盡的青山。山的影子倒映在水里，越顯得清清朗朗的。水面常如鏡子一般。風起時，微有皺痕；像少女們皺她們的眉頭，過一會子就好了。湖的余勢束成一條小港，緩緩地不聲不響地流過別墅的門前。門前有一條小石橋，橋那邊盡是田畝。這邊沿岸一帶，相間地栽著桃樹和柳樹，春來當有一番熱鬧的夢。別墅外面繚繞著短短的竹篱，篱外是小小的路。里邊一座向南的樓，背后便倚著山。西邊是三間平屋，我便住在這里。院子里有兩塊草地，上面隨便放著兩三塊石頭。另外的隙地上，或羅列著盆栽，或种蒔著花草。篱邊還有几株枝干蟠曲的大樹，有一株几乎要伸到水里去了。

我的親戚韋君只有夫婦二人和一個女儿。她在外邊念書，這時也剛回到家里。她邀來三位同學，同到她家過這個寒假；兩位是親戚，一位是朋友。她們住著樓上的兩間屋子。韋君夫婦也住在樓上。樓下正中是客廳，常是閒著，西間是吃飯的地方；東間便是韋君的書房，我們談天，喝茶，看報，都在這里。我吃了飯，便是一個人，也要到這里來閒坐一回。我來的第二天，韋小姐告訴我，她母親要給她們找一個好好的女用人；長工阿齊說有一個表妹，母親叫他明天就帶來做做看呢。她似乎很高興的樣子，我只是不經意地答應。

平屋与樓屋之間，是一個小小的廚房。我住的是東面的屋子，從窗子里可以看見廚房里人的來往。這一天午飯前，我偶然向外看看，見一個面生的女用人，兩手提著兩把白鐵壺，正往廚房里走；韋家的李媽在她前面領著，不知在和她說甚么話。她的頭髮亂蓬蓬的，像冬天的枯草一樣。身上穿著鑲邊的黑布棉襖和夾褲，黑里已泛出黃色；棉襖長与膝齊，夾褲也直拖到腳背上。腳倒是雙天足，穿著尖頭的黑布鞋，后跟還帶著兩片同色的“葉拔儿”。想這就是阿齊帶來的女用人了；想完了就坐下看書。晚飯后，韋小姐告訴我，女用人來了，她的名字叫“阿河”。我說，“名字很好，只是人土些；還能做么？”她說，“別看她土，很聰明呢。”我說，“哦。”便接著看手中的報了。

以后每天早上，中上，晚上，我常常看見阿河挈著水壺來往；她的眼似乎總是望前看的。兩個禮拜匆匆地過去了。韋小姐忽然和我說，你別看阿河土，她的志气很好，她是個可怜的人。我和娘說，把我前年在家穿的那身棉襖褲給了她吧。我嫌那兩件衣服太花，給了她正好。娘先不肯，說她來了沒有几天；后來也肯了。今天拿出來讓她穿，正合式呢。我們教給她打絨繩鞋，她真聰明，一學就會了。她說拿到工錢，也要打一雙穿呢。我等几天再和娘說去。

“她這樣愛好！怪不得頭髮光得多了，原來都是你們教她的。好！你們盡教她講究，她將來怕不愿回家去呢。”大家都笑了。

舊新年是過去了。因為江浙的兵事，我們的學校一時還不能開學。我們大家都樂得在別墅里多住些日子。這時阿河如換了一個人。她穿著寶藍色挑著小花儿的布棉襖褲；腳下是嫩藍色毛繩鞋，鞋口還綴著兩個半藍半白的小絨球儿。我想這一定是她的小姐們給幫忙的。古語說得好，“人要衣裳馬要鞍”，阿河這一打扮，真有些楚楚可怜了。她的頭髮早已是刷得光光的，覆額的留海也梳得十分伏帖。一張小小的圓臉，如正開的桃李花；臉上并沒有笑，卻隱隱地含著春日的光輝，像花房里充了蜜一般。這在我几乎是一個奇跡；我現在是常站在窗前看她了。我覺得在深山里發見了一粒貓儿眼；這樣精純的貓儿眼，是我生平所僅見！我覺得我們相識已太長久，极愿和她說一句話——极平淡的話，一句也好。但我怎好平白地和她攀談呢？這樣郁郁了一禮拜。

這是元宵節的前一晚上。我吃了飯，在屋里坐了一會，覺得有些無聊，便信步走到那書房里。拿起報來，想再細看一回。忽然門鈕一響，阿河進來了。她手里拿著三四支顏色鉛筆；出乎意料地走近了我。她站在我面前了，靜靜地微笑著說：“白先生，你知道鉛筆刨在哪里？”一面將拿著的鉛筆給我看。我不自主地立起來，匆忙地應道，“在這里；”我用手指著南邊柱子。但我立刻覺得這是不夠的。我領她走近了柱子。這時我像閃電似地躊躇了一下，便說，“我…… 我……”她一聲不響地已將一支鉛筆交給我。我放進刨子里刨給她看。刨了兩下，便想交給她；但終于刨完了一支，交還了她。她接了筆略看一看，仍仰著臉向我。我窘极了。剎那間念頭轉了好几個圈子；到底硬著頭皮搭訕著說，“就這樣刨好了。”我赶緊向門外一瞥，就走回原處看報去。但我的頭剛低下，我的眼已抬起來了。于是遠遠地從容地問道，“你會么？”她不曾掉過頭來，只“嚶”了一聲，也不說話。我看了她背影一會。覺得應該低下頭了。等我再抬起頭來時，她已默默地向外走了。她似乎總是望前看的；我想再問她一句話，但終于不曾出口。我撇下了報，站起來走了一會，便回到自己屋里。

我一直想著些什么，但什么也沒有想出。

第二天早上看見她往廚房里走時，我發愿我的眼將老跟著她的影子！她的影子真好。她那几步路走得又敏捷，又勻稱，又苗條，正如一只可愛的小貓。她兩手各提著一只水壺，又令我想到在一條細細的索儿上抖擻精神走著的女子。這全由于她的腰；她的腰真太軟了，用白水的話說，真是軟到使我如吃蘇州的牛皮糖一樣。不止她的腰，我的日記里說得好：“她有一套和云霞比美，水月爭靈的曲線，織成大大的一張迷惑的网！”而那兩頰的曲線，尤其甜蜜可人。她兩頰是白中透著微紅，潤澤如玉。她的皮膚，嫩得可以掐出水來；我的日記里說，“我很想去掐她一下呀！”她的眼像一雙小燕子，老是在灩灩的春水上打著圈儿。她的笑最使我記住，像一朵花漂浮在我的腦海里。我不是說過，她的小圓臉像正開的桃花么？那么，她微笑的時候，便是盛開的時候了：花房里充滿了蜜，真如要流出來的樣子。她的髮不甚厚，但黑而有光，柔軟而滑，如純絲一般。只可惜我不曾聞著一些儿香。唉！從前我在窗前看她好多次，所得的真太少了；若不是昨晚一見，——雖只几分鐘——我真太對不起這樣一個人儿了。

午飯后，韋君照例地睡午覺去了，只有我，韋小姐和其他三位小姐在書房里。我有意無意地談起阿河的事。我說：

“你們怎知道她的志气好呢？”

“那天我們教給她打絨繩鞋；”一位蔡小姐便答道，“看她很聰明，就問她為甚么不念書？她被我們一問，就傷心起來了。……”

“是的，”韋小姐笑著搶了說，“后來還哭了呢；還有一位傻子陪她淌眼淚呢。”

那邊黃小姐可急了，走過來推了她一下。蔡小姐忙攔住道，“人家說正經話，你們盡鬧著玩儿！讓我說完了呀——”“我代你說啵，”韋小姐仍搶著說，“——她說她只有一個爹，沒有娘。嫁了一個男人，倒有三十多歲，",嫁了一個男人倒有三十多歲,土頭,tutou,tu tou,TRUE,1:禿頭 | 2:兔頭 | 3:圖 | 4:土 | 5:吐 | 6:塗 | 7:兔 | 8:突 | 9:徒 | 10:途,FALSE,,,,,
polyphonic_flagged,f142d65bb2550ce5cf93c642,背影,517,519,"我與父親不相見已二年餘了，我最不能忘記的是他的背影。那年冬天，祖母死了，父親的差使也交卸了，正是禍不單行的日子，我從北京到徐州，打算跟着父親奔喪囘家。到徐州見着父親，看見滿院狼藉的東西，又想起祖母，不禁簌簌地流下眼淚。父親說，「事已如此，不必難過，好在天無絕人之路！」

囘家變賣典質，父親還了虧空；又借錢辦了喪事。這些日子，家中光景很是慘澹，一半爲了喪事，一半爲了父親賦閒。喪事完畢，父親要到南京謀事，我也要囘北京念書，我們便同行。

到南京時，有朋友約去游逛，勾留了一日；第二日上午便須渡江到浦口，下午上車北去。父親因爲事忙，本已說定不送我，叫旅館裏一個熟識的茶房陪我同去。他再三囑付茶房，甚是仔細。但他終於不放心，怕茶房不妥帖；頗躊躇了一會。其實我那年已二十歲，北京已來往過兩三次，是沒有甚麽要緊的了。他躊躇了一會，終於決定還是自己送我去。我兩三囘勸他不必去；他只說，「不要緊，他們去不好！」

我們過了江，進了車站。我買票，他忙着照看行李。行李太多了，得向腳夫行些小費，才可過去。他便又忙着和他們講價錢。我那時眞是聰明過分，總覺他說話不大漂亮，非自己插嘴不可。但他終於講定了價錢；就送我上車。他給我揀定了靠車門的一張椅子；我將",定了靠車門的一張椅子我將,他給,tagei,ta gei,TRUE,1:他給 | 2:她給 | 3:它給 | 4:他 | 5:她 | 6:它 | 7:塔 | 8:牠 | 9:踏 | 10:塌,TRUE,1,,,,
polyphonic_flagged,8b77e79a30ba1073dde7ef6d,槳聲燈影裏的秦淮河,4674,4676,"一九二三年八月的一晚，我和平伯同遊秦淮河；平伯是初泛，我是重來了。我們雇了一隻「七板子」，在夕陽已去、皎月方來的時候，便下了船。於是槳聲汩汩，我們開始領略那晃蕩著薔薇色的歷史的秦淮河的滋味了。

秦淮河裏的船，比北京万生園、頤和園的船好，比西湖的船好，比揚州瘦西湖的船也好。這幾處的船不是覺著笨，就是覺著簡陋、局促；都不能引起乘客們的情韻，如秦淮河的船一樣。秦淮河的船約略可分為兩種：一是大船；一是小船，就是所謂「七板子」。大船艙口闊大，可容二三十人。裏面陳設著字畫和光潔的紅木家具，桌上一律嵌著冰涼的大理石面。窗格雕鏤頗細，使人起柔膩之感。窗格里映著紅色藍色的玻璃；玻璃上有精緻的花紋，也頗悅人目。「七板子」規模雖不及大船，但那淡藍色的欄杆，空敞的艙，也足繫人情思。而最出色處卻在它的艙前。艙前是甲板上的一部，上面有弧形的頂，兩邊用疏疏的欄杆支著。裏面通常放著兩張藤的躺椅。躺下，可以談天，可以望遠，可以顧盼兩岸的河房。大船上也有這個，但在小船上更覺清雋罷了。艙前的頂下，一律懸著燈彩；燈的多少、明暗，彩蘇的精粗、艷晦，是不一的，但好歹總還你一個燈彩。這燈彩實在是最能勾人的東西。夜幕垂垂地下來時，大小船上都點起燈火。從兩重玻璃裏映出那輻射著的黃黃的散光，反暈出一片朦朧的煙靄；透過這煙靄，在黯黯的水波里，又逗起縷縷的明漪。在這薄靄和微漪裏，聽著那悠然的間歇的槳聲，誰能不被引入他的美夢去呢？只愁夢太多了，這些大小船兒如何載得起呀？我們這時模模糊糊的談著明末的秦淮河的艷跡，如《桃花扇》及《板橋雜記》裏所載的。我們真神往了。我們彷彿親見那時華燈映水，畫舫凌波的光景了。於是我們的船便成了歷史的重載了。我們終於恍然秦淮河的船所以雅麗過於他處，而又有奇異的吸引力的，實在是許多歷史的影像使然了。

秦淮河的水是碧陰陰的；看起來厚而不膩，或者是六朝金粉所凝麼？我們初上船的時候，天色還未斷黑，那漾漾的柔波是這樣恬靜、委婉，使我們一面有水闊天空之想，一面又憧憬著紙醉金迷之境了。等到燈火明時，陰陰的變為沈沉了：黯淡的水光，像夢一般；那偶然閃爍著的光芒，就是夢的眼睛了。我們坐在艙前，因了那隆起的頂棚，彷彿總是昂著首向前走著似的；於是飄飄然如御風而行的我們，看著那些自在的灣泊著的船，船裏走馬燈般的人物，便像是下界一般，迢迢的遠了，又像在霧裏看花，盡朦朦朧朧的。這時我們已過了利涉橋，望見東關頭了。沿路聽見斷續的歌聲：有從沿河的妓樓飄來的，有從河上船裏渡來的。我們明知那些歌聲，只是些因襲的言詞，從生澀的歌喉裏機械的發出來的；但它們經了夏夜的微風的吹漾和水波的搖拂，嬝娜著到我們耳邊的時候，已經不單是她們的歌聲，而混著微風和河水的密語了。於是我們不得不被牽惹著，震撼著，相與浮沉於這歌聲裏了。從東關頭轉彎，不久就到大中橋。大中橋共有三個橋拱，都很闊大，儼然是三座門兒；使我們覺得我們的船和船裏的我們，在橋下過去時，真是太無顏色了。橋磚是深褐色，表明它的歷史的長久；但都完好無缺，令人太息於古昔工程的堅美。橋上兩旁都是木壁的房子，中間應該有街路。這些房子都破舊了，多年煙熏的跡，遮沒了當年的美麗。我想像秦淮河的極盛時，在這樣宏闊的橋上，特地蓋了房子，必然是髹漆得富富麗麗的；晚間必然是燈火通明的，現在卻只剩下一片黑沉沉！但是橋上造著房子，畢竟使我們多少可以想見往日的繁華；這也慰情聊勝無了。過了大中橋，便到了燈月交輝、笙歌徹夜的秦淮河，這才是秦淮河的真面目哩。

大中橋外，頓然空闊，和橋內兩岸排著密密的人家的景像大異了。一眼望去，疏疏的林，淡淡的月，襯著蔚藍的天，頗像荒江野渡光景；那邊呢，鬱叢叢的，陰森森的，又似乎藏著無邊的黑暗，令人幾乎不信那是繁華的秦淮河了。但是河中眩暈著的燈光，縱橫著的畫舫，悠揚著的笛韻，夾著那吱吱的胡琴聲，終於使我們認識綠如茵陳酒的秦淮水了。此地天裸露著的多些，故覺夜來的獨遲些；從清清的水影裏，我們感到的只是薄薄的夜——這正是秦淮河的夜。大中橋外，本來還有一座復成橋，是船夫口中的我們的遊踪盡處，或也是秦淮河繁華的盡處了。我的腳曾踏過復成橋的脊，在十三四歲的時候。但是兩次遊秦淮河，卻都不曾見著復成橋的面；明知總在前途的，卻常覺得有些虛無縹緲似的。我想，不見倒也好。這時正是盛夏。我們下船後，藉著新生的晚涼和河上的微風，暑氣已漸漸消散；到了此地，豁然開朗，身子頓然輕了——習習的清風荏苒在面上、手上、衣上，這便又感到了一縷新涼了。南京的日光，大概沒有杭州猛烈；西湖的夏夜老是熱蓬蓬的，水像沸著一般，秦淮河的水卻盡是這樣冷冷地綠著。任你人影的憧憧，歌聲的擾擾，總像隔著一層薄薄的綠紗面冪似的；它盡是這樣靜靜的、冷冷的綠著。我們出了大中橋，走不上半里路，船夫便將船劃到一旁，停了槳由它宕著。他以為那裏正是繁華的極點，再過去就是荒涼了；所以讓我們多多賞鑑一會兒。他自己卻靜靜的蹲著。他是看慣這光景的了，大約只是一個無可無不可。這無可無不可，無論是升的沉的，總之，都比我們高了。

那時河裏鬧熱極了；船大半泊著，小半在水上穿梭似的來往。停泊著的都在近市的那一邊，我們的船自然也夾在其中。因為這邊略略的擠，便覺得那邊十分的疏了。在每一隻船從那邊過去時，我們能畫出它的輕輕的影和曲曲的波，在我們的心上；這顯著是空，且顯著是靜了。那時處處都是歌聲和淒厲的胡琴聲，圓潤的喉嚨，確乎是很少的。但那生澀的，尖脆的調子能使人有少年的，粗率不拘的感覺，也正可快我們的意。況且多少隔開些兒聽著，因為想像與渴慕的做美，總覺更有滋味；而竟發的喧囂，抑揚的不齊，遠近的雜沓，和樂器的嘈嘈切切，合成另一意味的諧音，也使我們無所適從，如隨著大風而走。這實在因為我們的心枯澀久了，變為脆弱；故偶然潤澤一下，便瘋狂似的不能自主了，但秦淮河確也膩人。即如船裏的人面，無論是和我們一堆儿泊著的，無論是從我們眼前過去的，總是模模糊糊的，甚至渺渺茫茫的；任你張圓了眼睛，揩淨了眥垢，也是枉然，這真夠人想呢。在我們停泊的地方，燈光原是紛然的；不過這些燈光都是黃而有暈的。黃已經不能明了，再加上了暈，便更不成了。燈愈多，暈就愈甚；在繁星般的黃的交錯裏，秦淮河彷彿籠上了一團光霧。光芒與霧氣騰騰的暈著，什麼都只剩了輪廓了；所以人面的詳細的曲線，便消失於我們的眼底了。但燈光究竟奪不了那邊的月色；燈光是渾的，月色是清的。在渾沌的燈光裏，滲入一派清輝，卻真是奇蹟！那晚月兒已瘦削了兩三分。她晚妝才罷，盈盈的上了柳梢頭。天是藍得可愛，彷彿一汪水似的；月兒便更出落得精神了。岸上原有三株兩株的垂楊樹，淡淡的影子，在水里搖曳著。它們那柔細的枝條浴著月光，就像一支支美人的臂膊，交互的纏著、挽著；又像是月兒披著的髪。而月兒偶爾也從它們的交叉處偷偷窺看我們，大有小姑娘怕羞的樣子。岸上另有幾株不知名的老樹，光光的立著；在月光裏照起來，卻又儼然是精神矍鑠的老人。遠處快到天際線了，才有一兩片白雲，亮得現出異彩，像是美麗的貝殼一般。白雲下便是黑黑的一帶輪廓；是一條隨意畫的不規則的曲線。這一段光景，和河中的風味大異了。但燈與月竟能並存著，交融著，使月成了纏綿的月，燈射著渺渺的靈輝，這正是天之所以厚秦淮河，也正是天之所以厚我們了。

這時卻遇著了難解的糾紛。秦淮河上原有一種歌妓，是以歌為業的。從前都在茶舫上，唱些大曲之類。每日午後一時起；什麼時候止，卻忘記了。晚上照樣也有一回，也在黃暈的燈光裏。我從前過南京時，曾隨著朋友去聽過兩次。因為茶舫裏的人臉太多了，覺得不大適意，終於聽不出所以然。前年聽說歌妓被取締了，不知怎的，頗涉想了幾次卻想不出什麼。這次到南京，先到茶舫上去看看，覺得頗是寂寥，令我無端的悵悵了。不料她們卻仍在秦淮河裏掙扎著，不料她們竟會糾纏到我們，我於是很張皇了，她們也乘著「七板子」，她們總是坐在艙前的。艙前點著石油汽燈，光亮炫人眼目：坐在下面的，自然是纖毫畢見了。引誘客人們的力量，也便在此了。艙裏躲著樂工等人，映著汽燈的餘輝蠕動著；他們是永遠不被注意的。每船的歌妓大約都是二人；天色一黑，她們的船就在大中橋外往來不息的兜生意。無論行著的船，泊著的船，都要來兜攬的。這都是我後來推想出來的。那晚不知怎樣，忽然輪著我們的船了。我們的船好好的停著，一隻歌舫劃向我們來了；漸漸和我們的船並著了。爍爍的燈光逼得我們皺起了眉頭；我們的風塵色全給它托出來了，這使我踧踖不安了。那時一個伙計跨過船來，拿著攤開的歌摺，就近塞向我的手裏，說：「點幾出吧！」他跨過來的時候，我們船上似乎有許多眼光跟著。同時相近的別的船上也似乎有許多眼睛炯炯的向我們船上看著。我真窘了！我也裝出大方的樣子，向歌妓們瞥了一眼，但究竟是不成的！我勉強將那歌摺翻了一翻，卻不曾看清了幾個字；便趕緊遞還那伙計，一面不好意思地說「不要，我們⋯⋯不要。」他便塞給平伯，平伯掉轉頭去，搖手說：「不要！」那人還膩著不走。平伯又回過臉來，搖著頭道「不要！」於是那人重到我處，我窘著再拒絕了他。他這纔有所不屑似的走了。

我的心立刻放下，如釋了重負一般。我們就開始自白了。

我說我受了道德律的壓迫，拒絕了她們；心裏似乎很抱歉的。這所謂抱歉，一面對於她們，一面對於我自己。她們於我們雖然沒有很奢的希望；但總有些希望的。我們拒絕了她們，無論理由如何充足，卻使她們的希望受了傷；這總有幾分不做美了，這是我覺得很悵悵的。至於我自己，更有一種不足之感。我這時被四面的歌聲誘惑了，降伏了；但是遠遠的，遠遠的歌聲總彷彿隔著重衣搔癢似的，越搔越搔不著癢處。我於是憧憬著貼耳的妙音了。在歌舫劃來時，我的憧憬，變為盼望；我固執的盼望著，有如飢渴。雖然從淺薄的經驗裏，也能夠推知，那貼耳的歌聲，將剝去了一切的美妙；但一個平常的人像我的，谁愿憑了理性之力去醜化未來呢？我寧願自己騙著了。不過我的社會感性是很敏銳的；我的思力能拆穿道德律的西洋鏡，而我的感情卻終於被它壓服著。我於是有所顧忌了，尤其是在眾目昭彰的時候。道德律的力，本來是民眾賦予的；在民眾的面前，自然更顯出它的威嚴了。我這時一面盼望，一面卻感到了兩重的禁制：一、在通俗的意義上，接近妓者總算一種不正當的行為；二、妓是一種不健全的職業，我們對於她們，應有哀矜勿喜之心，不應賞玩的去聽她們的歌。在眾目睽睽之下，這兩種思想在我心裏最為旺盛。她們暫時壓倒了我的聽歌的盼望，這便成就了我的灰色的拒絕。那時的心實在異常狀態中，覺得頗是昏亂。歌舫去了，暫時寧靜之後，我的思緒又如潮湧了。兩個相反的意思在我心頭往復：賣歌和賣淫不同，聽歌和狎妓不同，又干道德甚事？但是，但是，她們既被逼的以歌為業，她們的歌必無藝術味的；況她們的身世，我們究竟該同情的，所以拒絕倒也是正辦。但這些意思終於不曾撇開我的聽歌的盼望。它力量異常堅強；它總想將別的思緒踏在腳下。從這重重的爭鬬里，我感到了濃厚的不足之感。這不足之感使我的心盤旋不安，起坐都不安寧了。唉！我承認我是一個自私的人！平伯呢，卻與我不同。他引周啟明先生的詩，「因為我有妻子，所以我愛一切的女人；因為我有子女，所以我愛一切的孩子。」他的意思可以見了。他因為推及的同情，愛著那些歌妓，並且尊重著她們，所以拒絕了她們。在這種情形下，他自然以為聽是對於她們的一種侮辱。但他也是想听歌的，雖然不和我一樣。所以在他的心中，當然也有一番小小的爭鬬；爭鬬的結果，是同情勝了。至於道德律，在他是沒有什麼的：因為他很有蔑視一切的傾向，民眾的力量在他是不大覺著的。這時他的心意的活動比較",的這時他的心意的活動比較,簡單,jiandan,jian dan,TRUE,1:簡單 | 2:煎蛋 | 3:見 | 4:間 | 5:建 | 6:件 | 7:劍 | 8:鍵 | 9:兼 | 10:減,TRUE,1,,,,
polyphonic_flagged,6e575e091a332436c62ff083,阿河,3673,3675,"我這一回寒假，因為養病，住到一家親戚的別墅里去。那別墅是在鄉下。前面偏左的地方，是一片淡藍的湖水，對岸環擁著不盡的青山。山的影子倒映在水里，越顯得清清朗朗的。水面常如鏡子一般。風起時，微有皺痕；像少女們皺她們的眉頭，過一會子就好了。湖的余勢束成一條小港，緩緩地不聲不響地流過別墅的門前。門前有一條小石橋，橋那邊盡是田畝。這邊沿岸一帶，相間地栽著桃樹和柳樹，春來當有一番熱鬧的夢。別墅外面繚繞著短短的竹篱，篱外是小小的路。里邊一座向南的樓，背后便倚著山。西邊是三間平屋，我便住在這里。院子里有兩塊草地，上面隨便放著兩三塊石頭。另外的隙地上，或羅列著盆栽，或种蒔著花草。篱邊還有几株枝干蟠曲的大樹，有一株几乎要伸到水里去了。

我的親戚韋君只有夫婦二人和一個女儿。她在外邊念書，這時也剛回到家里。她邀來三位同學，同到她家過這個寒假；兩位是親戚，一位是朋友。她們住著樓上的兩間屋子。韋君夫婦也住在樓上。樓下正中是客廳，常是閒著，西間是吃飯的地方；東間便是韋君的書房，我們談天，喝茶，看報，都在這里。我吃了飯，便是一個人，也要到這里來閒坐一回。我來的第二天，韋小姐告訴我，她母親要給她們找一個好好的女用人；長工阿齊說有一個表妹，母親叫他明天就帶來做做看呢。她似乎很高興的樣子，我只是不經意地答應。

平屋与樓屋之間，是一個小小的廚房。我住的是東面的屋子，從窗子里可以看見廚房里人的來往。這一天午飯前，我偶然向外看看，見一個面生的女用人，兩手提著兩把白鐵壺，正往廚房里走；韋家的李媽在她前面領著，不知在和她說甚么話。她的頭髮亂蓬蓬的，像冬天的枯草一樣。身上穿著鑲邊的黑布棉襖和夾褲，黑里已泛出黃色；棉襖長与膝齊，夾褲也直拖到腳背上。腳倒是雙天足，穿著尖頭的黑布鞋，后跟還帶著兩片同色的“葉拔儿”。想這就是阿齊帶來的女用人了；想完了就坐下看書。晚飯后，韋小姐告訴我，女用人來了，她的名字叫“阿河”。我說，“名字很好，只是人土些；還能做么？”她說，“別看她土，很聰明呢。”我說，“哦。”便接著看手中的報了。

以后每天早上，中上，晚上，我常常看見阿河挈著水壺來往；她的眼似乎總是望前看的。兩個禮拜匆匆地過去了。韋小姐忽然和我說，你別看阿河土，她的志气很好，她是個可怜的人。我和娘說，把我前年在家穿的那身棉襖褲給了她吧。我嫌那兩件衣服太花，給了她正好。娘先不肯，說她來了沒有几天；后來也肯了。今天拿出來讓她穿，正合式呢。我們教給她打絨繩鞋，她真聰明，一學就會了。她說拿到工錢，也要打一雙穿呢。我等几天再和娘說去。

“她這樣愛好！怪不得頭髮光得多了，原來都是你們教她的。好！你們盡教她講究，她將來怕不愿回家去呢。”大家都笑了。

舊新年是過去了。因為江浙的兵事，我們的學校一時還不能開學。我們大家都樂得在別墅里多住些日子。這時阿河如換了一個人。她穿著寶藍色挑著小花儿的布棉襖褲；腳下是嫩藍色毛繩鞋，鞋口還綴著兩個半藍半白的小絨球儿。我想這一定是她的小姐們給幫忙的。古語說得好，“人要衣裳馬要鞍”，阿河這一打扮，真有些楚楚可怜了。她的頭髮早已是刷得光光的，覆額的留海也梳得十分伏帖。一張小小的圓臉，如正開的桃李花；臉上并沒有笑，卻隱隱地含著春日的光輝，像花房里充了蜜一般。這在我几乎是一個奇跡；我現在是常站在窗前看她了。我覺得在深山里發見了一粒貓儿眼；這樣精純的貓儿眼，是我生平所僅見！我覺得我們相識已太長久，极愿和她說一句話——极平淡的話，一句也好。但我怎好平白地和她攀談呢？這樣郁郁了一禮拜。

這是元宵節的前一晚上。我吃了飯，在屋里坐了一會，覺得有些無聊，便信步走到那書房里。拿起報來，想再細看一回。忽然門鈕一響，阿河進來了。她手里拿著三四支顏色鉛筆；出乎意料地走近了我。她站在我面前了，靜靜地微笑著說：“白先生，你知道鉛筆刨在哪里？”一面將拿著的鉛筆給我看。我不自主地立起來，匆忙地應道，“在這里；”我用手指著南邊柱子。但我立刻覺得這是不夠的。我領她走近了柱子。這時我像閃電似地躊躇了一下，便說，“我…… 我……”她一聲不響地已將一支鉛筆交給我。我放進刨子里刨給她看。刨了兩下，便想交給她；但終于刨完了一支，交還了她。她接了筆略看一看，仍仰著臉向我。我窘极了。剎那間念頭轉了好几個圈子；到底硬著頭皮搭訕著說，“就這樣刨好了。”我赶緊向門外一瞥，就走回原處看報去。但我的頭剛低下，我的眼已抬起來了。于是遠遠地從容地問道，“你會么？”她不曾掉過頭來，只“嚶”了一聲，也不說話。我看了她背影一會。覺得應該低下頭了。等我再抬起頭來時，她已默默地向外走了。她似乎總是望前看的；我想再問她一句話，但終于不曾出口。我撇下了報，站起來走了一會，便回到自己屋里。

我一直想著些什么，但什么也沒有想出。

第二天早上看見她往廚房里走時，我發愿我的眼將老跟著她的影子！她的影子真好。她那几步路走得又敏捷，又勻稱，又苗條，正如一只可愛的小貓。她兩手各提著一只水壺，又令我想到在一條細細的索儿上抖擻精神走著的女子。這全由于她的腰；她的腰真太軟了，用白水的話說，真是軟到使我如吃蘇州的牛皮糖一樣。不止她的腰，我的日記里說得好：“她有一套和云霞比美，水月爭靈的曲線，織成大大的一張迷惑的网！”而那兩頰的曲線，尤其甜蜜可人。她兩頰是白中透著微紅，潤澤如玉。她的皮膚，嫩得可以掐出水來；我的日記里說，“我很想去掐她一下呀！”她的眼像一雙小燕子，老是在灩灩的春水上打著圈儿。她的笑最使我記住，像一朵花漂浮在我的腦海里。我不是說過，她的小圓臉像正開的桃花么？那么，她微笑的時候，便是盛開的時候了：花房里充滿了蜜，真如要流出來的樣子。她的髮不甚厚，但黑而有光，柔軟而滑，如純絲一般。只可惜我不曾聞著一些儿香。唉！從前我在窗前看她好多次，所得的真太少了；若不是昨晚一見，——雖只几分鐘——我真太對不起這樣一個人儿了。

午飯后，韋君照例地睡午覺去了，只有我，韋小姐和其他三位小姐在書房里。我有意無意地談起阿河的事。我說：

“你們怎知道她的志气好呢？”

“那天我們教給她打絨繩鞋；”一位蔡小姐便答道，“看她很聰明，就問她為甚么不念書？她被我們一問，就傷心起來了。……”

“是的，”韋小姐笑著搶了說，“后來還哭了呢；還有一位傻子陪她淌眼淚呢。”

那邊黃小姐可急了，走過來推了她一下。蔡小姐忙攔住道，“人家說正經話，你們盡鬧著玩儿！讓我說完了呀——”“我代你說啵，”韋小姐仍搶著說，“——她說她只有一個爹，沒有娘。嫁了一個男人，倒有三十多歲，土頭土腦的，臉上滿是包！他是李媽的鄰舍，我還看見過呢。……”“好了，底下我說吧。”蔡小姐接著道，“她男人又不要好，盡愛賭錢；她一气，就住到娘家來，有一年多不回去了。”

“她今年几歲？”我問。

“十七不知十八？前年出嫁的，几個月就回家了，”蔡小姐說。

“不，十八，我知道，”韋小姐改正道。

“哦。你們可曾勸她离婚？”

“怎么不勸；”韋小姐應道，“她說十八回去吃她表哥的喜酒，要和她的爹去說呢。”

“你們教她的好事，該當何罪！”我笑了。

她們也都笑了。

十九的早上，我正在屋里看書，听見外面有嚷嚷的聲音；這是從來沒有的。我立刻走出來看；只見門外有兩個鄉下人要走進來，卻給阿齊攔住。他們只是央告，阿齊只是不肯。這時韋君已走出院中，向他們道，

“你們回去吧。人在我這里，不要緊的。快回去，不要瞎吵！”

兩個人面面相覷，說不出一句話；俄延了一會，只好走了。我問韋君什么事？他說，

“阿河囉！還不是瞎吵一回子。”

我想他于男女的事向來是懶得說的，還是回頭問他小姐的好；我們便談到別的事情上去。

吃了飯，我赶緊問韋小姐，她說，

“她是告訴娘的，你問娘去。”

我想這件事有些尷尬，便到西間里問韋太太；她正看著李媽收拾碗碟呢。她見我問，便笑著說，

“你要問這些事做什么？她昨天回去，原是借了阿桂的衣裳穿了去的，打扮得嬌滴滴的，也難怪，被她男人看見了，便約了些不相干的人，將她搶回去過了一夜。今天早上，她騙她男人，說要到此地來拿行李。她男人就會信她，派了兩個人跟著。那知她到了這里，便叫阿齊攔著那跟來的人；她自己便跪在我面前哭訴，說死也不愿回她男人家去。你說我有什么法子。只好讓那跟來的人先回去再說。好在沒有几天，她們要上學了，我將來交給她的爹吧。唉，現在的人，心眼儿真是越過越大了；一個鄉下女人，也會鬧出這樣惊天動地的事了！”

“可不是，”李媽在旁插嘴道，“太太你不知道；我家三叔前儿來，我還听他說呢。我本不該說的，阿彌陀佛！太太，你想她不愿意回婆家，老愿意住在娘家，是什么道理？家里只有一個單身的老子；你想那該死的老畜生！他舍不得放她回去呀！”

“低些，真的么？”韋太太惊詫地問。

“他們說得千真万确的。我早就想告訴太太了，總有些疑心；今天看她的樣子，真有几分對呢。太太，你想現在還成什么世界！”

“這該不至于吧。”我淡淡地插了一句。

“少爺，你那里知道！”韋太太歎了一口气，“——好在沒有几天了，讓她快些走吧；別將我們的運气",她快些走吧別將我們的運气,帶坏,daihuai,dai huai,TRUE,1:帶壞 | 2:戴壞 | 3:怠忽 | 4:帶笏 | 5:帶 | 6:待 | 7:代 | 8:戴 | 9:呆 | 10:袋,FALSE,,,,,
polyphonic_flagged,1f9756187805d45b4d74dfb6,給亡婦,1779,1781,"謙，日子真快，一眨眼你已經死了三個年頭了。這三年裡世事不知變化了多少回，但你未必注意這些個，我知道。你第一惦記的是你幾個孩子，第二便輪著我。孩子和我平分你的世界，你在日如此；你死後若還有知，想來還如此的。告訴你，我夏天回家來著：邁兒長得結實極了，比我高一個頭。閏兒父親說是最乖，可是沒有先前胖了。采芷和轉子都好。五兒全家誇她長得好看；卻在腿上生了濕瘡，整天坐在竹床上不能下來，看了怪可憐的。六兒，我怎麼說好，你明白，你臨終時也和母親談過，這孩子是只可以養著玩兒的，他左挨右挨去年春天，到底沒有挨過去。這孩子生了幾個月，你的肺病就重起來了。我勸你少親近他，只監督著老媽子照管就行。你總是忍不住，一會兒提，一會兒抱的。可是你病中為他操的那一份兒心也夠瞧的。那一個夏天他病的時候多，你成天兒忙著，湯呀，藥呀，冷呀，暖呀，連覺也沒有好好兒睡過。那裡有一分一毫想著你自己。瞧著他硬朗點兒你就樂，乾枯的笑容在黃蠟般的臉上，我只有暗中歎氣而已。

從來想不到做母親的要像你這樣。從邁兒起，你總是自己喂乳，一連四個都這樣。你起初不知道按鐘點兒喂，後來知道了，卻又弄不慣；孩子們每夜裡幾次將你哭醒了，特別是悶熱的夏季。我瞧你的覺老沒睡足。白天裡還得做菜，照料孩子，很少得空兒。你的身子本來壞，四個孩子就累你七八年。到了第五個，你自己實在不成了，又沒乳，只好自己餵奶粉，另雇老媽子專管她。但孩子跟老媽子睡，你就沒有放過心；夜裡一聽見哭，就豎起耳朵聽，工夫一大就得過去看。十六年初，和你到北京來，將邁兒，轉子留在家裡；三年多還不能去接他們，可真把你惦記苦了。你並不常提，我卻明白。你後來說你的病就是惦記出來的；那個自然也有份兒，不過大半還是養育孩子累的。你的短短的十二年結婚生活，有十一年耗費在孩子們身上；而你一點不厭倦，有多少力量用多少，一直到自己毀滅為止。你對孩子一般兒愛，不問男的女的，大的小的。也不想到什麼“養兒防老，積穀防饑”，只拚命的愛去。你對於教育老實說有些外行，孩子們只要吃得好玩得好就成了。這也難怪你，你自己便是這樣長大的。況且孩子們原都還小，吃和玩本來也要緊的。你病重的時候最放不下的還是孩子。病的只剩皮包著骨頭了，總不信自己不會好；老說：“我死了，這一大群孩子可苦了。”後來說送你回家，你想著可以看見邁兒和轉子，也願意；你萬不想到會一走不返的。我送車的時候，你忍不住哭了，說：“還不知能不能再見？”可憐，你的心我知道，你滿想著好好兒帶著六個孩子回來見我的。謙，你那時一定這樣想，一定的。

除了孩子，你心裡只有我。不錯，那時你父親還在；可是你母親死了，他另有個女人，你老早就覺得隔了一層似的。出嫁後第一年你雖還一心一意依戀著他老人家，到第二年上我和孩子可就將你的心占住，你再沒有多少工夫惦記他了。你還記得第一年我在北京，你在家裡。家裡來信說你待不住，常回娘家去。我動氣了，馬上寫信責備你。你教人寫了一封復信，說家裡有事，不能不回去。這是你第一次也可以說第末次的抗議，我從此就沒給你寫信。暑假時帶了一肚子主意回去，但見了面，看你一臉笑，也就拉倒了。打這時候起，你漸漸從你父親的懷裡跑到我這兒。你換了金鐲子幫助我的學費，叫我以後還你；但直到你死，我沒有還你。你在我家受了許多氣，又因為我家的緣故受你家裡的氣，你都忍著。這全為的是我，我知道。那回我從家鄉一個中學半途辭職出走。家裡人諷你也走。哪裡走！只得硬著頭皮往你家去。那時你家像個冰窖子，你們在窖裡足足住了三個月。好容易我才將你們領出來了，一同上外省去。小家庭這樣組織起來了。你雖不是什麼闊小姐，可也是自小嬌生慣養的，做起主婦來，什麼都得幹一兩手；你居然做下去了，而且高高興興地做下去了。菜照例滿是你做，可是吃的都是我們；你至多夾上兩三筷子就算了。你的菜做得不壞，有一位老在行大大地誇獎過你。你洗衣服也不錯，夏天我的綢大褂大概總是你親自動手。你在家老不樂意閑著；坐前幾個“月子”，老是四五天就起床，說是躺著家裡事沒條沒理的。其實你起來也還不是沒條理；咱們家那麼多孩子，哪兒來條理？在浙江住的時候，逃過兩回兵難，我都在北平。真虧你領著母親和一群孩子東藏西躲的；末一回還要走多少里路，翻一道大嶺。這兩回差不多只靠你一個人。你不但帶了母親和孩子們，還帶了我一箱箱的書；你知道我是最愛書的。在短短的十二年裡，你操的心比",短短的十二年裡你操的心比,人家,renjia,ren jia,TRUE,1:人家 | 2:刃甲 | 3:人際 | 4:人機 | 5:人跡 | 6:人極 | 7:仁濟 | 8:人紀 | 9:人 | 10:任,TRUE,1,,,,
polyphonic_flagged,9321b05afbcf762458ac802e,荷塘月色,879,881,"這幾天心裏頗不寧靜。今晚在院子裏坐着乘涼，忽然想起日日走過的荷塘，在這滿月的光裏，總該另有一番樣子吧。月亮漸漸地升高了，牆外馬路上孩子們的歡笑，已經聽不見了；妻在屋裏拍着閏兒，迷迷糊糊地哼着眠歌。我悄悄地披了大衫，帶上門出去。

沿着荷塘，是一條曲折的小煤屑路。這是一條幽僻的路；白天也少人走，夜晚更加寂寞。荷塘四面，長着許多樹，蓊蓊鬱鬱的。路的一旁，是些楊柳，和一些不知道名字的樹。沒有月光的晚上，這路上陰森森的，有些怕人。今晚卻很好，雖然月光也還是淡淡的。

路上只我一個人，背着手踱着。這一片天地好像是我的；我也像超出了平常的自己，到了另一世界裏。我愛熱鬧，也愛冷靜；愛羣居，也愛獨處。像今晚上，一個人在這蒼茫的月下，什麽都可以想，什麽都可以不想，便覺是個自由的人。白天裏一定要做的事，一定要說的話，現在都可不理。這是獨處的妙處，我且受用這無邊的荷香月色好了。

曲曲折折的荷塘上面，彌望的是田田的葉子。葉子出水很高，像亭亭的舞女的裙。層層的葉子中間，零星地點綴着些白花，有嬝娜地開着的，有羞澀地打着朶兒的；正如一粒粒的明珠，又如碧天裏的星星，又如剛出浴的美人。微風過處，送來縷縷清淸香，彷彿遠處高樓上渺茫的歌聲似的。這時候葉子與花也有一絲的顫動，像閃電般，霎時傳過荷塘的那邊去了。葉子本是肩並肩密密地挨着，這便宛然有了一道凝碧的波痕。葉子底下是脈脈的流水，遮住了，不能見一些顏色；而葉子卻更見風致了。

月光如流水一般，靜靜地瀉在這一片葉子和花上。薄薄的靑霧浮起在荷塘裏。葉子和花彷彿在牛乳中洗過一樣；又像籠着輕紗的夢。雖然是滿月，天上卻有一層淡淡的雲，所以不能朗照；但我以爲這恰是到了好處——酣眠固不可少，小睡也別有風味的。月光是隔了樹照過來的，高處叢生的灌木，落下參差的斑駁的黑影，峭楞楞如鬼一般；彎彎的楊柳的稀疏的倩影，卻又像是畫在荷葉上。塘中的月色並不均勻；但光與影有着和諧的旋律，如梵婀玲上奏着的名曲。

荷塘的四面，遠遠近近，高高低低都是樹，而楊柳最多。這些樹將一片荷塘重重圍住；只在小路一旁，漏着幾段空隙，像是特爲月光留下的。樹色一例是",特爲月光留下的樹色一例是,陰陰,yinyin,yin yin,TRUE,1:听听 | 2:隱隱 | 3:陰陰 | 4:殷殷 | 5:印印 | 6:淫淫 | 7:齗齗 | 8:茵茵 | 9:齦音 | 10:狺狺,TRUE,3,,,,
polyphonic_flagged,2978e0f94d99cd5ffaa814f9,槳聲燈影裏的秦淮河,2619,2621,"一九二三年八月的一晚，我和平伯同遊秦淮河；平伯是初泛，我是重來了。我們雇了一隻「七板子」，在夕陽已去、皎月方來的時候，便下了船。於是槳聲汩汩，我們開始領略那晃蕩著薔薇色的歷史的秦淮河的滋味了。

秦淮河裏的船，比北京万生園、頤和園的船好，比西湖的船好，比揚州瘦西湖的船也好。這幾處的船不是覺著笨，就是覺著簡陋、局促；都不能引起乘客們的情韻，如秦淮河的船一樣。秦淮河的船約略可分為兩種：一是大船；一是小船，就是所謂「七板子」。大船艙口闊大，可容二三十人。裏面陳設著字畫和光潔的紅木家具，桌上一律嵌著冰涼的大理石面。窗格雕鏤頗細，使人起柔膩之感。窗格里映著紅色藍色的玻璃；玻璃上有精緻的花紋，也頗悅人目。「七板子」規模雖不及大船，但那淡藍色的欄杆，空敞的艙，也足繫人情思。而最出色處卻在它的艙前。艙前是甲板上的一部，上面有弧形的頂，兩邊用疏疏的欄杆支著。裏面通常放著兩張藤的躺椅。躺下，可以談天，可以望遠，可以顧盼兩岸的河房。大船上也有這個，但在小船上更覺清雋罷了。艙前的頂下，一律懸著燈彩；燈的多少、明暗，彩蘇的精粗、艷晦，是不一的，但好歹總還你一個燈彩。這燈彩實在是最能勾人的東西。夜幕垂垂地下來時，大小船上都點起燈火。從兩重玻璃裏映出那輻射著的黃黃的散光，反暈出一片朦朧的煙靄；透過這煙靄，在黯黯的水波里，又逗起縷縷的明漪。在這薄靄和微漪裏，聽著那悠然的間歇的槳聲，誰能不被引入他的美夢去呢？只愁夢太多了，這些大小船兒如何載得起呀？我們這時模模糊糊的談著明末的秦淮河的艷跡，如《桃花扇》及《板橋雜記》裏所載的。我們真神往了。我們彷彿親見那時華燈映水，畫舫凌波的光景了。於是我們的船便成了歷史的重載了。我們終於恍然秦淮河的船所以雅麗過於他處，而又有奇異的吸引力的，實在是許多歷史的影像使然了。

秦淮河的水是碧陰陰的；看起來厚而不膩，或者是六朝金粉所凝麼？我們初上船的時候，天色還未斷黑，那漾漾的柔波是這樣恬靜、委婉，使我們一面有水闊天空之想，一面又憧憬著紙醉金迷之境了。等到燈火明時，陰陰的變為沈沉了：黯淡的水光，像夢一般；那偶然閃爍著的光芒，就是夢的眼睛了。我們坐在艙前，因了那隆起的頂棚，彷彿總是昂著首向前走著似的；於是飄飄然如御風而行的我們，看著那些自在的灣泊著的船，船裏走馬燈般的人物，便像是下界一般，迢迢的遠了，又像在霧裏看花，盡朦朦朧朧的。這時我們已過了利涉橋，望見東關頭了。沿路聽見斷續的歌聲：有從沿河的妓樓飄來的，有從河上船裏渡來的。我們明知那些歌聲，只是些因襲的言詞，從生澀的歌喉裏機械的發出來的；但它們經了夏夜的微風的吹漾和水波的搖拂，嬝娜著到我們耳邊的時候，已經不單是她們的歌聲，而混著微風和河水的密語了。於是我們不得不被牽惹著，震撼著，相與浮沉於這歌聲裏了。從東關頭轉彎，不久就到大中橋。大中橋共有三個橋拱，都很闊大，儼然是三座門兒；使我們覺得我們的船和船裏的我們，在橋下過去時，真是太無顏色了。橋磚是深褐色，表明它的歷史的長久；但都完好無缺，令人太息於古昔工程的堅美。橋上兩旁都是木壁的房子，中間應該有街路。這些房子都破舊了，多年煙熏的跡，遮沒了當年的美麗。我想像秦淮河的極盛時，在這樣宏闊的橋上，特地蓋了房子，必然是髹漆得富富麗麗的；晚間必然是燈火通明的，現在卻只剩下一片黑沉沉！但是橋上造著房子，畢竟使我們多少可以想見往日的繁華；這也慰情聊勝無了。過了大中橋，便到了燈月交輝、笙歌徹夜的秦淮河，這才是秦淮河的真面目哩。

大中橋外，頓然空闊，和橋內兩岸排著密密的人家的景像大異了。一眼望去，疏疏的林，淡淡的月，襯著蔚藍的天，頗像荒江野渡光景；那邊呢，鬱叢叢的，陰森森的，又似乎藏著無邊的黑暗，令人幾乎不信那是繁華的秦淮河了。但是河中眩暈著的燈光，縱橫著的畫舫，悠揚著的笛韻，夾著那吱吱的胡琴聲，終於使我們認識綠如茵陳酒的秦淮水了。此地天裸露著的多些，故覺夜來的獨遲些；從清清的水影裏，我們感到的只是薄薄的夜——這正是秦淮河的夜。大中橋外，本來還有一座復成橋，是船夫口中的我們的遊踪盡處，或也是秦淮河繁華的盡處了。我的腳曾踏過復成橋的脊，在十三四歲的時候。但是兩次遊秦淮河，卻都不曾見著復成橋的面；明知總在前途的，卻常覺得有些虛無縹緲似的。我想，不見倒也好。這時正是盛夏。我們下船後，藉著新生的晚涼和河上的微風，暑氣已漸漸消散；到了此地，豁然開朗，身子頓然輕了——習習的清風荏苒在面上、手上、衣上，這便又感到了一縷新涼了。南京的日光，大概沒有杭州猛烈；西湖的夏夜老是熱蓬蓬的，水像沸著一般，秦淮河的水卻盡是這樣冷冷地綠著。任你人影的憧憧，歌聲的擾擾，總像隔著一層薄薄的綠紗面冪似的；它盡是這樣靜靜的、冷冷的綠著。我們出了大中橋，走不上半里路，船夫便將船劃到一旁，停了槳由它宕著。他以為那裏正是繁華的極點，再過去就是荒涼了；所以讓我們多多賞鑑一會兒。他自己卻靜靜的蹲著。他是看慣這光景的了，大約只是一個無可無不可。這無可無不可，無論是升的沉的，總之，都比我們高了。

那時河裏鬧熱極了；船大半泊著，小半在水上穿梭似的來往。停泊著的都在近市的那一邊，我們的船自然也夾在其中。因為這邊略略的擠，便覺得那邊十分的疏了。在每一隻船從那邊過去時，我們能畫出它的輕輕的影和曲曲的波，在我們的心上；這顯著是空，且顯著是靜了。那時處處都是歌聲和淒厲的胡琴聲，圓潤的喉嚨，確乎是很少的。但那生澀的，尖脆的調子能使人有少年的，粗率不拘的感覺，也正可快我們的意。況且多少隔開些兒聽著，因為想像與渴慕的做美，總覺更有滋味；而竟發的喧囂，抑揚的不齊，遠近的雜沓，和樂器的嘈嘈切切，合成另一意味的諧音，也使我們無所適從，如隨著大風而走。這實在因為我們的心枯澀久了，變為脆弱；故偶然潤澤一下，便瘋狂似的不能自主了，但秦淮河確也膩人。即如船裏的人面，無論是和我們一堆儿泊著的，無論是從我們眼前過去的，總是模模糊糊的，甚至渺渺茫茫的；任你張圓了眼睛，揩淨了眥垢，也是枉然，這真夠人想呢。在我們停泊的地方，燈光原是紛然的；不過這些燈光都是黃而有暈的。黃已經不能明了，再加上了暈，便更不成了。燈愈多，暈就愈甚；在繁星般的黃的交錯裏，秦淮河彷彿籠上了一團光霧。光芒與霧氣騰騰的暈著，什麼都只剩了輪廓了；所以人面的詳細的曲線，便消失於我們的眼底了。但燈光究竟奪不了那邊的月色；燈光是渾的，月色是清的。在渾沌的燈光裏，滲入一派清輝，卻真是奇蹟！那晚月兒已",清輝卻真是奇蹟那晚月兒已,瘦削,shouxue,shou xue,TRUE,1:瘦削 | 2:獸穴 | 3:壽穴 | 4:手續 | 5:首須 | 6:首需 | 7:壽序 | 8:收恤 | 9:收 | 10:手,TRUE,1,,,,
polyphonic_flagged,a31772ab36c3243ecd9000bd,給亡婦,2680,2682,"謙，日子真快，一眨眼你已經死了三個年頭了。這三年裡世事不知變化了多少回，但你未必注意這些個，我知道。你第一惦記的是你幾個孩子，第二便輪著我。孩子和我平分你的世界，你在日如此；你死後若還有知，想來還如此的。告訴你，我夏天回家來著：邁兒長得結實極了，比我高一個頭。閏兒父親說是最乖，可是沒有先前胖了。采芷和轉子都好。五兒全家誇她長得好看；卻在腿上生了濕瘡，整天坐在竹床上不能下來，看了怪可憐的。六兒，我怎麼說好，你明白，你臨終時也和母親談過，這孩子是只可以養著玩兒的，他左挨右挨去年春天，到底沒有挨過去。這孩子生了幾個月，你的肺病就重起來了。我勸你少親近他，只監督著老媽子照管就行。你總是忍不住，一會兒提，一會兒抱的。可是你病中為他操的那一份兒心也夠瞧的。那一個夏天他病的時候多，你成天兒忙著，湯呀，藥呀，冷呀，暖呀，連覺也沒有好好兒睡過。那裡有一分一毫想著你自己。瞧著他硬朗點兒你就樂，乾枯的笑容在黃蠟般的臉上，我只有暗中歎氣而已。

從來想不到做母親的要像你這樣。從邁兒起，你總是自己喂乳，一連四個都這樣。你起初不知道按鐘點兒喂，後來知道了，卻又弄不慣；孩子們每夜裡幾次將你哭醒了，特別是悶熱的夏季。我瞧你的覺老沒睡足。白天裡還得做菜，照料孩子，很少得空兒。你的身子本來壞，四個孩子就累你七八年。到了第五個，你自己實在不成了，又沒乳，只好自己餵奶粉，另雇老媽子專管她。但孩子跟老媽子睡，你就沒有放過心；夜裡一聽見哭，就豎起耳朵聽，工夫一大就得過去看。十六年初，和你到北京來，將邁兒，轉子留在家裡；三年多還不能去接他們，可真把你惦記苦了。你並不常提，我卻明白。你後來說你的病就是惦記出來的；那個自然也有份兒，不過大半還是養育孩子累的。你的短短的十二年結婚生活，有十一年耗費在孩子們身上；而你一點不厭倦，有多少力量用多少，一直到自己毀滅為止。你對孩子一般兒愛，不問男的女的，大的小的。也不想到什麼“養兒防老，積穀防饑”，只拚命的愛去。你對於教育老實說有些外行，孩子們只要吃得好玩得好就成了。這也難怪你，你自己便是這樣長大的。況且孩子們原都還小，吃和玩本來也要緊的。你病重的時候最放不下的還是孩子。病的只剩皮包著骨頭了，總不信自己不會好；老說：“我死了，這一大群孩子可苦了。”後來說送你回家，你想著可以看見邁兒和轉子，也願意；你萬不想到會一走不返的。我送車的時候，你忍不住哭了，說：“還不知能不能再見？”可憐，你的心我知道，你滿想著好好兒帶著六個孩子回來見我的。謙，你那時一定這樣想，一定的。

除了孩子，你心裡只有我。不錯，那時你父親還在；可是你母親死了，他另有個女人，你老早就覺得隔了一層似的。出嫁後第一年你雖還一心一意依戀著他老人家，到第二年上我和孩子可就將你的心占住，你再沒有多少工夫惦記他了。你還記得第一年我在北京，你在家裡。家裡來信說你待不住，常回娘家去。我動氣了，馬上寫信責備你。你教人寫了一封復信，說家裡有事，不能不回去。這是你第一次也可以說第末次的抗議，我從此就沒給你寫信。暑假時帶了一肚子主意回去，但見了面，看你一臉笑，也就拉倒了。打這時候起，你漸漸從你父親的懷裡跑到我這兒。你換了金鐲子幫助我的學費，叫我以後還你；但直到你死，我沒有還你。你在我家受了許多氣，又因為我家的緣故受你家裡的氣，你都忍著。這全為的是我，我知道。那回我從家鄉一個中學半途辭職出走。家裡人諷你也走。哪裡走！只得硬著頭皮往你家去。那時你家像個冰窖子，你們在窖裡足足住了三個月。好容易我才將你們領出來了，一同上外省去。小家庭這樣組織起來了。你雖不是什麼闊小姐，可也是自小嬌生慣養的，做起主婦來，什麼都得幹一兩手；你居然做下去了，而且高高興興地做下去了。菜照例滿是你做，可是吃的都是我們；你至多夾上兩三筷子就算了。你的菜做得不壞，有一位老在行大大地誇獎過你。你洗衣服也不錯，夏天我的綢大褂大概總是你親自動手。你在家老不樂意閑著；坐前幾個“月子”，老是四五天就起床，說是躺著家裡事沒條沒理的。其實你起來也還不是沒條理；咱們家那麼多孩子，哪兒來條理？在浙江住的時候，逃過兩回兵難，我都在北平。真虧你領著母親和一群孩子東藏西躲的；末一回還要走多少里路，翻一道大嶺。這兩回差不多只靠你一個人。你不但帶了母親和孩子們，還帶了我一箱箱的書；你知道我是最愛書的。在短短的十二年裡，你操的心比人家一輩子還多；謙，你那樣身子怎麼經得住！你將我的責任一股腦兒擔負了去，壓死了你；我如何對得起你！

你為我的撈什子書也費了不少神；第一回讓你父親的男傭人從家鄉捎到上海去。他說了幾句閒話，你氣得在你父親面前哭了。第二回是帶著逃難，別人都說你傻子。你有你的想頭：“沒有書怎麼教書？況且他又愛這個玩意兒。”其實你沒有曉得，那些書丟了也並不可惜；不過教你怎麼曉得，我平常從來沒和你談過這些個！總而言之，你的心是可感謝的。這十二年裡你為我吃的苦真不少，可是沒有過幾天好日子。我們在一起住，算來也還不到五個年頭。無論日子怎麼壞，無論是離是合，你從來沒對我發過脾氣，連一句怨言也沒有。——別說怨我，就是怨命也沒有過。老實說，我的脾氣可不大好，遷怒的事兒有的是。那些時候你往往抽噎著流眼淚，從不回嘴，也不號啕。不過我也只信得過你一個人，有些話我只和你一個人說，因為世界上只你一個人真關心我，真同情我。你不但為我吃苦，更為我分苦；我之有我現在的精神，大半是你給我培養著的。這些年來我很少生病。但我最不耐煩生病，生了病就呻吟不絕，鬧那伺候病的人。你是領教過一回的，那回只一兩點鐘，可是也夠麻煩了。你常生病，卻總不開口，掙扎著起來；一來怕攪我，二來怕沒人做你那份兒事。我有一個壞脾氣，怕聽人生病，也是真的。後來你天天發燒，自己還以為南方帶來的瘧疾，一直瞞著我。明明躺著，聽見我的腳步，一骨碌就坐起來。我漸漸有些奇怪，讓大夫一瞧，這可糟了，你的一個肺已爛了一個大窟窿了！大夫勸你到西山去靜養，你丟不下孩子，又捨不得錢；勸你在家裡躺著，你也丟不下那份兒家務。越看越不行了，這才送你回去。明知凶多吉少，想不到只一個月工夫你就完了！本來盼望還見得著你，這一來可拉倒了。你也何嘗想到這個？父親告訴我，你回家獨住著一所小住宅，還嫌沒有客廳，怕我回去不便哪。

前年夏天回家，上你墳上去了。你睡在祖父母的下首，想來還不孤單的。只是當年祖父母的墳太小了，你正睡在壙底下。這叫做“抗壙”，在生人看來是不安心的；等著想辦法哪。那時壙上壙下密密地長著青草，朝露浸濕了我的布鞋。你剛埋了半年多，只有壙下多出一塊土，別的全然看不出新墳的樣子。我和隱",然看不出新墳的樣子我和隱,今夏,jinxia,jin xia,TRUE,1:今夏 | 2:錦匣 | 3:今昔 | 4:金谿 | 5:今夕 | 6:緊繫 | 7:錦西 | 8:浸洗 | 9:金溪 | 10:進襲,TRUE,1,,,,
polyphonic_flagged,362557f2209a931044c83aa2,背影,99,101,我與父親不相見已二年餘了，我最不能忘記的是他的背影。那年冬天，祖母死了，父親的差使也交卸了，正是禍不單行的日子，我從北京到徐州，打算跟着父親奔喪囘家。到徐州見着父親，看見滿院狼藉的東西，又想起祖母，,滿院狼藉的東西又想起祖母,不禁,bujin,bu jin,TRUE,1:不僅 | 2:不禁 | 3:不盡 | 4:不進 | 5:步進 | 6:不近 | 7:布巾 | 8:不緊 | 9:補進 | 10:不矜,TRUE,2,,,,
polyphonic_flagged,aafa2e84a53a2c3167a1ee8e,槳聲燈影裏的秦淮河,4785,4788,"一九二三年八月的一晚，我和平伯同遊秦淮河；平伯是初泛，我是重來了。我們雇了一隻「七板子」，在夕陽已去、皎月方來的時候，便下了船。於是槳聲汩汩，我們開始領略那晃蕩著薔薇色的歷史的秦淮河的滋味了。

秦淮河裏的船，比北京万生園、頤和園的船好，比西湖的船好，比揚州瘦西湖的船也好。這幾處的船不是覺著笨，就是覺著簡陋、局促；都不能引起乘客們的情韻，如秦淮河的船一樣。秦淮河的船約略可分為兩種：一是大船；一是小船，就是所謂「七板子」。大船艙口闊大，可容二三十人。裏面陳設著字畫和光潔的紅木家具，桌上一律嵌著冰涼的大理石面。窗格雕鏤頗細，使人起柔膩之感。窗格里映著紅色藍色的玻璃；玻璃上有精緻的花紋，也頗悅人目。「七板子」規模雖不及大船，但那淡藍色的欄杆，空敞的艙，也足繫人情思。而最出色處卻在它的艙前。艙前是甲板上的一部，上面有弧形的頂，兩邊用疏疏的欄杆支著。裏面通常放著兩張藤的躺椅。躺下，可以談天，可以望遠，可以顧盼兩岸的河房。大船上也有這個，但在小船上更覺清雋罷了。艙前的頂下，一律懸著燈彩；燈的多少、明暗，彩蘇的精粗、艷晦，是不一的，但好歹總還你一個燈彩。這燈彩實在是最能勾人的東西。夜幕垂垂地下來時，大小船上都點起燈火。從兩重玻璃裏映出那輻射著的黃黃的散光，反暈出一片朦朧的煙靄；透過這煙靄，在黯黯的水波里，又逗起縷縷的明漪。在這薄靄和微漪裏，聽著那悠然的間歇的槳聲，誰能不被引入他的美夢去呢？只愁夢太多了，這些大小船兒如何載得起呀？我們這時模模糊糊的談著明末的秦淮河的艷跡，如《桃花扇》及《板橋雜記》裏所載的。我們真神往了。我們彷彿親見那時華燈映水，畫舫凌波的光景了。於是我們的船便成了歷史的重載了。我們終於恍然秦淮河的船所以雅麗過於他處，而又有奇異的吸引力的，實在是許多歷史的影像使然了。

秦淮河的水是碧陰陰的；看起來厚而不膩，或者是六朝金粉所凝麼？我們初上船的時候，天色還未斷黑，那漾漾的柔波是這樣恬靜、委婉，使我們一面有水闊天空之想，一面又憧憬著紙醉金迷之境了。等到燈火明時，陰陰的變為沈沉了：黯淡的水光，像夢一般；那偶然閃爍著的光芒，就是夢的眼睛了。我們坐在艙前，因了那隆起的頂棚，彷彿總是昂著首向前走著似的；於是飄飄然如御風而行的我們，看著那些自在的灣泊著的船，船裏走馬燈般的人物，便像是下界一般，迢迢的遠了，又像在霧裏看花，盡朦朦朧朧的。這時我們已過了利涉橋，望見東關頭了。沿路聽見斷續的歌聲：有從沿河的妓樓飄來的，有從河上船裏渡來的。我們明知那些歌聲，只是些因襲的言詞，從生澀的歌喉裏機械的發出來的；但它們經了夏夜的微風的吹漾和水波的搖拂，嬝娜著到我們耳邊的時候，已經不單是她們的歌聲，而混著微風和河水的密語了。於是我們不得不被牽惹著，震撼著，相與浮沉於這歌聲裏了。從東關頭轉彎，不久就到大中橋。大中橋共有三個橋拱，都很闊大，儼然是三座門兒；使我們覺得我們的船和船裏的我們，在橋下過去時，真是太無顏色了。橋磚是深褐色，表明它的歷史的長久；但都完好無缺，令人太息於古昔工程的堅美。橋上兩旁都是木壁的房子，中間應該有街路。這些房子都破舊了，多年煙熏的跡，遮沒了當年的美麗。我想像秦淮河的極盛時，在這樣宏闊的橋上，特地蓋了房子，必然是髹漆得富富麗麗的；晚間必然是燈火通明的，現在卻只剩下一片黑沉沉！但是橋上造著房子，畢竟使我們多少可以想見往日的繁華；這也慰情聊勝無了。過了大中橋，便到了燈月交輝、笙歌徹夜的秦淮河，這才是秦淮河的真面目哩。

大中橋外，頓然空闊，和橋內兩岸排著密密的人家的景像大異了。一眼望去，疏疏的林，淡淡的月，襯著蔚藍的天，頗像荒江野渡光景；那邊呢，鬱叢叢的，陰森森的，又似乎藏著無邊的黑暗，令人幾乎不信那是繁華的秦淮河了。但是河中眩暈著的燈光，縱橫著的畫舫，悠揚著的笛韻，夾著那吱吱的胡琴聲，終於使我們認識綠如茵陳酒的秦淮水了。此地天裸露著的多些，故覺夜來的獨遲些；從清清的水影裏，我們感到的只是薄薄的夜——這正是秦淮河的夜。大中橋外，本來還有一座復成橋，是船夫口中的我們的遊踪盡處，或也是秦淮河繁華的盡處了。我的腳曾踏過復成橋的脊，在十三四歲的時候。但是兩次遊秦淮河，卻都不曾見著復成橋的面；明知總在前途的，卻常覺得有些虛無縹緲似的。我想，不見倒也好。這時正是盛夏。我們下船後，藉著新生的晚涼和河上的微風，暑氣已漸漸消散；到了此地，豁然開朗，身子頓然輕了——習習的清風荏苒在面上、手上、衣上，這便又感到了一縷新涼了。南京的日光，大概沒有杭州猛烈；西湖的夏夜老是熱蓬蓬的，水像沸著一般，秦淮河的水卻盡是這樣冷冷地綠著。任你人影的憧憧，歌聲的擾擾，總像隔著一層薄薄的綠紗面冪似的；它盡是這樣靜靜的、冷冷的綠著。我們出了大中橋，走不上半里路，船夫便將船劃到一旁，停了槳由它宕著。他以為那裏正是繁華的極點，再過去就是荒涼了；所以讓我們多多賞鑑一會兒。他自己卻靜靜的蹲著。他是看慣這光景的了，大約只是一個無可無不可。這無可無不可，無論是升的沉的，總之，都比我們高了。

那時河裏鬧熱極了；船大半泊著，小半在水上穿梭似的來往。停泊著的都在近市的那一邊，我們的船自然也夾在其中。因為這邊略略的擠，便覺得那邊十分的疏了。在每一隻船從那邊過去時，我們能畫出它的輕輕的影和曲曲的波，在我們的心上；這顯著是空，且顯著是靜了。那時處處都是歌聲和淒厲的胡琴聲，圓潤的喉嚨，確乎是很少的。但那生澀的，尖脆的調子能使人有少年的，粗率不拘的感覺，也正可快我們的意。況且多少隔開些兒聽著，因為想像與渴慕的做美，總覺更有滋味；而竟發的喧囂，抑揚的不齊，遠近的雜沓，和樂器的嘈嘈切切，合成另一意味的諧音，也使我們無所適從，如隨著大風而走。這實在因為我們的心枯澀久了，變為脆弱；故偶然潤澤一下，便瘋狂似的不能自主了，但秦淮河確也膩人。即如船裏的人面，無論是和我們一堆儿泊著的，無論是從我們眼前過去的，總是模模糊糊的，甚至渺渺茫茫的；任你張圓了眼睛，揩淨了眥垢，也是枉然，這真夠人想呢。在我們停泊的地方，燈光原是紛然的；不過這些燈光都是黃而有暈的。黃已經不能明了，再加上了暈，便更不成了。燈愈多，暈就愈甚；在繁星般的黃的交錯裏，秦淮河彷彿籠上了一團光霧。光芒與霧氣騰騰的暈著，什麼都只剩了輪廓了；所以人面的詳細的曲線，便消失於我們的眼底了。但燈光究竟奪不了那邊的月色；燈光是渾的，月色是清的。在渾沌的燈光裏，滲入一派清輝，卻真是奇蹟！那晚月兒已瘦削了兩三分。她晚妝才罷，盈盈的上了柳梢頭。天是藍得可愛，彷彿一汪水似的；月兒便更出落得精神了。岸上原有三株兩株的垂楊樹，淡淡的影子，在水里搖曳著。它們那柔細的枝條浴著月光，就像一支支美人的臂膊，交互的纏著、挽著；又像是月兒披著的髪。而月兒偶爾也從它們的交叉處偷偷窺看我們，大有小姑娘怕羞的樣子。岸上另有幾株不知名的老樹，光光的立著；在月光裏照起來，卻又儼然是精神矍鑠的老人。遠處快到天際線了，才有一兩片白雲，亮得現出異彩，像是美麗的貝殼一般。白雲下便是黑黑的一帶輪廓；是一條隨意畫的不規則的曲線。這一段光景，和河中的風味大異了。但燈與月竟能並存著，交融著，使月成了纏綿的月，燈射著渺渺的靈輝，這正是天之所以厚秦淮河，也正是天之所以厚我們了。

這時卻遇著了難解的糾紛。秦淮河上原有一種歌妓，是以歌為業的。從前都在茶舫上，唱些大曲之類。每日午後一時起；什麼時候止，卻忘記了。晚上照樣也有一回，也在黃暈的燈光裏。我從前過南京時，曾隨著朋友去聽過兩次。因為茶舫裏的人臉太多了，覺得不大適意，終於聽不出所以然。前年聽說歌妓被取締了，不知怎的，頗涉想了幾次卻想不出什麼。這次到南京，先到茶舫上去看看，覺得頗是寂寥，令我無端的悵悵了。不料她們卻仍在秦淮河裏掙扎著，不料她們竟會糾纏到我們，我於是很張皇了，她們也乘著「七板子」，她們總是坐在艙前的。艙前點著石油汽燈，光亮炫人眼目：坐在下面的，自然是纖毫畢見了。引誘客人們的力量，也便在此了。艙裏躲著樂工等人，映著汽燈的餘輝蠕動著；他們是永遠不被注意的。每船的歌妓大約都是二人；天色一黑，她們的船就在大中橋外往來不息的兜生意。無論行著的船，泊著的船，都要來兜攬的。這都是我後來推想出來的。那晚不知怎樣，忽然輪著我們的船了。我們的船好好的停著，一隻歌舫劃向我們來了；漸漸和我們的船並著了。爍爍的燈光逼得我們皺起了眉頭；我們的風塵色全給它托出來了，這使我踧踖不安了。那時一個伙計跨過船來，拿著攤開的歌摺，就近塞向我的手裏，說：「點幾出吧！」他跨過來的時候，我們船上似乎有許多眼光跟著。同時相近的別的船上也似乎有許多眼睛炯炯的向我們船上看著。我真窘了！我也裝出大方的樣子，向歌妓們瞥了一眼，但究竟是不成的！我勉強將那歌摺翻了一翻，卻不曾看清了幾個字；便趕緊遞還那伙計，一面不好意思地說「不要，我們⋯⋯不要。」他便塞給平伯，平伯掉轉頭去，搖手說：「不要！」那人還膩著不走。平伯又回過臉來，搖著頭道「不要！」於是那人重到我處，我窘著再拒絕了他。他這纔有所不屑似的走了。

我的心立刻放下，如釋了重負一般。我們就開始自白了。

我說我受了道德律的壓迫，拒絕了她們；心裏似乎很抱歉的。這所謂抱歉，一面對於她們，一面對於我自己。她們於我們雖然沒有很奢的希望；但總有些希望的。我們拒絕了她們，無論理由如何充足，卻使她們的希望受了傷；這總有幾分不做美了，這是我覺得很悵悵的。至於我自己，更有一種不足之感。我這時被四面的歌聲誘惑了，降伏了；但是遠遠的，遠遠的歌聲總彷彿隔著重衣搔癢似的，越搔越搔不著癢處。我於是憧憬著貼耳的妙音了。在歌舫劃來時，我的憧憬，變為盼望；我固執的盼望著，有如飢渴。雖然從淺薄的經驗裏，也能夠推知，那貼耳的歌聲，將剝去了一切的美妙；但一個平常的人像我的，谁愿憑了理性之力去醜化未來呢？我寧願自己騙著了。不過我的社會感性是很敏銳的；我的思力能拆穿道德律的西洋鏡，而我的感情卻終於被它壓服著。我於是有所顧忌了，尤其是在眾目昭彰的時候。道德律的力，本來是民眾賦予的；在民眾的面前，自然更顯出它的威嚴了。我這時一面盼望，一面卻感到了兩重的禁制：一、在通俗的意義上，接近妓者總算一種不正當的行為；二、妓是一種不健全的職業，我們對於她們，應有哀矜勿喜之心，不應賞玩的去聽她們的歌。在眾目睽睽之下，這兩種思想在我心裏最為旺盛。她們暫時壓倒了我的聽歌的盼望，這便成就了我的灰色的拒絕。那時的心實在異常狀態中，覺得頗是昏亂。歌舫去了，暫時寧靜之後，我的思緒又如潮湧了。兩個相反的意思在我心頭往復：賣歌和賣淫不同，聽歌和狎妓不同，又干道德甚事？但是，但是，她們既被逼的以歌為業，她們的歌必無藝術味的；況她們的身世，我們究竟該同情的，所以拒絕倒也是正辦。但這些意思終於不曾撇開我的聽歌的盼望。它力量異常堅強；它總想將別的思緒踏在腳下。從這重重的爭鬬里，我感到了濃厚的不足之感。這不足之感使我的心盤旋不安，起坐都不安寧了。唉！我承認我是一個自私的人！平伯呢，卻與我不同。他引周啟明先生的詩，「因為我有妻子，所以我愛一切的女人；因為我有子女，所以我愛一切的孩子。」他的意思可以見了。他因為推及的同情，愛著那些歌妓，並且尊重著她們，所以拒絕了她們。在這種情形下，他自然以為聽是對於她們的一種侮辱。但他也是想听歌的，雖然不和我一樣。所以在他的心中，當然也有一番小小的爭鬬；爭鬬的結果，是同情勝了。至於道德律，在他是沒有什麼的：因為他很有蔑視一切的傾向，民眾的力量在他是不大覺著的。這時他的心意的活動比較簡單，又比較鬆弱，故事後還怡然自若；我卻不能了。這里平伯又比我高了。

在我們談話中間，又來了兩隻歌舫。伙計照前一樣的請我們點戲，我們照前一樣的拒絕了。我受了三次窘，心裏的不安更甚了。清豔的夜景也為之減色。船夫大約因為要趕",為之減色船夫大約因為要趕,第二趟,diertang,di er tang,TRUE,1:第二湯 | 2:第二 | 3:地兒 | 4:迪爾 | 5:底兒 | 6:地 | 7:第 | 8:低 | 9:滴 | 10:底,FALSE,,,,,
polyphonic_flagged,f74bcc9b325697e80f812386,給亡婦,1777,1779,"謙，日子真快，一眨眼你已經死了三個年頭了。這三年裡世事不知變化了多少回，但你未必注意這些個，我知道。你第一惦記的是你幾個孩子，第二便輪著我。孩子和我平分你的世界，你在日如此；你死後若還有知，想來還如此的。告訴你，我夏天回家來著：邁兒長得結實極了，比我高一個頭。閏兒父親說是最乖，可是沒有先前胖了。采芷和轉子都好。五兒全家誇她長得好看；卻在腿上生了濕瘡，整天坐在竹床上不能下來，看了怪可憐的。六兒，我怎麼說好，你明白，你臨終時也和母親談過，這孩子是只可以養著玩兒的，他左挨右挨去年春天，到底沒有挨過去。這孩子生了幾個月，你的肺病就重起來了。我勸你少親近他，只監督著老媽子照管就行。你總是忍不住，一會兒提，一會兒抱的。可是你病中為他操的那一份兒心也夠瞧的。那一個夏天他病的時候多，你成天兒忙著，湯呀，藥呀，冷呀，暖呀，連覺也沒有好好兒睡過。那裡有一分一毫想著你自己。瞧著他硬朗點兒你就樂，乾枯的笑容在黃蠟般的臉上，我只有暗中歎氣而已。

從來想不到做母親的要像你這樣。從邁兒起，你總是自己喂乳，一連四個都這樣。你起初不知道按鐘點兒喂，後來知道了，卻又弄不慣；孩子們每夜裡幾次將你哭醒了，特別是悶熱的夏季。我瞧你的覺老沒睡足。白天裡還得做菜，照料孩子，很少得空兒。你的身子本來壞，四個孩子就累你七八年。到了第五個，你自己實在不成了，又沒乳，只好自己餵奶粉，另雇老媽子專管她。但孩子跟老媽子睡，你就沒有放過心；夜裡一聽見哭，就豎起耳朵聽，工夫一大就得過去看。十六年初，和你到北京來，將邁兒，轉子留在家裡；三年多還不能去接他們，可真把你惦記苦了。你並不常提，我卻明白。你後來說你的病就是惦記出來的；那個自然也有份兒，不過大半還是養育孩子累的。你的短短的十二年結婚生活，有十一年耗費在孩子們身上；而你一點不厭倦，有多少力量用多少，一直到自己毀滅為止。你對孩子一般兒愛，不問男的女的，大的小的。也不想到什麼“養兒防老，積穀防饑”，只拚命的愛去。你對於教育老實說有些外行，孩子們只要吃得好玩得好就成了。這也難怪你，你自己便是這樣長大的。況且孩子們原都還小，吃和玩本來也要緊的。你病重的時候最放不下的還是孩子。病的只剩皮包著骨頭了，總不信自己不會好；老說：“我死了，這一大群孩子可苦了。”後來說送你回家，你想著可以看見邁兒和轉子，也願意；你萬不想到會一走不返的。我送車的時候，你忍不住哭了，說：“還不知能不能再見？”可憐，你的心我知道，你滿想著好好兒帶著六個孩子回來見我的。謙，你那時一定這樣想，一定的。

除了孩子，你心裡只有我。不錯，那時你父親還在；可是你母親死了，他另有個女人，你老早就覺得隔了一層似的。出嫁後第一年你雖還一心一意依戀著他老人家，到第二年上我和孩子可就將你的心占住，你再沒有多少工夫惦記他了。你還記得第一年我在北京，你在家裡。家裡來信說你待不住，常回娘家去。我動氣了，馬上寫信責備你。你教人寫了一封復信，說家裡有事，不能不回去。這是你第一次也可以說第末次的抗議，我從此就沒給你寫信。暑假時帶了一肚子主意回去，但見了面，看你一臉笑，也就拉倒了。打這時候起，你漸漸從你父親的懷裡跑到我這兒。你換了金鐲子幫助我的學費，叫我以後還你；但直到你死，我沒有還你。你在我家受了許多氣，又因為我家的緣故受你家裡的氣，你都忍著。這全為的是我，我知道。那回我從家鄉一個中學半途辭職出走。家裡人諷你也走。哪裡走！只得硬著頭皮往你家去。那時你家像個冰窖子，你們在窖裡足足住了三個月。好容易我才將你們領出來了，一同上外省去。小家庭這樣組織起來了。你雖不是什麼闊小姐，可也是自小嬌生慣養的，做起主婦來，什麼都得幹一兩手；你居然做下去了，而且高高興興地做下去了。菜照例滿是你做，可是吃的都是我們；你至多夾上兩三筷子就算了。你的菜做得不壞，有一位老在行大大地誇獎過你。你洗衣服也不錯，夏天我的綢大褂大概總是你親自動手。你在家老不樂意閑著；坐前幾個“月子”，老是四五天就起床，說是躺著家裡事沒條沒理的。其實你起來也還不是沒條理；咱們家那麼多孩子，哪兒來條理？在浙江住的時候，逃過兩回兵難，我都在北平。真虧你領著母親和一群孩子東藏西躲的；末一回還要走多少里路，翻一道大嶺。這兩回差不多只靠你一個人。你不但帶了母親和孩子們，還帶了我一箱箱的書；你知道我是最愛書的。在短短的十二年裡，你操的",的在短短的十二年裡你操的,心比,xinbi,xin bi,TRUE,1:信筆 | 2:新筆 | 3:新幣 | 4:新埤 | 5:新 | 6:心 | 7:信 | 8:欣 | 9:馨 | 10:鑫,FALSE,,,,,
polyphonic_flagged,7de16850c7a6e97b151c64d3,槳聲燈影裏的秦淮河,3038,3040,"一九二三年八月的一晚，我和平伯同遊秦淮河；平伯是初泛，我是重來了。我們雇了一隻「七板子」，在夕陽已去、皎月方來的時候，便下了船。於是槳聲汩汩，我們開始領略那晃蕩著薔薇色的歷史的秦淮河的滋味了。

秦淮河裏的船，比北京万生園、頤和園的船好，比西湖的船好，比揚州瘦西湖的船也好。這幾處的船不是覺著笨，就是覺著簡陋、局促；都不能引起乘客們的情韻，如秦淮河的船一樣。秦淮河的船約略可分為兩種：一是大船；一是小船，就是所謂「七板子」。大船艙口闊大，可容二三十人。裏面陳設著字畫和光潔的紅木家具，桌上一律嵌著冰涼的大理石面。窗格雕鏤頗細，使人起柔膩之感。窗格里映著紅色藍色的玻璃；玻璃上有精緻的花紋，也頗悅人目。「七板子」規模雖不及大船，但那淡藍色的欄杆，空敞的艙，也足繫人情思。而最出色處卻在它的艙前。艙前是甲板上的一部，上面有弧形的頂，兩邊用疏疏的欄杆支著。裏面通常放著兩張藤的躺椅。躺下，可以談天，可以望遠，可以顧盼兩岸的河房。大船上也有這個，但在小船上更覺清雋罷了。艙前的頂下，一律懸著燈彩；燈的多少、明暗，彩蘇的精粗、艷晦，是不一的，但好歹總還你一個燈彩。這燈彩實在是最能勾人的東西。夜幕垂垂地下來時，大小船上都點起燈火。從兩重玻璃裏映出那輻射著的黃黃的散光，反暈出一片朦朧的煙靄；透過這煙靄，在黯黯的水波里，又逗起縷縷的明漪。在這薄靄和微漪裏，聽著那悠然的間歇的槳聲，誰能不被引入他的美夢去呢？只愁夢太多了，這些大小船兒如何載得起呀？我們這時模模糊糊的談著明末的秦淮河的艷跡，如《桃花扇》及《板橋雜記》裏所載的。我們真神往了。我們彷彿親見那時華燈映水，畫舫凌波的光景了。於是我們的船便成了歷史的重載了。我們終於恍然秦淮河的船所以雅麗過於他處，而又有奇異的吸引力的，實在是許多歷史的影像使然了。

秦淮河的水是碧陰陰的；看起來厚而不膩，或者是六朝金粉所凝麼？我們初上船的時候，天色還未斷黑，那漾漾的柔波是這樣恬靜、委婉，使我們一面有水闊天空之想，一面又憧憬著紙醉金迷之境了。等到燈火明時，陰陰的變為沈沉了：黯淡的水光，像夢一般；那偶然閃爍著的光芒，就是夢的眼睛了。我們坐在艙前，因了那隆起的頂棚，彷彿總是昂著首向前走著似的；於是飄飄然如御風而行的我們，看著那些自在的灣泊著的船，船裏走馬燈般的人物，便像是下界一般，迢迢的遠了，又像在霧裏看花，盡朦朦朧朧的。這時我們已過了利涉橋，望見東關頭了。沿路聽見斷續的歌聲：有從沿河的妓樓飄來的，有從河上船裏渡來的。我們明知那些歌聲，只是些因襲的言詞，從生澀的歌喉裏機械的發出來的；但它們經了夏夜的微風的吹漾和水波的搖拂，嬝娜著到我們耳邊的時候，已經不單是她們的歌聲，而混著微風和河水的密語了。於是我們不得不被牽惹著，震撼著，相與浮沉於這歌聲裏了。從東關頭轉彎，不久就到大中橋。大中橋共有三個橋拱，都很闊大，儼然是三座門兒；使我們覺得我們的船和船裏的我們，在橋下過去時，真是太無顏色了。橋磚是深褐色，表明它的歷史的長久；但都完好無缺，令人太息於古昔工程的堅美。橋上兩旁都是木壁的房子，中間應該有街路。這些房子都破舊了，多年煙熏的跡，遮沒了當年的美麗。我想像秦淮河的極盛時，在這樣宏闊的橋上，特地蓋了房子，必然是髹漆得富富麗麗的；晚間必然是燈火通明的，現在卻只剩下一片黑沉沉！但是橋上造著房子，畢竟使我們多少可以想見往日的繁華；這也慰情聊勝無了。過了大中橋，便到了燈月交輝、笙歌徹夜的秦淮河，這才是秦淮河的真面目哩。

大中橋外，頓然空闊，和橋內兩岸排著密密的人家的景像大異了。一眼望去，疏疏的林，淡淡的月，襯著蔚藍的天，頗像荒江野渡光景；那邊呢，鬱叢叢的，陰森森的，又似乎藏著無邊的黑暗，令人幾乎不信那是繁華的秦淮河了。但是河中眩暈著的燈光，縱橫著的畫舫，悠揚著的笛韻，夾著那吱吱的胡琴聲，終於使我們認識綠如茵陳酒的秦淮水了。此地天裸露著的多些，故覺夜來的獨遲些；從清清的水影裏，我們感到的只是薄薄的夜——這正是秦淮河的夜。大中橋外，本來還有一座復成橋，是船夫口中的我們的遊踪盡處，或也是秦淮河繁華的盡處了。我的腳曾踏過復成橋的脊，在十三四歲的時候。但是兩次遊秦淮河，卻都不曾見著復成橋的面；明知總在前途的，卻常覺得有些虛無縹緲似的。我想，不見倒也好。這時正是盛夏。我們下船後，藉著新生的晚涼和河上的微風，暑氣已漸漸消散；到了此地，豁然開朗，身子頓然輕了——習習的清風荏苒在面上、手上、衣上，這便又感到了一縷新涼了。南京的日光，大概沒有杭州猛烈；西湖的夏夜老是熱蓬蓬的，水像沸著一般，秦淮河的水卻盡是這樣冷冷地綠著。任你人影的憧憧，歌聲的擾擾，總像隔著一層薄薄的綠紗面冪似的；它盡是這樣靜靜的、冷冷的綠著。我們出了大中橋，走不上半里路，船夫便將船劃到一旁，停了槳由它宕著。他以為那裏正是繁華的極點，再過去就是荒涼了；所以讓我們多多賞鑑一會兒。他自己卻靜靜的蹲著。他是看慣這光景的了，大約只是一個無可無不可。這無可無不可，無論是升的沉的，總之，都比我們高了。

那時河裏鬧熱極了；船大半泊著，小半在水上穿梭似的來往。停泊著的都在近市的那一邊，我們的船自然也夾在其中。因為這邊略略的擠，便覺得那邊十分的疏了。在每一隻船從那邊過去時，我們能畫出它的輕輕的影和曲曲的波，在我們的心上；這顯著是空，且顯著是靜了。那時處處都是歌聲和淒厲的胡琴聲，圓潤的喉嚨，確乎是很少的。但那生澀的，尖脆的調子能使人有少年的，粗率不拘的感覺，也正可快我們的意。況且多少隔開些兒聽著，因為想像與渴慕的做美，總覺更有滋味；而竟發的喧囂，抑揚的不齊，遠近的雜沓，和樂器的嘈嘈切切，合成另一意味的諧音，也使我們無所適從，如隨著大風而走。這實在因為我們的心枯澀久了，變為脆弱；故偶然潤澤一下，便瘋狂似的不能自主了，但秦淮河確也膩人。即如船裏的人面，無論是和我們一堆儿泊著的，無論是從我們眼前過去的，總是模模糊糊的，甚至渺渺茫茫的；任你張圓了眼睛，揩淨了眥垢，也是枉然，這真夠人想呢。在我們停泊的地方，燈光原是紛然的；不過這些燈光都是黃而有暈的。黃已經不能明了，再加上了暈，便更不成了。燈愈多，暈就愈甚；在繁星般的黃的交錯裏，秦淮河彷彿籠上了一團光霧。光芒與霧氣騰騰的暈著，什麼都只剩了輪廓了；所以人面的詳細的曲線，便消失於我們的眼底了。但燈光究竟奪不了那邊的月色；燈光是渾的，月色是清的。在渾沌的燈光裏，滲入一派清輝，卻真是奇蹟！那晚月兒已瘦削了兩三分。她晚妝才罷，盈盈的上了柳梢頭。天是藍得可愛，彷彿一汪水似的；月兒便更出落得精神了。岸上原有三株兩株的垂楊樹，淡淡的影子，在水里搖曳著。它們那柔細的枝條浴著月光，就像一支支美人的臂膊，交互的纏著、挽著；又像是月兒披著的髪。而月兒偶爾也從它們的交叉處偷偷窺看我們，大有小姑娘怕羞的樣子。岸上另有幾株不知名的老樹，光光的立著；在月光裏照起來，卻又儼然是精神矍鑠的老人。遠處快到天際線了，才有一兩片白雲，亮得現出異彩，像是美麗的貝殼一般。白雲下便是黑黑的一帶輪廓；是一條隨意畫的不規則的曲線。這一段光景，和河中的風味大異了。但燈與月竟能並存著，交融著，使月成了纏綿的月，燈射著渺渺的靈輝，這正是天之所以厚秦淮河，也正是天之所以厚我們了。

這時卻遇著了難解的糾紛。秦淮河上原有一種歌妓，是以歌為業的。從前都在茶舫上，唱些大曲之類。每日午後一時起；什麼時候止，卻忘記了。晚上照樣也有一回，也在黃暈的燈光裏。我從前過南京時，曾隨著朋友去",從前過南京時曾隨著朋友去,聽過,tingguo,ting guo,TRUE,1:聽過 | 2:停過 | 3:挺過 | 4:聽骨 | 5:聽鼓 | 6:聽 | 7:挺 | 8:停 | 9:廳 | 10:庭,TRUE,1,,,,
polyphonic_flagged,11a6ad84f5677d7fb51eaffd,荷塘月色,416,418,"這幾天心裏頗不寧靜。今晚在院子裏坐着乘涼，忽然想起日日走過的荷塘，在這滿月的光裏，總該另有一番樣子吧。月亮漸漸地升高了，牆外馬路上孩子們的歡笑，已經聽不見了；妻在屋裏拍着閏兒，迷迷糊糊地哼着眠歌。我悄悄地披了大衫，帶上門出去。

沿着荷塘，是一條曲折的小煤屑路。這是一條幽僻的路；白天也少人走，夜晚更加寂寞。荷塘四面，長着許多樹，蓊蓊鬱鬱的。路的一旁，是些楊柳，和一些不知道名字的樹。沒有月光的晚上，這路上陰森森的，有些怕人。今晚卻很好，雖然月光也還是淡淡的。

路上只我一個人，背着手踱着。這一片天地好像是我的；我也像超出了平常的自己，到了另一世界裏。我愛熱鬧，也愛冷靜；愛羣居，也愛獨處。像今晚上，一個人在這蒼茫的月下，什麽都可以想，什麽都可以不想，便覺是個自由的人。白天裏一定要做的事，一定要說的話，現在都可不理。這是獨處的妙處，我且受用這無邊的荷香月色好了。

曲曲折折的荷塘上面，彌望的是田田的葉子。葉子出水很高，像亭亭的",葉子葉子出水很高像亭亭的,舞女,wunv,wu nv,TRUE,1:舞女 | 2:巫女 | 3:惡女 | 4:婺女 | 5:無 | 6:五 | 7:唔 | 8:吳 | 9:物 | 10:吾,TRUE,1,,,,
polyphonic_flagged,87799534949912705fa33784,匆匆,276,278,"燕子去了，有再來的時候；楊柳枯了，有再靑的時候；桃花謝了，有再開的時候。但是，聰明的，你吿訴我，我們的日子爲什麼一去不復返呢？——是有人偷了他們罷：那是誰？又藏在何處呢？是他們自己逃走了罷：現在又到了那裏呢？

我不知道他們給了我多少日子；但我的手確乎是漸漸空虛了。在默默裏算着，八千多日子已經從我手中溜去；像針尖上一滴水滴在大海裏，我的日子滴在時間的流裏，沒有聲音，也沒有影子。我不禁頭涔涔而淚澘澘了。

去的儘管去了，來的儘管來着；去來的中間，又怎樣地匆匆呢？早上我起來的時候，小屋裏射進兩三方斜斜的太陽。太陽他有腳啊，輕輕悄悄地挪移了；我也茫茫然",輕悄悄地挪移了我也茫茫然,跟着,genzhe,gen zhe,TRUE,1:跟着 | 2:跟這 | 3:跟 | 4:根 | 5:艮 | 6:哏 | 7:亙 | 8:閬 | 9:茛 | 10:珢,TRUE,1,,,,
polyphonic_flagged,4bd4a610a9c0708a624cc7e9,荷塘月色,650,652,"這幾天心裏頗不寧靜。今晚在院子裏坐着乘涼，忽然想起日日走過的荷塘，在這滿月的光裏，總該另有一番樣子吧。月亮漸漸地升高了，牆外馬路上孩子們的歡笑，已經聽不見了；妻在屋裏拍着閏兒，迷迷糊糊地哼着眠歌。我悄悄地披了大衫，帶上門出去。

沿着荷塘，是一條曲折的小煤屑路。這是一條幽僻的路；白天也少人走，夜晚更加寂寞。荷塘四面，長着許多樹，蓊蓊鬱鬱的。路的一旁，是些楊柳，和一些不知道名字的樹。沒有月光的晚上，這路上陰森森的，有些怕人。今晚卻很好，雖然月光也還是淡淡的。

路上只我一個人，背着手踱着。這一片天地好像是我的；我也像超出了平常的自己，到了另一世界裏。我愛熱鬧，也愛冷靜；愛羣居，也愛獨處。像今晚上，一個人在這蒼茫的月下，什麽都可以想，什麽都可以不想，便覺是個自由的人。白天裏一定要做的事，一定要說的話，現在都可不理。這是獨處的妙處，我且受用這無邊的荷香月色好了。

曲曲折折的荷塘上面，彌望的是田田的葉子。葉子出水很高，像亭亭的舞女的裙。層層的葉子中間，零星地點綴着些白花，有嬝娜地開着的，有羞澀地打着朶兒的；正如一粒粒的明珠，又如碧天裏的星星，又如剛出浴的美人。微風過處，送來縷縷清淸香，彷彿遠處高樓上渺茫的歌聲似的。這時候葉子與花也有一絲的顫動，像閃電般，霎時傳過荷塘的那邊去了。葉子本是肩並肩密密地挨着，這便宛然有了一道凝碧的波痕。葉子底下是脈脈的流水，遮住了，不能見一些顏色；而葉子卻更見風致了。

月光如流水一般，靜靜地瀉在這一片葉子和花上。薄薄的靑霧浮起在荷塘裏。葉子和花彷彿在牛乳中",塘裏葉子和花彷彿在牛乳中,洗過,xiguo,xi guo,TRUE,1:洗過 | 2:吸過 | 3:繫裹 | 4:喜果 | 5:西國 | 6:硒鼓 | 7:西固 | 8:溪谷 | 9:矽谷 | 10:細故,TRUE,1,,,,
polyphonic_flagged,ea41f634e566a77749de39a3,背影,921,923,"我與父親不相見已二年餘了，我最不能忘記的是他的背影。那年冬天，祖母死了，父親的差使也交卸了，正是禍不單行的日子，我從北京到徐州，打算跟着父親奔喪囘家。到徐州見着父親，看見滿院狼藉的東西，又想起祖母，不禁簌簌地流下眼淚。父親說，「事已如此，不必難過，好在天無絕人之路！」

囘家變賣典質，父親還了虧空；又借錢辦了喪事。這些日子，家中光景很是慘澹，一半爲了喪事，一半爲了父親賦閒。喪事完畢，父親要到南京謀事，我也要囘北京念書，我們便同行。

到南京時，有朋友約去游逛，勾留了一日；第二日上午便須渡江到浦口，下午上車北去。父親因爲事忙，本已說定不送我，叫旅館裏一個熟識的茶房陪我同去。他再三囑付茶房，甚是仔細。但他終於不放心，怕茶房不妥帖；頗躊躇了一會。其實我那年已二十歲，北京已來往過兩三次，是沒有甚麽要緊的了。他躊躇了一會，終於決定還是自己送我去。我兩三囘勸他不必去；他只說，「不要緊，他們去不好！」

我們過了江，進了車站。我買票，他忙着照看行李。行李太多了，得向腳夫行些小費，才可過去。他便又忙着和他們講價錢。我那時眞是聰明過分，總覺他說話不大漂亮，非自己插嘴不可。但他終於講定了價錢；就送我上車。他給我揀定了靠車門的一張椅子；我將他給我做的紫毛大衣鋪好坐位。他囑我路上小心，夜裏要警醒些，不要受涼。又囑託茶房好好照應我。我心裏暗笑他的迂；他們只認得錢，託他們直是白託！而且我這樣大年紀的人，難道還不能料理自己麽？唉，我現在想想，那時眞是太聰明了！

我說道，「爸爸，你走吧。」他望車外看了看，說，「我買幾個橘子去。你就在此地，不要走動。」我看那邊月臺的柵欄外有幾個賣東西的等着顧客。走到那邊月臺，須穿過鐵道，須跳下去又爬上去。父親是一個胖子，走過去自然要費事些。我本來要去的，他不肯，只好讓他去。我看見他戴着黑布小帽，穿着黑布大馬褂，深靑布棉袍，蹣跚地走到鐵道邊，慢慢探身下去，尚不大難。可是他穿過鐵道，要爬上那邊月臺，就不容易了。他用兩手攀着上面，兩腳再向上縮；他肥胖的身子向左微傾，顯出努力的樣子。這時我看見他的背影，我的淚很快地流下來了。我趕緊拭乾了淚，怕他看見，也怕別人看見。我再向外看時，他已抱了朱紅的橘子望囘走了。過鐵道時，他",的橘子望囘走了過鐵道時他,先將,xianjiang,xian jiang,TRUE,1:現將 | 2:先將 | 3:先講 | 4:先降 | 5:閑講 | 6:縣級 | 7:獻祭 | 8:先機 | 9:獻計 | 10:獻技,TRUE,2,,,,
polyphonic_flagged,0af7fa17256834b371e4e479,給亡婦,195,197,謙，日子真快，一眨眼你已經死了三個年頭了。這三年裡世事不知變化了多少回，但你未必注意這些個，我知道。你第一惦記的是你幾個孩子，第二便輪著我。孩子和我平分你的世界，你在日如此；你死後若還有知，想來還如此的。告訴你，我夏天回家來著：邁兒長得結實極了，比我高一個頭。閏兒父親說是最乖，可是沒有先前胖了。采芷和轉子都好。五兒全家誇她長得好看；卻在腿上生了濕瘡，整天坐在竹床上不能下來，看了怪可憐的。,床上不能下來看了怪可憐的,六兒,liuer,liu er,TRUE,1:六二 | 2:柳兒 | 3:六兒 | 4:溜兒 | 5:劉 | 6:留 | 7:六 | 8:流 | 9:柳 | 10:溜,TRUE,3,,,,
polyphonic_flagged,cf4a3165d88a4173cfbc821a,春,351,354,"盼望着，盼望着，東風來了，春天的腳步近了。

一切都像剛睡醒的樣子，欣欣然張開了眼。山朗潤起來了，水長起來了，太陽的臉紅起來了。

小草偷偷地從土裏鑽出來，嫩嫩的，綠綠的。園子裏，田野裏，瞧去，一大片一大片滿是的。坐着，躺着，打兩個滾，踢幾腳球，賽幾䠀跑，捉幾回迷藏。風輕悄悄的，草軟綿綿的。

桃樹、杏樹、梨樹，你不讓我，我不讓你，都開滿了花趕䠀兒。紅的像火，粉的像霞，白的像雪。花裏帶着甜味；閉了眼，樹上仿彿已經滿是桃兒、杏兒、梨兒！花下成千成百的蜜蜂嗡嗡地鬧着，大小的蝴蝶飛來飛去。野花遍地是：雜樣兒，有名字的，沒名字的，散在草叢裏，像眼睛，像星星，還眨呀眨的。

「吹面不寒楊柳風」，不錯的，像母親的手撫摸着你。風裏帶來些新翻的泥土的氣息，混着青草味，還有各種花的香，都在微微潤溼的空氣裏醞釀。",都在微微潤溼的空氣裏醞釀,鳥兒將,niaoerjiang,niao er jiang,TRUE,1:鳥兒將 | 2:鳥兒 | 3:鳥 | 4:尿 | 5:尼奧 | 6:嬲 | 7:脲 | 8:裊 | 9:蔦 | 10:氼,TRUE,1,,,,
polyphonic_flagged,f4f5af8ca228dbd79b4c78f8,給亡婦,907,910,"謙，日子真快，一眨眼你已經死了三個年頭了。這三年裡世事不知變化了多少回，但你未必注意這些個，我知道。你第一惦記的是你幾個孩子，第二便輪著我。孩子和我平分你的世界，你在日如此；你死後若還有知，想來還如此的。告訴你，我夏天回家來著：邁兒長得結實極了，比我高一個頭。閏兒父親說是最乖，可是沒有先前胖了。采芷和轉子都好。五兒全家誇她長得好看；卻在腿上生了濕瘡，整天坐在竹床上不能下來，看了怪可憐的。六兒，我怎麼說好，你明白，你臨終時也和母親談過，這孩子是只可以養著玩兒的，他左挨右挨去年春天，到底沒有挨過去。這孩子生了幾個月，你的肺病就重起來了。我勸你少親近他，只監督著老媽子照管就行。你總是忍不住，一會兒提，一會兒抱的。可是你病中為他操的那一份兒心也夠瞧的。那一個夏天他病的時候多，你成天兒忙著，湯呀，藥呀，冷呀，暖呀，連覺也沒有好好兒睡過。那裡有一分一毫想著你自己。瞧著他硬朗點兒你就樂，乾枯的笑容在黃蠟般的臉上，我只有暗中歎氣而已。

從來想不到做母親的要像你這樣。從邁兒起，你總是自己喂乳，一連四個都這樣。你起初不知道按鐘點兒喂，後來知道了，卻又弄不慣；孩子們每夜裡幾次將你哭醒了，特別是悶熱的夏季。我瞧你的覺老沒睡足。白天裡還得做菜，照料孩子，很少得空兒。你的身子本來壞，四個孩子就累你七八年。到了第五個，你自己實在不成了，又沒乳，只好自己餵奶粉，另雇老媽子專管她。但孩子跟老媽子睡，你就沒有放過心；夜裡一聽見哭，就豎起耳朵聽，工夫一大就得過去看。十六年初，和你到北京來，將邁兒，轉子留在家裡；三年多還不能去接他們，可真把你惦記苦了。你並不常提，我卻明白。你後來說你的病就是惦記出來的；那個自然也有份兒，不過大半還是養育孩子累的。你的短短的十二年結婚生活，有十一年耗費在孩子們身上；而你一點不厭倦，有多少力量用多少，一直到自己毀滅為止。你對孩子一般兒愛，不問男的女的，大的小的。也不想到什麼“養兒防老，積穀防饑”，只拚命的愛去。你對於教育老實說有些外行，孩子們只要吃得好玩得好就成了。這也難怪你，你自己便是這樣長大的。況且孩子們原都還小，吃和玩本來也要緊的。你病重的時候最放不下的還是孩子。病的只剩皮包著骨頭了，",孩子病的只剩皮包著骨頭了,總不信,zongbuxin,zong bu xin,TRUE,1:總部新 | 2:總部 | 3:總不 | 4:縱步 | 5:總 | 6:宗 | 7:縱 | 8:蹤 | 9:棕 | 10:綜,FALSE,,,,,
polyphonic_flagged,a1258be2b544ac686e9d5d6c,背影,392,394,"我與父親不相見已二年餘了，我最不能忘記的是他的背影。那年冬天，祖母死了，父親的差使也交卸了，正是禍不單行的日子，我從北京到徐州，打算跟着父親奔喪囘家。到徐州見着父親，看見滿院狼藉的東西，又想起祖母，不禁簌簌地流下眼淚。父親說，「事已如此，不必難過，好在天無絕人之路！」

囘家變賣典質，父親還了虧空；又借錢辦了喪事。這些日子，家中光景很是慘澹，一半爲了喪事，一半爲了父親賦閒。喪事完畢，父親要到南京謀事，我也要囘北京念書，我們便同行。

到南京時，有朋友約去游逛，勾留了一日；第二日上午便須渡江到浦口，下午上車北去。父親因爲事忙，本已說定不送我，叫旅館裏一個熟識的茶房陪我同去。他再三囑付茶房，甚是仔細。但他終於不放心，怕茶房不妥帖；頗躊躇了一會。其實我那年已二十歲，北京已來往過兩三次，是沒有甚麽要緊的了。他躊躇了一會，終於決定還是自己送我去。我兩三囘勸他不必去；他只說，「不要緊，",囘勸他不必去他只說不要緊,他們,tamen,ta men,TRUE,1:他們 | 2:它們 | 3:她們 | 4:牠們 | 5:塔門 | 6:他懣 | 7:他 | 8:她 | 9:它 | 10:塔,TRUE,1,,,,
polyphonic_flagged,158e57ddc774b6ea19b0de26,槳聲燈影裏的秦淮河,1081,1083,"一九二三年八月的一晚，我和平伯同遊秦淮河；平伯是初泛，我是重來了。我們雇了一隻「七板子」，在夕陽已去、皎月方來的時候，便下了船。於是槳聲汩汩，我們開始領略那晃蕩著薔薇色的歷史的秦淮河的滋味了。

秦淮河裏的船，比北京万生園、頤和園的船好，比西湖的船好，比揚州瘦西湖的船也好。這幾處的船不是覺著笨，就是覺著簡陋、局促；都不能引起乘客們的情韻，如秦淮河的船一樣。秦淮河的船約略可分為兩種：一是大船；一是小船，就是所謂「七板子」。大船艙口闊大，可容二三十人。裏面陳設著字畫和光潔的紅木家具，桌上一律嵌著冰涼的大理石面。窗格雕鏤頗細，使人起柔膩之感。窗格里映著紅色藍色的玻璃；玻璃上有精緻的花紋，也頗悅人目。「七板子」規模雖不及大船，但那淡藍色的欄杆，空敞的艙，也足繫人情思。而最出色處卻在它的艙前。艙前是甲板上的一部，上面有弧形的頂，兩邊用疏疏的欄杆支著。裏面通常放著兩張藤的躺椅。躺下，可以談天，可以望遠，可以顧盼兩岸的河房。大船上也有這個，但在小船上更覺清雋罷了。艙前的頂下，一律懸著燈彩；燈的多少、明暗，彩蘇的精粗、艷晦，是不一的，但好歹總還你一個燈彩。這燈彩實在是最能勾人的東西。夜幕垂垂地下來時，大小船上都點起燈火。從兩重玻璃裏映出那輻射著的黃黃的散光，反暈出一片朦朧的煙靄；透過這煙靄，在黯黯的水波里，又逗起縷縷的明漪。在這薄靄和微漪裏，聽著那悠然的間歇的槳聲，誰能不被引入他的美夢去呢？只愁夢太多了，這些大小船兒如何載得起呀？我們這時模模糊糊的談著明末的秦淮河的艷跡，如《桃花扇》及《板橋雜記》裏所載的。我們真神往了。我們彷彿親見那時華燈映水，畫舫凌波的光景了。於是我們的船便成了歷史的重載了。我們終於恍然秦淮河的船所以雅麗過於他處，而又有奇異的吸引力的，實在是許多歷史的影像使然了。

秦淮河的水是碧陰陰的；看起來厚而不膩，或者是六朝金粉所凝麼？我們初上船的時候，天色還未斷黑，那漾漾的柔波是這樣恬靜、委婉，使我們一面有水闊天空之想，一面又憧憬著紙醉金迷之境了。等到燈火明時，陰陰的變為沈沉了：黯淡的水光，像夢一般；那偶然閃爍著的光芒，就是夢的眼睛了。我們坐在艙前，因了那隆起的頂棚，彷彿總是昂著首向前走著似的；於是飄飄然如御風而行的我們，看著那些自在的灣泊著的船，船裏走馬燈般的人物，便像是下界一般，迢迢的遠了，又像在霧裏看花，盡朦朦朧朧的。這時我們已過了利涉橋，望見東關頭了。沿路聽見斷續的歌聲：有從沿河的妓樓飄來的，有從河上船裏渡來的。我們明知那些歌聲，只是些因襲的言詞，從生澀的歌喉裏機械的發出來的；但它們經了夏夜的微風的吹漾和水波的搖拂，嬝娜",風的吹漾和水波的搖拂嬝娜,著到,zhudao,zhu dao,TRUE,1:主導 | 2:住到 | 3:主刀 | 4:煮到 | 5:竹刀 | 6:竹島 | 7:祝禱 | 8:注到 | 9:諸島 | 10:主道,FALSE,,,,,
polyphonic_flagged,7553c965ccfb27fef4d5a0db,給亡婦,2132,2135,"謙，日子真快，一眨眼你已經死了三個年頭了。這三年裡世事不知變化了多少回，但你未必注意這些個，我知道。你第一惦記的是你幾個孩子，第二便輪著我。孩子和我平分你的世界，你在日如此；你死後若還有知，想來還如此的。告訴你，我夏天回家來著：邁兒長得結實極了，比我高一個頭。閏兒父親說是最乖，可是沒有先前胖了。采芷和轉子都好。五兒全家誇她長得好看；卻在腿上生了濕瘡，整天坐在竹床上不能下來，看了怪可憐的。六兒，我怎麼說好，你明白，你臨終時也和母親談過，這孩子是只可以養著玩兒的，他左挨右挨去年春天，到底沒有挨過去。這孩子生了幾個月，你的肺病就重起來了。我勸你少親近他，只監督著老媽子照管就行。你總是忍不住，一會兒提，一會兒抱的。可是你病中為他操的那一份兒心也夠瞧的。那一個夏天他病的時候多，你成天兒忙著，湯呀，藥呀，冷呀，暖呀，連覺也沒有好好兒睡過。那裡有一分一毫想著你自己。瞧著他硬朗點兒你就樂，乾枯的笑容在黃蠟般的臉上，我只有暗中歎氣而已。

從來想不到做母親的要像你這樣。從邁兒起，你總是自己喂乳，一連四個都這樣。你起初不知道按鐘點兒喂，後來知道了，卻又弄不慣；孩子們每夜裡幾次將你哭醒了，特別是悶熱的夏季。我瞧你的覺老沒睡足。白天裡還得做菜，照料孩子，很少得空兒。你的身子本來壞，四個孩子就累你七八年。到了第五個，你自己實在不成了，又沒乳，只好自己餵奶粉，另雇老媽子專管她。但孩子跟老媽子睡，你就沒有放過心；夜裡一聽見哭，就豎起耳朵聽，工夫一大就得過去看。十六年初，和你到北京來，將邁兒，轉子留在家裡；三年多還不能去接他們，可真把你惦記苦了。你並不常提，我卻明白。你後來說你的病就是惦記出來的；那個自然也有份兒，不過大半還是養育孩子累的。你的短短的十二年結婚生活，有十一年耗費在孩子們身上；而你一點不厭倦，有多少力量用多少，一直到自己毀滅為止。你對孩子一般兒愛，不問男的女的，大的小的。也不想到什麼“養兒防老，積穀防饑”，只拚命的愛去。你對於教育老實說有些外行，孩子們只要吃得好玩得好就成了。這也難怪你，你自己便是這樣長大的。況且孩子們原都還小，吃和玩本來也要緊的。你病重的時候最放不下的還是孩子。病的只剩皮包著骨頭了，總不信自己不會好；老說：“我死了，這一大群孩子可苦了。”後來說送你回家，你想著可以看見邁兒和轉子，也願意；你萬不想到會一走不返的。我送車的時候，你忍不住哭了，說：“還不知能不能再見？”可憐，你的心我知道，你滿想著好好兒帶著六個孩子回來見我的。謙，你那時一定這樣想，一定的。

除了孩子，你心裡只有我。不錯，那時你父親還在；可是你母親死了，他另有個女人，你老早就覺得隔了一層似的。出嫁後第一年你雖還一心一意依戀著他老人家，到第二年上我和孩子可就將你的心占住，你再沒有多少工夫惦記他了。你還記得第一年我在北京，你在家裡。家裡來信說你待不住，常回娘家去。我動氣了，馬上寫信責備你。你教人寫了一封復信，說家裡有事，不能不回去。這是你第一次也可以說第末次的抗議，我從此就沒給你寫信。暑假時帶了一肚子主意回去，但見了面，看你一臉笑，也就拉倒了。打這時候起，你漸漸從你父親的懷裡跑到我這兒。你換了金鐲子幫助我的學費，叫我以後還你；但直到你死，我沒有還你。你在我家受了許多氣，又因為我家的緣故受你家裡的氣，你都忍著。這全為的是我，我知道。那回我從家鄉一個中學半途辭職出走。家裡人諷你也走。哪裡走！只得硬著頭皮往你家去。那時你家像個冰窖子，你們在窖裡足足住了三個月。好容易我才將你們領出來了，一同上外省去。小家庭這樣組織起來了。你雖不是什麼闊小姐，可也是自小嬌生慣養的，做起主婦來，什麼都得幹一兩手；你居然做下去了，而且高高興興地做下去了。菜照例滿是你做，可是吃的都是我們；你至多夾上兩三筷子就算了。你的菜做得不壞，有一位老在行大大地誇獎過你。你洗衣服也不錯，夏天我的綢大褂大概總是你親自動手。你在家老不樂意閑著；坐前幾個“月子”，老是四五天就起床，說是躺著家裡事沒條沒理的。其實你起來也還不是沒條理；咱們家那麼多孩子，哪兒來條理？在浙江住的時候，逃過兩回兵難，我都在北平。真虧你領著母親和一群孩子東藏西躲的；末一回還要走多少里路，翻一道大嶺。這兩回差不多只靠你一個人。你不但帶了母親和孩子們，還帶了我一箱箱的書；你知道我是最愛書的。在短短的十二年裡，你操的心比人家一輩子還多；謙，你那樣身子怎麼經得住！你將我的責任一股腦兒擔負了去，壓死了你；我如何對得起你！

你為我的撈什子書也費了不少神；第一回讓你父親的男傭人從家鄉捎到上海去。他說了幾句閒話，你氣得在你父親面前哭了。第二回是帶著逃難，別人都說你傻子。你有你的想頭：“沒有書怎麼教書？況且他又愛這個玩意兒。”其實你沒有曉得，那些書丟了也並不可惜；不過教你怎麼曉得，我平常從來沒和你談過這些個！總而言之，你的心是可感謝的。這十二年裡你為我吃的苦真不少，可是沒有過幾天好日子。我們在一起住，算來也還不到五個年頭。無論日子怎麼壞，無論是離是合，你從來沒對我發過脾氣，連一句怨言也沒有。——別說怨我，就是怨命也沒有過。老實說，我的脾氣可不大好，遷怒的事兒有的是。那些時候你往往抽噎著流眼淚，從不回嘴，也不號啕。不過我也只",不回嘴也不號啕不過我也只,信得過,xindeguo,xin de guo,TRUE,1:信得過 | 2:新的 | 3:心得 | 4:新地 | 5:新得 | 6:鋅的 | 7:信德 | 8:信得 | 9:新德 | 10:心的,TRUE,1,,,,
polyphonic_flagged,098f79fcfae54a8fd8c5f0f6,背影,682,684,"我與父親不相見已二年餘了，我最不能忘記的是他的背影。那年冬天，祖母死了，父親的差使也交卸了，正是禍不單行的日子，我從北京到徐州，打算跟着父親奔喪囘家。到徐州見着父親，看見滿院狼藉的東西，又想起祖母，不禁簌簌地流下眼淚。父親說，「事已如此，不必難過，好在天無絕人之路！」

囘家變賣典質，父親還了虧空；又借錢辦了喪事。這些日子，家中光景很是慘澹，一半爲了喪事，一半爲了父親賦閒。喪事完畢，父親要到南京謀事，我也要囘北京念書，我們便同行。

到南京時，有朋友約去游逛，勾留了一日；第二日上午便須渡江到浦口，下午上車北去。父親因爲事忙，本已說定不送我，叫旅館裏一個熟識的茶房陪我同去。他再三囑付茶房，甚是仔細。但他終於不放心，怕茶房不妥帖；頗躊躇了一會。其實我那年已二十歲，北京已來往過兩三次，是沒有甚麽要緊的了。他躊躇了一會，終於決定還是自己送我去。我兩三囘勸他不必去；他只說，「不要緊，他們去不好！」

我們過了江，進了車站。我買票，他忙着照看行李。行李太多了，得向腳夫行些小費，才可過去。他便又忙着和他們講價錢。我那時眞是聰明過分，總覺他說話不大漂亮，非自己插嘴不可。但他終於講定了價錢；就送我上車。他給我揀定了靠車門的一張椅子；我將他給我做的紫毛大衣鋪好坐位。他囑我路上小心，夜裏要警醒些，不要受涼。又囑託茶房好好照應我。我心裏暗笑他的迂；他們只認得錢，託他們直是白託！而且我這樣大年紀的人，難道還不能料理自己麽？唉，我現在想想，那時眞是太聰明了！

我說道，「爸爸，你走吧。」他望車外看了看，說，「我買幾個橘子去。你就在此地，不要走動。」我看那邊月臺的柵欄外有",動我看那邊月臺的柵欄外有,幾個,jige,ji ge,TRUE,1:幾個 | 2:及格 | 3:幾格 | 4:級格 | 5:肌革 | 6:及 | 7:機 | 8:級 | 9:即 | 10:既,TRUE,1,,,,
polyphonic_flagged,f6fc09f43b15d1247d7c80da,槳聲燈影裏的秦淮河,4355,4357,"一九二三年八月的一晚，我和平伯同遊秦淮河；平伯是初泛，我是重來了。我們雇了一隻「七板子」，在夕陽已去、皎月方來的時候，便下了船。於是槳聲汩汩，我們開始領略那晃蕩著薔薇色的歷史的秦淮河的滋味了。

秦淮河裏的船，比北京万生園、頤和園的船好，比西湖的船好，比揚州瘦西湖的船也好。這幾處的船不是覺著笨，就是覺著簡陋、局促；都不能引起乘客們的情韻，如秦淮河的船一樣。秦淮河的船約略可分為兩種：一是大船；一是小船，就是所謂「七板子」。大船艙口闊大，可容二三十人。裏面陳設著字畫和光潔的紅木家具，桌上一律嵌著冰涼的大理石面。窗格雕鏤頗細，使人起柔膩之感。窗格里映著紅色藍色的玻璃；玻璃上有精緻的花紋，也頗悅人目。「七板子」規模雖不及大船，但那淡藍色的欄杆，空敞的艙，也足繫人情思。而最出色處卻在它的艙前。艙前是甲板上的一部，上面有弧形的頂，兩邊用疏疏的欄杆支著。裏面通常放著兩張藤的躺椅。躺下，可以談天，可以望遠，可以顧盼兩岸的河房。大船上也有這個，但在小船上更覺清雋罷了。艙前的頂下，一律懸著燈彩；燈的多少、明暗，彩蘇的精粗、艷晦，是不一的，但好歹總還你一個燈彩。這燈彩實在是最能勾人的東西。夜幕垂垂地下來時，大小船上都點起燈火。從兩重玻璃裏映出那輻射著的黃黃的散光，反暈出一片朦朧的煙靄；透過這煙靄，在黯黯的水波里，又逗起縷縷的明漪。在這薄靄和微漪裏，聽著那悠然的間歇的槳聲，誰能不被引入他的美夢去呢？只愁夢太多了，這些大小船兒如何載得起呀？我們這時模模糊糊的談著明末的秦淮河的艷跡，如《桃花扇》及《板橋雜記》裏所載的。我們真神往了。我們彷彿親見那時華燈映水，畫舫凌波的光景了。於是我們的船便成了歷史的重載了。我們終於恍然秦淮河的船所以雅麗過於他處，而又有奇異的吸引力的，實在是許多歷史的影像使然了。

秦淮河的水是碧陰陰的；看起來厚而不膩，或者是六朝金粉所凝麼？我們初上船的時候，天色還未斷黑，那漾漾的柔波是這樣恬靜、委婉，使我們一面有水闊天空之想，一面又憧憬著紙醉金迷之境了。等到燈火明時，陰陰的變為沈沉了：黯淡的水光，像夢一般；那偶然閃爍著的光芒，就是夢的眼睛了。我們坐在艙前，因了那隆起的頂棚，彷彿總是昂著首向前走著似的；於是飄飄然如御風而行的我們，看著那些自在的灣泊著的船，船裏走馬燈般的人物，便像是下界一般，迢迢的遠了，又像在霧裏看花，盡朦朦朧朧的。這時我們已過了利涉橋，望見東關頭了。沿路聽見斷續的歌聲：有從沿河的妓樓飄來的，有從河上船裏渡來的。我們明知那些歌聲，只是些因襲的言詞，從生澀的歌喉裏機械的發出來的；但它們經了夏夜的微風的吹漾和水波的搖拂，嬝娜著到我們耳邊的時候，已經不單是她們的歌聲，而混著微風和河水的密語了。於是我們不得不被牽惹著，震撼著，相與浮沉於這歌聲裏了。從東關頭轉彎，不久就到大中橋。大中橋共有三個橋拱，都很闊大，儼然是三座門兒；使我們覺得我們的船和船裏的我們，在橋下過去時，真是太無顏色了。橋磚是深褐色，表明它的歷史的長久；但都完好無缺，令人太息於古昔工程的堅美。橋上兩旁都是木壁的房子，中間應該有街路。這些房子都破舊了，多年煙熏的跡，遮沒了當年的美麗。我想像秦淮河的極盛時，在這樣宏闊的橋上，特地蓋了房子，必然是髹漆得富富麗麗的；晚間必然是燈火通明的，現在卻只剩下一片黑沉沉！但是橋上造著房子，畢竟使我們多少可以想見往日的繁華；這也慰情聊勝無了。過了大中橋，便到了燈月交輝、笙歌徹夜的秦淮河，這才是秦淮河的真面目哩。

大中橋外，頓然空闊，和橋內兩岸排著密密的人家的景像大異了。一眼望去，疏疏的林，淡淡的月，襯著蔚藍的天，頗像荒江野渡光景；那邊呢，鬱叢叢的，陰森森的，又似乎藏著無邊的黑暗，令人幾乎不信那是繁華的秦淮河了。但是河中眩暈著的燈光，縱橫著的畫舫，悠揚著的笛韻，夾著那吱吱的胡琴聲，終於使我們認識綠如茵陳酒的秦淮水了。此地天裸露著的多些，故覺夜來的獨遲些；從清清的水影裏，我們感到的只是薄薄的夜——這正是秦淮河的夜。大中橋外，本來還有一座復成橋，是船夫口中的我們的遊踪盡處，或也是秦淮河繁華的盡處了。我的腳曾踏過復成橋的脊，在十三四歲的時候。但是兩次遊秦淮河，卻都不曾見著復成橋的面；明知總在前途的，卻常覺得有些虛無縹緲似的。我想，不見倒也好。這時正是盛夏。我們下船後，藉著新生的晚涼和河上的微風，暑氣已漸漸消散；到了此地，豁然開朗，身子頓然輕了——習習的清風荏苒在面上、手上、衣上，這便又感到了一縷新涼了。南京的日光，大概沒有杭州猛烈；西湖的夏夜老是熱蓬蓬的，水像沸著一般，秦淮河的水卻盡是這樣冷冷地綠著。任你人影的憧憧，歌聲的擾擾，總像隔著一層薄薄的綠紗面冪似的；它盡是這樣靜靜的、冷冷的綠著。我們出了大中橋，走不上半里路，船夫便將船劃到一旁，停了槳由它宕著。他以為那裏正是繁華的極點，再過去就是荒涼了；所以讓我們多多賞鑑一會兒。他自己卻靜靜的蹲著。他是看慣這光景的了，大約只是一個無可無不可。這無可無不可，無論是升的沉的，總之，都比我們高了。

那時河裏鬧熱極了；船大半泊著，小半在水上穿梭似的來往。停泊著的都在近市的那一邊，我們的船自然也夾在其中。因為這邊略略的擠，便覺得那邊十分的疏了。在每一隻船從那邊過去時，我們能畫出它的輕輕的影和曲曲的波，在我們的心上；這顯著是空，且顯著是靜了。那時處處都是歌聲和淒厲的胡琴聲，圓潤的喉嚨，確乎是很少的。但那生澀的，尖脆的調子能使人有少年的，粗率不拘的感覺，也正可快我們的意。況且多少隔開些兒聽著，因為想像與渴慕的做美，總覺更有滋味；而竟發的喧囂，抑揚的不齊，遠近的雜沓，和樂器的嘈嘈切切，合成另一意味的諧音，也使我們無所適從，如隨著大風而走。這實在因為我們的心枯澀久了，變為脆弱；故偶然潤澤一下，便瘋狂似的不能自主了，但秦淮河確也膩人。即如船裏的人面，無論是和我們一堆儿泊著的，無論是從我們眼前過去的，總是模模糊糊的，甚至渺渺茫茫的；任你張圓了眼睛，揩淨了眥垢，也是枉然，這真夠人想呢。在我們停泊的地方，燈光原是紛然的；不過這些燈光都是黃而有暈的。黃已經不能明了，再加上了暈，便更不成了。燈愈多，暈就愈甚；在繁星般的黃的交錯裏，秦淮河彷彿籠上了一團光霧。光芒與霧氣騰騰的暈著，什麼都只剩了輪廓了；所以人面的詳細的曲線，便消失於我們的眼底了。但燈光究竟奪不了那邊的月色；燈光是渾的，月色是清的。在渾沌的燈光裏，滲入一派清輝，卻真是奇蹟！那晚月兒已瘦削了兩三分。她晚妝才罷，盈盈的上了柳梢頭。天是藍得可愛，彷彿一汪水似的；月兒便更出落得精神了。岸上原有三株兩株的垂楊樹，淡淡的影子，在水里搖曳著。它們那柔細的枝條浴著月光，就像一支支美人的臂膊，交互的纏著、挽著；又像是月兒披著的髪。而月兒偶爾也從它們的交叉處偷偷窺看我們，大有小姑娘怕羞的樣子。岸上另有幾株不知名的老樹，光光的立著；在月光裏照起來，卻又儼然是精神矍鑠的老人。遠處快到天際線了，才有一兩片白雲，亮得現出異彩，像是美麗的貝殼一般。白雲下便是黑黑的一帶輪廓；是一條隨意畫的不規則的曲線。這一段光景，和河中的風味大異了。但燈與月竟能並存著，交融著，使月成了纏綿的月，燈射著渺渺的靈輝，這正是天之所以厚秦淮河，也正是天之所以厚我們了。

這時卻遇著了難解的糾紛。秦淮河上原有一種歌妓，是以歌為業的。從前都在茶舫上，唱些大曲之類。每日午後一時起；什麼時候止，卻忘記了。晚上照樣也有一回，也在黃暈的燈光裏。我從前過南京時，曾隨著朋友去聽過兩次。因為茶舫裏的人臉太多了，覺得不大適意，終於聽不出所以然。前年聽說歌妓被取締了，不知怎的，頗涉想了幾次卻想不出什麼。這次到南京，先到茶舫上去看看，覺得頗是寂寥，令我無端的悵悵了。不料她們卻仍在秦淮河裏掙扎著，不料她們竟會糾纏到我們，我於是很張皇了，她們也乘著「七板子」，她們總是坐在艙前的。艙前點著石油汽燈，光亮炫人眼目：坐在下面的，自然是纖毫畢見了。引誘客人們的力量，也便在此了。艙裏躲著樂工等人，映著汽燈的餘輝蠕動著；他們是永遠不被注意的。每船的歌妓大約都是二人；天色一黑，她們的船就在大中橋外往來不息的兜生意。無論行著的船，泊著的船，都要來兜攬的。這都是我後來推想出來的。那晚不知怎樣，忽然輪著我們的船了。我們的船好好的停著，一隻歌舫劃向我們來了；漸漸和我們的船並著了。爍爍的燈光逼得我們皺起了眉頭；我們的風塵色全給它托出來了，這使我踧踖不安了。那時一個伙計跨過船來，拿著攤開的歌摺，就近塞向我的手裏，說：「點幾出吧！」他跨過來的時候，我們船上似乎有許多眼光跟著。同時相近的別的船上也似乎有許多眼睛炯炯的向我們船上看著。我真窘了！我也裝出大方的樣子，向歌妓們瞥了一眼，但究竟是不成的！我勉強將那歌摺翻了一翻，卻不曾看清了幾個字；便趕緊遞還那伙計，一面不好意思地說「不要，我們⋯⋯不要。」他便塞給平伯，平伯掉轉頭去，搖手說：「不要！」那人還膩著不走。平伯又回過臉來，搖著頭道「不要！」於是那人重到我處，我窘著再拒絕了他。他這纔有所不屑似的走了。

我的心立刻放下，如釋了重負一般。我們就開始自白了。

我說我受了道德律的壓迫，拒絕了她們；心裏似乎很抱歉的。這所謂抱歉，一面對於她們，一面對於我自己。她們於我們雖然沒有很奢的希望；但總有些希望的。我們拒絕了她們，無論理由如何充足，卻使她們的希望受了傷；這總有幾分不做美了，這是我覺得很悵悵的。至於我自己，更有一種不足之感。我這時被四面的歌聲誘惑了，降伏了；但是遠遠的，遠遠的歌聲總彷彿隔著重衣搔癢似的，越搔越搔不著癢處。我於是憧憬著貼耳的妙音了。在歌舫劃來時，我的憧憬，變為盼望；我固執的盼望著，有如飢渴。雖然從淺薄的經驗裏，也能夠推知，那貼耳的歌聲，將剝去了一切的美妙；但一個平常的人像我的，谁愿憑了理性之力去醜化未來呢？我寧願自己騙著了。不過我的社會感性是很敏銳的；我的思力能拆穿道德律的西洋鏡，而我的感情卻終於被它壓服著。我於是有所顧忌了，尤其是在眾目昭彰的時候。道德律的力，本來是民眾賦予的；在民眾的面前，自然更顯出它的威嚴了。我這時一面盼望，一面卻感到了兩重的禁制：一、在通俗的意義上，接近妓者總算一種不正當的行為；二、妓是一種不健全的職業，我們對於她們，應有哀矜勿喜之心，不應賞玩的去聽她們的歌。在眾目睽睽之下，這兩種思想在我心裏最為旺盛。她們暫時壓倒了我的聽歌的盼望，這便成就了我的灰色的拒絕。那時的心實在異常狀態中，覺得頗是昏亂。歌舫去了，暫時寧靜之後，我的思緒又如潮湧了。兩個相反的意思在我心頭往復：賣歌和賣淫不同，聽歌和狎妓不同，又干道德甚事？但是，但是，她們既被逼的以歌為業，她們的歌必無藝術味的；況她們的身世，我們究竟該同情的，所以拒絕倒也是正辦。但",情的所以拒絕倒也是正辦但,這些,zhexie,zhe xie,TRUE,1:這些 | 2:浙西 | 3:懾息 | 4:慴息 | 5:這 | 6:着 | 7:者 | 8:折 | 9:著 | 10:哲,TRUE,1,,,,
polyphonic_flagged,d4fa1c1a459808a6ab3322b0,給亡婦,1706,1708,"謙，日子真快，一眨眼你已經死了三個年頭了。這三年裡世事不知變化了多少回，但你未必注意這些個，我知道。你第一惦記的是你幾個孩子，第二便輪著我。孩子和我平分你的世界，你在日如此；你死後若還有知，想來還如此的。告訴你，我夏天回家來著：邁兒長得結實極了，比我高一個頭。閏兒父親說是最乖，可是沒有先前胖了。采芷和轉子都好。五兒全家誇她長得好看；卻在腿上生了濕瘡，整天坐在竹床上不能下來，看了怪可憐的。六兒，我怎麼說好，你明白，你臨終時也和母親談過，這孩子是只可以養著玩兒的，他左挨右挨去年春天，到底沒有挨過去。這孩子生了幾個月，你的肺病就重起來了。我勸你少親近他，只監督著老媽子照管就行。你總是忍不住，一會兒提，一會兒抱的。可是你病中為他操的那一份兒心也夠瞧的。那一個夏天他病的時候多，你成天兒忙著，湯呀，藥呀，冷呀，暖呀，連覺也沒有好好兒睡過。那裡有一分一毫想著你自己。瞧著他硬朗點兒你就樂，乾枯的笑容在黃蠟般的臉上，我只有暗中歎氣而已。

從來想不到做母親的要像你這樣。從邁兒起，你總是自己喂乳，一連四個都這樣。你起初不知道按鐘點兒喂，後來知道了，卻又弄不慣；孩子們每夜裡幾次將你哭醒了，特別是悶熱的夏季。我瞧你的覺老沒睡足。白天裡還得做菜，照料孩子，很少得空兒。你的身子本來壞，四個孩子就累你七八年。到了第五個，你自己實在不成了，又沒乳，只好自己餵奶粉，另雇老媽子專管她。但孩子跟老媽子睡，你就沒有放過心；夜裡一聽見哭，就豎起耳朵聽，工夫一大就得過去看。十六年初，和你到北京來，將邁兒，轉子留在家裡；三年多還不能去接他們，可真把你惦記苦了。你並不常提，我卻明白。你後來說你的病就是惦記出來的；那個自然也有份兒，不過大半還是養育孩子累的。你的短短的十二年結婚生活，有十一年耗費在孩子們身上；而你一點不厭倦，有多少力量用多少，一直到自己毀滅為止。你對孩子一般兒愛，不問男的女的，大的小的。也不想到什麼“養兒防老，積穀防饑”，只拚命的愛去。你對於教育老實說有些外行，孩子們只要吃得好玩得好就成了。這也難怪你，你自己便是這樣長大的。況且孩子們原都還小，吃和玩本來也要緊的。你病重的時候最放不下的還是孩子。病的只剩皮包著骨頭了，總不信自己不會好；老說：“我死了，這一大群孩子可苦了。”後來說送你回家，你想著可以看見邁兒和轉子，也願意；你萬不想到會一走不返的。我送車的時候，你忍不住哭了，說：“還不知能不能再見？”可憐，你的心我知道，你滿想著好好兒帶著六個孩子回來見我的。謙，你那時一定這樣想，一定的。

除了孩子，你心裡只有我。不錯，那時你父親還在；可是你母親死了，他另有個女人，你老早就覺得隔了一層似的。出嫁後第一年你雖還一心一意依戀著他老人家，到第二年上我和孩子可就將你的心占住，你再沒有多少工夫惦記他了。你還記得第一年我在北京，你在家裡。家裡來信說你待不住，常回娘家去。我動氣了，馬上寫信責備你。你教人寫了一封復信，說家裡有事，不能不回去。這是你第一次也可以說第末次的抗議，我從此就沒給你寫信。暑假時帶了一肚子主意回去，但見了面，看你一臉笑，也就拉倒了。打這時候起，你漸漸從你父親的懷裡跑到我這兒。你換了金鐲子幫助我的學費，叫我以後還你；但直到你死，我沒有還你。你在我家受了許多氣，又因為我家的緣故受你家裡的氣，你都忍著。這全為的是我，我知道。那回我從家鄉一個中學半途辭職出走。家裡人諷你也走。哪裡走！只得硬著頭皮往你家去。那時你家像個冰窖子，你們在窖裡足足住了三個月。好容易我才將你們領出來了，一同上外省去。小家庭這樣組織起來了。你雖不是什麼闊小姐，可也是自小嬌生慣養的，做起主婦來，什麼都得幹一兩手；你居然做下去了，而且高高興興地做下去了。菜照例滿是你做，可是吃的都是我們；你至多夾上兩三筷子就算了。你的菜做得不壞，有一位老在行大大地誇獎過你。你洗衣服也不錯，夏天我的綢大褂大概總是你親自動手。你在家老不樂意閑著；坐前幾個“月子”，老是四五天就起床，說是躺著家裡事沒條沒理的。其實你起來也還不是沒條理；咱們家那麼多孩子，哪兒來條理？在浙江住的時候，逃過兩回兵難，我都在北平。真虧你領著母親和一群孩子東藏西躲的；末一回",一群孩子東藏西躲的末一回,還要,haiyao,hai yao,TRUE,1:還要 | 2:還咬 | 3:還搖 | 4:海妖 | 5:嗨喲 | 6:海牙 | 7:嗨呀 | 8:海崖 | 9:還 | 10:海,TRUE,1,,,,
polyphonic_flagged,cf9a8d4466e7cf32d51f2176,春,646,648,"盼望着，盼望着，東風來了，春天的腳步近了。

一切都像剛睡醒的樣子，欣欣然張開了眼。山朗潤起來了，水長起來了，太陽的臉紅起來了。

小草偷偷地從土裏鑽出來，嫩嫩的，綠綠的。園子裏，田野裏，瞧去，一大片一大片滿是的。坐着，躺着，打兩個滾，踢幾腳球，賽幾䠀跑，捉幾回迷藏。風輕悄悄的，草軟綿綿的。

桃樹、杏樹、梨樹，你不讓我，我不讓你，都開滿了花趕䠀兒。紅的像火，粉的像霞，白的像雪。花裏帶着甜味；閉了眼，樹上仿彿已經滿是桃兒、杏兒、梨兒！花下成千成百的蜜蜂嗡嗡地鬧着，大小的蝴蝶飛來飛去。野花遍地是：雜樣兒，有名字的，沒名字的，散在草叢裏，像眼睛，像星星，還眨呀眨的。

「吹面不寒楊柳風」，不錯的，像母親的手撫摸着你。風裏帶來些新翻的泥土的氣息，混着青草味，還有各種花的香，都在微微潤溼的空氣裏醞釀。鳥兒將窠巢安在繁花嫩葉當中，高興起來了，呼朋引伴地賣弄清脆的喉嚨，唱出宛轉的曲子，與輕風流水應和着。牛背上牧童的短笛，這時候也成天在嘹亮地響。

雨是最尋常的，一下就是三兩天。可別惱。看，像牛毛，像花針，像細絲，密密地斜織着，人家屋頂上全籠着一層薄煙。樹葉子却綠得發亮，小草也青得逼你的眼。傍晚時候，上燈了，一點點黃暈的光，烘托出一片安靜而和平的夜。鄉下去，小路上，石橋邊，撑起傘慢慢走着的人；還有地裏工作的農夫，披着蓑戴着笠的。他們的草屋，稀稀疏疏的在雨裏靜默着。

天上風箏漸漸多了，地上孩子也多了。城裏鄉下，家家戶戶，老老小小，他們也趕䠀兒似的，一個個都出來了。舒活舒活筋骨，抖擻抖擻",來了舒活舒活筋骨抖擻抖擻,精神,jingshen,jing shen,TRUE,1:精神 | 2:景深 | 3:精深 | 4:淨身 | 5:敬神 | 6:精審 | 7:井深 | 8:敬慎 | 9:敬身 | 10:經,TRUE,1,,,,
polyphonic_flagged,0d23689bc549a40d115f0d0c,槳聲燈影裏的秦淮河,2545,2547,"一九二三年八月的一晚，我和平伯同遊秦淮河；平伯是初泛，我是重來了。我們雇了一隻「七板子」，在夕陽已去、皎月方來的時候，便下了船。於是槳聲汩汩，我們開始領略那晃蕩著薔薇色的歷史的秦淮河的滋味了。

秦淮河裏的船，比北京万生園、頤和園的船好，比西湖的船好，比揚州瘦西湖的船也好。這幾處的船不是覺著笨，就是覺著簡陋、局促；都不能引起乘客們的情韻，如秦淮河的船一樣。秦淮河的船約略可分為兩種：一是大船；一是小船，就是所謂「七板子」。大船艙口闊大，可容二三十人。裏面陳設著字畫和光潔的紅木家具，桌上一律嵌著冰涼的大理石面。窗格雕鏤頗細，使人起柔膩之感。窗格里映著紅色藍色的玻璃；玻璃上有精緻的花紋，也頗悅人目。「七板子」規模雖不及大船，但那淡藍色的欄杆，空敞的艙，也足繫人情思。而最出色處卻在它的艙前。艙前是甲板上的一部，上面有弧形的頂，兩邊用疏疏的欄杆支著。裏面通常放著兩張藤的躺椅。躺下，可以談天，可以望遠，可以顧盼兩岸的河房。大船上也有這個，但在小船上更覺清雋罷了。艙前的頂下，一律懸著燈彩；燈的多少、明暗，彩蘇的精粗、艷晦，是不一的，但好歹總還你一個燈彩。這燈彩實在是最能勾人的東西。夜幕垂垂地下來時，大小船上都點起燈火。從兩重玻璃裏映出那輻射著的黃黃的散光，反暈出一片朦朧的煙靄；透過這煙靄，在黯黯的水波里，又逗起縷縷的明漪。在這薄靄和微漪裏，聽著那悠然的間歇的槳聲，誰能不被引入他的美夢去呢？只愁夢太多了，這些大小船兒如何載得起呀？我們這時模模糊糊的談著明末的秦淮河的艷跡，如《桃花扇》及《板橋雜記》裏所載的。我們真神往了。我們彷彿親見那時華燈映水，畫舫凌波的光景了。於是我們的船便成了歷史的重載了。我們終於恍然秦淮河的船所以雅麗過於他處，而又有奇異的吸引力的，實在是許多歷史的影像使然了。

秦淮河的水是碧陰陰的；看起來厚而不膩，或者是六朝金粉所凝麼？我們初上船的時候，天色還未斷黑，那漾漾的柔波是這樣恬靜、委婉，使我們一面有水闊天空之想，一面又憧憬著紙醉金迷之境了。等到燈火明時，陰陰的變為沈沉了：黯淡的水光，像夢一般；那偶然閃爍著的光芒，就是夢的眼睛了。我們坐在艙前，因了那隆起的頂棚，彷彿總是昂著首向前走著似的；於是飄飄然如御風而行的我們，看著那些自在的灣泊著的船，船裏走馬燈般的人物，便像是下界一般，迢迢的遠了，又像在霧裏看花，盡朦朦朧朧的。這時我們已過了利涉橋，望見東關頭了。沿路聽見斷續的歌聲：有從沿河的妓樓飄來的，有從河上船裏渡來的。我們明知那些歌聲，只是些因襲的言詞，從生澀的歌喉裏機械的發出來的；但它們經了夏夜的微風的吹漾和水波的搖拂，嬝娜著到我們耳邊的時候，已經不單是她們的歌聲，而混著微風和河水的密語了。於是我們不得不被牽惹著，震撼著，相與浮沉於這歌聲裏了。從東關頭轉彎，不久就到大中橋。大中橋共有三個橋拱，都很闊大，儼然是三座門兒；使我們覺得我們的船和船裏的我們，在橋下過去時，真是太無顏色了。橋磚是深褐色，表明它的歷史的長久；但都完好無缺，令人太息於古昔工程的堅美。橋上兩旁都是木壁的房子，中間應該有街路。這些房子都破舊了，多年煙熏的跡，遮沒了當年的美麗。我想像秦淮河的極盛時，在這樣宏闊的橋上，特地蓋了房子，必然是髹漆得富富麗麗的；晚間必然是燈火通明的，現在卻只剩下一片黑沉沉！但是橋上造著房子，畢竟使我們多少可以想見往日的繁華；這也慰情聊勝無了。過了大中橋，便到了燈月交輝、笙歌徹夜的秦淮河，這才是秦淮河的真面目哩。

大中橋外，頓然空闊，和橋內兩岸排著密密的人家的景像大異了。一眼望去，疏疏的林，淡淡的月，襯著蔚藍的天，頗像荒江野渡光景；那邊呢，鬱叢叢的，陰森森的，又似乎藏著無邊的黑暗，令人幾乎不信那是繁華的秦淮河了。但是河中眩暈著的燈光，縱橫著的畫舫，悠揚著的笛韻，夾著那吱吱的胡琴聲，終於使我們認識綠如茵陳酒的秦淮水了。此地天裸露著的多些，故覺夜來的獨遲些；從清清的水影裏，我們感到的只是薄薄的夜——這正是秦淮河的夜。大中橋外，本來還有一座復成橋，是船夫口中的我們的遊踪盡處，或也是秦淮河繁華的盡處了。我的腳曾踏過復成橋的脊，在十三四歲的時候。但是兩次遊秦淮河，卻都不曾見著復成橋的面；明知總在前途的，卻常覺得有些虛無縹緲似的。我想，不見倒也好。這時正是盛夏。我們下船後，藉著新生的晚涼和河上的微風，暑氣已漸漸消散；到了此地，豁然開朗，身子頓然輕了——習習的清風荏苒在面上、手上、衣上，這便又感到了一縷新涼了。南京的日光，大概沒有杭州猛烈；西湖的夏夜老是熱蓬蓬的，水像沸著一般，秦淮河的水卻盡是這樣冷冷地綠著。任你人影的憧憧，歌聲的擾擾，總像隔著一層薄薄的綠紗面冪似的；它盡是這樣靜靜的、冷冷的綠著。我們出了大中橋，走不上半里路，船夫便將船劃到一旁，停了槳由它宕著。他以為那裏正是繁華的極點，再過去就是荒涼了；所以讓我們多多賞鑑一會兒。他自己卻靜靜的蹲著。他是看慣這光景的了，大約只是一個無可無不可。這無可無不可，無論是升的沉的，總之，都比我們高了。

那時河裏鬧熱極了；船大半泊著，小半在水上穿梭似的來往。停泊著的都在近市的那一邊，我們的船自然也夾在其中。因為這邊略略的擠，便覺得那邊十分的疏了。在每一隻船從那邊過去時，我們能畫出它的輕輕的影和曲曲的波，在我們的心上；這顯著是空，且顯著是靜了。那時處處都是歌聲和淒厲的胡琴聲，圓潤的喉嚨，確乎是很少的。但那生澀的，尖脆的調子能使人有少年的，粗率不拘的感覺，也正可快我們的意。況且多少隔開些兒聽著，因為想像與渴慕的做美，總覺更有滋味；而竟發的喧囂，抑揚的不齊，遠近的雜沓，和樂器的嘈嘈切切，合成另一意味的諧音，也使我們無所適從，如隨著大風而走。這實在因為我們的心枯澀久了，變為脆弱；故偶然潤澤一下，便瘋狂似的不能自主了，但秦淮河確也膩人。即如船裏的人面，無論是和我們一堆儿泊著的，無論是從我們眼前過去的，總是模模糊糊的，甚至渺渺茫茫的；任你張圓了眼睛，揩淨了眥垢，也是枉然，這真夠人想呢。在我們停泊的地方，燈光原是紛然的；不過這些燈光都是黃而有暈的。黃已經不能明了，再加上了暈，便更不成了。燈愈多，暈就愈甚；在繁星般的黃的交錯裏，秦淮河彷彿籠上了一團光霧。光芒與霧氣騰騰的暈著，什麼都只剩了輪廓了；",的暈著什麼都只剩了輪廓了,所以,suoyi,suo yi,TRUE,1:所以 | 2:蓑衣 | 3:所依 | 4:簑衣 | 5:所 | 6:鎖 | 7:索 | 8:縮 | 9:塑 | 10:嗦,TRUE,1,,,,
polyphonic_flagged,730d2fc0e3365afff546ec89,阿河,3600,3602,"我這一回寒假，因為養病，住到一家親戚的別墅里去。那別墅是在鄉下。前面偏左的地方，是一片淡藍的湖水，對岸環擁著不盡的青山。山的影子倒映在水里，越顯得清清朗朗的。水面常如鏡子一般。風起時，微有皺痕；像少女們皺她們的眉頭，過一會子就好了。湖的余勢束成一條小港，緩緩地不聲不響地流過別墅的門前。門前有一條小石橋，橋那邊盡是田畝。這邊沿岸一帶，相間地栽著桃樹和柳樹，春來當有一番熱鬧的夢。別墅外面繚繞著短短的竹篱，篱外是小小的路。里邊一座向南的樓，背后便倚著山。西邊是三間平屋，我便住在這里。院子里有兩塊草地，上面隨便放著兩三塊石頭。另外的隙地上，或羅列著盆栽，或种蒔著花草。篱邊還有几株枝干蟠曲的大樹，有一株几乎要伸到水里去了。

我的親戚韋君只有夫婦二人和一個女儿。她在外邊念書，這時也剛回到家里。她邀來三位同學，同到她家過這個寒假；兩位是親戚，一位是朋友。她們住著樓上的兩間屋子。韋君夫婦也住在樓上。樓下正中是客廳，常是閒著，西間是吃飯的地方；東間便是韋君的書房，我們談天，喝茶，看報，都在這里。我吃了飯，便是一個人，也要到這里來閒坐一回。我來的第二天，韋小姐告訴我，她母親要給她們找一個好好的女用人；長工阿齊說有一個表妹，母親叫他明天就帶來做做看呢。她似乎很高興的樣子，我只是不經意地答應。

平屋与樓屋之間，是一個小小的廚房。我住的是東面的屋子，從窗子里可以看見廚房里人的來往。這一天午飯前，我偶然向外看看，見一個面生的女用人，兩手提著兩把白鐵壺，正往廚房里走；韋家的李媽在她前面領著，不知在和她說甚么話。她的頭髮亂蓬蓬的，像冬天的枯草一樣。身上穿著鑲邊的黑布棉襖和夾褲，黑里已泛出黃色；棉襖長与膝齊，夾褲也直拖到腳背上。腳倒是雙天足，穿著尖頭的黑布鞋，后跟還帶著兩片同色的“葉拔儿”。想這就是阿齊帶來的女用人了；想完了就坐下看書。晚飯后，韋小姐告訴我，女用人來了，她的名字叫“阿河”。我說，“名字很好，只是人土些；還能做么？”她說，“別看她土，很聰明呢。”我說，“哦。”便接著看手中的報了。

以后每天早上，中上，晚上，我常常看見阿河挈著水壺來往；她的眼似乎總是望前看的。兩個禮拜匆匆地過去了。韋小姐忽然和我說，你別看阿河土，她的志气很好，她是個可怜的人。我和娘說，把我前年在家穿的那身棉襖褲給了她吧。我嫌那兩件衣服太花，給了她正好。娘先不肯，說她來了沒有几天；后來也肯了。今天拿出來讓她穿，正合式呢。我們教給她打絨繩鞋，她真聰明，一學就會了。她說拿到工錢，也要打一雙穿呢。我等几天再和娘說去。

“她這樣愛好！怪不得頭髮光得多了，原來都是你們教她的。好！你們盡教她講究，她將來怕不愿回家去呢。”大家都笑了。

舊新年是過去了。因為江浙的兵事，我們的學校一時還不能開學。我們大家都樂得在別墅里多住些日子。這時阿河如換了一個人。她穿著寶藍色挑著小花儿的布棉襖褲；腳下是嫩藍色毛繩鞋，鞋口還綴著兩個半藍半白的小絨球儿。我想這一定是她的小姐們給幫忙的。古語說得好，“人要衣裳馬要鞍”，阿河這一打扮，真有些楚楚可怜了。她的頭髮早已是刷得光光的，覆額的留海也梳得十分伏帖。一張小小的圓臉，如正開的桃李花；臉上并沒有笑，卻隱隱地含著春日的光輝，像花房里充了蜜一般。這在我几乎是一個奇跡；我現在是常站在窗前看她了。我覺得在深山里發見了一粒貓儿眼；這樣精純的貓儿眼，是我生平所僅見！我覺得我們相識已太長久，极愿和她說一句話——极平淡的話，一句也好。但我怎好平白地和她攀談呢？這樣郁郁了一禮拜。

這是元宵節的前一晚上。我吃了飯，在屋里坐了一會，覺得有些無聊，便信步走到那書房里。拿起報來，想再細看一回。忽然門鈕一響，阿河進來了。她手里拿著三四支顏色鉛筆；出乎意料地走近了我。她站在我面前了，靜靜地微笑著說：“白先生，你知道鉛筆刨在哪里？”一面將拿著的鉛筆給我看。我不自主地立起來，匆忙地應道，“在這里；”我用手指著南邊柱子。但我立刻覺得這是不夠的。我領她走近了柱子。這時我像閃電似地躊躇了一下，便說，“我…… 我……”她一聲不響地已將一支鉛筆交給我。我放進刨子里刨給她看。刨了兩下，便想交給她；但終于刨完了一支，交還了她。她接了筆略看一看，仍仰著臉向我。我窘极了。剎那間念頭轉了好几個圈子；到底硬著頭皮搭訕著說，“就這樣刨好了。”我赶緊向門外一瞥，就走回原處看報去。但我的頭剛低下，我的眼已抬起來了。于是遠遠地從容地問道，“你會么？”她不曾掉過頭來，只“嚶”了一聲，也不說話。我看了她背影一會。覺得應該低下頭了。等我再抬起頭來時，她已默默地向外走了。她似乎總是望前看的；我想再問她一句話，但終于不曾出口。我撇下了報，站起來走了一會，便回到自己屋里。

我一直想著些什么，但什么也沒有想出。

第二天早上看見她往廚房里走時，我發愿我的眼將老跟著她的影子！她的影子真好。她那几步路走得又敏捷，又勻稱，又苗條，正如一只可愛的小貓。她兩手各提著一只水壺，又令我想到在一條細細的索儿上抖擻精神走著的女子。這全由于她的腰；她的腰真太軟了，用白水的話說，真是軟到使我如吃蘇州的牛皮糖一樣。不止她的腰，我的日記里說得好：“她有一套和云霞比美，水月爭靈的曲線，織成大大的一張迷惑的网！”而那兩頰的曲線，尤其甜蜜可人。她兩頰是白中透著微紅，潤澤如玉。她的皮膚，嫩得可以掐出水來；我的日記里說，“我很想去掐她一下呀！”她的眼像一雙小燕子，老是在灩灩的春水上打著圈儿。她的笑最使我記住，像一朵花漂浮在我的腦海里。我不是說過，她的小圓臉像正開的桃花么？那么，她微笑的時候，便是盛開的時候了：花房里充滿了蜜，真如要流出來的樣子。她的髮不甚厚，但黑而有光，柔軟而滑，如純絲一般。只可惜我不曾聞著一些儿香。唉！從前我在窗前看她好多次，所得的真太少了；若不是昨晚一見，——雖只几分鐘——我真太對不起這樣一個人儿了。

午飯后，韋君照例地睡午覺去了，只有我，韋小姐和其他三位小姐在書房里。我有意無意地談起阿河的事。我說：

“你們怎知道她的志气好呢？”

“那天我們教給她打絨繩鞋；”一位蔡小姐便答道，“看她很聰明，就問她為甚么不念書？她被我們一問，就傷心起來了。……”

“是的，”韋小姐笑著搶了說，“后來還哭了呢；還有一位傻子陪她淌眼淚呢。”

那邊黃小姐可急了，走過來推了她一下。蔡小姐忙攔住道，“人家說正經話，你們盡鬧著玩儿！讓我說完了呀——”“我代你說啵，”韋小姐仍搶著說，“——她說她只有一個爹，沒有娘。嫁了一個男人，倒有三十多歲，土頭土腦的，臉上滿是包！他是李媽的鄰舍，我還看見過呢。……”“好了，底下我說吧。”蔡小姐接著道，“她男人又不要好，盡愛賭錢；她一气，就住到娘家來，有一年多不回去了。”

“她今年几歲？”我問。

“十七不知十八？前年出嫁的，几個月就回家了，”蔡小姐說。

“不，十八，我知道，”韋小姐改正道。

“哦。你們可曾勸她离婚？”

“怎么不勸；”韋小姐應道，“她說十八回去吃她表哥的喜酒，要和她的爹去說呢。”

“你們教她的好事，該當何罪！”我笑了。

她們也都笑了。

十九的早上，我正在屋里看書，听見外面有嚷嚷的聲音；這是從來沒有的。我立刻走出來看；只見門外有兩個鄉下人要走進來，卻給阿齊攔住。他們只是央告，阿齊只是不肯。這時韋君已走出院中，向他們道，

“你們回去吧。人在我這里，不要緊的。快回去，不要瞎吵！”

兩個人面面相覷，說不出一句話；俄延了一會，只好走了。我問韋君什么事？他說，

“阿河囉！還不是瞎吵一回子。”

我想他于男女的事向來是懶得說的，還是回頭問他小姐的好；我們便談到別的事情上去。

吃了飯，我赶緊問韋小姐，她說，

“她是告訴娘的，你問娘去。”

我想這件事有些尷尬，便到西間里問韋太太；她正看著李媽收拾碗碟呢。她見我問，便笑著說，

“你要問這些事做什么？她昨天回去，原是借了阿桂的衣裳穿了去的，打扮得嬌滴滴的，也難怪，被她男人看見了，便約了些不相干的人，將她搶回去過了一夜。今天早上，她騙她男人，說要到此地來拿行李。她男人就會信她，派了兩個人跟著。那知她到了這里，便叫阿齊攔著那跟來的人；她自己便跪在我面前哭訴，說死也不愿回她男人家去。你說我有什么法子。只好讓那跟來的人先回去再說。好在沒有几天，她們要上學了，我將來交給她的爹吧。唉，現在的人，心眼儿真是越過越大了；一個鄉下女人，也會鬧出這樣惊天動地的事了！”

“可不是，”李媽在旁插嘴道，“太太你不知道；我家三叔前儿來，我還听他說呢。我本不該說的，阿彌陀佛！太太，你想她不愿意回婆家，老愿意住在娘家，是什么道理？家里只有一個單身的老子；你想那該死的老畜生！他舍不得放她回去呀！”

“低些，真的么？”韋太太惊詫地問。

“他們說得千真万确的。我早就想告訴太太了，總有些疑心；今天看她的樣子，真有几分對呢。太太，你想現在還成",几分對呢太太你想現在還成,什么,shenme,shen me,TRUE,1:什麼 | 2:甚麼 | 3:神 | 4:沈 | 5:深 | 6:身 | 7:甚 | 8:申 | 9:腎 | 10:伸,FALSE,,,,,
polyphonic_flagged,c5bd058ae20d73b5f2ebbcec,槳聲燈影裏的秦淮河,1484,1486,"一九二三年八月的一晚，我和平伯同遊秦淮河；平伯是初泛，我是重來了。我們雇了一隻「七板子」，在夕陽已去、皎月方來的時候，便下了船。於是槳聲汩汩，我們開始領略那晃蕩著薔薇色的歷史的秦淮河的滋味了。

秦淮河裏的船，比北京万生園、頤和園的船好，比西湖的船好，比揚州瘦西湖的船也好。這幾處的船不是覺著笨，就是覺著簡陋、局促；都不能引起乘客們的情韻，如秦淮河的船一樣。秦淮河的船約略可分為兩種：一是大船；一是小船，就是所謂「七板子」。大船艙口闊大，可容二三十人。裏面陳設著字畫和光潔的紅木家具，桌上一律嵌著冰涼的大理石面。窗格雕鏤頗細，使人起柔膩之感。窗格里映著紅色藍色的玻璃；玻璃上有精緻的花紋，也頗悅人目。「七板子」規模雖不及大船，但那淡藍色的欄杆，空敞的艙，也足繫人情思。而最出色處卻在它的艙前。艙前是甲板上的一部，上面有弧形的頂，兩邊用疏疏的欄杆支著。裏面通常放著兩張藤的躺椅。躺下，可以談天，可以望遠，可以顧盼兩岸的河房。大船上也有這個，但在小船上更覺清雋罷了。艙前的頂下，一律懸著燈彩；燈的多少、明暗，彩蘇的精粗、艷晦，是不一的，但好歹總還你一個燈彩。這燈彩實在是最能勾人的東西。夜幕垂垂地下來時，大小船上都點起燈火。從兩重玻璃裏映出那輻射著的黃黃的散光，反暈出一片朦朧的煙靄；透過這煙靄，在黯黯的水波里，又逗起縷縷的明漪。在這薄靄和微漪裏，聽著那悠然的間歇的槳聲，誰能不被引入他的美夢去呢？只愁夢太多了，這些大小船兒如何載得起呀？我們這時模模糊糊的談著明末的秦淮河的艷跡，如《桃花扇》及《板橋雜記》裏所載的。我們真神往了。我們彷彿親見那時華燈映水，畫舫凌波的光景了。於是我們的船便成了歷史的重載了。我們終於恍然秦淮河的船所以雅麗過於他處，而又有奇異的吸引力的，實在是許多歷史的影像使然了。

秦淮河的水是碧陰陰的；看起來厚而不膩，或者是六朝金粉所凝麼？我們初上船的時候，天色還未斷黑，那漾漾的柔波是這樣恬靜、委婉，使我們一面有水闊天空之想，一面又憧憬著紙醉金迷之境了。等到燈火明時，陰陰的變為沈沉了：黯淡的水光，像夢一般；那偶然閃爍著的光芒，就是夢的眼睛了。我們坐在艙前，因了那隆起的頂棚，彷彿總是昂著首向前走著似的；於是飄飄然如御風而行的我們，看著那些自在的灣泊著的船，船裏走馬燈般的人物，便像是下界一般，迢迢的遠了，又像在霧裏看花，盡朦朦朧朧的。這時我們已過了利涉橋，望見東關頭了。沿路聽見斷續的歌聲：有從沿河的妓樓飄來的，有從河上船裏渡來的。我們明知那些歌聲，只是些因襲的言詞，從生澀的歌喉裏機械的發出來的；但它們經了夏夜的微風的吹漾和水波的搖拂，嬝娜著到我們耳邊的時候，已經不單是她們的歌聲，而混著微風和河水的密語了。於是我們不得不被牽惹著，震撼著，相與浮沉於這歌聲裏了。從東關頭轉彎，不久就到大中橋。大中橋共有三個橋拱，都很闊大，儼然是三座門兒；使我們覺得我們的船和船裏的我們，在橋下過去時，真是太無顏色了。橋磚是深褐色，表明它的歷史的長久；但都完好無缺，令人太息於古昔工程的堅美。橋上兩旁都是木壁的房子，中間應該有街路。這些房子都破舊了，多年煙熏的跡，遮沒了當年的美麗。我想像秦淮河的極盛時，在這樣宏闊的橋上，特地蓋了房子，必然是髹漆得富富麗麗的；晚間必然是燈火通明的，現在卻只剩下一片黑沉沉！但是橋上造著房子，畢竟使我們多少可以想見往日的繁華；這也慰情聊勝無了。過了大中橋，便到了燈月交輝、笙歌徹夜的秦淮河，這才是秦淮河的真面目哩。

大中橋外，頓然空闊，和橋內兩岸排著密密的人家的景像大異了。一眼望去，疏疏的林，淡淡的月，襯著蔚藍的天，頗像荒江野渡",襯著蔚藍的天頗像荒江野渡,光景,guangjing,guang jing,TRUE,1:光景 | 2:光 | 3:廣 | 4:逛 | 5:鄺 | 6:咣 | 7:胱 | 8:広 | 9:洸 | 10:纊,TRUE,1,,,,
polyphonic_flagged,cb3c8477fc7512808dcb68f3,槳聲燈影裏的秦淮河,2833,2835,"一九二三年八月的一晚，我和平伯同遊秦淮河；平伯是初泛，我是重來了。我們雇了一隻「七板子」，在夕陽已去、皎月方來的時候，便下了船。於是槳聲汩汩，我們開始領略那晃蕩著薔薇色的歷史的秦淮河的滋味了。

秦淮河裏的船，比北京万生園、頤和園的船好，比西湖的船好，比揚州瘦西湖的船也好。這幾處的船不是覺著笨，就是覺著簡陋、局促；都不能引起乘客們的情韻，如秦淮河的船一樣。秦淮河的船約略可分為兩種：一是大船；一是小船，就是所謂「七板子」。大船艙口闊大，可容二三十人。裏面陳設著字畫和光潔的紅木家具，桌上一律嵌著冰涼的大理石面。窗格雕鏤頗細，使人起柔膩之感。窗格里映著紅色藍色的玻璃；玻璃上有精緻的花紋，也頗悅人目。「七板子」規模雖不及大船，但那淡藍色的欄杆，空敞的艙，也足繫人情思。而最出色處卻在它的艙前。艙前是甲板上的一部，上面有弧形的頂，兩邊用疏疏的欄杆支著。裏面通常放著兩張藤的躺椅。躺下，可以談天，可以望遠，可以顧盼兩岸的河房。大船上也有這個，但在小船上更覺清雋罷了。艙前的頂下，一律懸著燈彩；燈的多少、明暗，彩蘇的精粗、艷晦，是不一的，但好歹總還你一個燈彩。這燈彩實在是最能勾人的東西。夜幕垂垂地下來時，大小船上都點起燈火。從兩重玻璃裏映出那輻射著的黃黃的散光，反暈出一片朦朧的煙靄；透過這煙靄，在黯黯的水波里，又逗起縷縷的明漪。在這薄靄和微漪裏，聽著那悠然的間歇的槳聲，誰能不被引入他的美夢去呢？只愁夢太多了，這些大小船兒如何載得起呀？我們這時模模糊糊的談著明末的秦淮河的艷跡，如《桃花扇》及《板橋雜記》裏所載的。我們真神往了。我們彷彿親見那時華燈映水，畫舫凌波的光景了。於是我們的船便成了歷史的重載了。我們終於恍然秦淮河的船所以雅麗過於他處，而又有奇異的吸引力的，實在是許多歷史的影像使然了。

秦淮河的水是碧陰陰的；看起來厚而不膩，或者是六朝金粉所凝麼？我們初上船的時候，天色還未斷黑，那漾漾的柔波是這樣恬靜、委婉，使我們一面有水闊天空之想，一面又憧憬著紙醉金迷之境了。等到燈火明時，陰陰的變為沈沉了：黯淡的水光，像夢一般；那偶然閃爍著的光芒，就是夢的眼睛了。我們坐在艙前，因了那隆起的頂棚，彷彿總是昂著首向前走著似的；於是飄飄然如御風而行的我們，看著那些自在的灣泊著的船，船裏走馬燈般的人物，便像是下界一般，迢迢的遠了，又像在霧裏看花，盡朦朦朧朧的。這時我們已過了利涉橋，望見東關頭了。沿路聽見斷續的歌聲：有從沿河的妓樓飄來的，有從河上船裏渡來的。我們明知那些歌聲，只是些因襲的言詞，從生澀的歌喉裏機械的發出來的；但它們經了夏夜的微風的吹漾和水波的搖拂，嬝娜著到我們耳邊的時候，已經不單是她們的歌聲，而混著微風和河水的密語了。於是我們不得不被牽惹著，震撼著，相與浮沉於這歌聲裏了。從東關頭轉彎，不久就到大中橋。大中橋共有三個橋拱，都很闊大，儼然是三座門兒；使我們覺得我們的船和船裏的我們，在橋下過去時，真是太無顏色了。橋磚是深褐色，表明它的歷史的長久；但都完好無缺，令人太息於古昔工程的堅美。橋上兩旁都是木壁的房子，中間應該有街路。這些房子都破舊了，多年煙熏的跡，遮沒了當年的美麗。我想像秦淮河的極盛時，在這樣宏闊的橋上，特地蓋了房子，必然是髹漆得富富麗麗的；晚間必然是燈火通明的，現在卻只剩下一片黑沉沉！但是橋上造著房子，畢竟使我們多少可以想見往日的繁華；這也慰情聊勝無了。過了大中橋，便到了燈月交輝、笙歌徹夜的秦淮河，這才是秦淮河的真面目哩。

大中橋外，頓然空闊，和橋內兩岸排著密密的人家的景像大異了。一眼望去，疏疏的林，淡淡的月，襯著蔚藍的天，頗像荒江野渡光景；那邊呢，鬱叢叢的，陰森森的，又似乎藏著無邊的黑暗，令人幾乎不信那是繁華的秦淮河了。但是河中眩暈著的燈光，縱橫著的畫舫，悠揚著的笛韻，夾著那吱吱的胡琴聲，終於使我們認識綠如茵陳酒的秦淮水了。此地天裸露著的多些，故覺夜來的獨遲些；從清清的水影裏，我們感到的只是薄薄的夜——這正是秦淮河的夜。大中橋外，本來還有一座復成橋，是船夫口中的我們的遊踪盡處，或也是秦淮河繁華的盡處了。我的腳曾踏過復成橋的脊，在十三四歲的時候。但是兩次遊秦淮河，卻都不曾見著復成橋的面；明知總在前途的，卻常覺得有些虛無縹緲似的。我想，不見倒也好。這時正是盛夏。我們下船後，藉著新生的晚涼和河上的微風，暑氣已漸漸消散；到了此地，豁然開朗，身子頓然輕了——習習的清風荏苒在面上、手上、衣上，這便又感到了一縷新涼了。南京的日光，大概沒有杭州猛烈；西湖的夏夜老是熱蓬蓬的，水像沸著一般，秦淮河的水卻盡是這樣冷冷地綠著。任你人影的憧憧，歌聲的擾擾，總像隔著一層薄薄的綠紗面冪似的；它盡是這樣靜靜的、冷冷的綠著。我們出了大中橋，走不上半里路，船夫便將船劃到一旁，停了槳由它宕著。他以為那裏正是繁華的極點，再過去就是荒涼了；所以讓我們多多賞鑑一會兒。他自己卻靜靜的蹲著。他是看慣這光景的了，大約只是一個無可無不可。這無可無不可，無論是升的沉的，總之，都比我們高了。

那時河裏鬧熱極了；船大半泊著，小半在水上穿梭似的來往。停泊著的都在近市的那一邊，我們的船自然也夾在其中。因為這邊略略的擠，便覺得那邊十分的疏了。在每一隻船從那邊過去時，我們能畫出它的輕輕的影和曲曲的波，在我們的心上；這顯著是空，且顯著是靜了。那時處處都是歌聲和淒厲的胡琴聲，圓潤的喉嚨，確乎是很少的。但那生澀的，尖脆的調子能使人有少年的，粗率不拘的感覺，也正可快我們的意。況且多少隔開些兒聽著，因為想像與渴慕的做美，總覺更有滋味；而竟發的喧囂，抑揚的不齊，遠近的雜沓，和樂器的嘈嘈切切，合成另一意味的諧音，也使我們無所適從，如隨著大風而走。這實在因為我們的心枯澀久了，變為脆弱；故偶然潤澤一下，便瘋狂似的不能自主了，但秦淮河確也膩人。即如船裏的人面，無論是和我們一堆儿泊著的，無論是從我們眼前過去的，總是模模糊糊的，甚至渺渺茫茫的；任你張圓了眼睛，揩淨了眥垢，也是枉然，這真夠人想呢。在我們停泊的地方，燈光原是紛然的；不過這些燈光都是黃而有暈的。黃已經不能明了，再加上了暈，便更不成了。燈愈多，暈就愈甚；在繁星般的黃的交錯裏，秦淮河彷彿籠上了一團光霧。光芒與霧氣騰騰的暈著，什麼都只剩了輪廓了；所以人面的詳細的曲線，便消失於我們的眼底了。但燈光究竟奪不了那邊的月色；燈光是渾的，月色是清的。在渾沌的燈光裏，滲入一派清輝，卻真是奇蹟！那晚月兒已瘦削了兩三分。她晚妝才罷，盈盈的上了柳梢頭。天是藍得可愛，彷彿一汪水似的；月兒便更出落得精神了。岸上原有三株兩株的垂楊樹，淡淡的影子，在水里搖曳著。它們那柔細的枝條浴著月光，就像一支支美人的臂膊，交互的纏著、挽著；又像是月兒披著的髪。而月兒偶爾也從它們的交叉處偷偷窺看我們，大有小姑娘怕羞的樣子。岸上另有幾株不知名的老樹，光光的立著；在月光裏照起來，卻又儼然是精神矍鑠的老人。遠處快到天際線了，才有一兩片白雲，亮得現出異彩，像是",兩片白雲亮得現出異彩像是,美麗,meili,mei li,TRUE,1:美麗 | 2:魅力 | 3:梅里 | 4:美里 | 5:每粒 | 6:美利 | 7:眉裏 | 8:沒理 | 9:梅麗 | 10:沒力,TRUE,1,,,,
polyphonic_flagged,c0571cd41843906a229e1122,槳聲燈影裏的秦淮河,4826,4828,"一九二三年八月的一晚，我和平伯同遊秦淮河；平伯是初泛，我是重來了。我們雇了一隻「七板子」，在夕陽已去、皎月方來的時候，便下了船。於是槳聲汩汩，我們開始領略那晃蕩著薔薇色的歷史的秦淮河的滋味了。

秦淮河裏的船，比北京万生園、頤和園的船好，比西湖的船好，比揚州瘦西湖的船也好。這幾處的船不是覺著笨，就是覺著簡陋、局促；都不能引起乘客們的情韻，如秦淮河的船一樣。秦淮河的船約略可分為兩種：一是大船；一是小船，就是所謂「七板子」。大船艙口闊大，可容二三十人。裏面陳設著字畫和光潔的紅木家具，桌上一律嵌著冰涼的大理石面。窗格雕鏤頗細，使人起柔膩之感。窗格里映著紅色藍色的玻璃；玻璃上有精緻的花紋，也頗悅人目。「七板子」規模雖不及大船，但那淡藍色的欄杆，空敞的艙，也足繫人情思。而最出色處卻在它的艙前。艙前是甲板上的一部，上面有弧形的頂，兩邊用疏疏的欄杆支著。裏面通常放著兩張藤的躺椅。躺下，可以談天，可以望遠，可以顧盼兩岸的河房。大船上也有這個，但在小船上更覺清雋罷了。艙前的頂下，一律懸著燈彩；燈的多少、明暗，彩蘇的精粗、艷晦，是不一的，但好歹總還你一個燈彩。這燈彩實在是最能勾人的東西。夜幕垂垂地下來時，大小船上都點起燈火。從兩重玻璃裏映出那輻射著的黃黃的散光，反暈出一片朦朧的煙靄；透過這煙靄，在黯黯的水波里，又逗起縷縷的明漪。在這薄靄和微漪裏，聽著那悠然的間歇的槳聲，誰能不被引入他的美夢去呢？只愁夢太多了，這些大小船兒如何載得起呀？我們這時模模糊糊的談著明末的秦淮河的艷跡，如《桃花扇》及《板橋雜記》裏所載的。我們真神往了。我們彷彿親見那時華燈映水，畫舫凌波的光景了。於是我們的船便成了歷史的重載了。我們終於恍然秦淮河的船所以雅麗過於他處，而又有奇異的吸引力的，實在是許多歷史的影像使然了。

秦淮河的水是碧陰陰的；看起來厚而不膩，或者是六朝金粉所凝麼？我們初上船的時候，天色還未斷黑，那漾漾的柔波是這樣恬靜、委婉，使我們一面有水闊天空之想，一面又憧憬著紙醉金迷之境了。等到燈火明時，陰陰的變為沈沉了：黯淡的水光，像夢一般；那偶然閃爍著的光芒，就是夢的眼睛了。我們坐在艙前，因了那隆起的頂棚，彷彿總是昂著首向前走著似的；於是飄飄然如御風而行的我們，看著那些自在的灣泊著的船，船裏走馬燈般的人物，便像是下界一般，迢迢的遠了，又像在霧裏看花，盡朦朦朧朧的。這時我們已過了利涉橋，望見東關頭了。沿路聽見斷續的歌聲：有從沿河的妓樓飄來的，有從河上船裏渡來的。我們明知那些歌聲，只是些因襲的言詞，從生澀的歌喉裏機械的發出來的；但它們經了夏夜的微風的吹漾和水波的搖拂，嬝娜著到我們耳邊的時候，已經不單是她們的歌聲，而混著微風和河水的密語了。於是我們不得不被牽惹著，震撼著，相與浮沉於這歌聲裏了。從東關頭轉彎，不久就到大中橋。大中橋共有三個橋拱，都很闊大，儼然是三座門兒；使我們覺得我們的船和船裏的我們，在橋下過去時，真是太無顏色了。橋磚是深褐色，表明它的歷史的長久；但都完好無缺，令人太息於古昔工程的堅美。橋上兩旁都是木壁的房子，中間應該有街路。這些房子都破舊了，多年煙熏的跡，遮沒了當年的美麗。我想像秦淮河的極盛時，在這樣宏闊的橋上，特地蓋了房子，必然是髹漆得富富麗麗的；晚間必然是燈火通明的，現在卻只剩下一片黑沉沉！但是橋上造著房子，畢竟使我們多少可以想見往日的繁華；這也慰情聊勝無了。過了大中橋，便到了燈月交輝、笙歌徹夜的秦淮河，這才是秦淮河的真面目哩。

大中橋外，頓然空闊，和橋內兩岸排著密密的人家的景像大異了。一眼望去，疏疏的林，淡淡的月，襯著蔚藍的天，頗像荒江野渡光景；那邊呢，鬱叢叢的，陰森森的，又似乎藏著無邊的黑暗，令人幾乎不信那是繁華的秦淮河了。但是河中眩暈著的燈光，縱橫著的畫舫，悠揚著的笛韻，夾著那吱吱的胡琴聲，終於使我們認識綠如茵陳酒的秦淮水了。此地天裸露著的多些，故覺夜來的獨遲些；從清清的水影裏，我們感到的只是薄薄的夜——這正是秦淮河的夜。大中橋外，本來還有一座復成橋，是船夫口中的我們的遊踪盡處，或也是秦淮河繁華的盡處了。我的腳曾踏過復成橋的脊，在十三四歲的時候。但是兩次遊秦淮河，卻都不曾見著復成橋的面；明知總在前途的，卻常覺得有些虛無縹緲似的。我想，不見倒也好。這時正是盛夏。我們下船後，藉著新生的晚涼和河上的微風，暑氣已漸漸消散；到了此地，豁然開朗，身子頓然輕了——習習的清風荏苒在面上、手上、衣上，這便又感到了一縷新涼了。南京的日光，大概沒有杭州猛烈；西湖的夏夜老是熱蓬蓬的，水像沸著一般，秦淮河的水卻盡是這樣冷冷地綠著。任你人影的憧憧，歌聲的擾擾，總像隔著一層薄薄的綠紗面冪似的；它盡是這樣靜靜的、冷冷的綠著。我們出了大中橋，走不上半里路，船夫便將船劃到一旁，停了槳由它宕著。他以為那裏正是繁華的極點，再過去就是荒涼了；所以讓我們多多賞鑑一會兒。他自己卻靜靜的蹲著。他是看慣這光景的了，大約只是一個無可無不可。這無可無不可，無論是升的沉的，總之，都比我們高了。

那時河裏鬧熱極了；船大半泊著，小半在水上穿梭似的來往。停泊著的都在近市的那一邊，我們的船自然也夾在其中。因為這邊略略的擠，便覺得那邊十分的疏了。在每一隻船從那邊過去時，我們能畫出它的輕輕的影和曲曲的波，在我們的心上；這顯著是空，且顯著是靜了。那時處處都是歌聲和淒厲的胡琴聲，圓潤的喉嚨，確乎是很少的。但那生澀的，尖脆的調子能使人有少年的，粗率不拘的感覺，也正可快我們的意。況且多少隔開些兒聽著，因為想像與渴慕的做美，總覺更有滋味；而竟發的喧囂，抑揚的不齊，遠近的雜沓，和樂器的嘈嘈切切，合成另一意味的諧音，也使我們無所適從，如隨著大風而走。這實在因為我們的心枯澀久了，變為脆弱；故偶然潤澤一下，便瘋狂似的不能自主了，但秦淮河確也膩人。即如船裏的人面，無論是和我們一堆儿泊著的，無論是從我們眼前過去的，總是模模糊糊的，甚至渺渺茫茫的；任你張圓了眼睛，揩淨了眥垢，也是枉然，這真夠人想呢。在我們停泊的地方，燈光原是紛然的；不過這些燈光都是黃而有暈的。黃已經不能明了，再加上了暈，便更不成了。燈愈多，暈就愈甚；在繁星般的黃的交錯裏，秦淮河彷彿籠上了一團光霧。光芒與霧氣騰騰的暈著，什麼都只剩了輪廓了；所以人面的詳細的曲線，便消失於我們的眼底了。但燈光究竟奪不了那邊的月色；燈光是渾的，月色是清的。在渾沌的燈光裏，滲入一派清輝，卻真是奇蹟！那晚月兒已瘦削了兩三分。她晚妝才罷，盈盈的上了柳梢頭。天是藍得可愛，彷彿一汪水似的；月兒便更出落得精神了。岸上原有三株兩株的垂楊樹，淡淡的影子，在水里搖曳著。它們那柔細的枝條浴著月光，就像一支支美人的臂膊，交互的纏著、挽著；又像是月兒披著的髪。而月兒偶爾也從它們的交叉處偷偷窺看我們，大有小姑娘怕羞的樣子。岸上另有幾株不知名的老樹，光光的立著；在月光裏照起來，卻又儼然是精神矍鑠的老人。遠處快到天際線了，才有一兩片白雲，亮得現出異彩，像是美麗的貝殼一般。白雲下便是黑黑的一帶輪廓；是一條隨意畫的不規則的曲線。這一段光景，和河中的風味大異了。但燈與月竟能並存著，交融著，使月成了纏綿的月，燈射著渺渺的靈輝，這正是天之所以厚秦淮河，也正是天之所以厚我們了。

這時卻遇著了難解的糾紛。秦淮河上原有一種歌妓，是以歌為業的。從前都在茶舫上，唱些大曲之類。每日午後一時起；什麼時候止，卻忘記了。晚上照樣也有一回，也在黃暈的燈光裏。我從前過南京時，曾隨著朋友去聽過兩次。因為茶舫裏的人臉太多了，覺得不大適意，終於聽不出所以然。前年聽說歌妓被取締了，不知怎的，頗涉想了幾次卻想不出什麼。這次到南京，先到茶舫上去看看，覺得頗是寂寥，令我無端的悵悵了。不料她們卻仍在秦淮河裏掙扎著，不料她們竟會糾纏到我們，我於是很張皇了，她們也乘著「七板子」，她們總是坐在艙前的。艙前點著石油汽燈，光亮炫人眼目：坐在下面的，自然是纖毫畢見了。引誘客人們的力量，也便在此了。艙裏躲著樂工等人，映著汽燈的餘輝蠕動著；他們是永遠不被注意的。每船的歌妓大約都是二人；天色一黑，她們的船就在大中橋外往來不息的兜生意。無論行著的船，泊著的船，都要來兜攬的。這都是我後來推想出來的。那晚不知怎樣，忽然輪著我們的船了。我們的船好好的停著，一隻歌舫劃向我們來了；漸漸和我們的船並著了。爍爍的燈光逼得我們皺起了眉頭；我們的風塵色全給它托出來了，這使我踧踖不安了。那時一個伙計跨過船來，拿著攤開的歌摺，就近塞向我的手裏，說：「點幾出吧！」他跨過來的時候，我們船上似乎有許多眼光跟著。同時相近的別的船上也似乎有許多眼睛炯炯的向我們船上看著。我真窘了！我也裝出大方的樣子，向歌妓們瞥了一眼，但究竟是不成的！我勉強將那歌摺翻了一翻，卻不曾看清了幾個字；便趕緊遞還那伙計，一面不好意思地說「不要，我們⋯⋯不要。」他便塞給平伯，平伯掉轉頭去，搖手說：「不要！」那人還膩著不走。平伯又回過臉來，搖著頭道「不要！」於是那人重到我處，我窘著再拒絕了他。他這纔有所不屑似的走了。

我的心立刻放下，如釋了重負一般。我們就開始自白了。

我說我受了道德律的壓迫，拒絕了她們；心裏似乎很抱歉的。這所謂抱歉，一面對於她們，一面對於我自己。她們於我們雖然沒有很奢的希望；但總有些希望的。我們拒絕了她們，無論理由如何充足，卻使她們的希望受了傷；這總有幾分不做美了，這是我覺得很悵悵的。至於我自己，更有一種不足之感。我這時被四面的歌聲誘惑了，降伏了；但是遠遠的，遠遠的歌聲總彷彿隔著重衣搔癢似的，越搔越搔不著癢處。我於是憧憬著貼耳的妙音了。在歌舫劃來時，我的憧憬，變為盼望；我固執的盼望著，有如飢渴。雖然從淺薄的經驗裏，也能夠推知，那貼耳的歌聲，將剝去了一切的美妙；但一個平常的人像我的，谁愿憑了理性之力去醜化未來呢？我寧願自己騙著了。不過我的社會感性是很敏銳的；我的思力能拆穿道德律的西洋鏡，而我的感情卻終於被它壓服著。我於是有所顧忌了，尤其是在眾目昭彰的時候。道德律的力，本來是民眾賦予的；在民眾的面前，自然更顯出它的威嚴了。我這時一面盼望，一面卻感到了兩重的禁制：一、在通俗的意義上，接近妓者總算一種不正當的行為；二、妓是一種不健全的職業，我們對於她們，應有哀矜勿喜之心，不應賞玩的去聽她們的歌。在眾目睽睽之下，這兩種思想在我心裏最為旺盛。她們暫時壓倒了我的聽歌的盼望，這便成就了我的灰色的拒絕。那時的心實在異常狀態中，覺得頗是昏亂。歌舫去了，暫時寧靜之後，我的思緒又如潮湧了。兩個相反的意思在我心頭往復：賣歌和賣淫不同，聽歌和狎妓不同，又干道德甚事？但是，但是，她們既被逼的以歌為業，她們的歌必無藝術味的；況她們的身世，我們究竟該同情的，所以拒絕倒也是正辦。但這些意思終於不曾撇開我的聽歌的盼望。它力量異常堅強；它總想將別的思緒踏在腳下。從這重重的爭鬬里，我感到了濃厚的不足之感。這不足之感使我的心盤旋不安，起坐都不安寧了。唉！我承認我是一個自私的人！平伯呢，卻與我不同。他引周啟明先生的詩，「因為我有妻子，所以我愛一切的女人；因為我有子女，所以我愛一切的孩子。」他的意思可以見了。他因為推及的同情，愛著那些歌妓，並且尊重著她們，所以拒絕了她們。在這種情形下，他自然以為聽是對於她們的一種侮辱。但他也是想听歌的，雖然不和我一樣。所以在他的心中，當然也有一番小小的爭鬬；爭鬬的結果，是同情勝了。至於道德律，在他是沒有什麼的：因為他很有蔑視一切的傾向，民眾的力量在他是不大覺著的。這時他的心意的活動比較簡單，又比較鬆弱，故事後還怡然自若；我卻不能了。這里平伯又比我高了。

在我們談話中間，又來了兩隻歌舫。伙計照前一樣的請我們點戲，我們照前一樣的拒絕了。我受了三次窘，心裏的不安更甚了。清豔的夜景也為之減色。船夫大約因為要趕第二趟生意，催著我們回去；我們無可無不可的答應了。我們漸漸和那些暈黃的燈光遠了，只",漸和那些暈黃的燈光遠了只,有些,youxie,you xie,TRUE,1:有些 | 2:友協 | 3:油鞋 | 4:有寫 | 5:誘脅 | 6:有血 | 7:遊戲 | 8:有戲 | 9:有喜 | 10:尤溪,TRUE,1,,,,
polyphonic_flagged,ad69a513f6e394c0f51febd4,阿河,1713,1715,"我這一回寒假，因為養病，住到一家親戚的別墅里去。那別墅是在鄉下。前面偏左的地方，是一片淡藍的湖水，對岸環擁著不盡的青山。山的影子倒映在水里，越顯得清清朗朗的。水面常如鏡子一般。風起時，微有皺痕；像少女們皺她們的眉頭，過一會子就好了。湖的余勢束成一條小港，緩緩地不聲不響地流過別墅的門前。門前有一條小石橋，橋那邊盡是田畝。這邊沿岸一帶，相間地栽著桃樹和柳樹，春來當有一番熱鬧的夢。別墅外面繚繞著短短的竹篱，篱外是小小的路。里邊一座向南的樓，背后便倚著山。西邊是三間平屋，我便住在這里。院子里有兩塊草地，上面隨便放著兩三塊石頭。另外的隙地上，或羅列著盆栽，或种蒔著花草。篱邊還有几株枝干蟠曲的大樹，有一株几乎要伸到水里去了。

我的親戚韋君只有夫婦二人和一個女儿。她在外邊念書，這時也剛回到家里。她邀來三位同學，同到她家過這個寒假；兩位是親戚，一位是朋友。她們住著樓上的兩間屋子。韋君夫婦也住在樓上。樓下正中是客廳，常是閒著，西間是吃飯的地方；東間便是韋君的書房，我們談天，喝茶，看報，都在這里。我吃了飯，便是一個人，也要到這里來閒坐一回。我來的第二天，韋小姐告訴我，她母親要給她們找一個好好的女用人；長工阿齊說有一個表妹，母親叫他明天就帶來做做看呢。她似乎很高興的樣子，我只是不經意地答應。

平屋与樓屋之間，是一個小小的廚房。我住的是東面的屋子，從窗子里可以看見廚房里人的來往。這一天午飯前，我偶然向外看看，見一個面生的女用人，兩手提著兩把白鐵壺，正往廚房里走；韋家的李媽在她前面領著，不知在和她說甚么話。她的頭髮亂蓬蓬的，像冬天的枯草一樣。身上穿著鑲邊的黑布棉襖和夾褲，黑里已泛出黃色；棉襖長与膝齊，夾褲也直拖到腳背上。腳倒是雙天足，穿著尖頭的黑布鞋，后跟還帶著兩片同色的“葉拔儿”。想這就是阿齊帶來的女用人了；想完了就坐下看書。晚飯后，韋小姐告訴我，女用人來了，她的名字叫“阿河”。我說，“名字很好，只是人土些；還能做么？”她說，“別看她土，很聰明呢。”我說，“哦。”便接著看手中的報了。

以后每天早上，中上，晚上，我常常看見阿河挈著水壺來往；她的眼似乎總是望前看的。兩個禮拜匆匆地過去了。韋小姐忽然和我說，你別看阿河土，她的志气很好，她是個可怜的人。我和娘說，把我前年在家穿的那身棉襖褲給了她吧。我嫌那兩件衣服太花，給了她正好。娘先不肯，說她來了沒有几天；后來也肯了。今天拿出來讓她穿，正合式呢。我們教給她打絨繩鞋，她真聰明，一學就會了。她說拿到工錢，也要打一雙穿呢。我等几天再和娘說去。

“她這樣愛好！怪不得頭髮光得多了，原來都是你們教她的。好！你們盡教她講究，她將來怕不愿回家去呢。”大家都笑了。

舊新年是過去了。因為江浙的兵事，我們的學校一時還不能開學。我們大家都樂得在別墅里多住些日子。這時阿河如換了一個人。她穿著寶藍色挑著小花儿的布棉襖褲；腳下是嫩藍色毛繩鞋，鞋口還綴著兩個半藍半白的小絨球儿。我想這一定是她的小姐們給幫忙的。古語說得好，“人要衣裳馬要鞍”，阿河這一打扮，真有些楚楚可怜了。她的頭髮早已是刷得光光的，覆額的留海也梳得十分伏帖。一張小小的圓臉，如正開的桃李花；臉上并沒有笑，卻隱隱地含著春日的光輝，像花房里充了蜜一般。這在我几乎是一個奇跡；我現在是常站在窗前看她了。我覺得在深山里發見了一粒貓儿眼；這樣精純的貓儿眼，是我生平所僅見！我覺得我們相識已太長久，极愿和她說一句話——极平淡的話，一句也好。但我怎好平白地和她攀談呢？這樣郁郁了一禮拜。

這是元宵節的前一晚上。我吃了飯，在屋里坐了一會，覺得有些無聊，便信步走到那書房里。拿起報來，想再細看一回。忽然門鈕一響，阿河進來了。她手里拿著三四支顏色鉛筆；出乎意料地走近了我。她站在我面前了，靜靜地微笑著說：“白先生，你知道鉛筆刨在哪里？”一面將拿著的鉛筆給我看。我不自主地立起來，匆忙地應道，“在這里；”我用手指著南邊柱子。但我立刻覺得這是不夠的。我領她走近了柱子。這時我像閃電似地躊躇了一下，便說，“我…… 我……”她一聲不響地已將一支鉛筆交給我。我放進刨子里刨給她看。刨了兩下，便想交給她；但終于刨完了一支，交還了她。她接了筆略看一看，",交還了她她接了筆略看一看,仍仰,rengyang,reng yang,TRUE,1:仍樣 | 2:仍 | 3:扔 | 4:艿 | 5:礽 | 6:芿 | 7:陾 | 8:辸 | 9:㭁 | 10:㺱,FALSE,,,,,
polyphonic_flagged,4a242446bef7b72266dee35d,阿河,4172,4174,"我這一回寒假，因為養病，住到一家親戚的別墅里去。那別墅是在鄉下。前面偏左的地方，是一片淡藍的湖水，對岸環擁著不盡的青山。山的影子倒映在水里，越顯得清清朗朗的。水面常如鏡子一般。風起時，微有皺痕；像少女們皺她們的眉頭，過一會子就好了。湖的余勢束成一條小港，緩緩地不聲不響地流過別墅的門前。門前有一條小石橋，橋那邊盡是田畝。這邊沿岸一帶，相間地栽著桃樹和柳樹，春來當有一番熱鬧的夢。別墅外面繚繞著短短的竹篱，篱外是小小的路。里邊一座向南的樓，背后便倚著山。西邊是三間平屋，我便住在這里。院子里有兩塊草地，上面隨便放著兩三塊石頭。另外的隙地上，或羅列著盆栽，或种蒔著花草。篱邊還有几株枝干蟠曲的大樹，有一株几乎要伸到水里去了。

我的親戚韋君只有夫婦二人和一個女儿。她在外邊念書，這時也剛回到家里。她邀來三位同學，同到她家過這個寒假；兩位是親戚，一位是朋友。她們住著樓上的兩間屋子。韋君夫婦也住在樓上。樓下正中是客廳，常是閒著，西間是吃飯的地方；東間便是韋君的書房，我們談天，喝茶，看報，都在這里。我吃了飯，便是一個人，也要到這里來閒坐一回。我來的第二天，韋小姐告訴我，她母親要給她們找一個好好的女用人；長工阿齊說有一個表妹，母親叫他明天就帶來做做看呢。她似乎很高興的樣子，我只是不經意地答應。

平屋与樓屋之間，是一個小小的廚房。我住的是東面的屋子，從窗子里可以看見廚房里人的來往。這一天午飯前，我偶然向外看看，見一個面生的女用人，兩手提著兩把白鐵壺，正往廚房里走；韋家的李媽在她前面領著，不知在和她說甚么話。她的頭髮亂蓬蓬的，像冬天的枯草一樣。身上穿著鑲邊的黑布棉襖和夾褲，黑里已泛出黃色；棉襖長与膝齊，夾褲也直拖到腳背上。腳倒是雙天足，穿著尖頭的黑布鞋，后跟還帶著兩片同色的“葉拔儿”。想這就是阿齊帶來的女用人了；想完了就坐下看書。晚飯后，韋小姐告訴我，女用人來了，她的名字叫“阿河”。我說，“名字很好，只是人土些；還能做么？”她說，“別看她土，很聰明呢。”我說，“哦。”便接著看手中的報了。

以后每天早上，中上，晚上，我常常看見阿河挈著水壺來往；她的眼似乎總是望前看的。兩個禮拜匆匆地過去了。韋小姐忽然和我說，你別看阿河土，她的志气很好，她是個可怜的人。我和娘說，把我前年在家穿的那身棉襖褲給了她吧。我嫌那兩件衣服太花，給了她正好。娘先不肯，說她來了沒有几天；后來也肯了。今天拿出來讓她穿，正合式呢。我們教給她打絨繩鞋，她真聰明，一學就會了。她說拿到工錢，也要打一雙穿呢。我等几天再和娘說去。

“她這樣愛好！怪不得頭髮光得多了，原來都是你們教她的。好！你們盡教她講究，她將來怕不愿回家去呢。”大家都笑了。

舊新年是過去了。因為江浙的兵事，我們的學校一時還不能開學。我們大家都樂得在別墅里多住些日子。這時阿河如換了一個人。她穿著寶藍色挑著小花儿的布棉襖褲；腳下是嫩藍色毛繩鞋，鞋口還綴著兩個半藍半白的小絨球儿。我想這一定是她的小姐們給幫忙的。古語說得好，“人要衣裳馬要鞍”，阿河這一打扮，真有些楚楚可怜了。她的頭髮早已是刷得光光的，覆額的留海也梳得十分伏帖。一張小小的圓臉，如正開的桃李花；臉上并沒有笑，卻隱隱地含著春日的光輝，像花房里充了蜜一般。這在我几乎是一個奇跡；我現在是常站在窗前看她了。我覺得在深山里發見了一粒貓儿眼；這樣精純的貓儿眼，是我生平所僅見！我覺得我們相識已太長久，极愿和她說一句話——极平淡的話，一句也好。但我怎好平白地和她攀談呢？這樣郁郁了一禮拜。

這是元宵節的前一晚上。我吃了飯，在屋里坐了一會，覺得有些無聊，便信步走到那書房里。拿起報來，想再細看一回。忽然門鈕一響，阿河進來了。她手里拿著三四支顏色鉛筆；出乎意料地走近了我。她站在我面前了，靜靜地微笑著說：“白先生，你知道鉛筆刨在哪里？”一面將拿著的鉛筆給我看。我不自主地立起來，匆忙地應道，“在這里；”我用手指著南邊柱子。但我立刻覺得這是不夠的。我領她走近了柱子。這時我像閃電似地躊躇了一下，便說，“我…… 我……”她一聲不響地已將一支鉛筆交給我。我放進刨子里刨給她看。刨了兩下，便想交給她；但終于刨完了一支，交還了她。她接了筆略看一看，仍仰著臉向我。我窘极了。剎那間念頭轉了好几個圈子；到底硬著頭皮搭訕著說，“就這樣刨好了。”我赶緊向門外一瞥，就走回原處看報去。但我的頭剛低下，我的眼已抬起來了。于是遠遠地從容地問道，“你會么？”她不曾掉過頭來，只“嚶”了一聲，也不說話。我看了她背影一會。覺得應該低下頭了。等我再抬起頭來時，她已默默地向外走了。她似乎總是望前看的；我想再問她一句話，但終于不曾出口。我撇下了報，站起來走了一會，便回到自己屋里。

我一直想著些什么，但什么也沒有想出。

第二天早上看見她往廚房里走時，我發愿我的眼將老跟著她的影子！她的影子真好。她那几步路走得又敏捷，又勻稱，又苗條，正如一只可愛的小貓。她兩手各提著一只水壺，又令我想到在一條細細的索儿上抖擻精神走著的女子。這全由于她的腰；她的腰真太軟了，用白水的話說，真是軟到使我如吃蘇州的牛皮糖一樣。不止她的腰，我的日記里說得好：“她有一套和云霞比美，水月爭靈的曲線，織成大大的一張迷惑的网！”而那兩頰的曲線，尤其甜蜜可人。她兩頰是白中透著微紅，潤澤如玉。她的皮膚，嫩得可以掐出水來；我的日記里說，“我很想去掐她一下呀！”她的眼像一雙小燕子，老是在灩灩的春水上打著圈儿。她的笑最使我記住，像一朵花漂浮在我的腦海里。我不是說過，她的小圓臉像正開的桃花么？那么，她微笑的時候，便是盛開的時候了：花房里充滿了蜜，真如要流出來的樣子。她的髮不甚厚，但黑而有光，柔軟而滑，如純絲一般。只可惜我不曾聞著一些儿香。唉！從前我在窗前看她好多次，所得的真太少了；若不是昨晚一見，——雖只几分鐘——我真太對不起這樣一個人儿了。

午飯后，韋君照例地睡午覺去了，只有我，韋小姐和其他三位小姐在書房里。我有意無意地談起阿河的事。我說：

“你們怎知道她的志气好呢？”

“那天我們教給她打絨繩鞋；”一位蔡小姐便答道，“看她很聰明，就問她為甚么不念書？她被我們一問，就傷心起來了。……”

“是的，”韋小姐笑著搶了說，“后來還哭了呢；還有一位傻子陪她淌眼淚呢。”

那邊黃小姐可急了，走過來推了她一下。蔡小姐忙攔住道，“人家說正經話，你們盡鬧著玩儿！讓我說完了呀——”“我代你說啵，”韋小姐仍搶著說，“——她說她只有一個爹，沒有娘。嫁了一個男人，倒有三十多歲，土頭土腦的，臉上滿是包！他是李媽的鄰舍，我還看見過呢。……”“好了，底下我說吧。”蔡小姐接著道，“她男人又不要好，盡愛賭錢；她一气，就住到娘家來，有一年多不回去了。”

“她今年几歲？”我問。

“十七不知十八？前年出嫁的，几個月就回家了，”蔡小姐說。

“不，十八，我知道，”韋小姐改正道。

“哦。你們可曾勸她离婚？”

“怎么不勸；”韋小姐應道，“她說十八回去吃她表哥的喜酒，要和她的爹去說呢。”

“你們教她的好事，該當何罪！”我笑了。

她們也都笑了。

十九的早上，我正在屋里看書，听見外面有嚷嚷的聲音；這是從來沒有的。我立刻走出來看；只見門外有兩個鄉下人要走進來，卻給阿齊攔住。他們只是央告，阿齊只是不肯。這時韋君已走出院中，向他們道，

“你們回去吧。人在我這里，不要緊的。快回去，不要瞎吵！”

兩個人面面相覷，說不出一句話；俄延了一會，只好走了。我問韋君什么事？他說，

“阿河囉！還不是瞎吵一回子。”

我想他于男女的事向來是懶得說的，還是回頭問他小姐的好；我們便談到別的事情上去。

吃了飯，我赶緊問韋小姐，她說，

“她是告訴娘的，你問娘去。”

我想這件事有些尷尬，便到西間里問韋太太；她正看著李媽收拾碗碟呢。她見我問，便笑著說，

“你要問這些事做什么？她昨天回去，原是借了阿桂的衣裳穿了去的，打扮得嬌滴滴的，也難怪，被她男人看見了，便約了些不相干的人，將她搶回去過了一夜。今天早上，她騙她男人，說要到此地來拿行李。她男人就會信她，派了兩個人跟著。那知她到了這里，便叫阿齊攔著那跟來的人；她自己便跪在我面前哭訴，說死也不愿回她男人家去。你說我有什么法子。只好讓那跟來的人先回去再說。好在沒有几天，她們要上學了，我將來交給她的爹吧。唉，現在的人，心眼儿真是越過越大了；一個鄉下女人，也會鬧出這樣惊天動地的事了！”

“可不是，”李媽在旁插嘴道，“太太你不知道；我家三叔前儿來，我還听他說呢。我本不該說的，阿彌陀佛！太太，你想她不愿意回婆家，老愿意住在娘家，是什么道理？家里只有一個單身的老子；你想那該死的老畜生！他舍不得放她回去呀！”

“低些，真的么？”韋太太惊詫地問。

“他們說得千真万确的。我早就想告訴太太了，總有些疑心；今天看她的樣子，真有几分對呢。太太，你想現在還成什么世界！”

“這該不至于吧。”我淡淡地插了一句。

“少爺，你那里知道！”韋太太歎了一口气，“——好在沒有几天了，讓她快些走吧；別將我們的運气帶坏了。她的事，我們以后也別談吧。”

開學的通告來了，我定在二十八走。二十六的晚上，阿河忽然不到廚房里挈水了。韋小姐跑來低低地告訴我，“娘叫阿齊將阿河送回去了；我在樓上，都不知道呢。”我應了一聲，一句話也沒有說。正如每日有三頓飽飯吃的人，忽然絕了糧；卻又不能告訴一個人！而且我覺得她的前面是黑洞洞的，此去不定有什么好歹！那一夜我是沒有好好地睡，只翻來覆去地做夢，醒來卻又一例茫然。這樣昏昏沉沉地到了二十八早上，懶懶地向韋君夫婦和韋小姐告別而行，韋君夫婦堅約春假再來住，我只得含糊答應著。出門時，我很想回望廚房几眼；但許多人都站在門口送我，我怎好回頭呢？

到校一打听，老友陸已來了。我不及料理行李，便找著他，將阿河的事一五一十告訴他。他本是個好事的人；听我說時，時而皺眉，時而歎气，時而擦掌。听到她只十八歲時，他突然將舌頭一伸，跳起來道，

“可惜我早有了我那太太！要不然，我准得想法子娶她！”

“你娶她就好了；現在不知鹿死誰手呢？”

我倆默默相對了一會，陸忽然拍著桌子道，

“有了，老汪不是去年失了戀么？他現在還沒有主儿，何不給他倆撮合一下。”

我正要答說，他已出去了。過了一會子，他和",他已出去了過了一會子他和,汪來,wanglai,wang lai,TRUE,1:往來 | 2:望來 | 3:網 | 4:王 | 5:往 | 6:忘 | 7:望 | 8:汪 | 9:旺 | 10:亡,FALSE,,,,,
polyphonic_flagged,3250b65371ffbaad4303c8df,槳聲燈影裏的秦淮河,990,993,"一九二三年八月的一晚，我和平伯同遊秦淮河；平伯是初泛，我是重來了。我們雇了一隻「七板子」，在夕陽已去、皎月方來的時候，便下了船。於是槳聲汩汩，我們開始領略那晃蕩著薔薇色的歷史的秦淮河的滋味了。

秦淮河裏的船，比北京万生園、頤和園的船好，比西湖的船好，比揚州瘦西湖的船也好。這幾處的船不是覺著笨，就是覺著簡陋、局促；都不能引起乘客們的情韻，如秦淮河的船一樣。秦淮河的船約略可分為兩種：一是大船；一是小船，就是所謂「七板子」。大船艙口闊大，可容二三十人。裏面陳設著字畫和光潔的紅木家具，桌上一律嵌著冰涼的大理石面。窗格雕鏤頗細，使人起柔膩之感。窗格里映著紅色藍色的玻璃；玻璃上有精緻的花紋，也頗悅人目。「七板子」規模雖不及大船，但那淡藍色的欄杆，空敞的艙，也足繫人情思。而最出色處卻在它的艙前。艙前是甲板上的一部，上面有弧形的頂，兩邊用疏疏的欄杆支著。裏面通常放著兩張藤的躺椅。躺下，可以談天，可以望遠，可以顧盼兩岸的河房。大船上也有這個，但在小船上更覺清雋罷了。艙前的頂下，一律懸著燈彩；燈的多少、明暗，彩蘇的精粗、艷晦，是不一的，但好歹總還你一個燈彩。這燈彩實在是最能勾人的東西。夜幕垂垂地下來時，大小船上都點起燈火。從兩重玻璃裏映出那輻射著的黃黃的散光，反暈出一片朦朧的煙靄；透過這煙靄，在黯黯的水波里，又逗起縷縷的明漪。在這薄靄和微漪裏，聽著那悠然的間歇的槳聲，誰能不被引入他的美夢去呢？只愁夢太多了，這些大小船兒如何載得起呀？我們這時模模糊糊的談著明末的秦淮河的艷跡，如《桃花扇》及《板橋雜記》裏所載的。我們真神往了。我們彷彿親見那時華燈映水，畫舫凌波的光景了。於是我們的船便成了歷史的重載了。我們終於恍然秦淮河的船所以雅麗過於他處，而又有奇異的吸引力的，實在是許多歷史的影像使然了。

秦淮河的水是碧陰陰的；看起來厚而不膩，或者是六朝金粉所凝麼？我們初上船的時候，天色還未斷黑，那漾漾的柔波是這樣恬靜、委婉，使我們一面有水闊天空之想，一面又憧憬著紙醉金迷之境了。等到燈火明時，陰陰的變為沈沉了：黯淡的水光，像夢一般；那偶然閃爍著的光芒，就是夢的眼睛了。我們坐在艙前，因了那隆起的頂棚，彷彿總是昂著首向前走著似的；於是飄飄然如御風而行的我們，看著那些自在的灣泊著的船，船裏走馬燈般的人物，便像是下界一般，迢迢的遠了，又像在霧裏看花，盡朦朦朧朧的。這時我們已過了利涉橋，望見",這時我們已過了利涉橋望見,東關頭,dongguantou,dong guan tou,TRUE,1:東莞頭 | 2:東莞 | 3:冬灌 | 4:東觀 | 5:東關 | 6:洞貫 | 7:冬菇 | 8:東古 | 9:東顧 | 10:動,FALSE,,,,,
polyphonic_flagged,84b22c4288efeb7ce7564c86,槳聲燈影裏的秦淮河,995,997,"一九二三年八月的一晚，我和平伯同遊秦淮河；平伯是初泛，我是重來了。我們雇了一隻「七板子」，在夕陽已去、皎月方來的時候，便下了船。於是槳聲汩汩，我們開始領略那晃蕩著薔薇色的歷史的秦淮河的滋味了。

秦淮河裏的船，比北京万生園、頤和園的船好，比西湖的船好，比揚州瘦西湖的船也好。這幾處的船不是覺著笨，就是覺著簡陋、局促；都不能引起乘客們的情韻，如秦淮河的船一樣。秦淮河的船約略可分為兩種：一是大船；一是小船，就是所謂「七板子」。大船艙口闊大，可容二三十人。裏面陳設著字畫和光潔的紅木家具，桌上一律嵌著冰涼的大理石面。窗格雕鏤頗細，使人起柔膩之感。窗格里映著紅色藍色的玻璃；玻璃上有精緻的花紋，也頗悅人目。「七板子」規模雖不及大船，但那淡藍色的欄杆，空敞的艙，也足繫人情思。而最出色處卻在它的艙前。艙前是甲板上的一部，上面有弧形的頂，兩邊用疏疏的欄杆支著。裏面通常放著兩張藤的躺椅。躺下，可以談天，可以望遠，可以顧盼兩岸的河房。大船上也有這個，但在小船上更覺清雋罷了。艙前的頂下，一律懸著燈彩；燈的多少、明暗，彩蘇的精粗、艷晦，是不一的，但好歹總還你一個燈彩。這燈彩實在是最能勾人的東西。夜幕垂垂地下來時，大小船上都點起燈火。從兩重玻璃裏映出那輻射著的黃黃的散光，反暈出一片朦朧的煙靄；透過這煙靄，在黯黯的水波里，又逗起縷縷的明漪。在這薄靄和微漪裏，聽著那悠然的間歇的槳聲，誰能不被引入他的美夢去呢？只愁夢太多了，這些大小船兒如何載得起呀？我們這時模模糊糊的談著明末的秦淮河的艷跡，如《桃花扇》及《板橋雜記》裏所載的。我們真神往了。我們彷彿親見那時華燈映水，畫舫凌波的光景了。於是我們的船便成了歷史的重載了。我們終於恍然秦淮河的船所以雅麗過於他處，而又有奇異的吸引力的，實在是許多歷史的影像使然了。

秦淮河的水是碧陰陰的；看起來厚而不膩，或者是六朝金粉所凝麼？我們初上船的時候，天色還未斷黑，那漾漾的柔波是這樣恬靜、委婉，使我們一面有水闊天空之想，一面又憧憬著紙醉金迷之境了。等到燈火明時，陰陰的變為沈沉了：黯淡的水光，像夢一般；那偶然閃爍著的光芒，就是夢的眼睛了。我們坐在艙前，因了那隆起的頂棚，彷彿總是昂著首向前走著似的；於是飄飄然如御風而行的我們，看著那些自在的灣泊著的船，船裏走馬燈般的人物，便像是下界一般，迢迢的遠了，又像在霧裏看花，盡朦朦朧朧的。這時我們已過了利涉橋，望見東關頭了。",已過了利涉橋望見東關頭了,沿路,yanlu,yan lu,TRUE,1:沿路 | 2:言路 | 3:鹽滷 | 4:眼 | 5:演 | 6:言 | 7:煙 | 8:嚴 | 9:燕 | 10:鹽,TRUE,1,,,,
polyphonic_flagged,b7742a39ca7f230a1b2b34ba,槳聲燈影裏的秦淮河,981,983,"一九二三年八月的一晚，我和平伯同遊秦淮河；平伯是初泛，我是重來了。我們雇了一隻「七板子」，在夕陽已去、皎月方來的時候，便下了船。於是槳聲汩汩，我們開始領略那晃蕩著薔薇色的歷史的秦淮河的滋味了。

秦淮河裏的船，比北京万生園、頤和園的船好，比西湖的船好，比揚州瘦西湖的船也好。這幾處的船不是覺著笨，就是覺著簡陋、局促；都不能引起乘客們的情韻，如秦淮河的船一樣。秦淮河的船約略可分為兩種：一是大船；一是小船，就是所謂「七板子」。大船艙口闊大，可容二三十人。裏面陳設著字畫和光潔的紅木家具，桌上一律嵌著冰涼的大理石面。窗格雕鏤頗細，使人起柔膩之感。窗格里映著紅色藍色的玻璃；玻璃上有精緻的花紋，也頗悅人目。「七板子」規模雖不及大船，但那淡藍色的欄杆，空敞的艙，也足繫人情思。而最出色處卻在它的艙前。艙前是甲板上的一部，上面有弧形的頂，兩邊用疏疏的欄杆支著。裏面通常放著兩張藤的躺椅。躺下，可以談天，可以望遠，可以顧盼兩岸的河房。大船上也有這個，但在小船上更覺清雋罷了。艙前的頂下，一律懸著燈彩；燈的多少、明暗，彩蘇的精粗、艷晦，是不一的，但好歹總還你一個燈彩。這燈彩實在是最能勾人的東西。夜幕垂垂地下來時，大小船上都點起燈火。從兩重玻璃裏映出那輻射著的黃黃的散光，反暈出一片朦朧的煙靄；透過這煙靄，在黯黯的水波里，又逗起縷縷的明漪。在這薄靄和微漪裏，聽著那悠然的間歇的槳聲，誰能不被引入他的美夢去呢？只愁夢太多了，這些大小船兒如何載得起呀？我們這時模模糊糊的談著明末的秦淮河的艷跡，如《桃花扇》及《板橋雜記》裏所載的。我們真神往了。我們彷彿親見那時華燈映水，畫舫凌波的光景了。於是我們的船便成了歷史的重載了。我們終於恍然秦淮河的船所以雅麗過於他處，而又有奇異的吸引力的，實在是許多歷史的影像使然了。

秦淮河的水是碧陰陰的；看起來厚而不膩，或者是六朝金粉所凝麼？我們初上船的時候，天色還未斷黑，那漾漾的柔波是這樣恬靜、委婉，使我們一面有水闊天空之想，一面又憧憬著紙醉金迷之境了。等到燈火明時，陰陰的變為沈沉了：黯淡的水光，像夢一般；那偶然閃爍著的光芒，就是夢的眼睛了。我們坐在艙前，因了那隆起的頂棚，彷彿總是昂著首向前走著似的；於是飄飄然如御風而行的我們，看著那些自在的灣泊著的船，船裏走馬燈般的人物，便像是下界一般，迢迢的遠了，又像在霧裏看花，盡朦朦朧朧的。這時我們",看花盡朦朦朧朧的這時我們,已過,yiguo,yi guo,TRUE,1:一鍋 | 2:一國 | 3:已過 | 4:異國 | 5:一過 | 6:移過 | 7:義國 | 8:移國 | 9:一股 | 10:億股,TRUE,3,,,,
polyphonic_flagged,366090dfb60d4d173dbf6d35,阿河,4762,4764,"我這一回寒假，因為養病，住到一家親戚的別墅里去。那別墅是在鄉下。前面偏左的地方，是一片淡藍的湖水，對岸環擁著不盡的青山。山的影子倒映在水里，越顯得清清朗朗的。水面常如鏡子一般。風起時，微有皺痕；像少女們皺她們的眉頭，過一會子就好了。湖的余勢束成一條小港，緩緩地不聲不響地流過別墅的門前。門前有一條小石橋，橋那邊盡是田畝。這邊沿岸一帶，相間地栽著桃樹和柳樹，春來當有一番熱鬧的夢。別墅外面繚繞著短短的竹篱，篱外是小小的路。里邊一座向南的樓，背后便倚著山。西邊是三間平屋，我便住在這里。院子里有兩塊草地，上面隨便放著兩三塊石頭。另外的隙地上，或羅列著盆栽，或种蒔著花草。篱邊還有几株枝干蟠曲的大樹，有一株几乎要伸到水里去了。

我的親戚韋君只有夫婦二人和一個女儿。她在外邊念書，這時也剛回到家里。她邀來三位同學，同到她家過這個寒假；兩位是親戚，一位是朋友。她們住著樓上的兩間屋子。韋君夫婦也住在樓上。樓下正中是客廳，常是閒著，西間是吃飯的地方；東間便是韋君的書房，我們談天，喝茶，看報，都在這里。我吃了飯，便是一個人，也要到這里來閒坐一回。我來的第二天，韋小姐告訴我，她母親要給她們找一個好好的女用人；長工阿齊說有一個表妹，母親叫他明天就帶來做做看呢。她似乎很高興的樣子，我只是不經意地答應。

平屋与樓屋之間，是一個小小的廚房。我住的是東面的屋子，從窗子里可以看見廚房里人的來往。這一天午飯前，我偶然向外看看，見一個面生的女用人，兩手提著兩把白鐵壺，正往廚房里走；韋家的李媽在她前面領著，不知在和她說甚么話。她的頭髮亂蓬蓬的，像冬天的枯草一樣。身上穿著鑲邊的黑布棉襖和夾褲，黑里已泛出黃色；棉襖長与膝齊，夾褲也直拖到腳背上。腳倒是雙天足，穿著尖頭的黑布鞋，后跟還帶著兩片同色的“葉拔儿”。想這就是阿齊帶來的女用人了；想完了就坐下看書。晚飯后，韋小姐告訴我，女用人來了，她的名字叫“阿河”。我說，“名字很好，只是人土些；還能做么？”她說，“別看她土，很聰明呢。”我說，“哦。”便接著看手中的報了。

以后每天早上，中上，晚上，我常常看見阿河挈著水壺來往；她的眼似乎總是望前看的。兩個禮拜匆匆地過去了。韋小姐忽然和我說，你別看阿河土，她的志气很好，她是個可怜的人。我和娘說，把我前年在家穿的那身棉襖褲給了她吧。我嫌那兩件衣服太花，給了她正好。娘先不肯，說她來了沒有几天；后來也肯了。今天拿出來讓她穿，正合式呢。我們教給她打絨繩鞋，她真聰明，一學就會了。她說拿到工錢，也要打一雙穿呢。我等几天再和娘說去。

“她這樣愛好！怪不得頭髮光得多了，原來都是你們教她的。好！你們盡教她講究，她將來怕不愿回家去呢。”大家都笑了。

舊新年是過去了。因為江浙的兵事，我們的學校一時還不能開學。我們大家都樂得在別墅里多住些日子。這時阿河如換了一個人。她穿著寶藍色挑著小花儿的布棉襖褲；腳下是嫩藍色毛繩鞋，鞋口還綴著兩個半藍半白的小絨球儿。我想這一定是她的小姐們給幫忙的。古語說得好，“人要衣裳馬要鞍”，阿河這一打扮，真有些楚楚可怜了。她的頭髮早已是刷得光光的，覆額的留海也梳得十分伏帖。一張小小的圓臉，如正開的桃李花；臉上并沒有笑，卻隱隱地含著春日的光輝，像花房里充了蜜一般。這在我几乎是一個奇跡；我現在是常站在窗前看她了。我覺得在深山里發見了一粒貓儿眼；這樣精純的貓儿眼，是我生平所僅見！我覺得我們相識已太長久，极愿和她說一句話——极平淡的話，一句也好。但我怎好平白地和她攀談呢？這樣郁郁了一禮拜。

這是元宵節的前一晚上。我吃了飯，在屋里坐了一會，覺得有些無聊，便信步走到那書房里。拿起報來，想再細看一回。忽然門鈕一響，阿河進來了。她手里拿著三四支顏色鉛筆；出乎意料地走近了我。她站在我面前了，靜靜地微笑著說：“白先生，你知道鉛筆刨在哪里？”一面將拿著的鉛筆給我看。我不自主地立起來，匆忙地應道，“在這里；”我用手指著南邊柱子。但我立刻覺得這是不夠的。我領她走近了柱子。這時我像閃電似地躊躇了一下，便說，“我…… 我……”她一聲不響地已將一支鉛筆交給我。我放進刨子里刨給她看。刨了兩下，便想交給她；但終于刨完了一支，交還了她。她接了筆略看一看，仍仰著臉向我。我窘极了。剎那間念頭轉了好几個圈子；到底硬著頭皮搭訕著說，“就這樣刨好了。”我赶緊向門外一瞥，就走回原處看報去。但我的頭剛低下，我的眼已抬起來了。于是遠遠地從容地問道，“你會么？”她不曾掉過頭來，只“嚶”了一聲，也不說話。我看了她背影一會。覺得應該低下頭了。等我再抬起頭來時，她已默默地向外走了。她似乎總是望前看的；我想再問她一句話，但終于不曾出口。我撇下了報，站起來走了一會，便回到自己屋里。

我一直想著些什么，但什么也沒有想出。

第二天早上看見她往廚房里走時，我發愿我的眼將老跟著她的影子！她的影子真好。她那几步路走得又敏捷，又勻稱，又苗條，正如一只可愛的小貓。她兩手各提著一只水壺，又令我想到在一條細細的索儿上抖擻精神走著的女子。這全由于她的腰；她的腰真太軟了，用白水的話說，真是軟到使我如吃蘇州的牛皮糖一樣。不止她的腰，我的日記里說得好：“她有一套和云霞比美，水月爭靈的曲線，織成大大的一張迷惑的网！”而那兩頰的曲線，尤其甜蜜可人。她兩頰是白中透著微紅，潤澤如玉。她的皮膚，嫩得可以掐出水來；我的日記里說，“我很想去掐她一下呀！”她的眼像一雙小燕子，老是在灩灩的春水上打著圈儿。她的笑最使我記住，像一朵花漂浮在我的腦海里。我不是說過，她的小圓臉像正開的桃花么？那么，她微笑的時候，便是盛開的時候了：花房里充滿了蜜，真如要流出來的樣子。她的髮不甚厚，但黑而有光，柔軟而滑，如純絲一般。只可惜我不曾聞著一些儿香。唉！從前我在窗前看她好多次，所得的真太少了；若不是昨晚一見，——雖只几分鐘——我真太對不起這樣一個人儿了。

午飯后，韋君照例地睡午覺去了，只有我，韋小姐和其他三位小姐在書房里。我有意無意地談起阿河的事。我說：

“你們怎知道她的志气好呢？”

“那天我們教給她打絨繩鞋；”一位蔡小姐便答道，“看她很聰明，就問她為甚么不念書？她被我們一問，就傷心起來了。……”

“是的，”韋小姐笑著搶了說，“后來還哭了呢；還有一位傻子陪她淌眼淚呢。”

那邊黃小姐可急了，走過來推了她一下。蔡小姐忙攔住道，“人家說正經話，你們盡鬧著玩儿！讓我說完了呀——”“我代你說啵，”韋小姐仍搶著說，“——她說她只有一個爹，沒有娘。嫁了一個男人，倒有三十多歲，土頭土腦的，臉上滿是包！他是李媽的鄰舍，我還看見過呢。……”“好了，底下我說吧。”蔡小姐接著道，“她男人又不要好，盡愛賭錢；她一气，就住到娘家來，有一年多不回去了。”

“她今年几歲？”我問。

“十七不知十八？前年出嫁的，几個月就回家了，”蔡小姐說。

“不，十八，我知道，”韋小姐改正道。

“哦。你們可曾勸她离婚？”

“怎么不勸；”韋小姐應道，“她說十八回去吃她表哥的喜酒，要和她的爹去說呢。”

“你們教她的好事，該當何罪！”我笑了。

她們也都笑了。

十九的早上，我正在屋里看書，听見外面有嚷嚷的聲音；這是從來沒有的。我立刻走出來看；只見門外有兩個鄉下人要走進來，卻給阿齊攔住。他們只是央告，阿齊只是不肯。這時韋君已走出院中，向他們道，

“你們回去吧。人在我這里，不要緊的。快回去，不要瞎吵！”

兩個人面面相覷，說不出一句話；俄延了一會，只好走了。我問韋君什么事？他說，

“阿河囉！還不是瞎吵一回子。”

我想他于男女的事向來是懶得說的，還是回頭問他小姐的好；我們便談到別的事情上去。

吃了飯，我赶緊問韋小姐，她說，

“她是告訴娘的，你問娘去。”

我想這件事有些尷尬，便到西間里問韋太太；她正看著李媽收拾碗碟呢。她見我問，便笑著說，

“你要問這些事做什么？她昨天回去，原是借了阿桂的衣裳穿了去的，打扮得嬌滴滴的，也難怪，被她男人看見了，便約了些不相干的人，將她搶回去過了一夜。今天早上，她騙她男人，說要到此地來拿行李。她男人就會信她，派了兩個人跟著。那知她到了這里，便叫阿齊攔著那跟來的人；她自己便跪在我面前哭訴，說死也不愿回她男人家去。你說我有什么法子。只好讓那跟來的人先回去再說。好在沒有几天，她們要上學了，我將來交給她的爹吧。唉，現在的人，心眼儿真是越過越大了；一個鄉下女人，也會鬧出這樣惊天動地的事了！”

“可不是，”李媽在旁插嘴道，“太太你不知道；我家三叔前儿來，我還听他說呢。我本不該說的，阿彌陀佛！太太，你想她不愿意回婆家，老愿意住在娘家，是什么道理？家里只有一個單身的老子；你想那該死的老畜生！他舍不得放她回去呀！”

“低些，真的么？”韋太太惊詫地問。

“他們說得千真万确的。我早就想告訴太太了，總有些疑心；今天看她的樣子，真有几分對呢。太太，你想現在還成什么世界！”

“這該不至于吧。”我淡淡地插了一句。

“少爺，你那里知道！”韋太太歎了一口气，“——好在沒有几天了，讓她快些走吧；別將我們的運气帶坏了。她的事，我們以后也別談吧。”

開學的通告來了，我定在二十八走。二十六的晚上，阿河忽然不到廚房里挈水了。韋小姐跑來低低地告訴我，“娘叫阿齊將阿河送回去了；我在樓上，都不知道呢。”我應了一聲，一句話也沒有說。正如每日有三頓飽飯吃的人，忽然絕了糧；卻又不能告訴一個人！而且我覺得她的前面是黑洞洞的，此去不定有什么好歹！那一夜我是沒有好好地睡，只翻來覆去地做夢，醒來卻又一例茫然。這樣昏昏沉沉地到了二十八早上，懶懶地向韋君夫婦和韋小姐告別而行，韋君夫婦堅約春假再來住，我只得含糊答應著。出門時，我很想回望廚房几眼；但許多人都站在門口送我，我怎好回頭呢？

到校一打听，老友陸已來了。我不及料理行李，便找著他，將阿河的事一五一十告訴他。他本是個好事的人；听我說時，時而皺眉，時而歎气，時而擦掌。听到她只十八歲時，他突然將舌頭一伸，跳起來道，

“可惜我早有了我那太太！要不然，我准得想法子娶她！”

“你娶她就好了；現在不知鹿死誰手呢？”

我倆默默相對了一會，陸忽然拍著桌子道，

“有了，老汪不是去年失了戀么？他現在還沒有主儿，何不給他倆撮合一下。”

我正要答說，他已出去了。過了一會子，他和汪來了，進門就嚷著說，

“我和他說，他不信；要問你呢！”

“事是有的，人呢，也真不錯。只是人家的事，我們憑什么去管！”我說。

“想法子呀！”陸嚷著。

“什么法子？你說！”

“好，你們盡和我開玩笑，我才不理會你們呢！”汪笑了。

我們几乎每天都要談到阿河，但誰也不曾認真去“想法子。”

一轉眼已到了春假。我再到韋君別墅的時候，水是綠綠的，桃腮柳眼，著意引人。我卻只惦著阿河，不知她怎么樣了。那時韋小姐已回來兩天。我背地里問她，她說，“奇得很！阿齊告訴我，說她二月間來求娘來了。她說她男人已死了心，不想她回去；只不肯白白地放掉她。他教她的爹拿出八十塊錢來，人就是她的爹的了；他自己也好另娶一房人。可是阿河說她的爹那有這些錢？她求娘可怜可怜她！娘的脾气你知道。她是個古板的人；她數說了阿河一頓，一個錢也不給！我現在和阿齊說，讓他上鎮去時，帶個信儿給她，我可以給她五塊錢。我想你也可以幫她些，我教阿齊一塊儿告訴她吧。只可惜她未必肯再上我們這儿來囉！”

“我拿十塊錢吧，你告訴阿齊就是。”

我看阿齊空閒了，便又去問阿河的事。他說，

“她的爹正給她東找西找地找主儿呢。只怕難吧，八十塊大洋呢！”

我忽然覺得不自在起來，不愿再問下去。

過了兩天，阿齊從鎮上回來，說，

“今天見著阿河了。娘的，齊整起來了。穿起了裙子，做老板娘娘了！据說是自己揀中的；這种年頭！”

我立刻",自己揀中的這种年頭我立刻,覺得,juede,jue de,TRUE,1:覺得 | 2:覺的 | 3:掘地 | 4:絕的 | 5:角的 | 6:覺 | 7:絕 | 8:巨額 | 9:鉅額 | 10:決,TRUE,1,,,,
polyphonic_flagged,2c2b53994ea1f03452a52996,槳聲燈影裏的秦淮河,949,951,"一九二三年八月的一晚，我和平伯同遊秦淮河；平伯是初泛，我是重來了。我們雇了一隻「七板子」，在夕陽已去、皎月方來的時候，便下了船。於是槳聲汩汩，我們開始領略那晃蕩著薔薇色的歷史的秦淮河的滋味了。

秦淮河裏的船，比北京万生園、頤和園的船好，比西湖的船好，比揚州瘦西湖的船也好。這幾處的船不是覺著笨，就是覺著簡陋、局促；都不能引起乘客們的情韻，如秦淮河的船一樣。秦淮河的船約略可分為兩種：一是大船；一是小船，就是所謂「七板子」。大船艙口闊大，可容二三十人。裏面陳設著字畫和光潔的紅木家具，桌上一律嵌著冰涼的大理石面。窗格雕鏤頗細，使人起柔膩之感。窗格里映著紅色藍色的玻璃；玻璃上有精緻的花紋，也頗悅人目。「七板子」規模雖不及大船，但那淡藍色的欄杆，空敞的艙，也足繫人情思。而最出色處卻在它的艙前。艙前是甲板上的一部，上面有弧形的頂，兩邊用疏疏的欄杆支著。裏面通常放著兩張藤的躺椅。躺下，可以談天，可以望遠，可以顧盼兩岸的河房。大船上也有這個，但在小船上更覺清雋罷了。艙前的頂下，一律懸著燈彩；燈的多少、明暗，彩蘇的精粗、艷晦，是不一的，但好歹總還你一個燈彩。這燈彩實在是最能勾人的東西。夜幕垂垂地下來時，大小船上都點起燈火。從兩重玻璃裏映出那輻射著的黃黃的散光，反暈出一片朦朧的煙靄；透過這煙靄，在黯黯的水波里，又逗起縷縷的明漪。在這薄靄和微漪裏，聽著那悠然的間歇的槳聲，誰能不被引入他的美夢去呢？只愁夢太多了，這些大小船兒如何載得起呀？我們這時模模糊糊的談著明末的秦淮河的艷跡，如《桃花扇》及《板橋雜記》裏所載的。我們真神往了。我們彷彿親見那時華燈映水，畫舫凌波的光景了。於是我們的船便成了歷史的重載了。我們終於恍然秦淮河的船所以雅麗過於他處，而又有奇異的吸引力的，實在是許多歷史的影像使然了。

秦淮河的水是碧陰陰的；看起來厚而不膩，或者是六朝金粉所凝麼？我們初上船的時候，天色還未斷黑，那漾漾的柔波是這樣恬靜、委婉，使我們一面有水闊天空之想，一面又憧憬著紙醉金迷之境了。等到燈火明時，陰陰的變為沈沉了：黯淡的水光，像夢一般；那偶然閃爍著的光芒，就是夢的眼睛了。我們坐在艙前，因了那隆起的頂棚，彷彿總是昂著首向前走著似的；於是飄飄然如御風而行的我們，看著那些自在的灣泊著的船，船裏走馬燈般的人物，便",的船船裏走馬燈般的人物便,像是,xiangshi,xiang shi,TRUE,1:像是 | 2:相識 | 3:象是 | 4:相視 | 5:翔實 | 6:詳實 | 7:鄉試 | 8:像似 | 9:相士 | 10:向時,TRUE,1,,,,
polyphonic_flagged,1ebb56f40fa336e33c798166,背影,367,369,"我與父親不相見已二年餘了，我最不能忘記的是他的背影。那年冬天，祖母死了，父親的差使也交卸了，正是禍不單行的日子，我從北京到徐州，打算跟着父親奔喪囘家。到徐州見着父親，看見滿院狼藉的東西，又想起祖母，不禁簌簌地流下眼淚。父親說，「事已如此，不必難過，好在天無絕人之路！」

囘家變賣典質，父親還了虧空；又借錢辦了喪事。這些日子，家中光景很是慘澹，一半爲了喪事，一半爲了父親賦閒。喪事完畢，父親要到南京謀事，我也要囘北京念書，我們便同行。

到南京時，有朋友約去游逛，勾留了一日；第二日上午便須渡江到浦口，下午上車北去。父親因爲事忙，本已說定不送我，叫旅館裏一個熟識的茶房陪我同去。他再三囑付茶房，甚是仔細。但他終於不放心，怕茶房不妥帖；頗躊躇了一會。其實我那年已二十歲，北京已來往過兩三次，是沒有甚麽要緊的了。他躊躇了一會，終於決定還是",他躊躇了一會終於決定還是,自己,ziji,zi ji,TRUE,1:自己 | 2:字跡 | 3:子集 | 4:自給 | 5:仔雞 | 6:子雞 | 7:字集 | 8:自激 | 9:鎡基 | 10:子,TRUE,1,,,,
polyphonic_flagged,4fbda4a024101fe73d2d3d72,背影,1294,1296,"我與父親不相見已二年餘了，我最不能忘記的是他的背影。那年冬天，祖母死了，父親的差使也交卸了，正是禍不單行的日子，我從北京到徐州，打算跟着父親奔喪囘家。到徐州見着父親，看見滿院狼藉的東西，又想起祖母，不禁簌簌地流下眼淚。父親說，「事已如此，不必難過，好在天無絕人之路！」

囘家變賣典質，父親還了虧空；又借錢辦了喪事。這些日子，家中光景很是慘澹，一半爲了喪事，一半爲了父親賦閒。喪事完畢，父親要到南京謀事，我也要囘北京念書，我們便同行。

到南京時，有朋友約去游逛，勾留了一日；第二日上午便須渡江到浦口，下午上車北去。父親因爲事忙，本已說定不送我，叫旅館裏一個熟識的茶房陪我同去。他再三囑付茶房，甚是仔細。但他終於不放心，怕茶房不妥帖；頗躊躇了一會。其實我那年已二十歲，北京已來往過兩三次，是沒有甚麽要緊的了。他躊躇了一會，終於決定還是自己送我去。我兩三囘勸他不必去；他只說，「不要緊，他們去不好！」

我們過了江，進了車站。我買票，他忙着照看行李。行李太多了，得向腳夫行些小費，才可過去。他便又忙着和他們講價錢。我那時眞是聰明過分，總覺他說話不大漂亮，非自己插嘴不可。但他終於講定了價錢；就送我上車。他給我揀定了靠車門的一張椅子；我將他給我做的紫毛大衣鋪好坐位。他囑我路上小心，夜裏要警醒些，不要受涼。又囑託茶房好好照應我。我心裏暗笑他的迂；他們只認得錢，託他們直是白託！而且我這樣大年紀的人，難道還不能料理自己麽？唉，我現在想想，那時眞是太聰明了！

我說道，「爸爸，你走吧。」他望車外看了看，說，「我買幾個橘子去。你就在此地，不要走動。」我看那邊月臺的柵欄外有幾個賣東西的等着顧客。走到那邊月臺，須穿過鐵道，須跳下去又爬上去。父親是一個胖子，走過去自然要費事些。我本來要去的，他不肯，只好讓他去。我看見他戴着黑布小帽，穿着黑布大馬褂，深靑布棉袍，蹣跚地走到鐵道邊，慢慢探身下去，尚不大難。可是他穿過鐵道，要爬上那邊月臺，就不容易了。他用兩手攀着上面，兩腳再向上縮；他肥胖的身子向左微傾，顯出努力的樣子。這時我看見他的背影，我的淚很快地流下來了。我趕緊拭乾了淚，怕他看見，也怕別人看見。我再向外看時，他已抱了朱紅的橘子望囘走了。過鐵道時，他先將橘子散放在地上，自己慢慢爬下，再抱起橘子走。到這邊時，我趕緊去攙他。他和我走到車上，將橘子一股腦兒放在我的皮大衣上。於是撲撲衣上的泥土，心裏狠輕鬆似的，過一會說，「我走了；到那邊來信！」我望着他走出去。他走了幾步，囘過頭看見我，說，「進去吧，裏邊沒人。」等他的背影混入來來往往的人裏，再找不着了，我便進來坐下，我的眼淚又來了。

近幾年來，父親和我都是東奔西走，家中光景是一日不如一日。他少年出外謀生，獨立支持，做了許多大事。那知老境却如此頹唐！他觸目傷懷，自然情不能自已。情鬱於中，自然要發之於外；家庭瑣屑便往往觸他之怒。他待我漸漸不同往日。但最近兩年的不見，他終於忘却我的不好，只是惦記着我，惦記着我的兒子。我北來後，他寫了一封信給我，信中說道，「我身體平安，惟膀子疼痛利害，舉箸提筆，諸多不便，大約大去之期不遠矣。」我讀到此處，在晶瑩的",不遠矣我讀到此處在晶瑩的,淚光,leiguang,lei guang,TRUE,1:淚光 | 2:雷光 | 3:肋骨 | 4:類股 | 5:擂鼓 | 6:壘固 | 7:雷鼓 | 8:類 | 9:累 | 10:雷,TRUE,1,,,,
polyphonic_flagged,1a0473e0c6ec6d9b1bdb87c5,槳聲燈影裏的秦淮河,310,312,"一九二三年八月的一晚，我和平伯同遊秦淮河；平伯是初泛，我是重來了。我們雇了一隻「七板子」，在夕陽已去、皎月方來的時候，便下了船。於是槳聲汩汩，我們開始領略那晃蕩著薔薇色的歷史的秦淮河的滋味了。

秦淮河裏的船，比北京万生園、頤和園的船好，比西湖的船好，比揚州瘦西湖的船也好。這幾處的船不是覺著笨，就是覺著簡陋、局促；都不能引起乘客們的情韻，如秦淮河的船一樣。秦淮河的船約略可分為兩種：一是大船；一是小船，就是所謂「七板子」。大船艙口闊大，可容二三十人。裏面陳設著字畫和光潔的紅木家具，桌上一律嵌著冰涼的大理石面。窗格雕鏤頗細，使人起柔膩之感。窗格里映著紅色藍色的玻璃；玻璃上有精緻的花紋，也頗悅人目。「七板子」規模雖不及",頗悅人目七板子規模雖不及,大船,dachuan,da chuan,TRUE,1:打穿 | 2:大船 | 3:大川 | 4:大傳 | 5:搭船 | 6:大串 | 7:大夼 | 8:打出 | 9:大廚 | 10:大出,TRUE,2,,,,
polyphonic_flagged,a2edb48f6dcb39be326ac82d,槳聲燈影裏的秦淮河,2582,2584,"一九二三年八月的一晚，我和平伯同遊秦淮河；平伯是初泛，我是重來了。我們雇了一隻「七板子」，在夕陽已去、皎月方來的時候，便下了船。於是槳聲汩汩，我們開始領略那晃蕩著薔薇色的歷史的秦淮河的滋味了。

秦淮河裏的船，比北京万生園、頤和園的船好，比西湖的船好，比揚州瘦西湖的船也好。這幾處的船不是覺著笨，就是覺著簡陋、局促；都不能引起乘客們的情韻，如秦淮河的船一樣。秦淮河的船約略可分為兩種：一是大船；一是小船，就是所謂「七板子」。大船艙口闊大，可容二三十人。裏面陳設著字畫和光潔的紅木家具，桌上一律嵌著冰涼的大理石面。窗格雕鏤頗細，使人起柔膩之感。窗格里映著紅色藍色的玻璃；玻璃上有精緻的花紋，也頗悅人目。「七板子」規模雖不及大船，但那淡藍色的欄杆，空敞的艙，也足繫人情思。而最出色處卻在它的艙前。艙前是甲板上的一部，上面有弧形的頂，兩邊用疏疏的欄杆支著。裏面通常放著兩張藤的躺椅。躺下，可以談天，可以望遠，可以顧盼兩岸的河房。大船上也有這個，但在小船上更覺清雋罷了。艙前的頂下，一律懸著燈彩；燈的多少、明暗，彩蘇的精粗、艷晦，是不一的，但好歹總還你一個燈彩。這燈彩實在是最能勾人的東西。夜幕垂垂地下來時，大小船上都點起燈火。從兩重玻璃裏映出那輻射著的黃黃的散光，反暈出一片朦朧的煙靄；透過這煙靄，在黯黯的水波里，又逗起縷縷的明漪。在這薄靄和微漪裏，聽著那悠然的間歇的槳聲，誰能不被引入他的美夢去呢？只愁夢太多了，這些大小船兒如何載得起呀？我們這時模模糊糊的談著明末的秦淮河的艷跡，如《桃花扇》及《板橋雜記》裏所載的。我們真神往了。我們彷彿親見那時華燈映水，畫舫凌波的光景了。於是我們的船便成了歷史的重載了。我們終於恍然秦淮河的船所以雅麗過於他處，而又有奇異的吸引力的，實在是許多歷史的影像使然了。

秦淮河的水是碧陰陰的；看起來厚而不膩，或者是六朝金粉所凝麼？我們初上船的時候，天色還未斷黑，那漾漾的柔波是這樣恬靜、委婉，使我們一面有水闊天空之想，一面又憧憬著紙醉金迷之境了。等到燈火明時，陰陰的變為沈沉了：黯淡的水光，像夢一般；那偶然閃爍著的光芒，就是夢的眼睛了。我們坐在艙前，因了那隆起的頂棚，彷彿總是昂著首向前走著似的；於是飄飄然如御風而行的我們，看著那些自在的灣泊著的船，船裏走馬燈般的人物，便像是下界一般，迢迢的遠了，又像在霧裏看花，盡朦朦朧朧的。這時我們已過了利涉橋，望見東關頭了。沿路聽見斷續的歌聲：有從沿河的妓樓飄來的，有從河上船裏渡來的。我們明知那些歌聲，只是些因襲的言詞，從生澀的歌喉裏機械的發出來的；但它們經了夏夜的微風的吹漾和水波的搖拂，嬝娜著到我們耳邊的時候，已經不單是她們的歌聲，而混著微風和河水的密語了。於是我們不得不被牽惹著，震撼著，相與浮沉於這歌聲裏了。從東關頭轉彎，不久就到大中橋。大中橋共有三個橋拱，都很闊大，儼然是三座門兒；使我們覺得我們的船和船裏的我們，在橋下過去時，真是太無顏色了。橋磚是深褐色，表明它的歷史的長久；但都完好無缺，令人太息於古昔工程的堅美。橋上兩旁都是木壁的房子，中間應該有街路。這些房子都破舊了，多年煙熏的跡，遮沒了當年的美麗。我想像秦淮河的極盛時，在這樣宏闊的橋上，特地蓋了房子，必然是髹漆得富富麗麗的；晚間必然是燈火通明的，現在卻只剩下一片黑沉沉！但是橋上造著房子，畢竟使我們多少可以想見往日的繁華；這也慰情聊勝無了。過了大中橋，便到了燈月交輝、笙歌徹夜的秦淮河，這才是秦淮河的真面目哩。

大中橋外，頓然空闊，和橋內兩岸排著密密的人家的景像大異了。一眼望去，疏疏的林，淡淡的月，襯著蔚藍的天，頗像荒江野渡光景；那邊呢，鬱叢叢的，陰森森的，又似乎藏著無邊的黑暗，令人幾乎不信那是繁華的秦淮河了。但是河中眩暈著的燈光，縱橫著的畫舫，悠揚著的笛韻，夾著那吱吱的胡琴聲，終於使我們認識綠如茵陳酒的秦淮水了。此地天裸露著的多些，故覺夜來的獨遲些；從清清的水影裏，我們感到的只是薄薄的夜——這正是秦淮河的夜。大中橋外，本來還有一座復成橋，是船夫口中的我們的遊踪盡處，或也是秦淮河繁華的盡處了。我的腳曾踏過復成橋的脊，在十三四歲的時候。但是兩次遊秦淮河，卻都不曾見著復成橋的面；明知總在前途的，卻常覺得有些虛無縹緲似的。我想，不見倒也好。這時正是盛夏。我們下船後，藉著新生的晚涼和河上的微風，暑氣已漸漸消散；到了此地，豁然開朗，身子頓然輕了——習習的清風荏苒在面上、手上、衣上，這便又感到了一縷新涼了。南京的日光，大概沒有杭州猛烈；西湖的夏夜老是熱蓬蓬的，水像沸著一般，秦淮河的水卻盡是這樣冷冷地綠著。任你人影的憧憧，歌聲的擾擾，總像隔著一層薄薄的綠紗面冪似的；它盡是這樣靜靜的、冷冷的綠著。我們出了大中橋，走不上半里路，船夫便將船劃到一旁，停了槳由它宕著。他以為那裏正是繁華的極點，再過去就是荒涼了；所以讓我們多多賞鑑一會兒。他自己卻靜靜的蹲著。他是看慣這光景的了，大約只是一個無可無不可。這無可無不可，無論是升的沉的，總之，都比我們高了。

那時河裏鬧熱極了；船大半泊著，小半在水上穿梭似的來往。停泊著的都在近市的那一邊，我們的船自然也夾在其中。因為這邊略略的擠，便覺得那邊十分的疏了。在每一隻船從那邊過去時，我們能畫出它的輕輕的影和曲曲的波，在我們的心上；這顯著是空，且顯著是靜了。那時處處都是歌聲和淒厲的胡琴聲，圓潤的喉嚨，確乎是很少的。但那生澀的，尖脆的調子能使人有少年的，粗率不拘的感覺，也正可快我們的意。況且多少隔開些兒聽著，因為想像與渴慕的做美，總覺更有滋味；而竟發的喧囂，抑揚的不齊，遠近的雜沓，和樂器的嘈嘈切切，合成另一意味的諧音，也使我們無所適從，如隨著大風而走。這實在因為我們的心枯澀久了，變為脆弱；故偶然潤澤一下，便瘋狂似的不能自主了，但秦淮河確也膩人。即如船裏的人面，無論是和我們一堆儿泊著的，無論是從我們眼前過去的，總是模模糊糊的，甚至渺渺茫茫的；任你張圓了眼睛，揩淨了眥垢，也是枉然，這真夠人想呢。在我們停泊的地方，燈光原是紛然的；不過這些燈光都是黃而有暈的。黃已經不能明了，再加上了暈，便更不成了。燈愈多，暈就愈甚；在繁星般的黃的交錯裏，秦淮河彷彿籠上了一團光霧。光芒與霧氣騰騰的暈著，什麼都只剩了輪廓了；所以人面的詳細的曲線，便消失於我們的眼底了。但燈光究竟奪不了那邊的月色；燈",光究竟奪不了那邊的月色燈,光是,guangshi,guang shi,TRUE,1:光是 | 2:廣式 | 3:光 | 4:廣 | 5:逛 | 6:鄺 | 7:咣 | 8:胱 | 9:広 | 10:洸,TRUE,1,,,,
polyphonic_flagged,8188c33e6261c20bd0c0fc28,槳聲燈影裏的秦淮河,1378,1380,"一九二三年八月的一晚，我和平伯同遊秦淮河；平伯是初泛，我是重來了。我們雇了一隻「七板子」，在夕陽已去、皎月方來的時候，便下了船。於是槳聲汩汩，我們開始領略那晃蕩著薔薇色的歷史的秦淮河的滋味了。

秦淮河裏的船，比北京万生園、頤和園的船好，比西湖的船好，比揚州瘦西湖的船也好。這幾處的船不是覺著笨，就是覺著簡陋、局促；都不能引起乘客們的情韻，如秦淮河的船一樣。秦淮河的船約略可分為兩種：一是大船；一是小船，就是所謂「七板子」。大船艙口闊大，可容二三十人。裏面陳設著字畫和光潔的紅木家具，桌上一律嵌著冰涼的大理石面。窗格雕鏤頗細，使人起柔膩之感。窗格里映著紅色藍色的玻璃；玻璃上有精緻的花紋，也頗悅人目。「七板子」規模雖不及大船，但那淡藍色的欄杆，空敞的艙，也足繫人情思。而最出色處卻在它的艙前。艙前是甲板上的一部，上面有弧形的頂，兩邊用疏疏的欄杆支著。裏面通常放著兩張藤的躺椅。躺下，可以談天，可以望遠，可以顧盼兩岸的河房。大船上也有這個，但在小船上更覺清雋罷了。艙前的頂下，一律懸著燈彩；燈的多少、明暗，彩蘇的精粗、艷晦，是不一的，但好歹總還你一個燈彩。這燈彩實在是最能勾人的東西。夜幕垂垂地下來時，大小船上都點起燈火。從兩重玻璃裏映出那輻射著的黃黃的散光，反暈出一片朦朧的煙靄；透過這煙靄，在黯黯的水波里，又逗起縷縷的明漪。在這薄靄和微漪裏，聽著那悠然的間歇的槳聲，誰能不被引入他的美夢去呢？只愁夢太多了，這些大小船兒如何載得起呀？我們這時模模糊糊的談著明末的秦淮河的艷跡，如《桃花扇》及《板橋雜記》裏所載的。我們真神往了。我們彷彿親見那時華燈映水，畫舫凌波的光景了。於是我們的船便成了歷史的重載了。我們終於恍然秦淮河的船所以雅麗過於他處，而又有奇異的吸引力的，實在是許多歷史的影像使然了。

秦淮河的水是碧陰陰的；看起來厚而不膩，或者是六朝金粉所凝麼？我們初上船的時候，天色還未斷黑，那漾漾的柔波是這樣恬靜、委婉，使我們一面有水闊天空之想，一面又憧憬著紙醉金迷之境了。等到燈火明時，陰陰的變為沈沉了：黯淡的水光，像夢一般；那偶然閃爍著的光芒，就是夢的眼睛了。我們坐在艙前，因了那隆起的頂棚，彷彿總是昂著首向前走著似的；於是飄飄然如御風而行的我們，看著那些自在的灣泊著的船，船裏走馬燈般的人物，便像是下界一般，迢迢的遠了，又像在霧裏看花，盡朦朦朧朧的。這時我們已過了利涉橋，望見東關頭了。沿路聽見斷續的歌聲：有從沿河的妓樓飄來的，有從河上船裏渡來的。我們明知那些歌聲，只是些因襲的言詞，從生澀的歌喉裏機械的發出來的；但它們經了夏夜的微風的吹漾和水波的搖拂，嬝娜著到我們耳邊的時候，已經不單是她們的歌聲，而混著微風和河水的密語了。於是我們不得不被牽惹著，震撼著，相與浮沉於這歌聲裏了。從東關頭轉彎，不久就到大中橋。大中橋共有三個橋拱，都很闊大，儼然是三座門兒；使我們覺得我們的船和船裏的我們，在橋下過去時，真是太無顏色了。橋磚是深褐色，表明它的歷史的長久；但都完好無缺，令人太息於古昔工程的堅美。橋上兩旁都是木壁的房子，中間應該有街路。這些房子都破舊了，多年煙熏的跡，遮沒了當年的美麗。我想像秦淮河的極盛時，在這樣宏闊的橋上，特地蓋了房子，必然是髹漆得富富麗麗的；晚間必然是燈火通明的，現在卻只剩下一片黑沉沉！但是橋上造著房子，畢竟使我們多少可以想見往日的",使我們多少可以想見往日的,繁華,fanhua,fan hua,TRUE,1:繁華 | 2:番話 | 3:反華 | 4:泛化 | 5:繁花 | 6:反話 | 7:繁化 | 8:泛湖 | 9:飯 | 10:反,TRUE,1,,,,
polyphonic_flagged,a7a07beac7b85fdc209dd7e9,給亡婦,205,207,謙，日子真快，一眨眼你已經死了三個年頭了。這三年裡世事不知變化了多少回，但你未必注意這些個，我知道。你第一惦記的是你幾個孩子，第二便輪著我。孩子和我平分你的世界，你在日如此；你死後若還有知，想來還如此的。告訴你，我夏天回家來著：邁兒長得結實極了，比我高一個頭。閏兒父親說是最乖，可是沒有先前胖了。采芷和轉子都好。五兒全家誇她長得好看；卻在腿上生了濕瘡，整天坐在竹床上不能下來，看了怪可憐的。六兒，我怎麼說好，你,怪可憐的六兒我怎麼說好你,明白,mingbai,ming bai,TRUE,1:明白 | 2:明擺 | 3:名 | 4:明 | 5:命 | 6:鳴 | 7:銘 | 8:冥 | 9:茗 | 10:溟,TRUE,1,,,,
polyphonic_flagged,65bf5376e9acf803cf70b83e,給亡婦,617,619,"謙，日子真快，一眨眼你已經死了三個年頭了。這三年裡世事不知變化了多少回，但你未必注意這些個，我知道。你第一惦記的是你幾個孩子，第二便輪著我。孩子和我平分你的世界，你在日如此；你死後若還有知，想來還如此的。告訴你，我夏天回家來著：邁兒長得結實極了，比我高一個頭。閏兒父親說是最乖，可是沒有先前胖了。采芷和轉子都好。五兒全家誇她長得好看；卻在腿上生了濕瘡，整天坐在竹床上不能下來，看了怪可憐的。六兒，我怎麼說好，你明白，你臨終時也和母親談過，這孩子是只可以養著玩兒的，他左挨右挨去年春天，到底沒有挨過去。這孩子生了幾個月，你的肺病就重起來了。我勸你少親近他，只監督著老媽子照管就行。你總是忍不住，一會兒提，一會兒抱的。可是你病中為他操的那一份兒心也夠瞧的。那一個夏天他病的時候多，你成天兒忙著，湯呀，藥呀，冷呀，暖呀，連覺也沒有好好兒睡過。那裡有一分一毫想著你自己。瞧著他硬朗點兒你就樂，乾枯的笑容在黃蠟般的臉上，我只有暗中歎氣而已。

從來想不到做母親的要像你這樣。從邁兒起，你總是自己喂乳，一連四個都這樣。你起初不知道按鐘點兒喂，後來知道了，卻又弄不慣；孩子們每夜裡幾次將你哭醒了，特別是悶熱的夏季。我瞧你的覺老沒睡足。白天裡還得做菜，照料孩子，很少得空兒。你的身子本來壞，四個孩子就累你七八年。到了第五個，你自己實在不成了，又沒乳，只好自己餵奶粉，另雇老媽子專管她。但孩子跟老媽子睡，你就沒有放過心；夜裡一聽見哭，就豎起耳朵聽，工夫",一聽見哭就豎起耳朵聽工夫,一大,yida,yi da,TRUE,1:一大 | 2:已達 | 3:一打 | 4:醫大 | 5:圪墶 | 6:一沓 | 7:伊達 | 8:一搭 | 9:益達 | 10:以大,TRUE,1,,,,
polyphonic_flagged,88051a9e4c817ec94df36c23,阿河,1788,1790,"我這一回寒假，因為養病，住到一家親戚的別墅里去。那別墅是在鄉下。前面偏左的地方，是一片淡藍的湖水，對岸環擁著不盡的青山。山的影子倒映在水里，越顯得清清朗朗的。水面常如鏡子一般。風起時，微有皺痕；像少女們皺她們的眉頭，過一會子就好了。湖的余勢束成一條小港，緩緩地不聲不響地流過別墅的門前。門前有一條小石橋，橋那邊盡是田畝。這邊沿岸一帶，相間地栽著桃樹和柳樹，春來當有一番熱鬧的夢。別墅外面繚繞著短短的竹篱，篱外是小小的路。里邊一座向南的樓，背后便倚著山。西邊是三間平屋，我便住在這里。院子里有兩塊草地，上面隨便放著兩三塊石頭。另外的隙地上，或羅列著盆栽，或种蒔著花草。篱邊還有几株枝干蟠曲的大樹，有一株几乎要伸到水里去了。

我的親戚韋君只有夫婦二人和一個女儿。她在外邊念書，這時也剛回到家里。她邀來三位同學，同到她家過這個寒假；兩位是親戚，一位是朋友。她們住著樓上的兩間屋子。韋君夫婦也住在樓上。樓下正中是客廳，常是閒著，西間是吃飯的地方；東間便是韋君的書房，我們談天，喝茶，看報，都在這里。我吃了飯，便是一個人，也要到這里來閒坐一回。我來的第二天，韋小姐告訴我，她母親要給她們找一個好好的女用人；長工阿齊說有一個表妹，母親叫他明天就帶來做做看呢。她似乎很高興的樣子，我只是不經意地答應。

平屋与樓屋之間，是一個小小的廚房。我住的是東面的屋子，從窗子里可以看見廚房里人的來往。這一天午飯前，我偶然向外看看，見一個面生的女用人，兩手提著兩把白鐵壺，正往廚房里走；韋家的李媽在她前面領著，不知在和她說甚么話。她的頭髮亂蓬蓬的，像冬天的枯草一樣。身上穿著鑲邊的黑布棉襖和夾褲，黑里已泛出黃色；棉襖長与膝齊，夾褲也直拖到腳背上。腳倒是雙天足，穿著尖頭的黑布鞋，后跟還帶著兩片同色的“葉拔儿”。想這就是阿齊帶來的女用人了；想完了就坐下看書。晚飯后，韋小姐告訴我，女用人來了，她的名字叫“阿河”。我說，“名字很好，只是人土些；還能做么？”她說，“別看她土，很聰明呢。”我說，“哦。”便接著看手中的報了。

以后每天早上，中上，晚上，我常常看見阿河挈著水壺來往；她的眼似乎總是望前看的。兩個禮拜匆匆地過去了。韋小姐忽然和我說，你別看阿河土，她的志气很好，她是個可怜的人。我和娘說，把我前年在家穿的那身棉襖褲給了她吧。我嫌那兩件衣服太花，給了她正好。娘先不肯，說她來了沒有几天；后來也肯了。今天拿出來讓她穿，正合式呢。我們教給她打絨繩鞋，她真聰明，一學就會了。她說拿到工錢，也要打一雙穿呢。我等几天再和娘說去。

“她這樣愛好！怪不得頭髮光得多了，原來都是你們教她的。好！你們盡教她講究，她將來怕不愿回家去呢。”大家都笑了。

舊新年是過去了。因為江浙的兵事，我們的學校一時還不能開學。我們大家都樂得在別墅里多住些日子。這時阿河如換了一個人。她穿著寶藍色挑著小花儿的布棉襖褲；腳下是嫩藍色毛繩鞋，鞋口還綴著兩個半藍半白的小絨球儿。我想這一定是她的小姐們給幫忙的。古語說得好，“人要衣裳馬要鞍”，阿河這一打扮，真有些楚楚可怜了。她的頭髮早已是刷得光光的，覆額的留海也梳得十分伏帖。一張小小的圓臉，如正開的桃李花；臉上并沒有笑，卻隱隱地含著春日的光輝，像花房里充了蜜一般。這在我几乎是一個奇跡；我現在是常站在窗前看她了。我覺得在深山里發見了一粒貓儿眼；這樣精純的貓儿眼，是我生平所僅見！我覺得我們相識已太長久，极愿和她說一句話——极平淡的話，一句也好。但我怎好平白地和她攀談呢？這樣郁郁了一禮拜。

這是元宵節的前一晚上。我吃了飯，在屋里坐了一會，覺得有些無聊，便信步走到那書房里。拿起報來，想再細看一回。忽然門鈕一響，阿河進來了。她手里拿著三四支顏色鉛筆；出乎意料地走近了我。她站在我面前了，靜靜地微笑著說：“白先生，你知道鉛筆刨在哪里？”一面將拿著的鉛筆給我看。我不自主地立起來，匆忙地應道，“在這里；”我用手指著南邊柱子。但我立刻覺得這是不夠的。我領她走近了柱子。這時我像閃電似地躊躇了一下，便說，“我…… 我……”她一聲不響地已將一支鉛筆交給我。我放進刨子里刨給她看。刨了兩下，便想交給她；但終于刨完了一支，交還了她。她接了筆略看一看，仍仰著臉向我。我窘极了。剎那間念頭轉了好几個圈子；到底硬著頭皮搭訕著說，“就這樣刨好了。”我赶緊向門外一瞥，就走回原處看報去。但我的頭剛低下，我的眼已",去但我的頭剛低下我的眼已,抬起,taiqi,tai qi,TRUE,1:抬起 | 2:胎氣 | 3:台啓 | 4:臺汽 | 5:臺企 | 6:臺啓 | 7:苔砌 | 8:太 | 9:臺 | 10:泰,TRUE,1,,,,
polyphonic_flagged,72647898a96e35e6ef888847,荷塘月色,965,968,"這幾天心裏頗不寧靜。今晚在院子裏坐着乘涼，忽然想起日日走過的荷塘，在這滿月的光裏，總該另有一番樣子吧。月亮漸漸地升高了，牆外馬路上孩子們的歡笑，已經聽不見了；妻在屋裏拍着閏兒，迷迷糊糊地哼着眠歌。我悄悄地披了大衫，帶上門出去。

沿着荷塘，是一條曲折的小煤屑路。這是一條幽僻的路；白天也少人走，夜晚更加寂寞。荷塘四面，長着許多樹，蓊蓊鬱鬱的。路的一旁，是些楊柳，和一些不知道名字的樹。沒有月光的晚上，這路上陰森森的，有些怕人。今晚卻很好，雖然月光也還是淡淡的。

路上只我一個人，背着手踱着。這一片天地好像是我的；我也像超出了平常的自己，到了另一世界裏。我愛熱鬧，也愛冷靜；愛羣居，也愛獨處。像今晚上，一個人在這蒼茫的月下，什麽都可以想，什麽都可以不想，便覺是個自由的人。白天裏一定要做的事，一定要說的話，現在都可不理。這是獨處的妙處，我且受用這無邊的荷香月色好了。

曲曲折折的荷塘上面，彌望的是田田的葉子。葉子出水很高，像亭亭的舞女的裙。層層的葉子中間，零星地點綴着些白花，有嬝娜地開着的，有羞澀地打着朶兒的；正如一粒粒的明珠，又如碧天裏的星星，又如剛出浴的美人。微風過處，送來縷縷清淸香，彷彿遠處高樓上渺茫的歌聲似的。這時候葉子與花也有一絲的顫動，像閃電般，霎時傳過荷塘的那邊去了。葉子本是肩並肩密密地挨着，這便宛然有了一道凝碧的波痕。葉子底下是脈脈的流水，遮住了，不能見一些顏色；而葉子卻更見風致了。

月光如流水一般，靜靜地瀉在這一片葉子和花上。薄薄的靑霧浮起在荷塘裏。葉子和花彷彿在牛乳中洗過一樣；又像籠着輕紗的夢。雖然是滿月，天上卻有一層淡淡的雲，所以不能朗照；但我以爲這恰是到了好處——酣眠固不可少，小睡也別有風味的。月光是隔了樹照過來的，高處叢生的灌木，落下參差的斑駁的黑影，峭楞楞如鬼一般；彎彎的楊柳的稀疏的倩影，卻又像是畫在荷葉上。塘中的月色並不均勻；但光與影有着和諧的旋律，如梵婀玲上奏着的名曲。

荷塘的四面，遠遠近近，高高低低都是樹，而楊柳最多。這些樹將一片荷塘重重圍住；只在小路一旁，漏着幾段空隙，像是特爲月光留下的。樹色一例是陰陰的，乍看像一團煙霧；但楊柳的丰姿，便在煙霧裏也辨得出。樹梢上隱隱約約的是一帶遠山，只有些大意罷了。樹縫裏也漏着一兩點路燈光，沒精打彩的，是渴睡人的眼。這時候最熱鬧的，要",睡人的眼這時候最熱鬧的要,數樹上,shushushang,shu shu shang,TRUE,1:叔叔上 | 2:叔叔 | 3:數數 | 4:術數 | 5:數術 | 6:疏疏 | 7:輸輸 | 8:書塾 | 9:秫秫 | 10:殊屬,FALSE,,,,,
polyphonic_flagged,461983ce174e9542400dcc29,阿河,3531,3533,"我這一回寒假，因為養病，住到一家親戚的別墅里去。那別墅是在鄉下。前面偏左的地方，是一片淡藍的湖水，對岸環擁著不盡的青山。山的影子倒映在水里，越顯得清清朗朗的。水面常如鏡子一般。風起時，微有皺痕；像少女們皺她們的眉頭，過一會子就好了。湖的余勢束成一條小港，緩緩地不聲不響地流過別墅的門前。門前有一條小石橋，橋那邊盡是田畝。這邊沿岸一帶，相間地栽著桃樹和柳樹，春來當有一番熱鬧的夢。別墅外面繚繞著短短的竹篱，篱外是小小的路。里邊一座向南的樓，背后便倚著山。西邊是三間平屋，我便住在這里。院子里有兩塊草地，上面隨便放著兩三塊石頭。另外的隙地上，或羅列著盆栽，或种蒔著花草。篱邊還有几株枝干蟠曲的大樹，有一株几乎要伸到水里去了。

我的親戚韋君只有夫婦二人和一個女儿。她在外邊念書，這時也剛回到家里。她邀來三位同學，同到她家過這個寒假；兩位是親戚，一位是朋友。她們住著樓上的兩間屋子。韋君夫婦也住在樓上。樓下正中是客廳，常是閒著，西間是吃飯的地方；東間便是韋君的書房，我們談天，喝茶，看報，都在這里。我吃了飯，便是一個人，也要到這里來閒坐一回。我來的第二天，韋小姐告訴我，她母親要給她們找一個好好的女用人；長工阿齊說有一個表妹，母親叫他明天就帶來做做看呢。她似乎很高興的樣子，我只是不經意地答應。

平屋与樓屋之間，是一個小小的廚房。我住的是東面的屋子，從窗子里可以看見廚房里人的來往。這一天午飯前，我偶然向外看看，見一個面生的女用人，兩手提著兩把白鐵壺，正往廚房里走；韋家的李媽在她前面領著，不知在和她說甚么話。她的頭髮亂蓬蓬的，像冬天的枯草一樣。身上穿著鑲邊的黑布棉襖和夾褲，黑里已泛出黃色；棉襖長与膝齊，夾褲也直拖到腳背上。腳倒是雙天足，穿著尖頭的黑布鞋，后跟還帶著兩片同色的“葉拔儿”。想這就是阿齊帶來的女用人了；想完了就坐下看書。晚飯后，韋小姐告訴我，女用人來了，她的名字叫“阿河”。我說，“名字很好，只是人土些；還能做么？”她說，“別看她土，很聰明呢。”我說，“哦。”便接著看手中的報了。

以后每天早上，中上，晚上，我常常看見阿河挈著水壺來往；她的眼似乎總是望前看的。兩個禮拜匆匆地過去了。韋小姐忽然和我說，你別看阿河土，她的志气很好，她是個可怜的人。我和娘說，把我前年在家穿的那身棉襖褲給了她吧。我嫌那兩件衣服太花，給了她正好。娘先不肯，說她來了沒有几天；后來也肯了。今天拿出來讓她穿，正合式呢。我們教給她打絨繩鞋，她真聰明，一學就會了。她說拿到工錢，也要打一雙穿呢。我等几天再和娘說去。

“她這樣愛好！怪不得頭髮光得多了，原來都是你們教她的。好！你們盡教她講究，她將來怕不愿回家去呢。”大家都笑了。

舊新年是過去了。因為江浙的兵事，我們的學校一時還不能開學。我們大家都樂得在別墅里多住些日子。這時阿河如換了一個人。她穿著寶藍色挑著小花儿的布棉襖褲；腳下是嫩藍色毛繩鞋，鞋口還綴著兩個半藍半白的小絨球儿。我想這一定是她的小姐們給幫忙的。古語說得好，“人要衣裳馬要鞍”，阿河這一打扮，真有些楚楚可怜了。她的頭髮早已是刷得光光的，覆額的留海也梳得十分伏帖。一張小小的圓臉，如正開的桃李花；臉上并沒有笑，卻隱隱地含著春日的光輝，像花房里充了蜜一般。這在我几乎是一個奇跡；我現在是常站在窗前看她了。我覺得在深山里發見了一粒貓儿眼；這樣精純的貓儿眼，是我生平所僅見！我覺得我們相識已太長久，极愿和她說一句話——极平淡的話，一句也好。但我怎好平白地和她攀談呢？這樣郁郁了一禮拜。

這是元宵節的前一晚上。我吃了飯，在屋里坐了一會，覺得有些無聊，便信步走到那書房里。拿起報來，想再細看一回。忽然門鈕一響，阿河進來了。她手里拿著三四支顏色鉛筆；出乎意料地走近了我。她站在我面前了，靜靜地微笑著說：“白先生，你知道鉛筆刨在哪里？”一面將拿著的鉛筆給我看。我不自主地立起來，匆忙地應道，“在這里；”我用手指著南邊柱子。但我立刻覺得這是不夠的。我領她走近了柱子。這時我像閃電似地躊躇了一下，便說，“我…… 我……”她一聲不響地已將一支鉛筆交給我。我放進刨子里刨給她看。刨了兩下，便想交給她；但終于刨完了一支，交還了她。她接了筆略看一看，仍仰著臉向我。我窘极了。剎那間念頭轉了好几個圈子；到底硬著頭皮搭訕著說，“就這樣刨好了。”我赶緊向門外一瞥，就走回原處看報去。但我的頭剛低下，我的眼已抬起來了。于是遠遠地從容地問道，“你會么？”她不曾掉過頭來，只“嚶”了一聲，也不說話。我看了她背影一會。覺得應該低下頭了。等我再抬起頭來時，她已默默地向外走了。她似乎總是望前看的；我想再問她一句話，但終于不曾出口。我撇下了報，站起來走了一會，便回到自己屋里。

我一直想著些什么，但什么也沒有想出。

第二天早上看見她往廚房里走時，我發愿我的眼將老跟著她的影子！她的影子真好。她那几步路走得又敏捷，又勻稱，又苗條，正如一只可愛的小貓。她兩手各提著一只水壺，又令我想到在一條細細的索儿上抖擻精神走著的女子。這全由于她的腰；她的腰真太軟了，用白水的話說，真是軟到使我如吃蘇州的牛皮糖一樣。不止她的腰，我的日記里說得好：“她有一套和云霞比美，水月爭靈的曲線，織成大大的一張迷惑的网！”而那兩頰的曲線，尤其甜蜜可人。她兩頰是白中透著微紅，潤澤如玉。她的皮膚，嫩得可以掐出水來；我的日記里說，“我很想去掐她一下呀！”她的眼像一雙小燕子，老是在灩灩的春水上打著圈儿。她的笑最使我記住，像一朵花漂浮在我的腦海里。我不是說過，她的小圓臉像正開的桃花么？那么，她微笑的時候，便是盛開的時候了：花房里充滿了蜜，真如要流出來的樣子。她的髮不甚厚，但黑而有光，柔軟而滑，如純絲一般。只可惜我不曾聞著一些儿香。唉！從前我在窗前看她好多次，所得的真太少了；若不是昨晚一見，——雖只几分鐘——我真太對不起這樣一個人儿了。

午飯后，韋君照例地睡午覺去了，只有我，韋小姐和其他三位小姐在書房里。我有意無意地談起阿河的事。我說：

“你們怎知道她的志气好呢？”

“那天我們教給她打絨繩鞋；”一位蔡小姐便答道，“看她很聰明，就問她為甚么不念書？她被我們一問，就傷心起來了。……”

“是的，”韋小姐笑著搶了說，“后來還哭了呢；還有一位傻子陪她淌眼淚呢。”

那邊黃小姐可急了，走過來推了她一下。蔡小姐忙攔住道，“人家說正經話，你們盡鬧著玩儿！讓我說完了呀——”“我代你說啵，”韋小姐仍搶著說，“——她說她只有一個爹，沒有娘。嫁了一個男人，倒有三十多歲，土頭土腦的，臉上滿是包！他是李媽的鄰舍，我還看見過呢。……”“好了，底下我說吧。”蔡小姐接著道，“她男人又不要好，盡愛賭錢；她一气，就住到娘家來，有一年多不回去了。”

“她今年几歲？”我問。

“十七不知十八？前年出嫁的，几個月就回家了，”蔡小姐說。

“不，十八，我知道，”韋小姐改正道。

“哦。你們可曾勸她离婚？”

“怎么不勸；”韋小姐應道，“她說十八回去吃她表哥的喜酒，要和她的爹去說呢。”

“你們教她的好事，該當何罪！”我笑了。

她們也都笑了。

十九的早上，我正在屋里看書，听見外面有嚷嚷的聲音；這是從來沒有的。我立刻走出來看；只見門外有兩個鄉下人要走進來，卻給阿齊攔住。他們只是央告，阿齊只是不肯。這時韋君已走出院中，向他們道，

“你們回去吧。人在我這里，不要緊的。快回去，不要瞎吵！”

兩個人面面相覷，說不出一句話；俄延了一會，只好走了。我問韋君什么事？他說，

“阿河囉！還不是瞎吵一回子。”

我想他于男女的事向來是懶得說的，還是回頭問他小姐的好；我們便談到別的事情上去。

吃了飯，我赶緊問韋小姐，她說，

“她是告訴娘的，你問娘去。”

我想這件事有些尷尬，便到西間里問韋太太；她正看著李媽收拾碗碟呢。她見我問，便笑著說，

“你要問這些事做什么？她昨天回去，原是借了阿桂的衣裳穿了去的，打扮得嬌滴滴的，也難怪，被她男人看見了，便約了些不相干的人，將她搶回去過了一夜。今天早上，她騙她男人，說要到此地來拿行李。她男人就會信她，派了兩個人跟著。那知她到了這里，便叫阿齊攔著那跟來的人；她自己便跪在我面前哭訴，說死也不愿回她男人家去。你說我有什么法子。只好讓那跟來的人先回去再說。好在沒有几天，她們要上學了，我將來交給她的爹吧。唉，現在的人，心眼儿真是越過越大了；一個鄉下女人，也會鬧出這樣惊天動地的事了！”

“可不是，”李媽在旁插嘴道，“太太你不知道；我家三叔前儿來，我還听他說呢。我本不該說的，阿彌陀佛！太太，你想她不愿意回婆家，老愿意住在娘家，是什么道理？家里只有一個單身的老子；你想那該死的老畜生！他舍不得放她回去呀！”

“",老畜生他舍不得放她回去呀,低些,dixie,di xie,TRUE,1:滴血 | 2:的些 | 3:低吸 | 4:底細 | 5:嫡系 | 6:低息 | 7:弟媳 | 8:敵襲 | 9:抵巇 | 10:地,FALSE,,,,,
polyphonic_flagged,d1dc2ddc0fcbda6542778ab5,阿河,1811,1813,"我這一回寒假，因為養病，住到一家親戚的別墅里去。那別墅是在鄉下。前面偏左的地方，是一片淡藍的湖水，對岸環擁著不盡的青山。山的影子倒映在水里，越顯得清清朗朗的。水面常如鏡子一般。風起時，微有皺痕；像少女們皺她們的眉頭，過一會子就好了。湖的余勢束成一條小港，緩緩地不聲不響地流過別墅的門前。門前有一條小石橋，橋那邊盡是田畝。這邊沿岸一帶，相間地栽著桃樹和柳樹，春來當有一番熱鬧的夢。別墅外面繚繞著短短的竹篱，篱外是小小的路。里邊一座向南的樓，背后便倚著山。西邊是三間平屋，我便住在這里。院子里有兩塊草地，上面隨便放著兩三塊石頭。另外的隙地上，或羅列著盆栽，或种蒔著花草。篱邊還有几株枝干蟠曲的大樹，有一株几乎要伸到水里去了。

我的親戚韋君只有夫婦二人和一個女儿。她在外邊念書，這時也剛回到家里。她邀來三位同學，同到她家過這個寒假；兩位是親戚，一位是朋友。她們住著樓上的兩間屋子。韋君夫婦也住在樓上。樓下正中是客廳，常是閒著，西間是吃飯的地方；東間便是韋君的書房，我們談天，喝茶，看報，都在這里。我吃了飯，便是一個人，也要到這里來閒坐一回。我來的第二天，韋小姐告訴我，她母親要給她們找一個好好的女用人；長工阿齊說有一個表妹，母親叫他明天就帶來做做看呢。她似乎很高興的樣子，我只是不經意地答應。

平屋与樓屋之間，是一個小小的廚房。我住的是東面的屋子，從窗子里可以看見廚房里人的來往。這一天午飯前，我偶然向外看看，見一個面生的女用人，兩手提著兩把白鐵壺，正往廚房里走；韋家的李媽在她前面領著，不知在和她說甚么話。她的頭髮亂蓬蓬的，像冬天的枯草一樣。身上穿著鑲邊的黑布棉襖和夾褲，黑里已泛出黃色；棉襖長与膝齊，夾褲也直拖到腳背上。腳倒是雙天足，穿著尖頭的黑布鞋，后跟還帶著兩片同色的“葉拔儿”。想這就是阿齊帶來的女用人了；想完了就坐下看書。晚飯后，韋小姐告訴我，女用人來了，她的名字叫“阿河”。我說，“名字很好，只是人土些；還能做么？”她說，“別看她土，很聰明呢。”我說，“哦。”便接著看手中的報了。

以后每天早上，中上，晚上，我常常看見阿河挈著水壺來往；她的眼似乎總是望前看的。兩個禮拜匆匆地過去了。韋小姐忽然和我說，你別看阿河土，她的志气很好，她是個可怜的人。我和娘說，把我前年在家穿的那身棉襖褲給了她吧。我嫌那兩件衣服太花，給了她正好。娘先不肯，說她來了沒有几天；后來也肯了。今天拿出來讓她穿，正合式呢。我們教給她打絨繩鞋，她真聰明，一學就會了。她說拿到工錢，也要打一雙穿呢。我等几天再和娘說去。

“她這樣愛好！怪不得頭髮光得多了，原來都是你們教她的。好！你們盡教她講究，她將來怕不愿回家去呢。”大家都笑了。

舊新年是過去了。因為江浙的兵事，我們的學校一時還不能開學。我們大家都樂得在別墅里多住些日子。這時阿河如換了一個人。她穿著寶藍色挑著小花儿的布棉襖褲；腳下是嫩藍色毛繩鞋，鞋口還綴著兩個半藍半白的小絨球儿。我想這一定是她的小姐們給幫忙的。古語說得好，“人要衣裳馬要鞍”，阿河這一打扮，真有些楚楚可怜了。她的頭髮早已是刷得光光的，覆額的留海也梳得十分伏帖。一張小小的圓臉，如正開的桃李花；臉上并沒有笑，卻隱隱地含著春日的光輝，像花房里充了蜜一般。這在我几乎是一個奇跡；我現在是常站在窗前看她了。我覺得在深山里發見了一粒貓儿眼；這樣精純的貓儿眼，是我生平所僅見！我覺得我們相識已太長久，极愿和她說一句話——极平淡的話，一句也好。但我怎好平白地和她攀談呢？這樣郁郁了一禮拜。

這是元宵節的前一晚上。我吃了飯，在屋里坐了一會，覺得有些無聊，便信步走到那書房里。拿起報來，想再細看一回。忽然門鈕一響，阿河進來了。她手里拿著三四支顏色鉛筆；出乎意料地走近了我。她站在我面前了，靜靜地微笑著說：“白先生，你知道鉛筆刨在哪里？”一面將拿著的鉛筆給我看。我不自主地立起來，匆忙地應道，“在這里；”我用手指著南邊柱子。但我立刻覺得這是不夠的。我領她走近了柱子。這時我像閃電似地躊躇了一下，便說，“我…… 我……”她一聲不響地已將一支鉛筆交給我。我放進刨子里刨給她看。刨了兩下，便想交給她；但終于刨完了一支，交還了她。她接了筆略看一看，仍仰著臉向我。我窘极了。剎那間念頭轉了好几個圈子；到底硬著頭皮搭訕著說，“就這樣刨好了。”我赶緊向門外一瞥，就走回原處看報去。但我的頭剛低下，我的眼已抬起來了。于是遠遠地從容地問道，“你會么？”她",遠遠地從容地問道你會么她,不曾,buceng,bu ceng,TRUE,1:不曾 | 2:不 | 3:部 | 4:補 | 5:布 | 6:步 | 7:佈 | 8:卜 | 9:捕 | 10:簿,TRUE,1,,,,
polyphonic_flagged,98c3a1f97cc5c8768e9f6dc6,槳聲燈影裏的秦淮河,4670,4672,"一九二三年八月的一晚，我和平伯同遊秦淮河；平伯是初泛，我是重來了。我們雇了一隻「七板子」，在夕陽已去、皎月方來的時候，便下了船。於是槳聲汩汩，我們開始領略那晃蕩著薔薇色的歷史的秦淮河的滋味了。

秦淮河裏的船，比北京万生園、頤和園的船好，比西湖的船好，比揚州瘦西湖的船也好。這幾處的船不是覺著笨，就是覺著簡陋、局促；都不能引起乘客們的情韻，如秦淮河的船一樣。秦淮河的船約略可分為兩種：一是大船；一是小船，就是所謂「七板子」。大船艙口闊大，可容二三十人。裏面陳設著字畫和光潔的紅木家具，桌上一律嵌著冰涼的大理石面。窗格雕鏤頗細，使人起柔膩之感。窗格里映著紅色藍色的玻璃；玻璃上有精緻的花紋，也頗悅人目。「七板子」規模雖不及大船，但那淡藍色的欄杆，空敞的艙，也足繫人情思。而最出色處卻在它的艙前。艙前是甲板上的一部，上面有弧形的頂，兩邊用疏疏的欄杆支著。裏面通常放著兩張藤的躺椅。躺下，可以談天，可以望遠，可以顧盼兩岸的河房。大船上也有這個，但在小船上更覺清雋罷了。艙前的頂下，一律懸著燈彩；燈的多少、明暗，彩蘇的精粗、艷晦，是不一的，但好歹總還你一個燈彩。這燈彩實在是最能勾人的東西。夜幕垂垂地下來時，大小船上都點起燈火。從兩重玻璃裏映出那輻射著的黃黃的散光，反暈出一片朦朧的煙靄；透過這煙靄，在黯黯的水波里，又逗起縷縷的明漪。在這薄靄和微漪裏，聽著那悠然的間歇的槳聲，誰能不被引入他的美夢去呢？只愁夢太多了，這些大小船兒如何載得起呀？我們這時模模糊糊的談著明末的秦淮河的艷跡，如《桃花扇》及《板橋雜記》裏所載的。我們真神往了。我們彷彿親見那時華燈映水，畫舫凌波的光景了。於是我們的船便成了歷史的重載了。我們終於恍然秦淮河的船所以雅麗過於他處，而又有奇異的吸引力的，實在是許多歷史的影像使然了。

秦淮河的水是碧陰陰的；看起來厚而不膩，或者是六朝金粉所凝麼？我們初上船的時候，天色還未斷黑，那漾漾的柔波是這樣恬靜、委婉，使我們一面有水闊天空之想，一面又憧憬著紙醉金迷之境了。等到燈火明時，陰陰的變為沈沉了：黯淡的水光，像夢一般；那偶然閃爍著的光芒，就是夢的眼睛了。我們坐在艙前，因了那隆起的頂棚，彷彿總是昂著首向前走著似的；於是飄飄然如御風而行的我們，看著那些自在的灣泊著的船，船裏走馬燈般的人物，便像是下界一般，迢迢的遠了，又像在霧裏看花，盡朦朦朧朧的。這時我們已過了利涉橋，望見東關頭了。沿路聽見斷續的歌聲：有從沿河的妓樓飄來的，有從河上船裏渡來的。我們明知那些歌聲，只是些因襲的言詞，從生澀的歌喉裏機械的發出來的；但它們經了夏夜的微風的吹漾和水波的搖拂，嬝娜著到我們耳邊的時候，已經不單是她們的歌聲，而混著微風和河水的密語了。於是我們不得不被牽惹著，震撼著，相與浮沉於這歌聲裏了。從東關頭轉彎，不久就到大中橋。大中橋共有三個橋拱，都很闊大，儼然是三座門兒；使我們覺得我們的船和船裏的我們，在橋下過去時，真是太無顏色了。橋磚是深褐色，表明它的歷史的長久；但都完好無缺，令人太息於古昔工程的堅美。橋上兩旁都是木壁的房子，中間應該有街路。這些房子都破舊了，多年煙熏的跡，遮沒了當年的美麗。我想像秦淮河的極盛時，在這樣宏闊的橋上，特地蓋了房子，必然是髹漆得富富麗麗的；晚間必然是燈火通明的，現在卻只剩下一片黑沉沉！但是橋上造著房子，畢竟使我們多少可以想見往日的繁華；這也慰情聊勝無了。過了大中橋，便到了燈月交輝、笙歌徹夜的秦淮河，這才是秦淮河的真面目哩。

大中橋外，頓然空闊，和橋內兩岸排著密密的人家的景像大異了。一眼望去，疏疏的林，淡淡的月，襯著蔚藍的天，頗像荒江野渡光景；那邊呢，鬱叢叢的，陰森森的，又似乎藏著無邊的黑暗，令人幾乎不信那是繁華的秦淮河了。但是河中眩暈著的燈光，縱橫著的畫舫，悠揚著的笛韻，夾著那吱吱的胡琴聲，終於使我們認識綠如茵陳酒的秦淮水了。此地天裸露著的多些，故覺夜來的獨遲些；從清清的水影裏，我們感到的只是薄薄的夜——這正是秦淮河的夜。大中橋外，本來還有一座復成橋，是船夫口中的我們的遊踪盡處，或也是秦淮河繁華的盡處了。我的腳曾踏過復成橋的脊，在十三四歲的時候。但是兩次遊秦淮河，卻都不曾見著復成橋的面；明知總在前途的，卻常覺得有些虛無縹緲似的。我想，不見倒也好。這時正是盛夏。我們下船後，藉著新生的晚涼和河上的微風，暑氣已漸漸消散；到了此地，豁然開朗，身子頓然輕了——習習的清風荏苒在面上、手上、衣上，這便又感到了一縷新涼了。南京的日光，大概沒有杭州猛烈；西湖的夏夜老是熱蓬蓬的，水像沸著一般，秦淮河的水卻盡是這樣冷冷地綠著。任你人影的憧憧，歌聲的擾擾，總像隔著一層薄薄的綠紗面冪似的；它盡是這樣靜靜的、冷冷的綠著。我們出了大中橋，走不上半里路，船夫便將船劃到一旁，停了槳由它宕著。他以為那裏正是繁華的極點，再過去就是荒涼了；所以讓我們多多賞鑑一會兒。他自己卻靜靜的蹲著。他是看慣這光景的了，大約只是一個無可無不可。這無可無不可，無論是升的沉的，總之，都比我們高了。

那時河裏鬧熱極了；船大半泊著，小半在水上穿梭似的來往。停泊著的都在近市的那一邊，我們的船自然也夾在其中。因為這邊略略的擠，便覺得那邊十分的疏了。在每一隻船從那邊過去時，我們能畫出它的輕輕的影和曲曲的波，在我們的心上；這顯著是空，且顯著是靜了。那時處處都是歌聲和淒厲的胡琴聲，圓潤的喉嚨，確乎是很少的。但那生澀的，尖脆的調子能使人有少年的，粗率不拘的感覺，也正可快我們的意。況且多少隔開些兒聽著，因為想像與渴慕的做美，總覺更有滋味；而竟發的喧囂，抑揚的不齊，遠近的雜沓，和樂器的嘈嘈切切，合成另一意味的諧音，也使我們無所適從，如隨著大風而走。這實在因為我們的心枯澀久了，變為脆弱；故偶然潤澤一下，便瘋狂似的不能自主了，但秦淮河確也膩人。即如船裏的人面，無論是和我們一堆儿泊著的，無論是從我們眼前過去的，總是模模糊糊的，甚至渺渺茫茫的；任你張圓了眼睛，揩淨了眥垢，也是枉然，這真夠人想呢。在我們停泊的地方，燈光原是紛然的；不過這些燈光都是黃而有暈的。黃已經不能明了，再加上了暈，便更不成了。燈愈多，暈就愈甚；在繁星般的黃的交錯裏，秦淮河彷彿籠上了一團光霧。光芒與霧氣騰騰的暈著，什麼都只剩了輪廓了；所以人面的詳細的曲線，便消失於我們的眼底了。但燈光究竟奪不了那邊的月色；燈光是渾的，月色是清的。在渾沌的燈光裏，滲入一派清輝，卻真是奇蹟！那晚月兒已瘦削了兩三分。她晚妝才罷，盈盈的上了柳梢頭。天是藍得可愛，彷彿一汪水似的；月兒便更出落得精神了。岸上原有三株兩株的垂楊樹，淡淡的影子，在水里搖曳著。它們那柔細的枝條浴著月光，就像一支支美人的臂膊，交互的纏著、挽著；又像是月兒披著的髪。而月兒偶爾也從它們的交叉處偷偷窺看我們，大有小姑娘怕羞的樣子。岸上另有幾株不知名的老樹，光光的立著；在月光裏照起來，卻又儼然是精神矍鑠的老人。遠處快到天際線了，才有一兩片白雲，亮得現出異彩，像是美麗的貝殼一般。白雲下便是黑黑的一帶輪廓；是一條隨意畫的不規則的曲線。這一段光景，和河中的風味大異了。但燈與月竟能並存著，交融著，使月成了纏綿的月，燈射著渺渺的靈輝，這正是天之所以厚秦淮河，也正是天之所以厚我們了。

這時卻遇著了難解的糾紛。秦淮河上原有一種歌妓，是以歌為業的。從前都在茶舫上，唱些大曲之類。每日午後一時起；什麼時候止，卻忘記了。晚上照樣也有一回，也在黃暈的燈光裏。我從前過南京時，曾隨著朋友去聽過兩次。因為茶舫裏的人臉太多了，覺得不大適意，終於聽不出所以然。前年聽說歌妓被取締了，不知怎的，頗涉想了幾次卻想不出什麼。這次到南京，先到茶舫上去看看，覺得頗是寂寥，令我無端的悵悵了。不料她們卻仍在秦淮河裏掙扎著，不料她們竟會糾纏到我們，我於是很張皇了，她們也乘著「七板子」，她們總是坐在艙前的。艙前點著石油汽燈，光亮炫人眼目：坐在下面的，自然是纖毫畢見了。引誘客人們的力量，也便在此了。艙裏躲著樂工等人，映著汽燈的餘輝蠕動著；他們是永遠不被注意的。每船的歌妓大約都是二人；天色一黑，她們的船就在大中橋外往來不息的兜生意。無論行著的船，泊著的船，都要來兜攬的。這都是我後來推想出來的。那晚不知怎樣，忽然輪著我們的船了。我們的船好好的停著，一隻歌舫劃向我們來了；漸漸和我們的船並著了。爍爍的燈光逼得我們皺起了眉頭；我們的風塵色全給它托出來了，這使我踧踖不安了。那時一個伙計跨過船來，拿著攤開的歌摺，就近塞向我的手裏，說：「點幾出吧！」他跨過來的時候，我們船上似乎有許多眼光跟著。同時相近的別的船上也似乎有許多眼睛炯炯的向我們船上看著。我真窘了！我也裝出大方的樣子，向歌妓們瞥了一眼，但究竟是不成的！我勉強將那歌摺翻了一翻，卻不曾看清了幾個字；便趕緊遞還那伙計，一面不好意思地說「不要，我們⋯⋯不要。」他便塞給平伯，平伯掉轉頭去，搖手說：「不要！」那人還膩著不走。平伯又回過臉來，搖著頭道「不要！」於是那人重到我處，我窘著再拒絕了他。他這纔有所不屑似的走了。

我的心立刻放下，如釋了重負一般。我們就開始自白了。

我說我受了道德律的壓迫，拒絕了她們；心裏似乎很抱歉的。這所謂抱歉，一面對於她們，一面對於我自己。她們於我們雖然沒有很奢的希望；但總有些希望的。我們拒絕了她們，無論理由如何充足，卻使她們的希望受了傷；這總有幾分不做美了，這是我覺得很悵悵的。至於我自己，更有一種不足之感。我這時被四面的歌聲誘惑了，降伏了；但是遠遠的，遠遠的歌聲總彷彿隔著重衣搔癢似的，越搔越搔不著癢處。我於是憧憬著貼耳的妙音了。在歌舫劃來時，我的憧憬，變為盼望；我固執的盼望著，有如飢渴。雖然從淺薄的經驗裏，也能夠推知，那貼耳的歌聲，將剝去了一切的美妙；但一個平常的人像我的，谁愿憑了理性之力去醜化未來呢？我寧願自己騙著了。不過我的社會感性是很敏銳的；我的思力能拆穿道德律的西洋鏡，而我的感情卻終於被它壓服著。我於是有所顧忌了，尤其是在眾目昭彰的時候。道德律的力，本來是民眾賦予的；在民眾的面前，自然更顯出它的威嚴了。我這時一面盼望，一面卻感到了兩重的禁制：一、在通俗的意義上，接近妓者總算一種不正當的行為；二、妓是一種不健全的職業，我們對於她們，應有哀矜勿喜之心，不應賞玩的去聽她們的歌。在眾目睽睽之下，這兩種思想在我心裏最為旺盛。她們暫時壓倒了我的聽歌的盼望，這便成就了我的灰色的拒絕。那時的心實在異常狀態中，覺得頗是昏亂。歌舫去了，暫時寧靜之後，我的思緒又如潮湧了。兩個相反的意思在我心頭往復：賣歌和賣淫不同，聽歌和狎妓不同，又干道德甚事？但是，但是，她們既被逼的以歌為業，她們的歌必無藝術味的；況她們的身世，我們究竟該同情的，所以拒絕倒也是正辦。但這些意思終於不曾撇開我的聽歌的盼望。它力量異常堅強；它總想將別的思緒踏在腳下。從這重重的爭鬬里，我感到了濃厚的不足之感。這不足之感使我的心盤旋不安，起坐都不安寧了。唉！我承認我是一個自私的人！平伯呢，卻與我不同。他引周啟明先生的詩，「因為我有妻子，所以我愛一切的女人；因為我有子女，所以我愛一切的孩子。」他的意思可以見了。他因為推及的同情，愛著那些歌妓，並且尊重著她們，所以拒絕了她們。在這種情形下，他自然以為聽是對於她們的一種侮辱。但他也是想听歌的，雖然不和我一樣。所以在他的心中，當然也有一番小小的爭鬬；爭鬬的結果，是同情勝了。至於道德律，在他是沒有什麼的：因為他很有蔑視一切的傾向，民眾的力量在他是不大覺著的。這時他的心意的",不大覺著的這時他的心意的,活動,huodong,huo dong,TRUE,1:活動 | 2:或 | 3:活 | 4:貨 | 5:火 | 6:獲 | 7:霍 | 8:禍 | 9:惑 | 10:穫,TRUE,1,,,,
polyphonic_flagged,45f3ae04a62e9cbb2ab1936b,阿河,1430,1432,"我這一回寒假，因為養病，住到一家親戚的別墅里去。那別墅是在鄉下。前面偏左的地方，是一片淡藍的湖水，對岸環擁著不盡的青山。山的影子倒映在水里，越顯得清清朗朗的。水面常如鏡子一般。風起時，微有皺痕；像少女們皺她們的眉頭，過一會子就好了。湖的余勢束成一條小港，緩緩地不聲不響地流過別墅的門前。門前有一條小石橋，橋那邊盡是田畝。這邊沿岸一帶，相間地栽著桃樹和柳樹，春來當有一番熱鬧的夢。別墅外面繚繞著短短的竹篱，篱外是小小的路。里邊一座向南的樓，背后便倚著山。西邊是三間平屋，我便住在這里。院子里有兩塊草地，上面隨便放著兩三塊石頭。另外的隙地上，或羅列著盆栽，或种蒔著花草。篱邊還有几株枝干蟠曲的大樹，有一株几乎要伸到水里去了。

我的親戚韋君只有夫婦二人和一個女儿。她在外邊念書，這時也剛回到家里。她邀來三位同學，同到她家過這個寒假；兩位是親戚，一位是朋友。她們住著樓上的兩間屋子。韋君夫婦也住在樓上。樓下正中是客廳，常是閒著，西間是吃飯的地方；東間便是韋君的書房，我們談天，喝茶，看報，都在這里。我吃了飯，便是一個人，也要到這里來閒坐一回。我來的第二天，韋小姐告訴我，她母親要給她們找一個好好的女用人；長工阿齊說有一個表妹，母親叫他明天就帶來做做看呢。她似乎很高興的樣子，我只是不經意地答應。

平屋与樓屋之間，是一個小小的廚房。我住的是東面的屋子，從窗子里可以看見廚房里人的來往。這一天午飯前，我偶然向外看看，見一個面生的女用人，兩手提著兩把白鐵壺，正往廚房里走；韋家的李媽在她前面領著，不知在和她說甚么話。她的頭髮亂蓬蓬的，像冬天的枯草一樣。身上穿著鑲邊的黑布棉襖和夾褲，黑里已泛出黃色；棉襖長与膝齊，夾褲也直拖到腳背上。腳倒是雙天足，穿著尖頭的黑布鞋，后跟還帶著兩片同色的“葉拔儿”。想這就是阿齊帶來的女用人了；想完了就坐下看書。晚飯后，韋小姐告訴我，女用人來了，她的名字叫“阿河”。我說，“名字很好，只是人土些；還能做么？”她說，“別看她土，很聰明呢。”我說，“哦。”便接著看手中的報了。

以后每天早上，中上，晚上，我常常看見阿河挈著水壺來往；她的眼似乎總是望前看的。兩個禮拜匆匆地過去了。韋小姐忽然和我說，你別看阿河土，她的志气很好，她是個可怜的人。我和娘說，把我前年在家穿的那身棉襖褲給了她吧。我嫌那兩件衣服太花，給了她正好。娘先不肯，說她來了沒有几天；后來也肯了。今天拿出來讓她穿，正合式呢。我們教給她打絨繩鞋，她真聰明，一學就會了。她說拿到工錢，也要打一雙穿呢。我等几天再和娘說去。

“她這樣愛好！怪不得頭髮光得多了，原來都是你們教她的。好！你們盡教她講究，她將來怕不愿回家去呢。”大家都笑了。

舊新年是過去了。因為江浙的兵事，我們的學校一時還不能開學。我們大家都樂得在別墅里多住些日子。這時阿河如換了一個人。她穿著寶藍色挑著小花儿的布棉襖褲；腳下是嫩藍色毛繩鞋，鞋口還綴著兩個半藍半白的小絨球儿。我想這一定是她的小姐們給幫忙的。古語說得好，“人要衣裳馬要鞍”，阿河這一打扮，真有些楚楚可怜了。她的頭髮早已是刷得光光的，覆額的留海也梳得十分伏帖。一張小小的圓臉，如正開的桃李花；臉上并沒有笑，卻隱隱地含著春日的光輝，像花房里充了蜜一般。這在我几乎是一個奇跡；我現在是常站在窗前看她了。我覺得在深山里發見了一粒貓儿眼；這樣精純的貓儿眼，是我生平所僅見！我覺得我們相識已太長久，极愿和她說一句話——极平淡的話，一句也好。但我怎好平白地和她攀談呢？",但我怎好平白地和她攀談呢,這樣,zheyang,zhe yang,TRUE,1:這樣 | 2:遮陽 | 3:這 | 4:着 | 5:者 | 6:折 | 7:著 | 8:哲 | 9:遮 | 10:浙,TRUE,1,,,,
polyphonic_flagged,e2e55908952c9168c0d0bc3c,槳聲燈影裏的秦淮河,4124,4126,"一九二三年八月的一晚，我和平伯同遊秦淮河；平伯是初泛，我是重來了。我們雇了一隻「七板子」，在夕陽已去、皎月方來的時候，便下了船。於是槳聲汩汩，我們開始領略那晃蕩著薔薇色的歷史的秦淮河的滋味了。

秦淮河裏的船，比北京万生園、頤和園的船好，比西湖的船好，比揚州瘦西湖的船也好。這幾處的船不是覺著笨，就是覺著簡陋、局促；都不能引起乘客們的情韻，如秦淮河的船一樣。秦淮河的船約略可分為兩種：一是大船；一是小船，就是所謂「七板子」。大船艙口闊大，可容二三十人。裏面陳設著字畫和光潔的紅木家具，桌上一律嵌著冰涼的大理石面。窗格雕鏤頗細，使人起柔膩之感。窗格里映著紅色藍色的玻璃；玻璃上有精緻的花紋，也頗悅人目。「七板子」規模雖不及大船，但那淡藍色的欄杆，空敞的艙，也足繫人情思。而最出色處卻在它的艙前。艙前是甲板上的一部，上面有弧形的頂，兩邊用疏疏的欄杆支著。裏面通常放著兩張藤的躺椅。躺下，可以談天，可以望遠，可以顧盼兩岸的河房。大船上也有這個，但在小船上更覺清雋罷了。艙前的頂下，一律懸著燈彩；燈的多少、明暗，彩蘇的精粗、艷晦，是不一的，但好歹總還你一個燈彩。這燈彩實在是最能勾人的東西。夜幕垂垂地下來時，大小船上都點起燈火。從兩重玻璃裏映出那輻射著的黃黃的散光，反暈出一片朦朧的煙靄；透過這煙靄，在黯黯的水波里，又逗起縷縷的明漪。在這薄靄和微漪裏，聽著那悠然的間歇的槳聲，誰能不被引入他的美夢去呢？只愁夢太多了，這些大小船兒如何載得起呀？我們這時模模糊糊的談著明末的秦淮河的艷跡，如《桃花扇》及《板橋雜記》裏所載的。我們真神往了。我們彷彿親見那時華燈映水，畫舫凌波的光景了。於是我們的船便成了歷史的重載了。我們終於恍然秦淮河的船所以雅麗過於他處，而又有奇異的吸引力的，實在是許多歷史的影像使然了。

秦淮河的水是碧陰陰的；看起來厚而不膩，或者是六朝金粉所凝麼？我們初上船的時候，天色還未斷黑，那漾漾的柔波是這樣恬靜、委婉，使我們一面有水闊天空之想，一面又憧憬著紙醉金迷之境了。等到燈火明時，陰陰的變為沈沉了：黯淡的水光，像夢一般；那偶然閃爍著的光芒，就是夢的眼睛了。我們坐在艙前，因了那隆起的頂棚，彷彿總是昂著首向前走著似的；於是飄飄然如御風而行的我們，看著那些自在的灣泊著的船，船裏走馬燈般的人物，便像是下界一般，迢迢的遠了，又像在霧裏看花，盡朦朦朧朧的。這時我們已過了利涉橋，望見東關頭了。沿路聽見斷續的歌聲：有從沿河的妓樓飄來的，有從河上船裏渡來的。我們明知那些歌聲，只是些因襲的言詞，從生澀的歌喉裏機械的發出來的；但它們經了夏夜的微風的吹漾和水波的搖拂，嬝娜著到我們耳邊的時候，已經不單是她們的歌聲，而混著微風和河水的密語了。於是我們不得不被牽惹著，震撼著，相與浮沉於這歌聲裏了。從東關頭轉彎，不久就到大中橋。大中橋共有三個橋拱，都很闊大，儼然是三座門兒；使我們覺得我們的船和船裏的我們，在橋下過去時，真是太無顏色了。橋磚是深褐色，表明它的歷史的長久；但都完好無缺，令人太息於古昔工程的堅美。橋上兩旁都是木壁的房子，中間應該有街路。這些房子都破舊了，多年煙熏的跡，遮沒了當年的美麗。我想像秦淮河的極盛時，在這樣宏闊的橋上，特地蓋了房子，必然是髹漆得富富麗麗的；晚間必然是燈火通明的，現在卻只剩下一片黑沉沉！但是橋上造著房子，畢竟使我們多少可以想見往日的繁華；這也慰情聊勝無了。過了大中橋，便到了燈月交輝、笙歌徹夜的秦淮河，這才是秦淮河的真面目哩。

大中橋外，頓然空闊，和橋內兩岸排著密密的人家的景像大異了。一眼望去，疏疏的林，淡淡的月，襯著蔚藍的天，頗像荒江野渡光景；那邊呢，鬱叢叢的，陰森森的，又似乎藏著無邊的黑暗，令人幾乎不信那是繁華的秦淮河了。但是河中眩暈著的燈光，縱橫著的畫舫，悠揚著的笛韻，夾著那吱吱的胡琴聲，終於使我們認識綠如茵陳酒的秦淮水了。此地天裸露著的多些，故覺夜來的獨遲些；從清清的水影裏，我們感到的只是薄薄的夜——這正是秦淮河的夜。大中橋外，本來還有一座復成橋，是船夫口中的我們的遊踪盡處，或也是秦淮河繁華的盡處了。我的腳曾踏過復成橋的脊，在十三四歲的時候。但是兩次遊秦淮河，卻都不曾見著復成橋的面；明知總在前途的，卻常覺得有些虛無縹緲似的。我想，不見倒也好。這時正是盛夏。我們下船後，藉著新生的晚涼和河上的微風，暑氣已漸漸消散；到了此地，豁然開朗，身子頓然輕了——習習的清風荏苒在面上、手上、衣上，這便又感到了一縷新涼了。南京的日光，大概沒有杭州猛烈；西湖的夏夜老是熱蓬蓬的，水像沸著一般，秦淮河的水卻盡是這樣冷冷地綠著。任你人影的憧憧，歌聲的擾擾，總像隔著一層薄薄的綠紗面冪似的；它盡是這樣靜靜的、冷冷的綠著。我們出了大中橋，走不上半里路，船夫便將船劃到一旁，停了槳由它宕著。他以為那裏正是繁華的極點，再過去就是荒涼了；所以讓我們多多賞鑑一會兒。他自己卻靜靜的蹲著。他是看慣這光景的了，大約只是一個無可無不可。這無可無不可，無論是升的沉的，總之，都比我們高了。

那時河裏鬧熱極了；船大半泊著，小半在水上穿梭似的來往。停泊著的都在近市的那一邊，我們的船自然也夾在其中。因為這邊略略的擠，便覺得那邊十分的疏了。在每一隻船從那邊過去時，我們能畫出它的輕輕的影和曲曲的波，在我們的心上；這顯著是空，且顯著是靜了。那時處處都是歌聲和淒厲的胡琴聲，圓潤的喉嚨，確乎是很少的。但那生澀的，尖脆的調子能使人有少年的，粗率不拘的感覺，也正可快我們的意。況且多少隔開些兒聽著，因為想像與渴慕的做美，總覺更有滋味；而竟發的喧囂，抑揚的不齊，遠近的雜沓，和樂器的嘈嘈切切，合成另一意味的諧音，也使我們無所適從，如隨著大風而走。這實在因為我們的心枯澀久了，變為脆弱；故偶然潤澤一下，便瘋狂似的不能自主了，但秦淮河確也膩人。即如船裏的人面，無論是和我們一堆儿泊著的，無論是從我們眼前過去的，總是模模糊糊的，甚至渺渺茫茫的；任你張圓了眼睛，揩淨了眥垢，也是枉然，這真夠人想呢。在我們停泊的地方，燈光原是紛然的；不過這些燈光都是黃而有暈的。黃已經不能明了，再加上了暈，便更不成了。燈愈多，暈就愈甚；在繁星般的黃的交錯裏，秦淮河彷彿籠上了一團光霧。光芒與霧氣騰騰的暈著，什麼都只剩了輪廓了；所以人面的詳細的曲線，便消失於我們的眼底了。但燈光究竟奪不了那邊的月色；燈光是渾的，月色是清的。在渾沌的燈光裏，滲入一派清輝，卻真是奇蹟！那晚月兒已瘦削了兩三分。她晚妝才罷，盈盈的上了柳梢頭。天是藍得可愛，彷彿一汪水似的；月兒便更出落得精神了。岸上原有三株兩株的垂楊樹，淡淡的影子，在水里搖曳著。它們那柔細的枝條浴著月光，就像一支支美人的臂膊，交互的纏著、挽著；又像是月兒披著的髪。而月兒偶爾也從它們的交叉處偷偷窺看我們，大有小姑娘怕羞的樣子。岸上另有幾株不知名的老樹，光光的立著；在月光裏照起來，卻又儼然是精神矍鑠的老人。遠處快到天際線了，才有一兩片白雲，亮得現出異彩，像是美麗的貝殼一般。白雲下便是黑黑的一帶輪廓；是一條隨意畫的不規則的曲線。這一段光景，和河中的風味大異了。但燈與月竟能並存著，交融著，使月成了纏綿的月，燈射著渺渺的靈輝，這正是天之所以厚秦淮河，也正是天之所以厚我們了。

這時卻遇著了難解的糾紛。秦淮河上原有一種歌妓，是以歌為業的。從前都在茶舫上，唱些大曲之類。每日午後一時起；什麼時候止，卻忘記了。晚上照樣也有一回，也在黃暈的燈光裏。我從前過南京時，曾隨著朋友去聽過兩次。因為茶舫裏的人臉太多了，覺得不大適意，終於聽不出所以然。前年聽說歌妓被取締了，不知怎的，頗涉想了幾次卻想不出什麼。這次到南京，先到茶舫上去看看，覺得頗是寂寥，令我無端的悵悵了。不料她們卻仍在秦淮河裏掙扎著，不料她們竟會糾纏到我們，我於是很張皇了，她們也乘著「七板子」，她們總是坐在艙前的。艙前點著石油汽燈，光亮炫人眼目：坐在下面的，自然是纖毫畢見了。引誘客人們的力量，也便在此了。艙裏躲著樂工等人，映著汽燈的餘輝蠕動著；他們是永遠不被注意的。每船的歌妓大約都是二人；天色一黑，她們的船就在大中橋外往來不息的兜生意。無論行著的船，泊著的船，都要來兜攬的。這都是我後來推想出來的。那晚不知怎樣，忽然輪著我們的船了。我們的船好好的停著，一隻歌舫劃向我們來了；漸漸和我們的船並著了。爍爍的燈光逼得我們皺起了眉頭；我們的風塵色全給它托出來了，這使我踧踖不安了。那時一個伙計跨過船來，拿著攤開的歌摺，就近塞向我的手裏，說：「點幾出吧！」他跨過來的時候，我們船上似乎有許多眼光跟著。同時相近的別的船上也似乎有許多眼睛炯炯的向我們船上看著。我真窘了！我也裝出大方的樣子，向歌妓們瞥了一眼，但究竟是不成的！我勉強將那歌摺翻了一翻，卻不曾看清了幾個字；便趕緊遞還那伙計，一面不好意思地說「不要，我們⋯⋯不要。」他便塞給平伯，平伯掉轉頭去，搖手說：「不要！」那人還膩著不走。平伯又回過臉來，搖著頭道「不要！」於是那人重到我處，我窘著再拒絕了他。他這纔有所不屑似的走了。

我的心立刻放下，如釋了重負一般。我們就開始自白了。

我說我受了道德律的壓迫，拒絕了她們；心裏似乎很抱歉的。這所謂抱歉，一面對於她們，一面對於我自己。她們於我們雖然沒有很奢的希望；但總有些希望的。我們拒絕了她們，無論理由如何充足，卻使她們的希望受了傷；這總有幾分不做美了，這是我覺得很悵悵的。至於我自己，更有一種不足之感。我這時被四面的歌聲誘惑了，降伏了；但是遠遠的，遠遠的歌聲總彷彿隔著重衣搔癢似的，越搔越搔不著癢處。我於是憧憬著貼耳的妙音了。在歌舫劃來時，我的憧憬，變為盼望；我固執的盼望著，有如飢渴。雖然從淺薄的經驗裏，也能夠推知，那貼耳的歌聲，將剝去了一切的美妙；但一個平常的人像我的，谁愿憑了理性之力去醜化未來呢？我寧願自己騙著了。不過我的社會感性是很敏銳的；我的思力能拆穿道德律的西洋鏡，而我的感情卻終於被它壓服著。我於是有所顧忌了，尤其是在眾目昭彰的時候。道德律的力，本來是民眾賦予的；在民眾的面前，自然更顯出它的威嚴了。我這時一面盼望，一面卻感到了兩重的禁制：一、在通俗的意義上，接近妓者總算一種",的意義上接近妓者總算一種,不正,buzheng,bu zheng,TRUE,1:不爭 | 2:不正 | 3:補正 | 4:佈政 | 5:不整 | 6:卜征 | 7:補徵 | 8:布政 | 9:不 | 10:部,TRUE,2,,,,
polyphonic_flagged,cede3d19e78c9cd4d5a2e093,槳聲燈影裏的秦淮河,1665,1667,"一九二三年八月的一晚，我和平伯同遊秦淮河；平伯是初泛，我是重來了。我們雇了一隻「七板子」，在夕陽已去、皎月方來的時候，便下了船。於是槳聲汩汩，我們開始領略那晃蕩著薔薇色的歷史的秦淮河的滋味了。

秦淮河裏的船，比北京万生園、頤和園的船好，比西湖的船好，比揚州瘦西湖的船也好。這幾處的船不是覺著笨，就是覺著簡陋、局促；都不能引起乘客們的情韻，如秦淮河的船一樣。秦淮河的船約略可分為兩種：一是大船；一是小船，就是所謂「七板子」。大船艙口闊大，可容二三十人。裏面陳設著字畫和光潔的紅木家具，桌上一律嵌著冰涼的大理石面。窗格雕鏤頗細，使人起柔膩之感。窗格里映著紅色藍色的玻璃；玻璃上有精緻的花紋，也頗悅人目。「七板子」規模雖不及大船，但那淡藍色的欄杆，空敞的艙，也足繫人情思。而最出色處卻在它的艙前。艙前是甲板上的一部，上面有弧形的頂，兩邊用疏疏的欄杆支著。裏面通常放著兩張藤的躺椅。躺下，可以談天，可以望遠，可以顧盼兩岸的河房。大船上也有這個，但在小船上更覺清雋罷了。艙前的頂下，一律懸著燈彩；燈的多少、明暗，彩蘇的精粗、艷晦，是不一的，但好歹總還你一個燈彩。這燈彩實在是最能勾人的東西。夜幕垂垂地下來時，大小船上都點起燈火。從兩重玻璃裏映出那輻射著的黃黃的散光，反暈出一片朦朧的煙靄；透過這煙靄，在黯黯的水波里，又逗起縷縷的明漪。在這薄靄和微漪裏，聽著那悠然的間歇的槳聲，誰能不被引入他的美夢去呢？只愁夢太多了，這些大小船兒如何載得起呀？我們這時模模糊糊的談著明末的秦淮河的艷跡，如《桃花扇》及《板橋雜記》裏所載的。我們真神往了。我們彷彿親見那時華燈映水，畫舫凌波的光景了。於是我們的船便成了歷史的重載了。我們終於恍然秦淮河的船所以雅麗過於他處，而又有奇異的吸引力的，實在是許多歷史的影像使然了。

秦淮河的水是碧陰陰的；看起來厚而不膩，或者是六朝金粉所凝麼？我們初上船的時候，天色還未斷黑，那漾漾的柔波是這樣恬靜、委婉，使我們一面有水闊天空之想，一面又憧憬著紙醉金迷之境了。等到燈火明時，陰陰的變為沈沉了：黯淡的水光，像夢一般；那偶然閃爍著的光芒，就是夢的眼睛了。我們坐在艙前，因了那隆起的頂棚，彷彿總是昂著首向前走著似的；於是飄飄然如御風而行的我們，看著那些自在的灣泊著的船，船裏走馬燈般的人物，便像是下界一般，迢迢的遠了，又像在霧裏看花，盡朦朦朧朧的。這時我們已過了利涉橋，望見東關頭了。沿路聽見斷續的歌聲：有從沿河的妓樓飄來的，有從河上船裏渡來的。我們明知那些歌聲，只是些因襲的言詞，從生澀的歌喉裏機械的發出來的；但它們經了夏夜的微風的吹漾和水波的搖拂，嬝娜著到我們耳邊的時候，已經不單是她們的歌聲，而混著微風和河水的密語了。於是我們不得不被牽惹著，震撼著，相與浮沉於這歌聲裏了。從東關頭轉彎，不久就到大中橋。大中橋共有三個橋拱，都很闊大，儼然是三座門兒；使我們覺得我們的船和船裏的我們，在橋下過去時，真是太無顏色了。橋磚是深褐色，表明它的歷史的長久；但都完好無缺，令人太息於古昔工程的堅美。橋上兩旁都是木壁的房子，中間應該有街路。這些房子都破舊了，多年煙熏的跡，遮沒了當年的美麗。我想像秦淮河的極盛時，在這樣宏闊的橋上，特地蓋了房子，必然是髹漆得富富麗麗的；晚間必然是燈火通明的，現在卻只剩下一片黑沉沉！但是橋上造著房子，畢竟使我們多少可以想見往日的繁華；這也慰情聊勝無了。過了大中橋，便到了燈月交輝、笙歌徹夜的秦淮河，這才是秦淮河的真面目哩。

大中橋外，頓然空闊，和橋內兩岸排著密密的人家的景像大異了。一眼望去，疏疏的林，淡淡的月，襯著蔚藍的天，頗像荒江野渡光景；那邊呢，鬱叢叢的，陰森森的，又似乎藏著無邊的黑暗，令人幾乎不信那是繁華的秦淮河了。但是河中眩暈著的燈光，縱橫著的畫舫，悠揚著的笛韻，夾著那吱吱的胡琴聲，終於使我們認識綠如茵陳酒的秦淮水了。此地天裸露著的多些，故覺夜來的獨遲些；從清清的水影裏，我們感到的只是薄薄的夜——這正是秦淮河的夜。大中橋外，本來還有一座復成橋，是船夫口中的我們的遊踪盡處，或也是秦淮河",們的遊踪盡處或也是秦淮河,繁華,fanhua,fan hua,TRUE,1:繁華 | 2:番話 | 3:反華 | 4:泛化 | 5:繁花 | 6:反話 | 7:繁化 | 8:泛湖 | 9:飯 | 10:反,TRUE,1,,,,
polyphonic_flagged,18b1fb3c9767c7f85cfaaa7c,背影,814,816,"我與父親不相見已二年餘了，我最不能忘記的是他的背影。那年冬天，祖母死了，父親的差使也交卸了，正是禍不單行的日子，我從北京到徐州，打算跟着父親奔喪囘家。到徐州見着父親，看見滿院狼藉的東西，又想起祖母，不禁簌簌地流下眼淚。父親說，「事已如此，不必難過，好在天無絕人之路！」

囘家變賣典質，父親還了虧空；又借錢辦了喪事。這些日子，家中光景很是慘澹，一半爲了喪事，一半爲了父親賦閒。喪事完畢，父親要到南京謀事，我也要囘北京念書，我們便同行。

到南京時，有朋友約去游逛，勾留了一日；第二日上午便須渡江到浦口，下午上車北去。父親因爲事忙，本已說定不送我，叫旅館裏一個熟識的茶房陪我同去。他再三囑付茶房，甚是仔細。但他終於不放心，怕茶房不妥帖；頗躊躇了一會。其實我那年已二十歲，北京已來往過兩三次，是沒有甚麽要緊的了。他躊躇了一會，終於決定還是自己送我去。我兩三囘勸他不必去；他只說，「不要緊，他們去不好！」

我們過了江，進了車站。我買票，他忙着照看行李。行李太多了，得向腳夫行些小費，才可過去。他便又忙着和他們講價錢。我那時眞是聰明過分，總覺他說話不大漂亮，非自己插嘴不可。但他終於講定了價錢；就送我上車。他給我揀定了靠車門的一張椅子；我將他給我做的紫毛大衣鋪好坐位。他囑我路上小心，夜裏要警醒些，不要受涼。又囑託茶房好好照應我。我心裏暗笑他的迂；他們只認得錢，託他們直是白託！而且我這樣大年紀的人，難道還不能料理自己麽？唉，我現在想想，那時眞是太聰明了！

我說道，「爸爸，你走吧。」他望車外看了看，說，「我買幾個橘子去。你就在此地，不要走動。」我看那邊月臺的柵欄外有幾個賣東西的等着顧客。走到那邊月臺，須穿過鐵道，須跳下去又爬上去。父親是一個胖子，走過去自然要費事些。我本來要去的，他不肯，只好讓他去。我看見他戴着黑布小帽，穿着黑布大馬褂，深靑布棉袍，蹣跚地走到鐵道邊，慢慢探身下去，尚不大難。可是他穿過鐵道，要爬上那邊月臺，就不",過鐵道要爬上那邊月臺就不,容易,rongyi,rong yi,TRUE,1:容易 | 2:絨衣 | 3:戎衣 | 4:融液 | 5:溶㵝 | 6:融泄 | 7:容儀 | 8:容裔 | 9:榮 | 10:容,TRUE,1,,,,
polyphonic_flagged,042df999cef32d086432480e,阿河,3932,3935,"我這一回寒假，因為養病，住到一家親戚的別墅里去。那別墅是在鄉下。前面偏左的地方，是一片淡藍的湖水，對岸環擁著不盡的青山。山的影子倒映在水里，越顯得清清朗朗的。水面常如鏡子一般。風起時，微有皺痕；像少女們皺她們的眉頭，過一會子就好了。湖的余勢束成一條小港，緩緩地不聲不響地流過別墅的門前。門前有一條小石橋，橋那邊盡是田畝。這邊沿岸一帶，相間地栽著桃樹和柳樹，春來當有一番熱鬧的夢。別墅外面繚繞著短短的竹篱，篱外是小小的路。里邊一座向南的樓，背后便倚著山。西邊是三間平屋，我便住在這里。院子里有兩塊草地，上面隨便放著兩三塊石頭。另外的隙地上，或羅列著盆栽，或种蒔著花草。篱邊還有几株枝干蟠曲的大樹，有一株几乎要伸到水里去了。

我的親戚韋君只有夫婦二人和一個女儿。她在外邊念書，這時也剛回到家里。她邀來三位同學，同到她家過這個寒假；兩位是親戚，一位是朋友。她們住著樓上的兩間屋子。韋君夫婦也住在樓上。樓下正中是客廳，常是閒著，西間是吃飯的地方；東間便是韋君的書房，我們談天，喝茶，看報，都在這里。我吃了飯，便是一個人，也要到這里來閒坐一回。我來的第二天，韋小姐告訴我，她母親要給她們找一個好好的女用人；長工阿齊說有一個表妹，母親叫他明天就帶來做做看呢。她似乎很高興的樣子，我只是不經意地答應。

平屋与樓屋之間，是一個小小的廚房。我住的是東面的屋子，從窗子里可以看見廚房里人的來往。這一天午飯前，我偶然向外看看，見一個面生的女用人，兩手提著兩把白鐵壺，正往廚房里走；韋家的李媽在她前面領著，不知在和她說甚么話。她的頭髮亂蓬蓬的，像冬天的枯草一樣。身上穿著鑲邊的黑布棉襖和夾褲，黑里已泛出黃色；棉襖長与膝齊，夾褲也直拖到腳背上。腳倒是雙天足，穿著尖頭的黑布鞋，后跟還帶著兩片同色的“葉拔儿”。想這就是阿齊帶來的女用人了；想完了就坐下看書。晚飯后，韋小姐告訴我，女用人來了，她的名字叫“阿河”。我說，“名字很好，只是人土些；還能做么？”她說，“別看她土，很聰明呢。”我說，“哦。”便接著看手中的報了。

以后每天早上，中上，晚上，我常常看見阿河挈著水壺來往；她的眼似乎總是望前看的。兩個禮拜匆匆地過去了。韋小姐忽然和我說，你別看阿河土，她的志气很好，她是個可怜的人。我和娘說，把我前年在家穿的那身棉襖褲給了她吧。我嫌那兩件衣服太花，給了她正好。娘先不肯，說她來了沒有几天；后來也肯了。今天拿出來讓她穿，正合式呢。我們教給她打絨繩鞋，她真聰明，一學就會了。她說拿到工錢，也要打一雙穿呢。我等几天再和娘說去。

“她這樣愛好！怪不得頭髮光得多了，原來都是你們教她的。好！你們盡教她講究，她將來怕不愿回家去呢。”大家都笑了。

舊新年是過去了。因為江浙的兵事，我們的學校一時還不能開學。我們大家都樂得在別墅里多住些日子。這時阿河如換了一個人。她穿著寶藍色挑著小花儿的布棉襖褲；腳下是嫩藍色毛繩鞋，鞋口還綴著兩個半藍半白的小絨球儿。我想這一定是她的小姐們給幫忙的。古語說得好，“人要衣裳馬要鞍”，阿河這一打扮，真有些楚楚可怜了。她的頭髮早已是刷得光光的，覆額的留海也梳得十分伏帖。一張小小的圓臉，如正開的桃李花；臉上并沒有笑，卻隱隱地含著春日的光輝，像花房里充了蜜一般。這在我几乎是一個奇跡；我現在是常站在窗前看她了。我覺得在深山里發見了一粒貓儿眼；這樣精純的貓儿眼，是我生平所僅見！我覺得我們相識已太長久，极愿和她說一句話——极平淡的話，一句也好。但我怎好平白地和她攀談呢？這樣郁郁了一禮拜。

這是元宵節的前一晚上。我吃了飯，在屋里坐了一會，覺得有些無聊，便信步走到那書房里。拿起報來，想再細看一回。忽然門鈕一響，阿河進來了。她手里拿著三四支顏色鉛筆；出乎意料地走近了我。她站在我面前了，靜靜地微笑著說：“白先生，你知道鉛筆刨在哪里？”一面將拿著的鉛筆給我看。我不自主地立起來，匆忙地應道，“在這里；”我用手指著南邊柱子。但我立刻覺得這是不夠的。我領她走近了柱子。這時我像閃電似地躊躇了一下，便說，“我…… 我……”她一聲不響地已將一支鉛筆交給我。我放進刨子里刨給她看。刨了兩下，便想交給她；但終于刨完了一支，交還了她。她接了筆略看一看，仍仰著臉向我。我窘极了。剎那間念頭轉了好几個圈子；到底硬著頭皮搭訕著說，“就這樣刨好了。”我赶緊向門外一瞥，就走回原處看報去。但我的頭剛低下，我的眼已抬起來了。于是遠遠地從容地問道，“你會么？”她不曾掉過頭來，只“嚶”了一聲，也不說話。我看了她背影一會。覺得應該低下頭了。等我再抬起頭來時，她已默默地向外走了。她似乎總是望前看的；我想再問她一句話，但終于不曾出口。我撇下了報，站起來走了一會，便回到自己屋里。

我一直想著些什么，但什么也沒有想出。

第二天早上看見她往廚房里走時，我發愿我的眼將老跟著她的影子！她的影子真好。她那几步路走得又敏捷，又勻稱，又苗條，正如一只可愛的小貓。她兩手各提著一只水壺，又令我想到在一條細細的索儿上抖擻精神走著的女子。這全由于她的腰；她的腰真太軟了，用白水的話說，真是軟到使我如吃蘇州的牛皮糖一樣。不止她的腰，我的日記里說得好：“她有一套和云霞比美，水月爭靈的曲線，織成大大的一張迷惑的网！”而那兩頰的曲線，尤其甜蜜可人。她兩頰是白中透著微紅，潤澤如玉。她的皮膚，嫩得可以掐出水來；我的日記里說，“我很想去掐她一下呀！”她的眼像一雙小燕子，老是在灩灩的春水上打著圈儿。她的笑最使我記住，像一朵花漂浮在我的腦海里。我不是說過，她的小圓臉像正開的桃花么？那么，她微笑的時候，便是盛開的時候了：花房里充滿了蜜，真如要流出來的樣子。她的髮不甚厚，但黑而有光，柔軟而滑，如純絲一般。只可惜我不曾聞著一些儿香。唉！從前我在窗前看她好多次，所得的真太少了；若不是昨晚一見，——雖只几分鐘——我真太對不起這樣一個人儿了。

午飯后，韋君照例地睡午覺去了，只有我，韋小姐和其他三位小姐在書房里。我有意無意地談起阿河的事。我說：

“你們怎知道她的志气好呢？”

“那天我們教給她打絨繩鞋；”一位蔡小姐便答道，“看她很聰明，就問她為甚么不念書？她被我們一問，就傷心起來了。……”

“是的，”韋小姐笑著搶了說，“后來還哭了呢；還有一位傻子陪她淌眼淚呢。”

那邊黃小姐可急了，走過來推了她一下。蔡小姐忙攔住道，“人家說正經話，你們盡鬧著玩儿！讓我說完了呀——”“我代你說啵，”韋小姐仍搶著說，“——她說她只有一個爹，沒有娘。嫁了一個男人，倒有三十多歲，土頭土腦的，臉上滿是包！他是李媽的鄰舍，我還看見過呢。……”“好了，底下我說吧。”蔡小姐接著道，“她男人又不要好，盡愛賭錢；她一气，就住到娘家來，有一年多不回去了。”

“她今年几歲？”我問。

“十七不知十八？前年出嫁的，几個月就回家了，”蔡小姐說。

“不，十八，我知道，”韋小姐改正道。

“哦。你們可曾勸她离婚？”

“怎么不勸；”韋小姐應道，“她說十八回去吃她表哥的喜酒，要和她的爹去說呢。”

“你們教她的好事，該當何罪！”我笑了。

她們也都笑了。

十九的早上，我正在屋里看書，听見外面有嚷嚷的聲音；這是從來沒有的。我立刻走出來看；只見門外有兩個鄉下人要走進來，卻給阿齊攔住。他們只是央告，阿齊只是不肯。這時韋君已走出院中，向他們道，

“你們回去吧。人在我這里，不要緊的。快回去，不要瞎吵！”

兩個人面面相覷，說不出一句話；俄延了一會，只好走了。我問韋君什么事？他說，

“阿河囉！還不是瞎吵一回子。”

我想他于男女的事向來是懶得說的，還是回頭問他小姐的好；我們便談到別的事情上去。

吃了飯，我赶緊問韋小姐，她說，

“她是告訴娘的，你問娘去。”

我想這件事有些尷尬，便到西間里問韋太太；她正看著李媽收拾碗碟呢。她見我問，便笑著說，

“你要問這些事做什么？她昨天回去，原是借了阿桂的衣裳穿了去的，打扮得嬌滴滴的，也難怪，被她男人看見了，便約了些不相干的人，將她搶回去過了一夜。今天早上，她騙她男人，說要到此地來拿行李。她男人就會信她，派了兩個人跟著。那知她到了這里，便叫阿齊攔著那跟來的人；她自己便跪在我面前哭訴，說死也不愿回她男人家去。你說我有什么法子。只好讓那跟來的人先回去再說。好在沒有几天，她們要上學了，我將來交給她的爹吧。唉，現在的人，心眼儿真是越過越大了；一個鄉下女人，也會鬧出這樣惊天動地的事了！”

“可不是，”李媽在旁插嘴道，“太太你不知道；我家三叔前儿來，我還听他說呢。我本不該說的，阿彌陀佛！太太，你想她不愿意回婆家，老愿意住在娘家，是什么道理？家里只有一個單身的老子；你想那該死的老畜生！他舍不得放她回去呀！”

“低些，真的么？”韋太太惊詫地問。

“他們說得千真万确的。我早就想告訴太太了，總有些疑心；今天看她的樣子，真有几分對呢。太太，你想現在還成什么世界！”

“這該不至于吧。”我淡淡地插了一句。

“少爺，你那里知道！”韋太太歎了一口气，“——好在沒有几天了，讓她快些走吧；別將我們的運气帶坏了。她的事，我們以后也別談吧。”

開學的通告來了，我定在二十八走。二十六的晚上，阿河忽然不到廚房里挈水了。韋小姐跑來低低地告訴我，“娘叫阿齊將阿河送回去了；我在樓上，都不知道呢。”我應了一聲，一句話也沒有說。正如每日有三頓飽飯吃的人，忽然絕了糧；卻又不能告訴一個人！而且我覺得她的前面是黑洞洞的，此去不定有什么好歹！那一夜我是沒有好好地睡，只翻來覆去地做夢，醒來卻又一例茫然。這樣昏昏沉沉地到了二十八早上，懶懶地向韋君夫婦和韋小姐告別而行，韋君夫婦堅約春假再來住，我只得含糊答應著。出門時，我很想回望廚房几眼；但",門時我很想回望廚房几眼但,許多人,xuduoren,xu duo ren,TRUE,1:許多人 | 2:許多 | 3:虛度 | 4:許都 | 5:續讀 | 6:需 | 7:須 | 8:徐 | 9:許 | 10:虛,TRUE,1,,,,
polyphonic_flagged,c913f5f500a5f91caed31c69,阿河,2332,2334,"我這一回寒假，因為養病，住到一家親戚的別墅里去。那別墅是在鄉下。前面偏左的地方，是一片淡藍的湖水，對岸環擁著不盡的青山。山的影子倒映在水里，越顯得清清朗朗的。水面常如鏡子一般。風起時，微有皺痕；像少女們皺她們的眉頭，過一會子就好了。湖的余勢束成一條小港，緩緩地不聲不響地流過別墅的門前。門前有一條小石橋，橋那邊盡是田畝。這邊沿岸一帶，相間地栽著桃樹和柳樹，春來當有一番熱鬧的夢。別墅外面繚繞著短短的竹篱，篱外是小小的路。里邊一座向南的樓，背后便倚著山。西邊是三間平屋，我便住在這里。院子里有兩塊草地，上面隨便放著兩三塊石頭。另外的隙地上，或羅列著盆栽，或种蒔著花草。篱邊還有几株枝干蟠曲的大樹，有一株几乎要伸到水里去了。

我的親戚韋君只有夫婦二人和一個女儿。她在外邊念書，這時也剛回到家里。她邀來三位同學，同到她家過這個寒假；兩位是親戚，一位是朋友。她們住著樓上的兩間屋子。韋君夫婦也住在樓上。樓下正中是客廳，常是閒著，西間是吃飯的地方；東間便是韋君的書房，我們談天，喝茶，看報，都在這里。我吃了飯，便是一個人，也要到這里來閒坐一回。我來的第二天，韋小姐告訴我，她母親要給她們找一個好好的女用人；長工阿齊說有一個表妹，母親叫他明天就帶來做做看呢。她似乎很高興的樣子，我只是不經意地答應。

平屋与樓屋之間，是一個小小的廚房。我住的是東面的屋子，從窗子里可以看見廚房里人的來往。這一天午飯前，我偶然向外看看，見一個面生的女用人，兩手提著兩把白鐵壺，正往廚房里走；韋家的李媽在她前面領著，不知在和她說甚么話。她的頭髮亂蓬蓬的，像冬天的枯草一樣。身上穿著鑲邊的黑布棉襖和夾褲，黑里已泛出黃色；棉襖長与膝齊，夾褲也直拖到腳背上。腳倒是雙天足，穿著尖頭的黑布鞋，后跟還帶著兩片同色的“葉拔儿”。想這就是阿齊帶來的女用人了；想完了就坐下看書。晚飯后，韋小姐告訴我，女用人來了，她的名字叫“阿河”。我說，“名字很好，只是人土些；還能做么？”她說，“別看她土，很聰明呢。”我說，“哦。”便接著看手中的報了。

以后每天早上，中上，晚上，我常常看見阿河挈著水壺來往；她的眼似乎總是望前看的。兩個禮拜匆匆地過去了。韋小姐忽然和我說，你別看阿河土，她的志气很好，她是個可怜的人。我和娘說，把我前年在家穿的那身棉襖褲給了她吧。我嫌那兩件衣服太花，給了她正好。娘先不肯，說她來了沒有几天；后來也肯了。今天拿出來讓她穿，正合式呢。我們教給她打絨繩鞋，她真聰明，一學就會了。她說拿到工錢，也要打一雙穿呢。我等几天再和娘說去。

“她這樣愛好！怪不得頭髮光得多了，原來都是你們教她的。好！你們盡教她講究，她將來怕不愿回家去呢。”大家都笑了。

舊新年是過去了。因為江浙的兵事，我們的學校一時還不能開學。我們大家都樂得在別墅里多住些日子。這時阿河如換了一個人。她穿著寶藍色挑著小花儿的布棉襖褲；腳下是嫩藍色毛繩鞋，鞋口還綴著兩個半藍半白的小絨球儿。我想這一定是她的小姐們給幫忙的。古語說得好，“人要衣裳馬要鞍”，阿河這一打扮，真有些楚楚可怜了。她的頭髮早已是刷得光光的，覆額的留海也梳得十分伏帖。一張小小的圓臉，如正開的桃李花；臉上并沒有笑，卻隱隱地含著春日的光輝，像花房里充了蜜一般。這在我几乎是一個奇跡；我現在是常站在窗前看她了。我覺得在深山里發見了一粒貓儿眼；這樣精純的貓儿眼，是我生平所僅見！我覺得我們相識已太長久，极愿和她說一句話——极平淡的話，一句也好。但我怎好平白地和她攀談呢？這樣郁郁了一禮拜。

這是元宵節的前一晚上。我吃了飯，在屋里坐了一會，覺得有些無聊，便信步走到那書房里。拿起報來，想再細看一回。忽然門鈕一響，阿河進來了。她手里拿著三四支顏色鉛筆；出乎意料地走近了我。她站在我面前了，靜靜地微笑著說：“白先生，你知道鉛筆刨在哪里？”一面將拿著的鉛筆給我看。我不自主地立起來，匆忙地應道，“在這里；”我用手指著南邊柱子。但我立刻覺得這是不夠的。我領她走近了柱子。這時我像閃電似地躊躇了一下，便說，“我…… 我……”她一聲不響地已將一支鉛筆交給我。我放進刨子里刨給她看。刨了兩下，便想交給她；但終于刨完了一支，交還了她。她接了筆略看一看，仍仰著臉向我。我窘极了。剎那間念頭轉了好几個圈子；到底硬著頭皮搭訕著說，“就這樣刨好了。”我赶緊向門外一瞥，就走回原處看報去。但我的頭剛低下，我的眼已抬起來了。于是遠遠地從容地問道，“你會么？”她不曾掉過頭來，只“嚶”了一聲，也不說話。我看了她背影一會。覺得應該低下頭了。等我再抬起頭來時，她已默默地向外走了。她似乎總是望前看的；我想再問她一句話，但終于不曾出口。我撇下了報，站起來走了一會，便回到自己屋里。

我一直想著些什么，但什么也沒有想出。

第二天早上看見她往廚房里走時，我發愿我的眼將老跟著她的影子！她的影子真好。她那几步路走得又敏捷，又勻稱，又苗條，正如一只可愛的小貓。她兩手各提著一只水壺，又令我想到在一條細細的索儿上抖擻精神走著的女子。這全由于她的腰；她的腰真太軟了，用白水的話說，真是軟到使我如吃蘇州的牛皮糖一樣。不止她的腰，我的日記里說得好：“她有一套和云霞比美，水月爭靈的曲線，織成大大的一張迷惑的网！”而那兩頰的曲線，尤其甜蜜可人。她兩頰是白中透著微紅，潤澤如玉。她的皮膚，嫩得可以掐出水來；我的日記里說，“我很想去掐她一下呀！”她的眼像一雙小燕子，老是在灩灩的春水上打著圈儿。她的笑最使我記住，像一朵花漂浮在我的腦海里。我不是說過，她的小圓臉像正開的桃花么？那么，她微笑的時候，便是盛開的時候了：花房里充滿了蜜，真如要流出來的樣子。她的髮不甚厚，但黑而有光，柔軟而滑，如純絲一般。只可惜我不曾聞著一些儿香。唉！",可惜我不曾聞著一些儿香唉,從前,congqian,cong qian,TRUE,1:從前 | 2:從淺 | 3:蔥蒨 | 4:從其 | 5:從 | 6:蔥 | 7:聰 | 8:叢 | 9:匆 | 10:琮,TRUE,1,,,,
polyphonic_flagged,ac6e19739215da332a6d8738,背影,220,222,"我與父親不相見已二年餘了，我最不能忘記的是他的背影。那年冬天，祖母死了，父親的差使也交卸了，正是禍不單行的日子，我從北京到徐州，打算跟着父親奔喪囘家。到徐州見着父親，看見滿院狼藉的東西，又想起祖母，不禁簌簌地流下眼淚。父親說，「事已如此，不必難過，好在天無絕人之路！」

囘家變賣典質，父親還了虧空；又借錢辦了喪事。這些日子，家中光景很是慘澹，一半爲了喪事，一半爲了父親賦閒。喪事完畢，父親要到南京謀事，我也要囘北京念書，我們便同行。

到",要囘北京念書我們便同行到,南京,nanjing,nan jing,TRUE,1:南京 | 2:南靖 | 3:難經 | 4:南境 | 5:男 | 6:難 | 7:南 | 8:喃 | 9:楠 | 10:囡,TRUE,1,,,,
polyphonic_flagged,14a5154d1d0212b85c7ee86b,阿河,1391,1394,"我這一回寒假，因為養病，住到一家親戚的別墅里去。那別墅是在鄉下。前面偏左的地方，是一片淡藍的湖水，對岸環擁著不盡的青山。山的影子倒映在水里，越顯得清清朗朗的。水面常如鏡子一般。風起時，微有皺痕；像少女們皺她們的眉頭，過一會子就好了。湖的余勢束成一條小港，緩緩地不聲不響地流過別墅的門前。門前有一條小石橋，橋那邊盡是田畝。這邊沿岸一帶，相間地栽著桃樹和柳樹，春來當有一番熱鬧的夢。別墅外面繚繞著短短的竹篱，篱外是小小的路。里邊一座向南的樓，背后便倚著山。西邊是三間平屋，我便住在這里。院子里有兩塊草地，上面隨便放著兩三塊石頭。另外的隙地上，或羅列著盆栽，或种蒔著花草。篱邊還有几株枝干蟠曲的大樹，有一株几乎要伸到水里去了。

我的親戚韋君只有夫婦二人和一個女儿。她在外邊念書，這時也剛回到家里。她邀來三位同學，同到她家過這個寒假；兩位是親戚，一位是朋友。她們住著樓上的兩間屋子。韋君夫婦也住在樓上。樓下正中是客廳，常是閒著，西間是吃飯的地方；東間便是韋君的書房，我們談天，喝茶，看報，都在這里。我吃了飯，便是一個人，也要到這里來閒坐一回。我來的第二天，韋小姐告訴我，她母親要給她們找一個好好的女用人；長工阿齊說有一個表妹，母親叫他明天就帶來做做看呢。她似乎很高興的樣子，我只是不經意地答應。

平屋与樓屋之間，是一個小小的廚房。我住的是東面的屋子，從窗子里可以看見廚房里人的來往。這一天午飯前，我偶然向外看看，見一個面生的女用人，兩手提著兩把白鐵壺，正往廚房里走；韋家的李媽在她前面領著，不知在和她說甚么話。她的頭髮亂蓬蓬的，像冬天的枯草一樣。身上穿著鑲邊的黑布棉襖和夾褲，黑里已泛出黃色；棉襖長与膝齊，夾褲也直拖到腳背上。腳倒是雙天足，穿著尖頭的黑布鞋，后跟還帶著兩片同色的“葉拔儿”。想這就是阿齊帶來的女用人了；想完了就坐下看書。晚飯后，韋小姐告訴我，女用人來了，她的名字叫“阿河”。我說，“名字很好，只是人土些；還能做么？”她說，“別看她土，很聰明呢。”我說，“哦。”便接著看手中的報了。

以后每天早上，中上，晚上，我常常看見阿河挈著水壺來往；她的眼似乎總是望前看的。兩個禮拜匆匆地過去了。韋小姐忽然和我說，你別看阿河土，她的志气很好，她是個可怜的人。我和娘說，把我前年在家穿的那身棉襖褲給了她吧。我嫌那兩件衣服太花，給了她正好。娘先不肯，說她來了沒有几天；后來也肯了。今天拿出來讓她穿，正合式呢。我們教給她打絨繩鞋，她真聰明，一學就會了。她說拿到工錢，也要打一雙穿呢。我等几天再和娘說去。

“她這樣愛好！怪不得頭髮光得多了，原來都是你們教她的。好！你們盡教她講究，她將來怕不愿回家去呢。”大家都笑了。

舊新年是過去了。因為江浙的兵事，我們的學校一時還不能開學。我們大家都樂得在別墅里多住些日子。這時阿河如換了一個人。她穿著寶藍色挑著小花儿的布棉襖褲；腳下是嫩藍色毛繩鞋，鞋口還綴著兩個半藍半白的小絨球儿。我想這一定是她的小姐們給幫忙的。古語說得好，“人要衣裳馬要鞍”，阿河這一打扮，真有些楚楚可怜了。她的頭髮早已是刷得光光的，覆額的留海也梳得十分伏帖。一張小小的圓臉，如正開的桃李花；臉上并沒有笑，卻隱隱地含著春日的光輝，像花房里充了蜜一般。這在我几乎是一個奇跡；我現在是常站在窗前看她了。我覺得在深山里發見了一粒貓儿眼；這樣精純的貓儿眼，是我生平所僅見！我覺得我們相識",生平所僅見我覺得我們相識,已太長,yitaizhang,yi tai zhang,TRUE,1:一臺張 | 2:一臺 | 3:以太 | 4:儀態 | 5:一胎 | 6:一抬 | 7:姨太 | 8:意態 | 9:乙太 | 10:異態,FALSE,,,,,
polyphonic_flagged,8d1a007a6378b133111ba1a0,阿河,1242,1244,"我這一回寒假，因為養病，住到一家親戚的別墅里去。那別墅是在鄉下。前面偏左的地方，是一片淡藍的湖水，對岸環擁著不盡的青山。山的影子倒映在水里，越顯得清清朗朗的。水面常如鏡子一般。風起時，微有皺痕；像少女們皺她們的眉頭，過一會子就好了。湖的余勢束成一條小港，緩緩地不聲不響地流過別墅的門前。門前有一條小石橋，橋那邊盡是田畝。這邊沿岸一帶，相間地栽著桃樹和柳樹，春來當有一番熱鬧的夢。別墅外面繚繞著短短的竹篱，篱外是小小的路。里邊一座向南的樓，背后便倚著山。西邊是三間平屋，我便住在這里。院子里有兩塊草地，上面隨便放著兩三塊石頭。另外的隙地上，或羅列著盆栽，或种蒔著花草。篱邊還有几株枝干蟠曲的大樹，有一株几乎要伸到水里去了。

我的親戚韋君只有夫婦二人和一個女儿。她在外邊念書，這時也剛回到家里。她邀來三位同學，同到她家過這個寒假；兩位是親戚，一位是朋友。她們住著樓上的兩間屋子。韋君夫婦也住在樓上。樓下正中是客廳，常是閒著，西間是吃飯的地方；東間便是韋君的書房，我們談天，喝茶，看報，都在這里。我吃了飯，便是一個人，也要到這里來閒坐一回。我來的第二天，韋小姐告訴我，她母親要給她們找一個好好的女用人；長工阿齊說有一個表妹，母親叫他明天就帶來做做看呢。她似乎很高興的樣子，我只是不經意地答應。

平屋与樓屋之間，是一個小小的廚房。我住的是東面的屋子，從窗子里可以看見廚房里人的來往。這一天午飯前，我偶然向外看看，見一個面生的女用人，兩手提著兩把白鐵壺，正往廚房里走；韋家的李媽在她前面領著，不知在和她說甚么話。她的頭髮亂蓬蓬的，像冬天的枯草一樣。身上穿著鑲邊的黑布棉襖和夾褲，黑里已泛出黃色；棉襖長与膝齊，夾褲也直拖到腳背上。腳倒是雙天足，穿著尖頭的黑布鞋，后跟還帶著兩片同色的“葉拔儿”。想這就是阿齊帶來的女用人了；想完了就坐下看書。晚飯后，韋小姐告訴我，女用人來了，她的名字叫“阿河”。我說，“名字很好，只是人土些；還能做么？”她說，“別看她土，很聰明呢。”我說，“哦。”便接著看手中的報了。

以后每天早上，中上，晚上，我常常看見阿河挈著水壺來往；她的眼似乎總是望前看的。兩個禮拜匆匆地過去了。韋小姐忽然和我說，你別看阿河土，她的志气很好，她是個可怜的人。我和娘說，把我前年在家穿的那身棉襖褲給了她吧。我嫌那兩件衣服太花，給了她正好。娘先不肯，說她來了沒有几天；后來也肯了。今天拿出來讓她穿，正合式呢。我們教給她打絨繩鞋，她真聰明，一學就會了。她說拿到工錢，也要打一雙穿呢。我等几天再和娘說去。

“她這樣愛好！怪不得頭髮光得多了，原來都是你們教她的。好！你們盡教她講究，她將來怕不愿回家去呢。”大家都笑了。

舊新年是過去了。因為江浙的兵事，我們的學校一時還不能開學。我們大家都樂得在別墅里多住些日子。這時阿河如換了一個人。她穿著寶藍色挑著小花儿的布棉襖褲；腳下是嫩藍色毛繩鞋，鞋口還綴著兩個半藍半白的小絨球儿。我想這一定是她的小姐們給幫忙的。古語說得好，“人要衣裳馬要鞍”，阿河",說得好人要衣裳馬要鞍阿河,這一,zheyi,zhe yi,TRUE,1:這一 | 2:折翼 | 3:摺椅 | 4:這已 | 5:折椅 | 6:赭衣 | 7:這 | 8:着 | 9:者 | 10:折,TRUE,1,,,,
polyphonic_flagged,f51a5be9bc8263c646440b7b,槳聲燈影裏的秦淮河,1873,1875,"一九二三年八月的一晚，我和平伯同遊秦淮河；平伯是初泛，我是重來了。我們雇了一隻「七板子」，在夕陽已去、皎月方來的時候，便下了船。於是槳聲汩汩，我們開始領略那晃蕩著薔薇色的歷史的秦淮河的滋味了。

秦淮河裏的船，比北京万生園、頤和園的船好，比西湖的船好，比揚州瘦西湖的船也好。這幾處的船不是覺著笨，就是覺著簡陋、局促；都不能引起乘客們的情韻，如秦淮河的船一樣。秦淮河的船約略可分為兩種：一是大船；一是小船，就是所謂「七板子」。大船艙口闊大，可容二三十人。裏面陳設著字畫和光潔的紅木家具，桌上一律嵌著冰涼的大理石面。窗格雕鏤頗細，使人起柔膩之感。窗格里映著紅色藍色的玻璃；玻璃上有精緻的花紋，也頗悅人目。「七板子」規模雖不及大船，但那淡藍色的欄杆，空敞的艙，也足繫人情思。而最出色處卻在它的艙前。艙前是甲板上的一部，上面有弧形的頂，兩邊用疏疏的欄杆支著。裏面通常放著兩張藤的躺椅。躺下，可以談天，可以望遠，可以顧盼兩岸的河房。大船上也有這個，但在小船上更覺清雋罷了。艙前的頂下，一律懸著燈彩；燈的多少、明暗，彩蘇的精粗、艷晦，是不一的，但好歹總還你一個燈彩。這燈彩實在是最能勾人的東西。夜幕垂垂地下來時，大小船上都點起燈火。從兩重玻璃裏映出那輻射著的黃黃的散光，反暈出一片朦朧的煙靄；透過這煙靄，在黯黯的水波里，又逗起縷縷的明漪。在這薄靄和微漪裏，聽著那悠然的間歇的槳聲，誰能不被引入他的美夢去呢？只愁夢太多了，這些大小船兒如何載得起呀？我們這時模模糊糊的談著明末的秦淮河的艷跡，如《桃花扇》及《板橋雜記》裏所載的。我們真神往了。我們彷彿親見那時華燈映水，畫舫凌波的光景了。於是我們的船便成了歷史的重載了。我們終於恍然秦淮河的船所以雅麗過於他處，而又有奇異的吸引力的，實在是許多歷史的影像使然了。

秦淮河的水是碧陰陰的；看起來厚而不膩，或者是六朝金粉所凝麼？我們初上船的時候，天色還未斷黑，那漾漾的柔波是這樣恬靜、委婉，使我們一面有水闊天空之想，一面又憧憬著紙醉金迷之境了。等到燈火明時，陰陰的變為沈沉了：黯淡的水光，像夢一般；那偶然閃爍著的光芒，就是夢的眼睛了。我們坐在艙前，因了那隆起的頂棚，彷彿總是昂著首向前走著似的；於是飄飄然如御風而行的我們，看著那些自在的灣泊著的船，船裏走馬燈般的人物，便像是下界一般，迢迢的遠了，又像在霧裏看花，盡朦朦朧朧的。這時我們已過了利涉橋，望見東關頭了。沿路聽見斷續的歌聲：有從沿河的妓樓飄來的，有從河上船裏渡來的。我們明知那些歌聲，只是些因襲的言詞，從生澀的歌喉裏機械的發出來的；但它們經了夏夜的微風的吹漾和水波的搖拂，嬝娜著到我們耳邊的時候，已經不單是她們的歌聲，而混著微風和河水的密語了。於是我們不得不被牽惹著，震撼著，相與浮沉於這歌聲裏了。從東關頭轉彎，不久就到大中橋。大中橋共有三個橋拱，都很闊大，儼然是三座門兒；使我們覺得我們的船和船裏的我們，在橋下過去時，真是太無顏色了。橋磚是深褐色，表明它的歷史的長久；但都完好無缺，令人太息於古昔工程的堅美。橋上兩旁都是木壁的房子，中間應該有街路。這些房子都破舊了，多年煙熏的跡，遮沒了當年的美麗。我想像秦淮河的極盛時，在這樣宏闊的橋上，特地蓋了房子，必然是髹漆得富富麗麗的；晚間必然是燈火通明的，現在卻只剩下一片黑沉沉！但是橋上造著房子，畢竟使我們多少可以想見往日的繁華；這也慰情聊勝無了。過了大中橋，便到了燈月交輝、笙歌徹夜的秦淮河，這才是秦淮河的真面目哩。

大中橋外，頓然空闊，和橋內兩岸排著密密的人家的景像大異了。一眼望去，疏疏的林，淡淡的月，襯著蔚藍的天，頗像荒江野渡光景；那邊呢，鬱叢叢的，陰森森的，又似乎藏著無邊的黑暗，令人幾乎不信那是繁華的秦淮河了。但是河中眩暈著的燈光，縱橫著的畫舫，悠揚著的笛韻，夾著那吱吱的胡琴聲，終於使我們認識綠如茵陳酒的秦淮水了。此地天裸露著的多些，故覺夜來的獨遲些；從清清的水影裏，我們感到的只是薄薄的夜——這正是秦淮河的夜。大中橋外，本來還有一座復成橋，是船夫口中的我們的遊踪盡處，或也是秦淮河繁華的盡處了。我的腳曾踏過復成橋的脊，在十三四歲的時候。但是兩次遊秦淮河，卻都不曾見著復成橋的面；明知總在前途的，卻常覺得有些虛無縹緲似的。我想，不見倒也好。這時正是盛夏。我們下船後，藉著新生的晚涼和河上的微風，暑氣已漸漸消散；到了此地，豁然開朗，身子頓然輕了——習習的清風荏苒在面上、手上、衣上，這便又感到了一縷新涼了。南京的日光，大概沒有杭州猛烈；西湖的夏夜老是熱蓬蓬的，水像沸著一般，秦淮河的水卻盡是這樣冷冷地",淮河的水卻盡是這樣冷冷地,綠著,lvzhu,lv zhu,TRUE,1:綠竹 | 2:綠珠 | 3:率 | 4:綠 | 5:呂 | 6:鋁 | 7:驢 | 8:旅 | 9:律 | 10:屢,FALSE,,,,,
polyphonic_flagged,003f3f14e4a5cd5701b3b7d6,給亡婦,1010,1012,"謙，日子真快，一眨眼你已經死了三個年頭了。這三年裡世事不知變化了多少回，但你未必注意這些個，我知道。你第一惦記的是你幾個孩子，第二便輪著我。孩子和我平分你的世界，你在日如此；你死後若還有知，想來還如此的。告訴你，我夏天回家來著：邁兒長得結實極了，比我高一個頭。閏兒父親說是最乖，可是沒有先前胖了。采芷和轉子都好。五兒全家誇她長得好看；卻在腿上生了濕瘡，整天坐在竹床上不能下來，看了怪可憐的。六兒，我怎麼說好，你明白，你臨終時也和母親談過，這孩子是只可以養著玩兒的，他左挨右挨去年春天，到底沒有挨過去。這孩子生了幾個月，你的肺病就重起來了。我勸你少親近他，只監督著老媽子照管就行。你總是忍不住，一會兒提，一會兒抱的。可是你病中為他操的那一份兒心也夠瞧的。那一個夏天他病的時候多，你成天兒忙著，湯呀，藥呀，冷呀，暖呀，連覺也沒有好好兒睡過。那裡有一分一毫想著你自己。瞧著他硬朗點兒你就樂，乾枯的笑容在黃蠟般的臉上，我只有暗中歎氣而已。

從來想不到做母親的要像你這樣。從邁兒起，你總是自己喂乳，一連四個都這樣。你起初不知道按鐘點兒喂，後來知道了，卻又弄不慣；孩子們每夜裡幾次將你哭醒了，特別是悶熱的夏季。我瞧你的覺老沒睡足。白天裡還得做菜，照料孩子，很少得空兒。你的身子本來壞，四個孩子就累你七八年。到了第五個，你自己實在不成了，又沒乳，只好自己餵奶粉，另雇老媽子專管她。但孩子跟老媽子睡，你就沒有放過心；夜裡一聽見哭，就豎起耳朵聽，工夫一大就得過去看。十六年初，和你到北京來，將邁兒，轉子留在家裡；三年多還不能去接他們，可真把你惦記苦了。你並不常提，我卻明白。你後來說你的病就是惦記出來的；那個自然也有份兒，不過大半還是養育孩子累的。你的短短的十二年結婚生活，有十一年耗費在孩子們身上；而你一點不厭倦，有多少力量用多少，一直到自己毀滅為止。你對孩子一般兒愛，不問男的女的，大的小的。也不想到什麼“養兒防老，積穀防饑”，只拚命的愛去。你對於教育老實說有些外行，孩子們只要吃得好玩得好就成了。這也難怪你，你自己便是這樣長大的。況且孩子們原都還小，吃和玩本來也要緊的。你病重的時候最放不下的還是孩子。病的只剩皮包著骨頭了，總不信自己不會好；老說：“我死了，這一大群孩子可苦了。”後來說送你回家，你想著可以看見邁兒和轉子，也願意；你萬不想到會一走不返的。我送車的時候，你忍不住哭了，說：“還不知能不能再見？”可憐，你的心我知道，你",能再見可憐你的心我知道你,滿想,manxiang,man xiang,TRUE,1:蠻像 | 2:滿箱 | 3:慢 | 4:滿 | 5:蠻 | 6:曼 | 7:漫 | 8:瞞 | 9:蟎 | 10:幔,FALSE,,,,,
polyphonic_flagged,be710f4c035df53b167e20a3,阿河,1569,1571,"我這一回寒假，因為養病，住到一家親戚的別墅里去。那別墅是在鄉下。前面偏左的地方，是一片淡藍的湖水，對岸環擁著不盡的青山。山的影子倒映在水里，越顯得清清朗朗的。水面常如鏡子一般。風起時，微有皺痕；像少女們皺她們的眉頭，過一會子就好了。湖的余勢束成一條小港，緩緩地不聲不響地流過別墅的門前。門前有一條小石橋，橋那邊盡是田畝。這邊沿岸一帶，相間地栽著桃樹和柳樹，春來當有一番熱鬧的夢。別墅外面繚繞著短短的竹篱，篱外是小小的路。里邊一座向南的樓，背后便倚著山。西邊是三間平屋，我便住在這里。院子里有兩塊草地，上面隨便放著兩三塊石頭。另外的隙地上，或羅列著盆栽，或种蒔著花草。篱邊還有几株枝干蟠曲的大樹，有一株几乎要伸到水里去了。

我的親戚韋君只有夫婦二人和一個女儿。她在外邊念書，這時也剛回到家里。她邀來三位同學，同到她家過這個寒假；兩位是親戚，一位是朋友。她們住著樓上的兩間屋子。韋君夫婦也住在樓上。樓下正中是客廳，常是閒著，西間是吃飯的地方；東間便是韋君的書房，我們談天，喝茶，看報，都在這里。我吃了飯，便是一個人，也要到這里來閒坐一回。我來的第二天，韋小姐告訴我，她母親要給她們找一個好好的女用人；長工阿齊說有一個表妹，母親叫他明天就帶來做做看呢。她似乎很高興的樣子，我只是不經意地答應。

平屋与樓屋之間，是一個小小的廚房。我住的是東面的屋子，從窗子里可以看見廚房里人的來往。這一天午飯前，我偶然向外看看，見一個面生的女用人，兩手提著兩把白鐵壺，正往廚房里走；韋家的李媽在她前面領著，不知在和她說甚么話。她的頭髮亂蓬蓬的，像冬天的枯草一樣。身上穿著鑲邊的黑布棉襖和夾褲，黑里已泛出黃色；棉襖長与膝齊，夾褲也直拖到腳背上。腳倒是雙天足，穿著尖頭的黑布鞋，后跟還帶著兩片同色的“葉拔儿”。想這就是阿齊帶來的女用人了；想完了就坐下看書。晚飯后，韋小姐告訴我，女用人來了，她的名字叫“阿河”。我說，“名字很好，只是人土些；還能做么？”她說，“別看她土，很聰明呢。”我說，“哦。”便接著看手中的報了。

以后每天早上，中上，晚上，我常常看見阿河挈著水壺來往；她的眼似乎總是望前看的。兩個禮拜匆匆地過去了。韋小姐忽然和我說，你別看阿河土，她的志气很好，她是個可怜的人。我和娘說，把我前年在家穿的那身棉襖褲給了她吧。我嫌那兩件衣服太花，給了她正好。娘先不肯，說她來了沒有几天；后來也肯了。今天拿出來讓她穿，正合式呢。我們教給她打絨繩鞋，她真聰明，一學就會了。她說拿到工錢，也要打一雙穿呢。我等几天再和娘說去。

“她這樣愛好！怪不得頭髮光得多了，原來都是你們教她的。好！你們盡教她講究，她將來怕不愿回家去呢。”大家都笑了。

舊新年是過去了。因為江浙的兵事，我們的學校一時還不能開學。我們大家都樂得在別墅里多住些日子。這時阿河如換了一個人。她穿著寶藍色挑著小花儿的布棉襖褲；腳下是嫩藍色毛繩鞋，鞋口還綴著兩個半藍半白的小絨球儿。我想這一定是她的小姐們給幫忙的。古語說得好，“人要衣裳馬要鞍”，阿河這一打扮，真有些楚楚可怜了。她的頭髮早已是刷得光光的，覆額的留海也梳得十分伏帖。一張小小的圓臉，如正開的桃李花；臉上并沒有笑，卻隱隱地含著春日的光輝，像花房里充了蜜一般。這在我几乎是一個奇跡；我現在是常站在窗前看她了。我覺得在深山里發見了一粒貓儿眼；這樣精純的貓儿眼，是我生平所僅見！我覺得我們相識已太長久，极愿和她說一句話——极平淡的話，一句也好。但我怎好平白地和她攀談呢？這樣郁郁了一禮拜。

這是元宵節的前一晚上。我吃了飯，在屋里坐了一會，覺得有些無聊，便信步走到那書房里。拿起報來，想再細看一回。忽然門鈕一響，阿河進來了。她手里拿著三四支顏色鉛筆；出乎意料地走近了我。她站在我面前了，靜靜地微笑著說：“白先生，你知道鉛筆刨在哪里？”一面將拿著的鉛",筆刨在哪里一面將拿著的鉛,筆給,bigei,bi gei,TRUE,1:比給 | 2:比 | 3:必 | 4:筆 | 5:逼 | 6:幣 | 7:俾 | 8:碧 | 9:畢 | 10:壁,FALSE,,,,,
polyphonic_flagged,0967a69a7b76ab7d22635e61,荷塘月色,63,65,這幾天心裏頗不寧靜。今晚在院子裏坐着乘涼，忽然想起日日走過的荷塘，在這滿月的光裏，總該另有一番樣子吧。月亮漸漸地升高了，牆外馬,吧月亮漸漸地升高了牆外馬,路上,lushang,lu shang,TRUE,1:路上 | 2:陸上 | 3:錄上 | 4:爐上 | 5:路 | 6:陸 | 7:錄 | 8:魯 | 9:盧 | 10:露,TRUE,1,,,,
polyphonic_flagged,7b26224650c29414ca21c1dd,阿河,2231,2234,"我這一回寒假，因為養病，住到一家親戚的別墅里去。那別墅是在鄉下。前面偏左的地方，是一片淡藍的湖水，對岸環擁著不盡的青山。山的影子倒映在水里，越顯得清清朗朗的。水面常如鏡子一般。風起時，微有皺痕；像少女們皺她們的眉頭，過一會子就好了。湖的余勢束成一條小港，緩緩地不聲不響地流過別墅的門前。門前有一條小石橋，橋那邊盡是田畝。這邊沿岸一帶，相間地栽著桃樹和柳樹，春來當有一番熱鬧的夢。別墅外面繚繞著短短的竹篱，篱外是小小的路。里邊一座向南的樓，背后便倚著山。西邊是三間平屋，我便住在這里。院子里有兩塊草地，上面隨便放著兩三塊石頭。另外的隙地上，或羅列著盆栽，或种蒔著花草。篱邊還有几株枝干蟠曲的大樹，有一株几乎要伸到水里去了。

我的親戚韋君只有夫婦二人和一個女儿。她在外邊念書，這時也剛回到家里。她邀來三位同學，同到她家過這個寒假；兩位是親戚，一位是朋友。她們住著樓上的兩間屋子。韋君夫婦也住在樓上。樓下正中是客廳，常是閒著，西間是吃飯的地方；東間便是韋君的書房，我們談天，喝茶，看報，都在這里。我吃了飯，便是一個人，也要到這里來閒坐一回。我來的第二天，韋小姐告訴我，她母親要給她們找一個好好的女用人；長工阿齊說有一個表妹，母親叫他明天就帶來做做看呢。她似乎很高興的樣子，我只是不經意地答應。

平屋与樓屋之間，是一個小小的廚房。我住的是東面的屋子，從窗子里可以看見廚房里人的來往。這一天午飯前，我偶然向外看看，見一個面生的女用人，兩手提著兩把白鐵壺，正往廚房里走；韋家的李媽在她前面領著，不知在和她說甚么話。她的頭髮亂蓬蓬的，像冬天的枯草一樣。身上穿著鑲邊的黑布棉襖和夾褲，黑里已泛出黃色；棉襖長与膝齊，夾褲也直拖到腳背上。腳倒是雙天足，穿著尖頭的黑布鞋，后跟還帶著兩片同色的“葉拔儿”。想這就是阿齊帶來的女用人了；想完了就坐下看書。晚飯后，韋小姐告訴我，女用人來了，她的名字叫“阿河”。我說，“名字很好，只是人土些；還能做么？”她說，“別看她土，很聰明呢。”我說，“哦。”便接著看手中的報了。

以后每天早上，中上，晚上，我常常看見阿河挈著水壺來往；她的眼似乎總是望前看的。兩個禮拜匆匆地過去了。韋小姐忽然和我說，你別看阿河土，她的志气很好，她是個可怜的人。我和娘說，把我前年在家穿的那身棉襖褲給了她吧。我嫌那兩件衣服太花，給了她正好。娘先不肯，說她來了沒有几天；后來也肯了。今天拿出來讓她穿，正合式呢。我們教給她打絨繩鞋，她真聰明，一學就會了。她說拿到工錢，也要打一雙穿呢。我等几天再和娘說去。

“她這樣愛好！怪不得頭髮光得多了，原來都是你們教她的。好！你們盡教她講究，她將來怕不愿回家去呢。”大家都笑了。

舊新年是過去了。因為江浙的兵事，我們的學校一時還不能開學。我們大家都樂得在別墅里多住些日子。這時阿河如換了一個人。她穿著寶藍色挑著小花儿的布棉襖褲；腳下是嫩藍色毛繩鞋，鞋口還綴著兩個半藍半白的小絨球儿。我想這一定是她的小姐們給幫忙的。古語說得好，“人要衣裳馬要鞍”，阿河這一打扮，真有些楚楚可怜了。她的頭髮早已是刷得光光的，覆額的留海也梳得十分伏帖。一張小小的圓臉，如正開的桃李花；臉上并沒有笑，卻隱隱地含著春日的光輝，像花房里充了蜜一般。這在我几乎是一個奇跡；我現在是常站在窗前看她了。我覺得在深山里發見了一粒貓儿眼；這樣精純的貓儿眼，是我生平所僅見！我覺得我們相識已太長久，极愿和她說一句話——极平淡的話，一句也好。但我怎好平白地和她攀談呢？這樣郁郁了一禮拜。

這是元宵節的前一晚上。我吃了飯，在屋里坐了一會，覺得有些無聊，便信步走到那書房里。拿起報來，想再細看一回。忽然門鈕一響，阿河進來了。她手里拿著三四支顏色鉛筆；出乎意料地走近了我。她站在我面前了，靜靜地微笑著說：“白先生，你知道鉛筆刨在哪里？”一面將拿著的鉛筆給我看。我不自主地立起來，匆忙地應道，“在這里；”我用手指著南邊柱子。但我立刻覺得這是不夠的。我領她走近了柱子。這時我像閃電似地躊躇了一下，便說，“我…… 我……”她一聲不響地已將一支鉛筆交給我。我放進刨子里刨給她看。刨了兩下，便想交給她；但終于刨完了一支，交還了她。她接了筆略看一看，仍仰著臉向我。我窘极了。剎那間念頭轉了好几個圈子；到底硬著頭皮搭訕著說，“就這樣刨好了。”我赶緊向門外一瞥，就走回原處看報去。但我的頭剛低下，我的眼已抬起來了。于是遠遠地從容地問道，“你會么？”她不曾掉過頭來，只“嚶”了一聲，也不說話。我看了她背影一會。覺得應該低下頭了。等我再抬起頭來時，她已默默地向外走了。她似乎總是望前看的；我想再問她一句話，但終于不曾出口。我撇下了報，站起來走了一會，便回到自己屋里。

我一直想著些什么，但什么也沒有想出。

第二天早上看見她往廚房里走時，我發愿我的眼將老跟著她的影子！她的影子真好。她那几步路走得又敏捷，又勻稱，又苗條，正如一只可愛的小貓。她兩手各提著一只水壺，又令我想到在一條細細的索儿上抖擻精神走著的女子。這全由于她的腰；她的腰真太軟了，用白水的話說，真是軟到使我如吃蘇州的牛皮糖一樣。不止她的腰，我的日記里說得好：“她有一套和云霞比美，水月爭靈的曲線，織成大大的一張迷惑的网！”而那兩頰的曲線，尤其甜蜜可人。她兩頰是白中透著微紅，潤澤如玉。她的皮膚，嫩得可以掐出水來；我的日記里說，“我很想去掐她一下呀！”她的眼像一雙小燕子，老是在灩灩的春水上打著圈儿。她的笑最使我記住，像一朵花漂浮在",最使我記住像一朵花漂浮在,我的腦,wodenao,wo de nao,TRUE,1:我的鬧 | 2:我的 | 3:我得 | 4:握的 | 5:握得 | 6:臥的 | 7:沃德 | 8:臥得 | 9:我 | 10:喔,FALSE,,,,,
polyphonic_flagged,c86352a26e8017bf5b397b78,給亡婦,95,98,謙，日子真快，一眨眼你已經死了三個年頭了。這三年裡世事不知變化了多少回，但你未必注意這些個，我知道。你第一惦記的是你幾個孩子，第二便輪著我。孩子和我平分你的世界，你在日如此；你死後若還有知，,你在日如此你死後若還有知,想來還,xianglaihai,xiang lai hai,TRUE,1:想來還 | 2:想來 | 3:向來 | 4:相賴 | 5:想 | 6:向 | 7:像 | 8:象 | 9:相 | 10:香,TRUE,1,,,,
polyphonic_unflagged,c0ee0cb95b6c864967e92507,荷塘月色,448,450,"這幾天心裏頗不寧靜。今晚在院子裏坐着乘涼，忽然想起日日走過的荷塘，在這滿月的光裏，總該另有一番樣子吧。月亮漸漸地升高了，牆外馬路上孩子們的歡笑，已經聽不見了；妻在屋裏拍着閏兒，迷迷糊糊地哼着眠歌。我悄悄地披了大衫，帶上門出去。

沿着荷塘，是一條曲折的小煤屑路。這是一條幽僻的路；白天也少人走，夜晚更加寂寞。荷塘四面，長着許多樹，蓊蓊鬱鬱的。路的一旁，是些楊柳，和一些不知道名字的樹。沒有月光的晚上，這路上陰森森的，有些怕人。今晚卻很好，雖然月光也還是淡淡的。

路上只我一個人，背着手踱着。這一片天地好像是我的；我也像超出了平常的自己，到了另一世界裏。我愛熱鬧，也愛冷靜；愛羣居，也愛獨處。像今晚上，一個人在這蒼茫的月下，什麽都可以想，什麽都可以不想，便覺是個自由的人。白天裏一定要做的事，一定要說的話，現在都可不理。這是獨處的妙處，我且受用這無邊的荷香月色好了。

曲曲折折的荷塘上面，彌望的是田田的葉子。葉子出水很高，像亭亭的舞女的裙。層層的葉子中間，零星地點綴着些白花，有嬝娜地開着的，有",着些白花有嬝娜地開着的有,羞澀,xiuse,xiu se,FALSE,1:羞澀 | 2:秀色 | 3:修色 | 4:修 | 5:秀 | 6:休 | 7:繡 | 8:袖 | 9:羞 | 10:嗅,TRUE,1,,,,
polyphonic_unflagged,04238a1f05efd82d0a754846,荷塘月色,761,763,"這幾天心裏頗不寧靜。今晚在院子裏坐着乘涼，忽然想起日日走過的荷塘，在這滿月的光裏，總該另有一番樣子吧。月亮漸漸地升高了，牆外馬路上孩子們的歡笑，已經聽不見了；妻在屋裏拍着閏兒，迷迷糊糊地哼着眠歌。我悄悄地披了大衫，帶上門出去。

沿着荷塘，是一條曲折的小煤屑路。這是一條幽僻的路；白天也少人走，夜晚更加寂寞。荷塘四面，長着許多樹，蓊蓊鬱鬱的。路的一旁，是些楊柳，和一些不知道名字的樹。沒有月光的晚上，這路上陰森森的，有些怕人。今晚卻很好，雖然月光也還是淡淡的。

路上只我一個人，背着手踱着。這一片天地好像是我的；我也像超出了平常的自己，到了另一世界裏。我愛熱鬧，也愛冷靜；愛羣居，也愛獨處。像今晚上，一個人在這蒼茫的月下，什麽都可以想，什麽都可以不想，便覺是個自由的人。白天裏一定要做的事，一定要說的話，現在都可不理。這是獨處的妙處，我且受用這無邊的荷香月色好了。

曲曲折折的荷塘上面，彌望的是田田的葉子。葉子出水很高，像亭亭的舞女的裙。層層的葉子中間，零星地點綴着些白花，有嬝娜地開着的，有羞澀地打着朶兒的；正如一粒粒的明珠，又如碧天裏的星星，又如剛出浴的美人。微風過處，送來縷縷清淸香，彷彿遠處高樓上渺茫的歌聲似的。這時候葉子與花也有一絲的顫動，像閃電般，霎時傳過荷塘的那邊去了。葉子本是肩並肩密密地挨着，這便宛然有了一道凝碧的波痕。葉子底下是脈脈的流水，遮住了，不能見一些顏色；而葉子卻更見風致了。

月光如流水一般，靜靜地瀉在這一片葉子和花上。薄薄的靑霧浮起在荷塘裏。葉子和花彷彿在牛乳中洗過一樣；又像籠着輕紗的夢。雖然是滿月，天上卻有一層淡淡的雲，所以不能朗照；但我以爲這恰是到了好處——酣眠固不可少，小睡也別有風味的。月光是隔了樹照過來的，高處叢生的灌木，落下參差的斑駁的黑影，峭楞楞如鬼一般；彎彎的楊柳的",楞楞如鬼一般彎彎的楊柳的,稀疏,xishu,xi shu,FALSE,1:係數 | 2:洗漱 | 3:稀疏 | 4:細數 | 5:悉數 | 6:細述 | 7:西書 | 8:鼷鼠 | 9:洗潄 | 10:細術,TRUE,3,,,,
polyphonic_unflagged,914d1b79c956204653809a72,槳聲燈影裏的秦淮河,3552,3554,"一九二三年八月的一晚，我和平伯同遊秦淮河；平伯是初泛，我是重來了。我們雇了一隻「七板子」，在夕陽已去、皎月方來的時候，便下了船。於是槳聲汩汩，我們開始領略那晃蕩著薔薇色的歷史的秦淮河的滋味了。

秦淮河裏的船，比北京万生園、頤和園的船好，比西湖的船好，比揚州瘦西湖的船也好。這幾處的船不是覺著笨，就是覺著簡陋、局促；都不能引起乘客們的情韻，如秦淮河的船一樣。秦淮河的船約略可分為兩種：一是大船；一是小船，就是所謂「七板子」。大船艙口闊大，可容二三十人。裏面陳設著字畫和光潔的紅木家具，桌上一律嵌著冰涼的大理石面。窗格雕鏤頗細，使人起柔膩之感。窗格里映著紅色藍色的玻璃；玻璃上有精緻的花紋，也頗悅人目。「七板子」規模雖不及大船，但那淡藍色的欄杆，空敞的艙，也足繫人情思。而最出色處卻在它的艙前。艙前是甲板上的一部，上面有弧形的頂，兩邊用疏疏的欄杆支著。裏面通常放著兩張藤的躺椅。躺下，可以談天，可以望遠，可以顧盼兩岸的河房。大船上也有這個，但在小船上更覺清雋罷了。艙前的頂下，一律懸著燈彩；燈的多少、明暗，彩蘇的精粗、艷晦，是不一的，但好歹總還你一個燈彩。這燈彩實在是最能勾人的東西。夜幕垂垂地下來時，大小船上都點起燈火。從兩重玻璃裏映出那輻射著的黃黃的散光，反暈出一片朦朧的煙靄；透過這煙靄，在黯黯的水波里，又逗起縷縷的明漪。在這薄靄和微漪裏，聽著那悠然的間歇的槳聲，誰能不被引入他的美夢去呢？只愁夢太多了，這些大小船兒如何載得起呀？我們這時模模糊糊的談著明末的秦淮河的艷跡，如《桃花扇》及《板橋雜記》裏所載的。我們真神往了。我們彷彿親見那時華燈映水，畫舫凌波的光景了。於是我們的船便成了歷史的重載了。我們終於恍然秦淮河的船所以雅麗過於他處，而又有奇異的吸引力的，實在是許多歷史的影像使然了。

秦淮河的水是碧陰陰的；看起來厚而不膩，或者是六朝金粉所凝麼？我們初上船的時候，天色還未斷黑，那漾漾的柔波是這樣恬靜、委婉，使我們一面有水闊天空之想，一面又憧憬著紙醉金迷之境了。等到燈火明時，陰陰的變為沈沉了：黯淡的水光，像夢一般；那偶然閃爍著的光芒，就是夢的眼睛了。我們坐在艙前，因了那隆起的頂棚，彷彿總是昂著首向前走著似的；於是飄飄然如御風而行的我們，看著那些自在的灣泊著的船，船裏走馬燈般的人物，便像是下界一般，迢迢的遠了，又像在霧裏看花，盡朦朦朧朧的。這時我們已過了利涉橋，望見東關頭了。沿路聽見斷續的歌聲：有從沿河的妓樓飄來的，有從河上船裏渡來的。我們明知那些歌聲，只是些因襲的言詞，從生澀的歌喉裏機械的發出來的；但它們經了夏夜的微風的吹漾和水波的搖拂，嬝娜著到我們耳邊的時候，已經不單是她們的歌聲，而混著微風和河水的密語了。於是我們不得不被牽惹著，震撼著，相與浮沉於這歌聲裏了。從東關頭轉彎，不久就到大中橋。大中橋共有三個橋拱，都很闊大，儼然是三座門兒；使我們覺得我們的船和船裏的我們，在橋下過去時，真是太無顏色了。橋磚是深褐色，表明它的歷史的長久；但都完好無缺，令人太息於古昔工程的堅美。橋上兩旁都是木壁的房子，中間應該有街路。這些房子都破舊了，多年煙熏的跡，遮沒了當年的美麗。我想像秦淮河的極盛時，在這樣宏闊的橋上，特地蓋了房子，必然是髹漆得富富麗麗的；晚間必然是燈火通明的，現在卻只剩下一片黑沉沉！但是橋上造著房子，畢竟使我們多少可以想見往日的繁華；這也慰情聊勝無了。過了大中橋，便到了燈月交輝、笙歌徹夜的秦淮河，這才是秦淮河的真面目哩。

大中橋外，頓然空闊，和橋內兩岸排著密密的人家的景像大異了。一眼望去，疏疏的林，淡淡的月，襯著蔚藍的天，頗像荒江野渡光景；那邊呢，鬱叢叢的，陰森森的，又似乎藏著無邊的黑暗，令人幾乎不信那是繁華的秦淮河了。但是河中眩暈著的燈光，縱橫著的畫舫，悠揚著的笛韻，夾著那吱吱的胡琴聲，終於使我們認識綠如茵陳酒的秦淮水了。此地天裸露著的多些，故覺夜來的獨遲些；從清清的水影裏，我們感到的只是薄薄的夜——這正是秦淮河的夜。大中橋外，本來還有一座復成橋，是船夫口中的我們的遊踪盡處，或也是秦淮河繁華的盡處了。我的腳曾踏過復成橋的脊，在十三四歲的時候。但是兩次遊秦淮河，卻都不曾見著復成橋的面；明知總在前途的，卻常覺得有些虛無縹緲似的。我想，不見倒也好。這時正是盛夏。我們下船後，藉著新生的晚涼和河上的微風，暑氣已漸漸消散；到了此地，豁然開朗，身子頓然輕了——習習的清風荏苒在面上、手上、衣上，這便又感到了一縷新涼了。南京的日光，大概沒有杭州猛烈；西湖的夏夜老是熱蓬蓬的，水像沸著一般，秦淮河的水卻盡是這樣冷冷地綠著。任你人影的憧憧，歌聲的擾擾，總像隔著一層薄薄的綠紗面冪似的；它盡是這樣靜靜的、冷冷的綠著。我們出了大中橋，走不上半里路，船夫便將船劃到一旁，停了槳由它宕著。他以為那裏正是繁華的極點，再過去就是荒涼了；所以讓我們多多賞鑑一會兒。他自己卻靜靜的蹲著。他是看慣這光景的了，大約只是一個無可無不可。這無可無不可，無論是升的沉的，總之，都比我們高了。

那時河裏鬧熱極了；船大半泊著，小半在水上穿梭似的來往。停泊著的都在近市的那一邊，我們的船自然也夾在其中。因為這邊略略的擠，便覺得那邊十分的疏了。在每一隻船從那邊過去時，我們能畫出它的輕輕的影和曲曲的波，在我們的心上；這顯著是空，且顯著是靜了。那時處處都是歌聲和淒厲的胡琴聲，圓潤的喉嚨，確乎是很少的。但那生澀的，尖脆的調子能使人有少年的，粗率不拘的感覺，也正可快我們的意。況且多少隔開些兒聽著，因為想像與渴慕的做美，總覺更有滋味；而竟發的喧囂，抑揚的不齊，遠近的雜沓，和樂器的嘈嘈切切，合成另一意味的諧音，也使我們無所適從，如隨著大風而走。這實在因為我們的心枯澀久了，變為脆弱；故偶然潤澤一下，便瘋狂似的不能自主了，但秦淮河確也膩人。即如船裏的人面，無論是和我們一堆儿泊著的，無論是從我們眼前過去的，總是模模糊糊的，甚至渺渺茫茫的；任你張圓了眼睛，揩淨了眥垢，也是枉然，這真夠人想呢。在我們停泊的地方，燈光原是紛然的；不過這些燈光都是黃而有暈的。黃已經不能明了，再加上了暈，便更不成了。燈愈多，暈就愈甚；在繁星般的黃的交錯裏，秦淮河彷彿籠上了一團光霧。光芒與霧氣騰騰的暈著，什麼都只剩了輪廓了；所以人面的詳細的曲線，便消失於我們的眼底了。但燈光究竟奪不了那邊的月色；燈光是渾的，月色是清的。在渾沌的燈光裏，滲入一派清輝，卻真是奇蹟！那晚月兒已瘦削了兩三分。她晚妝才罷，盈盈的上了柳梢頭。天是藍得可愛，彷彿一汪水似的；月兒便更出落得精神了。岸上原有三株兩株的垂楊樹，淡淡的影子，在水里搖曳著。它們那柔細的枝條浴著月光，就像一支支美人的臂膊，交互的纏著、挽著；又像是月兒披著的髪。而月兒偶爾也從它們的交叉處偷偷窺看我們，大有小姑娘怕羞的樣子。岸上另有幾株不知名的老樹，光光的立著；在月光裏照起來，卻又儼然是精神矍鑠的老人。遠處快到天際線了，才有一兩片白雲，亮得現出異彩，像是美麗的貝殼一般。白雲下便是黑黑的一帶輪廓；是一條隨意畫的不規則的曲線。這一段光景，和河中的風味大異了。但燈與月竟能並存著，交融著，使月成了纏綿的月，燈射著渺渺的靈輝，這正是天之所以厚秦淮河，也正是天之所以厚我們了。

這時卻遇著了難解的糾紛。秦淮河上原有一種歌妓，是以歌為業的。從前都在茶舫上，唱些大曲之類。每日午後一時起；什麼時候止，卻忘記了。晚上照樣也有一回，也在黃暈的燈光裏。我從前過南京時，曾隨著朋友去聽過兩次。因為茶舫裏的人臉太多了，覺得不大適意，終於聽不出所以然。前年聽說歌妓被取締了，不知怎的，頗涉想了幾次卻想不出什麼。這次到南京，先到茶舫上去看看，覺得頗是寂寥，令我無端的悵悵了。不料她們卻仍在秦淮河裏掙扎著，不料她們竟會糾纏到我們，我於是很張皇了，她們也乘著「七板子」，她們總是坐在艙前的。艙前點著石油汽燈，光亮炫人眼目：坐在下面的，自然是纖毫畢見了。引誘客人們的力量，也便在此了。艙裏躲著樂工等人，映著汽燈的餘輝蠕動著；他們是永遠不被注意的。每船的歌妓大約都是二人；天色一黑，她們的船就在大中橋外往來不息的兜生意。無論行著的船，泊著的船，都要來兜攬的。這都是我後來推想出來的。那晚不知怎樣，忽然輪著我們的船了。我們的船好好的停著，一隻歌舫劃向我們來了；漸漸和我們的船並著了。爍爍的燈光逼得我們皺起了眉頭；我們的風塵色全給它托出來了，這使我踧踖不安了。那時一個伙計跨過船來，拿著攤開的歌摺，就近塞向我的手裏，說：「點幾出吧！」他跨過來的時候，我們船上似乎有許多眼光跟著。同時相近的別的船上也似乎有許多眼睛炯炯的向我們船上看著。我真窘了！我也裝出大方的樣子，向歌妓們瞥了一眼，但究竟是不成的！我勉強將那歌摺翻了一翻，卻不曾",強將那歌摺翻了一翻卻不曾,看清,kanqing,kan qing,FALSE,1:看清 | 2:看輕 | 3:看青 | 4:看 | 5:砍 | 6:坎 | 7:堪 | 8:刊 | 9:侃 | 10:勘,TRUE,1,,,,
polyphonic_unflagged,2e15b3d9a389da64f244f763,匆匆,129,131,"燕子去了，有再來的時候；楊柳枯了，有再靑的時候；桃花謝了，有再開的時候。但是，聰明的，你吿訴我，我們的日子爲什麼一去不復返呢？——是有人偷了他們罷：那是誰？又藏在何處呢？是他們自己逃走了罷：現在又到了那裏呢？

我不知道他們給了我多少日子；但我的手確乎是漸漸",少日子但我的手確乎是漸漸,空虛,kongxu,kong xu,FALSE,1:空虛 | 2:恐需 | 3:空 | 4:孔 | 5:控 | 6:恐 | 7:崆 | 8:倥 | 9:箜 | 10:涳,TRUE,1,,,,
polyphonic_unflagged,093dac60be9bf925bc55372e,阿河,4064,4067,"我這一回寒假，因為養病，住到一家親戚的別墅里去。那別墅是在鄉下。前面偏左的地方，是一片淡藍的湖水，對岸環擁著不盡的青山。山的影子倒映在水里，越顯得清清朗朗的。水面常如鏡子一般。風起時，微有皺痕；像少女們皺她們的眉頭，過一會子就好了。湖的余勢束成一條小港，緩緩地不聲不響地流過別墅的門前。門前有一條小石橋，橋那邊盡是田畝。這邊沿岸一帶，相間地栽著桃樹和柳樹，春來當有一番熱鬧的夢。別墅外面繚繞著短短的竹篱，篱外是小小的路。里邊一座向南的樓，背后便倚著山。西邊是三間平屋，我便住在這里。院子里有兩塊草地，上面隨便放著兩三塊石頭。另外的隙地上，或羅列著盆栽，或种蒔著花草。篱邊還有几株枝干蟠曲的大樹，有一株几乎要伸到水里去了。

我的親戚韋君只有夫婦二人和一個女儿。她在外邊念書，這時也剛回到家里。她邀來三位同學，同到她家過這個寒假；兩位是親戚，一位是朋友。她們住著樓上的兩間屋子。韋君夫婦也住在樓上。樓下正中是客廳，常是閒著，西間是吃飯的地方；東間便是韋君的書房，我們談天，喝茶，看報，都在這里。我吃了飯，便是一個人，也要到這里來閒坐一回。我來的第二天，韋小姐告訴我，她母親要給她們找一個好好的女用人；長工阿齊說有一個表妹，母親叫他明天就帶來做做看呢。她似乎很高興的樣子，我只是不經意地答應。

平屋与樓屋之間，是一個小小的廚房。我住的是東面的屋子，從窗子里可以看見廚房里人的來往。這一天午飯前，我偶然向外看看，見一個面生的女用人，兩手提著兩把白鐵壺，正往廚房里走；韋家的李媽在她前面領著，不知在和她說甚么話。她的頭髮亂蓬蓬的，像冬天的枯草一樣。身上穿著鑲邊的黑布棉襖和夾褲，黑里已泛出黃色；棉襖長与膝齊，夾褲也直拖到腳背上。腳倒是雙天足，穿著尖頭的黑布鞋，后跟還帶著兩片同色的“葉拔儿”。想這就是阿齊帶來的女用人了；想完了就坐下看書。晚飯后，韋小姐告訴我，女用人來了，她的名字叫“阿河”。我說，“名字很好，只是人土些；還能做么？”她說，“別看她土，很聰明呢。”我說，“哦。”便接著看手中的報了。

以后每天早上，中上，晚上，我常常看見阿河挈著水壺來往；她的眼似乎總是望前看的。兩個禮拜匆匆地過去了。韋小姐忽然和我說，你別看阿河土，她的志气很好，她是個可怜的人。我和娘說，把我前年在家穿的那身棉襖褲給了她吧。我嫌那兩件衣服太花，給了她正好。娘先不肯，說她來了沒有几天；后來也肯了。今天拿出來讓她穿，正合式呢。我們教給她打絨繩鞋，她真聰明，一學就會了。她說拿到工錢，也要打一雙穿呢。我等几天再和娘說去。

“她這樣愛好！怪不得頭髮光得多了，原來都是你們教她的。好！你們盡教她講究，她將來怕不愿回家去呢。”大家都笑了。

舊新年是過去了。因為江浙的兵事，我們的學校一時還不能開學。我們大家都樂得在別墅里多住些日子。這時阿河如換了一個人。她穿著寶藍色挑著小花儿的布棉襖褲；腳下是嫩藍色毛繩鞋，鞋口還綴著兩個半藍半白的小絨球儿。我想這一定是她的小姐們給幫忙的。古語說得好，“人要衣裳馬要鞍”，阿河這一打扮，真有些楚楚可怜了。她的頭髮早已是刷得光光的，覆額的留海也梳得十分伏帖。一張小小的圓臉，如正開的桃李花；臉上并沒有笑，卻隱隱地含著春日的光輝，像花房里充了蜜一般。這在我几乎是一個奇跡；我現在是常站在窗前看她了。我覺得在深山里發見了一粒貓儿眼；這樣精純的貓儿眼，是我生平所僅見！我覺得我們相識已太長久，极愿和她說一句話——极平淡的話，一句也好。但我怎好平白地和她攀談呢？這樣郁郁了一禮拜。

這是元宵節的前一晚上。我吃了飯，在屋里坐了一會，覺得有些無聊，便信步走到那書房里。拿起報來，想再細看一回。忽然門鈕一響，阿河進來了。她手里拿著三四支顏色鉛筆；出乎意料地走近了我。她站在我面前了，靜靜地微笑著說：“白先生，你知道鉛筆刨在哪里？”一面將拿著的鉛筆給我看。我不自主地立起來，匆忙地應道，“在這里；”我用手指著南邊柱子。但我立刻覺得這是不夠的。我領她走近了柱子。這時我像閃電似地躊躇了一下，便說，“我…… 我……”她一聲不響地已將一支鉛筆交給我。我放進刨子里刨給她看。刨了兩下，便想交給她；但終于刨完了一支，交還了她。她接了筆略看一看，仍仰著臉向我。我窘极了。剎那間念頭轉了好几個圈子；到底硬著頭皮搭訕著說，“就這樣刨好了。”我赶緊向門外一瞥，就走回原處看報去。但我的頭剛低下，我的眼已抬起來了。于是遠遠地從容地問道，“你會么？”她不曾掉過頭來，只“嚶”了一聲，也不說話。我看了她背影一會。覺得應該低下頭了。等我再抬起頭來時，她已默默地向外走了。她似乎總是望前看的；我想再問她一句話，但終于不曾出口。我撇下了報，站起來走了一會，便回到自己屋里。

我一直想著些什么，但什么也沒有想出。

第二天早上看見她往廚房里走時，我發愿我的眼將老跟著她的影子！她的影子真好。她那几步路走得又敏捷，又勻稱，又苗條，正如一只可愛的小貓。她兩手各提著一只水壺，又令我想到在一條細細的索儿上抖擻精神走著的女子。這全由于她的腰；她的腰真太軟了，用白水的話說，真是軟到使我如吃蘇州的牛皮糖一樣。不止她的腰，我的日記里說得好：“她有一套和云霞比美，水月爭靈的曲線，織成大大的一張迷惑的网！”而那兩頰的曲線，尤其甜蜜可人。她兩頰是白中透著微紅，潤澤如玉。她的皮膚，嫩得可以掐出水來；我的日記里說，“我很想去掐她一下呀！”她的眼像一雙小燕子，老是在灩灩的春水上打著圈儿。她的笑最使我記住，像一朵花漂浮在我的腦海里。我不是說過，她的小圓臉像正開的桃花么？那么，她微笑的時候，便是盛開的時候了：花房里充滿了蜜，真如要流出來的樣子。她的髮不甚厚，但黑而有光，柔軟而滑，如純絲一般。只可惜我不曾聞著一些儿香。唉！從前我在窗前看她好多次，所得的真太少了；若不是昨晚一見，——雖只几分鐘——我真太對不起這樣一個人儿了。

午飯后，韋君照例地睡午覺去了，只有我，韋小姐和其他三位小姐在書房里。我有意無意地談起阿河的事。我說：

“你們怎知道她的志气好呢？”

“那天我們教給她打絨繩鞋；”一位蔡小姐便答道，“看她很聰明，就問她為甚么不念書？她被我們一問，就傷心起來了。……”

“是的，”韋小姐笑著搶了說，“后來還哭了呢；還有一位傻子陪她淌眼淚呢。”

那邊黃小姐可急了，走過來推了她一下。蔡小姐忙攔住道，“人家說正經話，你們盡鬧著玩儿！讓我說完了呀——”“我代你說啵，”韋小姐仍搶著說，“——她說她只有一個爹，沒有娘。嫁了一個男人，倒有三十多歲，土頭土腦的，臉上滿是包！他是李媽的鄰舍，我還看見過呢。……”“好了，底下我說吧。”蔡小姐接著道，“她男人又不要好，盡愛賭錢；她一气，就住到娘家來，有一年多不回去了。”

“她今年几歲？”我問。

“十七不知十八？前年出嫁的，几個月就回家了，”蔡小姐說。

“不，十八，我知道，”韋小姐改正道。

“哦。你們可曾勸她离婚？”

“怎么不勸；”韋小姐應道，“她說十八回去吃她表哥的喜酒，要和她的爹去說呢。”

“你們教她的好事，該當何罪！”我笑了。

她們也都笑了。

十九的早上，我正在屋里看書，听見外面有嚷嚷的聲音；這是從來沒有的。我立刻走出來看；只見門外有兩個鄉下人要走進來，卻給阿齊攔住。他們只是央告，阿齊只是不肯。這時韋君已走出院中，向他們道，

“你們回去吧。人在我這里，不要緊的。快回去，不要瞎吵！”

兩個人面面相覷，說不出一句話；俄延了一會，只好走了。我問韋君什么事？他說，

“阿河囉！還不是瞎吵一回子。”

我想他于男女的事向來是懶得說的，還是回頭問他小姐的好；我們便談到別的事情上去。

吃了飯，我赶緊問韋小姐，她說，

“她是告訴娘的，你問娘去。”

我想這件事有些尷尬，便到西間里問韋太太；她正看著李媽收拾碗碟呢。她見我問，便笑著說，

“你要問這些事做什么？她昨天回去，原是借了阿桂的衣裳穿了去的，打扮得嬌滴滴的，也難怪，被她男人看見了，便約了些不相干的人，將她搶回去過了一夜。今天早上，她騙她男人，說要到此地來拿行李。她男人就會信她，派了兩個人跟著。那知她到了這里，便叫阿齊攔著那跟來的人；她自己便跪在我面前哭訴，說死也不愿回她男人家去。你說我有什么法子。只好讓那跟來的人先回去再說。好在沒有几天，她們要上學了，我將來交給她的爹吧。唉，現在的人，心眼儿真是越過越大了；一個鄉下女人，也會鬧出這樣惊天動地的事了！”

“可不是，”李媽在旁插嘴道，“太太你不知道；我家三叔前儿來，我還听他說呢。我本不該說的，阿彌陀佛！太太，你想她不愿意回婆家，老愿意住在娘家，是什么道理？家里只有一個單身的老子；你想那該死的老畜生！他舍不得放她回去呀！”

“低些，真的么？”韋太太惊詫地問。

“他們說得千真万确的。我早就想告訴太太了，總有些疑心；今天看她的樣子，真有几分對呢。太太，你想現在還成什么世界！”

“這該不至于吧。”我淡淡地插了一句。

“少爺，你那里知道！”韋太太歎了一口气，“——好在沒有几天了，讓她快些走吧；別將我們的運气帶坏了。她的事，我們以后也別談吧。”

開學的通告來了，我定在二十八走。二十六的晚上，阿河忽然不到廚房里挈水了。韋小姐跑來低低地告訴我，“娘叫阿齊將阿河送回去了；我在樓上，都不知道呢。”我應了一聲，一句話也沒有說。正如每日有三頓飽飯吃的人，忽然絕了糧；卻又不能告訴一個人！而且我覺得她的前面是黑洞洞的，此去不定有什么好歹！那一夜我是沒有好好地睡，只翻來覆去地做夢，醒來卻又一例茫然。這樣昏昏沉沉地到了二十八早上，懶懶地向韋君夫婦和韋小姐告別而行，韋君夫婦堅約春假再來住，我只得含糊答應著。出門時，我很想回望廚房几眼；但許多人都站在門口送我，我怎好回頭呢？

到校一打听，老友陸已來了。我不及料理行李，便找著他，將阿河的事一五一十告訴他。他本是個好事的人；听我說時，時而皺眉，時而歎气，時而擦掌。听到她只十八歲時，他突然將舌頭一伸，跳起來道，

“可惜我早有了我那太太！要不然，我准得",有了我那太太要不然我准得,想法子,xiangfazi,xiang fa zi,FALSE,1:想法子 | 2:想法 | 3:相法 | 4:想 | 5:向 | 6:像 | 7:象 | 8:相 | 9:香 | 10:項,TRUE,1,,,,
polyphonic_unflagged,c2386d0471bbded9b8b2a8ce,給亡婦,281,284,謙，日子真快，一眨眼你已經死了三個年頭了。這三年裡世事不知變化了多少回，但你未必注意這些個，我知道。你第一惦記的是你幾個孩子，第二便輪著我。孩子和我平分你的世界，你在日如此；你死後若還有知，想來還如此的。告訴你，我夏天回家來著：邁兒長得結實極了，比我高一個頭。閏兒父親說是最乖，可是沒有先前胖了。采芷和轉子都好。五兒全家誇她長得好看；卻在腿上生了濕瘡，整天坐在竹床上不能下來，看了怪可憐的。六兒，我怎麼說好，你明白，你臨終時也和母親談過，這孩子是只可以養著玩兒的，他左挨右挨去年春天，到底沒有挨過去。這孩子生了幾個月，你的肺病就重起來了。我勸你少親近他，只監督著,了我勸你少親近他只監督著,老媽子,laomazi,lao ma zi,FALSE,1:老媽子 | 2:老媽 | 3:老馬 | 4:老嬤 | 5:老 | 6:撈 | 7:勞 | 8:牢 | 9:佬 | 10:烙,TRUE,1,,,,
polyphonic_unflagged,665cac936107bf16285735e1,背影,248,250,"我與父親不相見已二年餘了，我最不能忘記的是他的背影。那年冬天，祖母死了，父親的差使也交卸了，正是禍不單行的日子，我從北京到徐州，打算跟着父親奔喪囘家。到徐州見着父親，看見滿院狼藉的東西，又想起祖母，不禁簌簌地流下眼淚。父親說，「事已如此，不必難過，好在天無絕人之路！」

囘家變賣典質，父親還了虧空；又借錢辦了喪事。這些日子，家中光景很是慘澹，一半爲了喪事，一半爲了父親賦閒。喪事完畢，父親要到南京謀事，我也要囘北京念書，我們便同行。

到南京時，有朋友約去游逛，勾留了一日；第二日上午便須渡江到",一日第二日上午便須渡江到,浦口,pukou,pu kou,FALSE,1:浦口 | 2:普 | 3:鋪 | 4:撲 | 5:譜 | 6:浦 | 7:蒲 | 8:樸 | 9:噗 | 10:瀑,TRUE,1,,,,
polyphonic_unflagged,937e45ff1fc614fd11aa97a9,給亡婦,2517,2519,"謙，日子真快，一眨眼你已經死了三個年頭了。這三年裡世事不知變化了多少回，但你未必注意這些個，我知道。你第一惦記的是你幾個孩子，第二便輪著我。孩子和我平分你的世界，你在日如此；你死後若還有知，想來還如此的。告訴你，我夏天回家來著：邁兒長得結實極了，比我高一個頭。閏兒父親說是最乖，可是沒有先前胖了。采芷和轉子都好。五兒全家誇她長得好看；卻在腿上生了濕瘡，整天坐在竹床上不能下來，看了怪可憐的。六兒，我怎麼說好，你明白，你臨終時也和母親談過，這孩子是只可以養著玩兒的，他左挨右挨去年春天，到底沒有挨過去。這孩子生了幾個月，你的肺病就重起來了。我勸你少親近他，只監督著老媽子照管就行。你總是忍不住，一會兒提，一會兒抱的。可是你病中為他操的那一份兒心也夠瞧的。那一個夏天他病的時候多，你成天兒忙著，湯呀，藥呀，冷呀，暖呀，連覺也沒有好好兒睡過。那裡有一分一毫想著你自己。瞧著他硬朗點兒你就樂，乾枯的笑容在黃蠟般的臉上，我只有暗中歎氣而已。

從來想不到做母親的要像你這樣。從邁兒起，你總是自己喂乳，一連四個都這樣。你起初不知道按鐘點兒喂，後來知道了，卻又弄不慣；孩子們每夜裡幾次將你哭醒了，特別是悶熱的夏季。我瞧你的覺老沒睡足。白天裡還得做菜，照料孩子，很少得空兒。你的身子本來壞，四個孩子就累你七八年。到了第五個，你自己實在不成了，又沒乳，只好自己餵奶粉，另雇老媽子專管她。但孩子跟老媽子睡，你就沒有放過心；夜裡一聽見哭，就豎起耳朵聽，工夫一大就得過去看。十六年初，和你到北京來，將邁兒，轉子留在家裡；三年多還不能去接他們，可真把你惦記苦了。你並不常提，我卻明白。你後來說你的病就是惦記出來的；那個自然也有份兒，不過大半還是養育孩子累的。你的短短的十二年結婚生活，有十一年耗費在孩子們身上；而你一點不厭倦，有多少力量用多少，一直到自己毀滅為止。你對孩子一般兒愛，不問男的女的，大的小的。也不想到什麼“養兒防老，積穀防饑”，只拚命的愛去。你對於教育老實說有些外行，孩子們只要吃得好玩得好就成了。這也難怪你，你自己便是這樣長大的。況且孩子們原都還小，吃和玩本來也要緊的。你病重的時候最放不下的還是孩子。病的只剩皮包著骨頭了，總不信自己不會好；老說：“我死了，這一大群孩子可苦了。”後來說送你回家，你想著可以看見邁兒和轉子，也願意；你萬不想到會一走不返的。我送車的時候，你忍不住哭了，說：“還不知能不能再見？”可憐，你的心我知道，你滿想著好好兒帶著六個孩子回來見我的。謙，你那時一定這樣想，一定的。

除了孩子，你心裡只有我。不錯，那時你父親還在；可是你母親死了，他另有個女人，你老早就覺得隔了一層似的。出嫁後第一年你雖還一心一意依戀著他老人家，到第二年上我和孩子可就將你的心占住，你再沒有多少工夫惦記他了。你還記得第一年我在北京，你在家裡。家裡來信說你待不住，常回娘家去。我動氣了，馬上寫信責備你。你教人寫了一封復信，說家裡有事，不能不回去。這是你第一次也可以說第末次的抗議，我從此就沒給你寫信。暑假時帶了一肚子主意回去，但見了面，看你一臉笑，也就拉倒了。打這時候起，你漸漸從你父親的懷裡跑到我這兒。你換了金鐲子幫助我的學費，叫我以後還你；但直到你死，我沒有還你。你在我家受了許多氣，又因為我家的緣故受你家裡的氣，你都忍著。這全為的是我，我知道。那回我從家鄉一個中學半途辭職出走。家裡人諷你也走。哪裡走！只得硬著頭皮往你家去。那時你家像個冰窖子，你們在窖裡足足住了三個月。好容易我才將你們領出來了，一同上外省去。小家庭這樣組織起來了。你雖不是什麼闊小姐，可也是自小嬌生慣養的，做起主婦來，什麼都得幹一兩手；你居然做下去了，而且高高興興地做下去了。菜照例滿是你做，可是吃的都是我們；你至多夾上兩三筷子就算了。你的菜做得不壞，有一位老在行大大地誇獎過你。你洗衣服也不錯，夏天我的綢大褂大概總是你親自動手。你在家老不樂意閑著；坐前幾個“月子”，老是四五天就起床，說是躺著家裡事沒條沒理的。其實你起來也還不是沒條理；咱們家那麼多孩子，哪兒來條理？在浙江住的時候，逃過兩回兵難，我都在北平。真虧你領著母親和一群孩子東藏西躲的；末一回還要走多少里路，翻一道大嶺。這兩回差不多只靠你一個人。你不但帶了母親和孩子們，還帶了我一箱箱的書；你知道我是最愛書的。在短短的十二年裡，你操的心比人家一輩子還多；謙，你那樣身子怎麼經得住！你將我的責任一股腦兒擔負了去，壓死了你；我如何對得起你！

你為我的撈什子書也費了不少神；第一回讓你父親的男傭人從家鄉捎到上海去。他說了幾句閒話，你氣得在你父親面前哭了。第二回是帶著逃難，別人都說你傻子。你有你的想頭：“沒有書怎麼教書？況且他又愛這個玩意兒。”其實你沒有曉得，那些書丟了也並不可惜；不過教你怎麼曉得，我平常從來沒和你談過這些個！總而言之，你的心是可感謝的。這十二年裡你為我吃的苦真不少，可是沒有過幾天好日子。我們在一起住，算來也還不到五個年頭。無論日子怎麼壞，無論是離是合，你從來沒對我發過脾氣，連一句怨言也沒有。——別說怨我，就是怨命也沒有過。老實說，我的脾氣可不大好，遷怒的事兒有的是。那些時候你往往抽噎著流眼淚，從不回嘴，也不號啕。不過我也只信得過你一個人，有些話我只和你一個人說，因為世界上只你一個人真關心我，真同情我。你不但為我吃苦，更為我分苦；我之有我現在的精神，大半是你給我培養著的。這些年來我很少生病。但我最不耐煩生病，生了病就呻吟不絕，鬧那伺候病的人。你是領教過一回的，那回只一兩點鐘，可是也夠麻煩了。你常生病，卻總不開口，掙扎著起來；一來怕攪我，二來怕沒人做你那份兒事。我有一個壞脾氣，怕聽人生病，也是真的。後來你天天發燒，自己還以為南方帶來的瘧疾，一直瞞著我。明明躺著，聽見我的腳步，一骨碌就坐起來。我漸漸有些奇怪，讓大夫一瞧，這可糟了，你的一個肺已爛了一個大窟窿了！大夫勸你到西山去靜養，你丟不下孩子，又捨不得錢；勸你在家裡躺著，你也丟不下那份兒家務。越看越不行了，這才送你回去。明知凶多吉少，想不到只一個月工夫你就完了！本來盼望還見得著你，這一來可拉倒了。你也何嘗想到這個？父親告訴我，你回家",想到這個父親告訴我你回家,獨住,duzhu,du zhu,FALSE,1:堵住 | 2:賭注 | 3:都住 | 4:毒株 | 5:蠹蛀 | 6:都 | 7:讀 | 8:度 | 9:毒 | 10:杜,FALSE,,,,,
polyphonic_unflagged,239c3dd101fbd2df34754922,春,738,740,"盼望着，盼望着，東風來了，春天的腳步近了。

一切都像剛睡醒的樣子，欣欣然張開了眼。山朗潤起來了，水長起來了，太陽的臉紅起來了。

小草偷偷地從土裏鑽出來，嫩嫩的，綠綠的。園子裏，田野裏，瞧去，一大片一大片滿是的。坐着，躺着，打兩個滾，踢幾腳球，賽幾䠀跑，捉幾回迷藏。風輕悄悄的，草軟綿綿的。

桃樹、杏樹、梨樹，你不讓我，我不讓你，都開滿了花趕䠀兒。紅的像火，粉的像霞，白的像雪。花裏帶着甜味；閉了眼，樹上仿彿已經滿是桃兒、杏兒、梨兒！花下成千成百的蜜蜂嗡嗡地鬧着，大小的蝴蝶飛來飛去。野花遍地是：雜樣兒，有名字的，沒名字的，散在草叢裏，像眼睛，像星星，還眨呀眨的。

「吹面不寒楊柳風」，不錯的，像母親的手撫摸着你。風裏帶來些新翻的泥土的氣息，混着青草味，還有各種花的香，都在微微潤溼的空氣裏醞釀。鳥兒將窠巢安在繁花嫩葉當中，高興起來了，呼朋引伴地賣弄清脆的喉嚨，唱出宛轉的曲子，與輕風流水應和着。牛背上牧童的短笛，這時候也成天在嘹亮地響。

雨是最尋常的，一下就是三兩天。可別惱。看，像牛毛，像花針，像細絲，密密地斜織着，人家屋頂上全籠着一層薄煙。樹葉子却綠得發亮，小草也青得逼你的眼。傍晚時候，上燈了，一點點黃暈的光，烘托出一片安靜而和平的夜。鄉下去，小路上，石橋邊，撑起傘慢慢走着的人；還有地裏工作的農夫，披着蓑戴着笠的。他們的草屋，稀稀疏疏的在雨裏靜默着。

天上風箏漸漸多了，地上孩子也多了。城裏鄉下，家家戶戶，老老小小，他們也趕䠀兒似的，一個個都出來了。舒活舒活筋骨，抖擻抖擻精神，各做各的一份兒事去。「一年之計在于春」，剛起頭兒，有的是工夫，有的是希望。

春天像剛落地的娃娃，從頭到腳都是新的，它生長着。

春天像小姑娘，花枝招展的，笑着，走着。

春天像",花枝招展的笑着走着春天像,健壯,jianzhuang,jian zhuang,FALSE,1:健壯 | 2:見狀 | 3:簡裝 | 4:揀妝 | 5:減妝 | 6:減裝 | 7:建築 | 8:見諸 | 9:煎煮 | 10:箋註,TRUE,1,,,,
polyphonic_unflagged,bd6d6ecbfd5c9baedf54e652,阿河,2355,2357,"我這一回寒假，因為養病，住到一家親戚的別墅里去。那別墅是在鄉下。前面偏左的地方，是一片淡藍的湖水，對岸環擁著不盡的青山。山的影子倒映在水里，越顯得清清朗朗的。水面常如鏡子一般。風起時，微有皺痕；像少女們皺她們的眉頭，過一會子就好了。湖的余勢束成一條小港，緩緩地不聲不響地流過別墅的門前。門前有一條小石橋，橋那邊盡是田畝。這邊沿岸一帶，相間地栽著桃樹和柳樹，春來當有一番熱鬧的夢。別墅外面繚繞著短短的竹篱，篱外是小小的路。里邊一座向南的樓，背后便倚著山。西邊是三間平屋，我便住在這里。院子里有兩塊草地，上面隨便放著兩三塊石頭。另外的隙地上，或羅列著盆栽，或种蒔著花草。篱邊還有几株枝干蟠曲的大樹，有一株几乎要伸到水里去了。

我的親戚韋君只有夫婦二人和一個女儿。她在外邊念書，這時也剛回到家里。她邀來三位同學，同到她家過這個寒假；兩位是親戚，一位是朋友。她們住著樓上的兩間屋子。韋君夫婦也住在樓上。樓下正中是客廳，常是閒著，西間是吃飯的地方；東間便是韋君的書房，我們談天，喝茶，看報，都在這里。我吃了飯，便是一個人，也要到這里來閒坐一回。我來的第二天，韋小姐告訴我，她母親要給她們找一個好好的女用人；長工阿齊說有一個表妹，母親叫他明天就帶來做做看呢。她似乎很高興的樣子，我只是不經意地答應。

平屋与樓屋之間，是一個小小的廚房。我住的是東面的屋子，從窗子里可以看見廚房里人的來往。這一天午飯前，我偶然向外看看，見一個面生的女用人，兩手提著兩把白鐵壺，正往廚房里走；韋家的李媽在她前面領著，不知在和她說甚么話。她的頭髮亂蓬蓬的，像冬天的枯草一樣。身上穿著鑲邊的黑布棉襖和夾褲，黑里已泛出黃色；棉襖長与膝齊，夾褲也直拖到腳背上。腳倒是雙天足，穿著尖頭的黑布鞋，后跟還帶著兩片同色的“葉拔儿”。想這就是阿齊帶來的女用人了；想完了就坐下看書。晚飯后，韋小姐告訴我，女用人來了，她的名字叫“阿河”。我說，“名字很好，只是人土些；還能做么？”她說，“別看她土，很聰明呢。”我說，“哦。”便接著看手中的報了。

以后每天早上，中上，晚上，我常常看見阿河挈著水壺來往；她的眼似乎總是望前看的。兩個禮拜匆匆地過去了。韋小姐忽然和我說，你別看阿河土，她的志气很好，她是個可怜的人。我和娘說，把我前年在家穿的那身棉襖褲給了她吧。我嫌那兩件衣服太花，給了她正好。娘先不肯，說她來了沒有几天；后來也肯了。今天拿出來讓她穿，正合式呢。我們教給她打絨繩鞋，她真聰明，一學就會了。她說拿到工錢，也要打一雙穿呢。我等几天再和娘說去。

“她這樣愛好！怪不得頭髮光得多了，原來都是你們教她的。好！你們盡教她講究，她將來怕不愿回家去呢。”大家都笑了。

舊新年是過去了。因為江浙的兵事，我們的學校一時還不能開學。我們大家都樂得在別墅里多住些日子。這時阿河如換了一個人。她穿著寶藍色挑著小花儿的布棉襖褲；腳下是嫩藍色毛繩鞋，鞋口還綴著兩個半藍半白的小絨球儿。我想這一定是她的小姐們給幫忙的。古語說得好，“人要衣裳馬要鞍”，阿河這一打扮，真有些楚楚可怜了。她的頭髮早已是刷得光光的，覆額的留海也梳得十分伏帖。一張小小的圓臉，如正開的桃李花；臉上并沒有笑，卻隱隱地含著春日的光輝，像花房里充了蜜一般。這在我几乎是一個奇跡；我現在是常站在窗前看她了。我覺得在深山里發見了一粒貓儿眼；這樣精純的貓儿眼，是我生平所僅見！我覺得我們相識已太長久，极愿和她說一句話——极平淡的話，一句也好。但我怎好平白地和她攀談呢？這樣郁郁了一禮拜。

這是元宵節的前一晚上。我吃了飯，在屋里坐了一會，覺得有些無聊，便信步走到那書房里。拿起報來，想再細看一回。忽然門鈕一響，阿河進來了。她手里拿著三四支顏色鉛筆；出乎意料地走近了我。她站在我面前了，靜靜地微笑著說：“白先生，你知道鉛筆刨在哪里？”一面將拿著的鉛筆給我看。我不自主地立起來，匆忙地應道，“在這里；”我用手指著南邊柱子。但我立刻覺得這是不夠的。我領她走近了柱子。這時我像閃電似地躊躇了一下，便說，“我…… 我……”她一聲不響地已將一支鉛筆交給我。我放進刨子里刨給她看。刨了兩下，便想交給她；但終于刨完了一支，交還了她。她接了筆略看一看，仍仰著臉向我。我窘极了。剎那間念頭轉了好几個圈子；到底硬著頭皮搭訕著說，“就這樣刨好了。”我赶緊向門外一瞥，就走回原處看報去。但我的頭剛低下，我的眼已抬起來了。于是遠遠地從容地問道，“你會么？”她不曾掉過頭來，只“嚶”了一聲，也不說話。我看了她背影一會。覺得應該低下頭了。等我再抬起頭來時，她已默默地向外走了。她似乎總是望前看的；我想再問她一句話，但終于不曾出口。我撇下了報，站起來走了一會，便回到自己屋里。

我一直想著些什么，但什么也沒有想出。

第二天早上看見她往廚房里走時，我發愿我的眼將老跟著她的影子！她的影子真好。她那几步路走得又敏捷，又勻稱，又苗條，正如一只可愛的小貓。她兩手各提著一只水壺，又令我想到在一條細細的索儿上抖擻精神走著的女子。這全由于她的腰；她的腰真太軟了，用白水的話說，真是軟到使我如吃蘇州的牛皮糖一樣。不止她的腰，我的日記里說得好：“她有一套和云霞比美，水月爭靈的曲線，織成大大的一張迷惑的网！”而那兩頰的曲線，尤其甜蜜可人。她兩頰是白中透著微紅，潤澤如玉。她的皮膚，嫩得可以掐出水來；我的日記里說，“我很想去掐她一下呀！”她的眼像一雙小燕子，老是在灩灩的春水上打著圈儿。她的笑最使我記住，像一朵花漂浮在我的腦海里。我不是說過，她的小圓臉像正開的桃花么？那么，她微笑的時候，便是盛開的時候了：花房里充滿了蜜，真如要流出來的樣子。她的髮不甚厚，但黑而有光，柔軟而滑，如純絲一般。只可惜我不曾聞著一些儿香。唉！從前我在窗前看她好多次，所得的真太少了；若不是",多次所得的真太少了若不是,昨晚,zuowan,zuo wan,FALSE,1:做完 | 2:昨晚 | 3:左腕 | 4:做 | 5:作 | 6:座 | 7:坐 | 8:左 | 9:佐 | 10:昨,TRUE,2,,,,
polyphonic_unflagged,16c2cbf1eda9f1e823e44eb8,槳聲燈影裏的秦淮河,2796,2798,"一九二三年八月的一晚，我和平伯同遊秦淮河；平伯是初泛，我是重來了。我們雇了一隻「七板子」，在夕陽已去、皎月方來的時候，便下了船。於是槳聲汩汩，我們開始領略那晃蕩著薔薇色的歷史的秦淮河的滋味了。

秦淮河裏的船，比北京万生園、頤和園的船好，比西湖的船好，比揚州瘦西湖的船也好。這幾處的船不是覺著笨，就是覺著簡陋、局促；都不能引起乘客們的情韻，如秦淮河的船一樣。秦淮河的船約略可分為兩種：一是大船；一是小船，就是所謂「七板子」。大船艙口闊大，可容二三十人。裏面陳設著字畫和光潔的紅木家具，桌上一律嵌著冰涼的大理石面。窗格雕鏤頗細，使人起柔膩之感。窗格里映著紅色藍色的玻璃；玻璃上有精緻的花紋，也頗悅人目。「七板子」規模雖不及大船，但那淡藍色的欄杆，空敞的艙，也足繫人情思。而最出色處卻在它的艙前。艙前是甲板上的一部，上面有弧形的頂，兩邊用疏疏的欄杆支著。裏面通常放著兩張藤的躺椅。躺下，可以談天，可以望遠，可以顧盼兩岸的河房。大船上也有這個，但在小船上更覺清雋罷了。艙前的頂下，一律懸著燈彩；燈的多少、明暗，彩蘇的精粗、艷晦，是不一的，但好歹總還你一個燈彩。這燈彩實在是最能勾人的東西。夜幕垂垂地下來時，大小船上都點起燈火。從兩重玻璃裏映出那輻射著的黃黃的散光，反暈出一片朦朧的煙靄；透過這煙靄，在黯黯的水波里，又逗起縷縷的明漪。在這薄靄和微漪裏，聽著那悠然的間歇的槳聲，誰能不被引入他的美夢去呢？只愁夢太多了，這些大小船兒如何載得起呀？我們這時模模糊糊的談著明末的秦淮河的艷跡，如《桃花扇》及《板橋雜記》裏所載的。我們真神往了。我們彷彿親見那時華燈映水，畫舫凌波的光景了。於是我們的船便成了歷史的重載了。我們終於恍然秦淮河的船所以雅麗過於他處，而又有奇異的吸引力的，實在是許多歷史的影像使然了。

秦淮河的水是碧陰陰的；看起來厚而不膩，或者是六朝金粉所凝麼？我們初上船的時候，天色還未斷黑，那漾漾的柔波是這樣恬靜、委婉，使我們一面有水闊天空之想，一面又憧憬著紙醉金迷之境了。等到燈火明時，陰陰的變為沈沉了：黯淡的水光，像夢一般；那偶然閃爍著的光芒，就是夢的眼睛了。我們坐在艙前，因了那隆起的頂棚，彷彿總是昂著首向前走著似的；於是飄飄然如御風而行的我們，看著那些自在的灣泊著的船，船裏走馬燈般的人物，便像是下界一般，迢迢的遠了，又像在霧裏看花，盡朦朦朧朧的。這時我們已過了利涉橋，望見東關頭了。沿路聽見斷續的歌聲：有從沿河的妓樓飄來的，有從河上船裏渡來的。我們明知那些歌聲，只是些因襲的言詞，從生澀的歌喉裏機械的發出來的；但它們經了夏夜的微風的吹漾和水波的搖拂，嬝娜著到我們耳邊的時候，已經不單是她們的歌聲，而混著微風和河水的密語了。於是我們不得不被牽惹著，震撼著，相與浮沉於這歌聲裏了。從東關頭轉彎，不久就到大中橋。大中橋共有三個橋拱，都很闊大，儼然是三座門兒；使我們覺得我們的船和船裏的我們，在橋下過去時，真是太無顏色了。橋磚是深褐色，表明它的歷史的長久；但都完好無缺，令人太息於古昔工程的堅美。橋上兩旁都是木壁的房子，中間應該有街路。這些房子都破舊了，多年煙熏的跡，遮沒了當年的美麗。我想像秦淮河的極盛時，在這樣宏闊的橋上，特地蓋了房子，必然是髹漆得富富麗麗的；晚間必然是燈火通明的，現在卻只剩下一片黑沉沉！但是橋上造著房子，畢竟使我們多少可以想見往日的繁華；這也慰情聊勝無了。過了大中橋，便到了燈月交輝、笙歌徹夜的秦淮河，這才是秦淮河的真面目哩。

大中橋外，頓然空闊，和橋內兩岸排著密密的人家的景像大異了。一眼望去，疏疏的林，淡淡的月，襯著蔚藍的天，頗像荒江野渡光景；那邊呢，鬱叢叢的，陰森森的，又似乎藏著無邊的黑暗，令人幾乎不信那是繁華的秦淮河了。但是河中眩暈著的燈光，縱橫著的畫舫，悠揚著的笛韻，夾著那吱吱的胡琴聲，終於使我們認識綠如茵陳酒的秦淮水了。此地天裸露著的多些，故覺夜來的獨遲些；從清清的水影裏，我們感到的只是薄薄的夜——這正是秦淮河的夜。大中橋外，本來還有一座復成橋，是船夫口中的我們的遊踪盡處，或也是秦淮河繁華的盡處了。我的腳曾踏過復成橋的脊，在十三四歲的時候。但是兩次遊秦淮河，卻都不曾見著復成橋的面；明知總在前途的，卻常覺得有些虛無縹緲似的。我想，不見倒也好。這時正是盛夏。我們下船後，藉著新生的晚涼和河上的微風，暑氣已漸漸消散；到了此地，豁然開朗，身子頓然輕了——習習的清風荏苒在面上、手上、衣上，這便又感到了一縷新涼了。南京的日光，大概沒有杭州猛烈；西湖的夏夜老是熱蓬蓬的，水像沸著一般，秦淮河的水卻盡是這樣冷冷地綠著。任你人影的憧憧，歌聲的擾擾，總像隔著一層薄薄的綠紗面冪似的；它盡是這樣靜靜的、冷冷的綠著。我們出了大中橋，走不上半里路，船夫便將船劃到一旁，停了槳由它宕著。他以為那裏正是繁華的極點，再過去就是荒涼了；所以讓我們多多賞鑑一會兒。他自己卻靜靜的蹲著。他是看慣這光景的了，大約只是一個無可無不可。這無可無不可，無論是升的沉的，總之，都比我們高了。

那時河裏鬧熱極了；船大半泊著，小半在水上穿梭似的來往。停泊著的都在近市的那一邊，我們的船自然也夾在其中。因為這邊略略的擠，便覺得那邊十分的疏了。在每一隻船從那邊過去時，我們能畫出它的輕輕的影和曲曲的波，在我們的心上；這顯著是空，且顯著是靜了。那時處處都是歌聲和淒厲的胡琴聲，圓潤的喉嚨，確乎是很少的。但那生澀的，尖脆的調子能使人有少年的，粗率不拘的感覺，也正可快我們的意。況且多少隔開些兒聽著，因為想像與渴慕的做美，總覺更有滋味；而竟發的喧囂，抑揚的不齊，遠近的雜沓，和樂器的嘈嘈切切，合成另一意味的諧音，也使我們無所適從，如隨著大風而走。這實在因為我們的心枯澀久了，變為脆弱；故偶然潤澤一下，便瘋狂似的不能自主了，但秦淮河確也膩人。即如船裏的人面，無論是和我們一堆儿泊著的，無論是從我們眼前過去的，總是模模糊糊的，甚至渺渺茫茫的；任你張圓了眼睛，揩淨了眥垢，也是枉然，這真夠人想呢。在我們停泊的地方，燈光原是紛然的；不過這些燈光都是黃而有暈的。黃已經不能明了，再加上了暈，便更不成了。燈愈多，暈就愈甚；在繁星般的黃的交錯裏，秦淮河彷彿籠上了一團光霧。光芒與霧氣騰騰的暈著，什麼都只剩了輪廓了；所以人面的詳細的曲線，便消失於我們的眼底了。但燈光究竟奪不了那邊的月色；燈光是渾的，月色是清的。在渾沌的燈光裏，滲入一派清輝，卻真是奇蹟！那晚月兒已瘦削了兩三分。她晚妝才罷，盈盈的上了柳梢頭。天是藍得可愛，彷彿一汪水似的；月兒便更出落得精神了。岸上原有三株兩株的垂楊樹，淡淡的影子，在水里搖曳著。它們那柔細的枝條浴著月光，就像一支支美人的臂膊，交互的纏著、挽著；又像是月兒披著的髪。而月兒偶爾也從它們的交叉處偷偷窺看我們，大有小姑娘怕羞的樣子。岸上另有幾株不知名的老樹，光光的立著；在月光裏照起來，卻又",的立著在月光裏照起來卻又,儼然,yanran,yan ran,FALSE,1:儼然 | 2:嫣然 | 3:晏然 | 4:閹然 | 5:殷然 | 6:奄冉 | 7:宴然 | 8:眼 | 9:演 | 10:言,TRUE,1,,,,
polyphonic_unflagged,c0bf30af91e49f2bda6e2fc5,槳聲燈影裏的秦淮河,607,609,"一九二三年八月的一晚，我和平伯同遊秦淮河；平伯是初泛，我是重來了。我們雇了一隻「七板子」，在夕陽已去、皎月方來的時候，便下了船。於是槳聲汩汩，我們開始領略那晃蕩著薔薇色的歷史的秦淮河的滋味了。

秦淮河裏的船，比北京万生園、頤和園的船好，比西湖的船好，比揚州瘦西湖的船也好。這幾處的船不是覺著笨，就是覺著簡陋、局促；都不能引起乘客們的情韻，如秦淮河的船一樣。秦淮河的船約略可分為兩種：一是大船；一是小船，就是所謂「七板子」。大船艙口闊大，可容二三十人。裏面陳設著字畫和光潔的紅木家具，桌上一律嵌著冰涼的大理石面。窗格雕鏤頗細，使人起柔膩之感。窗格里映著紅色藍色的玻璃；玻璃上有精緻的花紋，也頗悅人目。「七板子」規模雖不及大船，但那淡藍色的欄杆，空敞的艙，也足繫人情思。而最出色處卻在它的艙前。艙前是甲板上的一部，上面有弧形的頂，兩邊用疏疏的欄杆支著。裏面通常放著兩張藤的躺椅。躺下，可以談天，可以望遠，可以顧盼兩岸的河房。大船上也有這個，但在小船上更覺清雋罷了。艙前的頂下，一律懸著燈彩；燈的多少、明暗，彩蘇的精粗、艷晦，是不一的，但好歹總還你一個燈彩。這燈彩實在是最能勾人的東西。夜幕垂垂地下來時，大小船上都點起燈火。從兩重玻璃裏映出那輻射著的黃黃的散光，反暈出一片朦朧的煙靄；透過這煙靄，在黯黯的水波里，又逗起縷縷的明漪。在這薄靄和微漪裏，聽著那悠然的間歇的槳聲，誰能不被引入他的美夢去呢？只愁夢太多了，這些大",夢去呢只愁夢太多了這些大,小船,xiaochuan,xiao chuan,FALSE,1:哮喘 | 2:小船 | 3:小川 | 4:小串 | 5:消除 | 6:笑出 | 7:削除 | 8:小廚 | 9:小處 | 10:銷出,TRUE,2,,,,
polyphonic_unflagged,16ca084a5518f8dd5dc3feb9,槳聲燈影裏的秦淮河,281,283,"一九二三年八月的一晚，我和平伯同遊秦淮河；平伯是初泛，我是重來了。我們雇了一隻「七板子」，在夕陽已去、皎月方來的時候，便下了船。於是槳聲汩汩，我們開始領略那晃蕩著薔薇色的歷史的秦淮河的滋味了。

秦淮河裏的船，比北京万生園、頤和園的船好，比西湖的船好，比揚州瘦西湖的船也好。這幾處的船不是覺著笨，就是覺著簡陋、局促；都不能引起乘客們的情韻，如秦淮河的船一樣。秦淮河的船約略可分為兩種：一是大船；一是小船，就是所謂「七板子」。大船艙口闊大，可容二三十人。裏面陳設著字畫和光潔的紅木家具，桌上一律嵌著冰涼的大理石面。窗格雕鏤頗細，使人起柔膩之感。窗格里映著紅色藍色的",之感窗格里映著紅色藍色的,玻璃,boli,bo li,FALSE,1:玻璃 | 2:剝離 | 3:波里 | 4:薄利 | 5:勃利 | 6:伯利 | 7:薄禮 | 8:波利 | 9:波粒 | 10:伯力,TRUE,1,,,,
polyphonic_unflagged,d20e2c96e14d1db1d0d79c0a,荷塘月色,823,827,"這幾天心裏頗不寧靜。今晚在院子裏坐着乘涼，忽然想起日日走過的荷塘，在這滿月的光裏，總該另有一番樣子吧。月亮漸漸地升高了，牆外馬路上孩子們的歡笑，已經聽不見了；妻在屋裏拍着閏兒，迷迷糊糊地哼着眠歌。我悄悄地披了大衫，帶上門出去。

沿着荷塘，是一條曲折的小煤屑路。這是一條幽僻的路；白天也少人走，夜晚更加寂寞。荷塘四面，長着許多樹，蓊蓊鬱鬱的。路的一旁，是些楊柳，和一些不知道名字的樹。沒有月光的晚上，這路上陰森森的，有些怕人。今晚卻很好，雖然月光也還是淡淡的。

路上只我一個人，背着手踱着。這一片天地好像是我的；我也像超出了平常的自己，到了另一世界裏。我愛熱鬧，也愛冷靜；愛羣居，也愛獨處。像今晚上，一個人在這蒼茫的月下，什麽都可以想，什麽都可以不想，便覺是個自由的人。白天裏一定要做的事，一定要說的話，現在都可不理。這是獨處的妙處，我且受用這無邊的荷香月色好了。

曲曲折折的荷塘上面，彌望的是田田的葉子。葉子出水很高，像亭亭的舞女的裙。層層的葉子中間，零星地點綴着些白花，有嬝娜地開着的，有羞澀地打着朶兒的；正如一粒粒的明珠，又如碧天裏的星星，又如剛出浴的美人。微風過處，送來縷縷清淸香，彷彿遠處高樓上渺茫的歌聲似的。這時候葉子與花也有一絲的顫動，像閃電般，霎時傳過荷塘的那邊去了。葉子本是肩並肩密密地挨着，這便宛然有了一道凝碧的波痕。葉子底下是脈脈的流水，遮住了，不能見一些顏色；而葉子卻更見風致了。

月光如流水一般，靜靜地瀉在這一片葉子和花上。薄薄的靑霧浮起在荷塘裏。葉子和花彷彿在牛乳中洗過一樣；又像籠着輕紗的夢。雖然是滿月，天上卻有一層淡淡的雲，所以不能朗照；但我以爲這恰是到了好處——酣眠固不可少，小睡也別有風味的。月光是隔了樹照過來的，高處叢生的灌木，落下參差的斑駁的黑影，峭楞楞如鬼一般；彎彎的楊柳的稀疏的倩影，卻又像是畫在荷葉上。塘中的月色並不均勻；但光與影有着和諧的旋律，如梵婀玲上奏着的名曲。

荷塘的四面，遠遠近近，",的名曲荷塘的四面遠遠近近,高高低低,gaogaodidi,gao gao di di,FALSE,1:高高低低 | 2:高高地 | 3:高高 | 4:搞搞 | 5:杲杲 | 6:膏膏 | 7:高 | 8:搞 | 9:告 | 10:稿,TRUE,1,,,,
polyphonic_unflagged,9e77ab4d1692a5683a030338,給亡婦,957,959,"謙，日子真快，一眨眼你已經死了三個年頭了。這三年裡世事不知變化了多少回，但你未必注意這些個，我知道。你第一惦記的是你幾個孩子，第二便輪著我。孩子和我平分你的世界，你在日如此；你死後若還有知，想來還如此的。告訴你，我夏天回家來著：邁兒長得結實極了，比我高一個頭。閏兒父親說是最乖，可是沒有先前胖了。采芷和轉子都好。五兒全家誇她長得好看；卻在腿上生了濕瘡，整天坐在竹床上不能下來，看了怪可憐的。六兒，我怎麼說好，你明白，你臨終時也和母親談過，這孩子是只可以養著玩兒的，他左挨右挨去年春天，到底沒有挨過去。這孩子生了幾個月，你的肺病就重起來了。我勸你少親近他，只監督著老媽子照管就行。你總是忍不住，一會兒提，一會兒抱的。可是你病中為他操的那一份兒心也夠瞧的。那一個夏天他病的時候多，你成天兒忙著，湯呀，藥呀，冷呀，暖呀，連覺也沒有好好兒睡過。那裡有一分一毫想著你自己。瞧著他硬朗點兒你就樂，乾枯的笑容在黃蠟般的臉上，我只有暗中歎氣而已。

從來想不到做母親的要像你這樣。從邁兒起，你總是自己喂乳，一連四個都這樣。你起初不知道按鐘點兒喂，後來知道了，卻又弄不慣；孩子們每夜裡幾次將你哭醒了，特別是悶熱的夏季。我瞧你的覺老沒睡足。白天裡還得做菜，照料孩子，很少得空兒。你的身子本來壞，四個孩子就累你七八年。到了第五個，你自己實在不成了，又沒乳，只好自己餵奶粉，另雇老媽子專管她。但孩子跟老媽子睡，你就沒有放過心；夜裡一聽見哭，就豎起耳朵聽，工夫一大就得過去看。十六年初，和你到北京來，將邁兒，轉子留在家裡；三年多還不能去接他們，可真把你惦記苦了。你並不常提，我卻明白。你後來說你的病就是惦記出來的；那個自然也有份兒，不過大半還是養育孩子累的。你的短短的十二年結婚生活，有十一年耗費在孩子們身上；而你一點不厭倦，有多少力量用多少，一直到自己毀滅為止。你對孩子一般兒愛，不問男的女的，大的小的。也不想到什麼“養兒防老，積穀防饑”，只拚命的愛去。你對於教育老實說有些外行，孩子們只要吃得好玩得好就成了。這也難怪你，你自己便是這樣長大的。況且孩子們原都還小，吃和玩本來也要緊的。你病重的時候最放不下的還是孩子。病的只剩皮包著骨頭了，總不信自己不會好；老說：“我死了，這一大群孩子可苦了。”後來說送你回家，你想著可以看見邁兒和轉子，也",想著可以看見邁兒和轉子也,願意,yuanyi,yuan yi,FALSE,1:願意 | 2:園藝 | 3:原意 | 4:原液 | 5:原義 | 6:原以 | 7:怨艾 | 8:冤抑 | 9:垣衣 | 10:願以,TRUE,1,,,,
polyphonic_unflagged,1f76deedfa5049a27841bd34,阿河,2195,2197,"我這一回寒假，因為養病，住到一家親戚的別墅里去。那別墅是在鄉下。前面偏左的地方，是一片淡藍的湖水，對岸環擁著不盡的青山。山的影子倒映在水里，越顯得清清朗朗的。水面常如鏡子一般。風起時，微有皺痕；像少女們皺她們的眉頭，過一會子就好了。湖的余勢束成一條小港，緩緩地不聲不響地流過別墅的門前。門前有一條小石橋，橋那邊盡是田畝。這邊沿岸一帶，相間地栽著桃樹和柳樹，春來當有一番熱鬧的夢。別墅外面繚繞著短短的竹篱，篱外是小小的路。里邊一座向南的樓，背后便倚著山。西邊是三間平屋，我便住在這里。院子里有兩塊草地，上面隨便放著兩三塊石頭。另外的隙地上，或羅列著盆栽，或种蒔著花草。篱邊還有几株枝干蟠曲的大樹，有一株几乎要伸到水里去了。

我的親戚韋君只有夫婦二人和一個女儿。她在外邊念書，這時也剛回到家里。她邀來三位同學，同到她家過這個寒假；兩位是親戚，一位是朋友。她們住著樓上的兩間屋子。韋君夫婦也住在樓上。樓下正中是客廳，常是閒著，西間是吃飯的地方；東間便是韋君的書房，我們談天，喝茶，看報，都在這里。我吃了飯，便是一個人，也要到這里來閒坐一回。我來的第二天，韋小姐告訴我，她母親要給她們找一個好好的女用人；長工阿齊說有一個表妹，母親叫他明天就帶來做做看呢。她似乎很高興的樣子，我只是不經意地答應。

平屋与樓屋之間，是一個小小的廚房。我住的是東面的屋子，從窗子里可以看見廚房里人的來往。這一天午飯前，我偶然向外看看，見一個面生的女用人，兩手提著兩把白鐵壺，正往廚房里走；韋家的李媽在她前面領著，不知在和她說甚么話。她的頭髮亂蓬蓬的，像冬天的枯草一樣。身上穿著鑲邊的黑布棉襖和夾褲，黑里已泛出黃色；棉襖長与膝齊，夾褲也直拖到腳背上。腳倒是雙天足，穿著尖頭的黑布鞋，后跟還帶著兩片同色的“葉拔儿”。想這就是阿齊帶來的女用人了；想完了就坐下看書。晚飯后，韋小姐告訴我，女用人來了，她的名字叫“阿河”。我說，“名字很好，只是人土些；還能做么？”她說，“別看她土，很聰明呢。”我說，“哦。”便接著看手中的報了。

以后每天早上，中上，晚上，我常常看見阿河挈著水壺來往；她的眼似乎總是望前看的。兩個禮拜匆匆地過去了。韋小姐忽然和我說，你別看阿河土，她的志气很好，她是個可怜的人。我和娘說，把我前年在家穿的那身棉襖褲給了她吧。我嫌那兩件衣服太花，給了她正好。娘先不肯，說她來了沒有几天；后來也肯了。今天拿出來讓她穿，正合式呢。我們教給她打絨繩鞋，她真聰明，一學就會了。她說拿到工錢，也要打一雙穿呢。我等几天再和娘說去。

“她這樣愛好！怪不得頭髮光得多了，原來都是你們教她的。好！你們盡教她講究，她將來怕不愿回家去呢。”大家都笑了。

舊新年是過去了。因為江浙的兵事，我們的學校一時還不能開學。我們大家都樂得在別墅里多住些日子。這時阿河如換了一個人。她穿著寶藍色挑著小花儿的布棉襖褲；腳下是嫩藍色毛繩鞋，鞋口還綴著兩個半藍半白的小絨球儿。我想這一定是她的小姐們給幫忙的。古語說得好，“人要衣裳馬要鞍”，阿河這一打扮，真有些楚楚可怜了。她的頭髮早已是刷得光光的，覆額的留海也梳得十分伏帖。一張小小的圓臉，如正開的桃李花；臉上并沒有笑，卻隱隱地含著春日的光輝，像花房里充了蜜一般。這在我几乎是一個奇跡；我現在是常站在窗前看她了。我覺得在深山里發見了一粒貓儿眼；這樣精純的貓儿眼，是我生平所僅見！我覺得我們相識已太長久，极愿和她說一句話——极平淡的話，一句也好。但我怎好平白地和她攀談呢？這樣郁郁了一禮拜。

這是元宵節的前一晚上。我吃了飯，在屋里坐了一會，覺得有些無聊，便信步走到那書房里。拿起報來，想再細看一回。忽然門鈕一響，阿河進來了。她手里拿著三四支顏色鉛筆；出乎意料地走近了我。她站在我面前了，靜靜地微笑著說：“白先生，你知道鉛筆刨在哪里？”一面將拿著的鉛筆給我看。我不自主地立起來，匆忙地應道，“在這里；”我用手指著南邊柱子。但我立刻覺得這是不夠的。我領她走近了柱子。這時我像閃電似地躊躇了一下，便說，“我…… 我……”她一聲不響地已將一支鉛筆交給我。我放進刨子里刨給她看。刨了兩下，便想交給她；但終于刨完了一支，交還了她。她接了筆略看一看，仍仰著臉向我。我窘极了。剎那間念頭轉了好几個圈子；到底硬著頭皮搭訕著說，“就這樣刨好了。”我赶緊向門外一瞥，就走回原處看報去。但我的頭剛低下，我的眼已抬起來了。于是遠遠地從容地問道，“你會么？”她不曾掉過頭來，只“嚶”了一聲，也不說話。我看了她背影一會。覺得應該低下頭了。等我再抬起頭來時，她已默默地向外走了。她似乎總是望前看的；我想再問她一句話，但終于不曾出口。我撇下了報，站起來走了一會，便回到自己屋里。

我一直想著些什么，但什么也沒有想出。

第二天早上看見她往廚房里走時，我發愿我的眼將老跟著她的影子！她的影子真好。她那几步路走得又敏捷，又勻稱，又苗條，正如一只可愛的小貓。她兩手各提著一只水壺，又令我想到在一條細細的索儿上抖擻精神走著的女子。這全由于她的腰；她的腰真太軟了，用白水的話說，真是軟到使我如吃蘇州的牛皮糖一樣。不止她的腰，我的日記里說得好：“她有一套和云霞比美，水月爭靈的曲線，織成大大的一張迷惑的网！”而那兩頰的曲線，尤其甜蜜可人。她兩頰是白中透著微紅，潤澤如玉。她的皮膚，嫩得可以掐出水來；我的日記里說，“我很想去掐她一下呀！”她的眼像",很想去掐她一下呀她的眼像,一雙,yishuang,yi shuang,FALSE,1:一雙 | 2:遺孀 | 3:藝術 | 4:一書 | 5:一束 | 6:遺書 | 7:醫術 | 8:一樹 | 9:一數 | 10:醫書,TRUE,1,,,,
polyphonic_unflagged,29c919fe73799b10195c9fb7,匆匆,221,223,"燕子去了，有再來的時候；楊柳枯了，有再靑的時候；桃花謝了，有再開的時候。但是，聰明的，你吿訴我，我們的日子爲什麼一去不復返呢？——是有人偷了他們罷：那是誰？又藏在何處呢？是他們自己逃走了罷：現在又到了那裏呢？

我不知道他們給了我多少日子；但我的手確乎是漸漸空虛了。在默默裏算着，八千多日子已經從我手中溜去；像針尖上一滴水滴在大海裏，我的日子滴在時間的流裏，沒有聲音，也沒有影子。我不禁頭涔涔而淚澘澘了。

去的儘管去了，來的儘管來着；去來的",管去了來的儘管來着去來的,中間,zhongjian,zhong jian,FALSE,1:中間 | 2:中堅 | 3:中建 | 4:重見 | 5:重劍 | 6:中見 | 7:中箭 | 8:重瞼 | 9:忠奸 | 10:中劍,TRUE,1,,,,
polyphonic_unflagged,78f6c293c3a0040f75156255,阿河,4825,4827,"我這一回寒假，因為養病，住到一家親戚的別墅里去。那別墅是在鄉下。前面偏左的地方，是一片淡藍的湖水，對岸環擁著不盡的青山。山的影子倒映在水里，越顯得清清朗朗的。水面常如鏡子一般。風起時，微有皺痕；像少女們皺她們的眉頭，過一會子就好了。湖的余勢束成一條小港，緩緩地不聲不響地流過別墅的門前。門前有一條小石橋，橋那邊盡是田畝。這邊沿岸一帶，相間地栽著桃樹和柳樹，春來當有一番熱鬧的夢。別墅外面繚繞著短短的竹篱，篱外是小小的路。里邊一座向南的樓，背后便倚著山。西邊是三間平屋，我便住在這里。院子里有兩塊草地，上面隨便放著兩三塊石頭。另外的隙地上，或羅列著盆栽，或种蒔著花草。篱邊還有几株枝干蟠曲的大樹，有一株几乎要伸到水里去了。

我的親戚韋君只有夫婦二人和一個女儿。她在外邊念書，這時也剛回到家里。她邀來三位同學，同到她家過這個寒假；兩位是親戚，一位是朋友。她們住著樓上的兩間屋子。韋君夫婦也住在樓上。樓下正中是客廳，常是閒著，西間是吃飯的地方；東間便是韋君的書房，我們談天，喝茶，看報，都在這里。我吃了飯，便是一個人，也要到這里來閒坐一回。我來的第二天，韋小姐告訴我，她母親要給她們找一個好好的女用人；長工阿齊說有一個表妹，母親叫他明天就帶來做做看呢。她似乎很高興的樣子，我只是不經意地答應。

平屋与樓屋之間，是一個小小的廚房。我住的是東面的屋子，從窗子里可以看見廚房里人的來往。這一天午飯前，我偶然向外看看，見一個面生的女用人，兩手提著兩把白鐵壺，正往廚房里走；韋家的李媽在她前面領著，不知在和她說甚么話。她的頭髮亂蓬蓬的，像冬天的枯草一樣。身上穿著鑲邊的黑布棉襖和夾褲，黑里已泛出黃色；棉襖長与膝齊，夾褲也直拖到腳背上。腳倒是雙天足，穿著尖頭的黑布鞋，后跟還帶著兩片同色的“葉拔儿”。想這就是阿齊帶來的女用人了；想完了就坐下看書。晚飯后，韋小姐告訴我，女用人來了，她的名字叫“阿河”。我說，“名字很好，只是人土些；還能做么？”她說，“別看她土，很聰明呢。”我說，“哦。”便接著看手中的報了。

以后每天早上，中上，晚上，我常常看見阿河挈著水壺來往；她的眼似乎總是望前看的。兩個禮拜匆匆地過去了。韋小姐忽然和我說，你別看阿河土，她的志气很好，她是個可怜的人。我和娘說，把我前年在家穿的那身棉襖褲給了她吧。我嫌那兩件衣服太花，給了她正好。娘先不肯，說她來了沒有几天；后來也肯了。今天拿出來讓她穿，正合式呢。我們教給她打絨繩鞋，她真聰明，一學就會了。她說拿到工錢，也要打一雙穿呢。我等几天再和娘說去。

“她這樣愛好！怪不得頭髮光得多了，原來都是你們教她的。好！你們盡教她講究，她將來怕不愿回家去呢。”大家都笑了。

舊新年是過去了。因為江浙的兵事，我們的學校一時還不能開學。我們大家都樂得在別墅里多住些日子。這時阿河如換了一個人。她穿著寶藍色挑著小花儿的布棉襖褲；腳下是嫩藍色毛繩鞋，鞋口還綴著兩個半藍半白的小絨球儿。我想這一定是她的小姐們給幫忙的。古語說得好，“人要衣裳馬要鞍”，阿河這一打扮，真有些楚楚可怜了。她的頭髮早已是刷得光光的，覆額的留海也梳得十分伏帖。一張小小的圓臉，如正開的桃李花；臉上并沒有笑，卻隱隱地含著春日的光輝，像花房里充了蜜一般。這在我几乎是一個奇跡；我現在是常站在窗前看她了。我覺得在深山里發見了一粒貓儿眼；這樣精純的貓儿眼，是我生平所僅見！我覺得我們相識已太長久，极愿和她說一句話——极平淡的話，一句也好。但我怎好平白地和她攀談呢？這樣郁郁了一禮拜。

這是元宵節的前一晚上。我吃了飯，在屋里坐了一會，覺得有些無聊，便信步走到那書房里。拿起報來，想再細看一回。忽然門鈕一響，阿河進來了。她手里拿著三四支顏色鉛筆；出乎意料地走近了我。她站在我面前了，靜靜地微笑著說：“白先生，你知道鉛筆刨在哪里？”一面將拿著的鉛筆給我看。我不自主地立起來，匆忙地應道，“在這里；”我用手指著南邊柱子。但我立刻覺得這是不夠的。我領她走近了柱子。這時我像閃電似地躊躇了一下，便說，“我…… 我……”她一聲不響地已將一支鉛筆交給我。我放進刨子里刨給她看。刨了兩下，便想交給她；但終于刨完了一支，交還了她。她接了筆略看一看，仍仰著臉向我。我窘极了。剎那間念頭轉了好几個圈子；到底硬著頭皮搭訕著說，“就這樣刨好了。”我赶緊向門外一瞥，就走回原處看報去。但我的頭剛低下，我的眼已抬起來了。于是遠遠地從容地問道，“你會么？”她不曾掉過頭來，只“嚶”了一聲，也不說話。我看了她背影一會。覺得應該低下頭了。等我再抬起頭來時，她已默默地向外走了。她似乎總是望前看的；我想再問她一句話，但終于不曾出口。我撇下了報，站起來走了一會，便回到自己屋里。

我一直想著些什么，但什么也沒有想出。

第二天早上看見她往廚房里走時，我發愿我的眼將老跟著她的影子！她的影子真好。她那几步路走得又敏捷，又勻稱，又苗條，正如一只可愛的小貓。她兩手各提著一只水壺，又令我想到在一條細細的索儿上抖擻精神走著的女子。這全由于她的腰；她的腰真太軟了，用白水的話說，真是軟到使我如吃蘇州的牛皮糖一樣。不止她的腰，我的日記里說得好：“她有一套和云霞比美，水月爭靈的曲線，織成大大的一張迷惑的网！”而那兩頰的曲線，尤其甜蜜可人。她兩頰是白中透著微紅，潤澤如玉。她的皮膚，嫩得可以掐出水來；我的日記里說，“我很想去掐她一下呀！”她的眼像一雙小燕子，老是在灩灩的春水上打著圈儿。她的笑最使我記住，像一朵花漂浮在我的腦海里。我不是說過，她的小圓臉像正開的桃花么？那么，她微笑的時候，便是盛開的時候了：花房里充滿了蜜，真如要流出來的樣子。她的髮不甚厚，但黑而有光，柔軟而滑，如純絲一般。只可惜我不曾聞著一些儿香。唉！從前我在窗前看她好多次，所得的真太少了；若不是昨晚一見，——雖只几分鐘——我真太對不起這樣一個人儿了。

午飯后，韋君照例地睡午覺去了，只有我，韋小姐和其他三位小姐在書房里。我有意無意地談起阿河的事。我說：

“你們怎知道她的志气好呢？”

“那天我們教給她打絨繩鞋；”一位蔡小姐便答道，“看她很聰明，就問她為甚么不念書？她被我們一問，就傷心起來了。……”

“是的，”韋小姐笑著搶了說，“后來還哭了呢；還有一位傻子陪她淌眼淚呢。”

那邊黃小姐可急了，走過來推了她一下。蔡小姐忙攔住道，“人家說正經話，你們盡鬧著玩儿！讓我說完了呀——”“我代你說啵，”韋小姐仍搶著說，“——她說她只有一個爹，沒有娘。嫁了一個男人，倒有三十多歲，土頭土腦的，臉上滿是包！他是李媽的鄰舍，我還看見過呢。……”“好了，底下我說吧。”蔡小姐接著道，“她男人又不要好，盡愛賭錢；她一气，就住到娘家來，有一年多不回去了。”

“她今年几歲？”我問。

“十七不知十八？前年出嫁的，几個月就回家了，”蔡小姐說。

“不，十八，我知道，”韋小姐改正道。

“哦。你們可曾勸她离婚？”

“怎么不勸；”韋小姐應道，“她說十八回去吃她表哥的喜酒，要和她的爹去說呢。”

“你們教她的好事，該當何罪！”我笑了。

她們也都笑了。

十九的早上，我正在屋里看書，听見外面有嚷嚷的聲音；這是從來沒有的。我立刻走出來看；只見門外有兩個鄉下人要走進來，卻給阿齊攔住。他們只是央告，阿齊只是不肯。這時韋君已走出院中，向他們道，

“你們回去吧。人在我這里，不要緊的。快回去，不要瞎吵！”

兩個人面面相覷，說不出一句話；俄延了一會，只好走了。我問韋君什么事？他說，

“阿河囉！還不是瞎吵一回子。”

我想他于男女的事向來是懶得說的，還是回頭問他小姐的好；我們便談到別的事情上去。

吃了飯，我赶緊問韋小姐，她說，

“她是告訴娘的，你問娘去。”

我想這件事有些尷尬，便到西間里問韋太太；她正看著李媽收拾碗碟呢。她見我問，便笑著說，

“你要問這些事做什么？她昨天回去，原是借了阿桂的衣裳穿了去的，打扮得嬌滴滴的，也難怪，被她男人看見了，便約了些不相干的人，將她搶回去過了一夜。今天早上，她騙她男人，說要到此地來拿行李。她男人就會信她，派了兩個人跟著。那知她到了這里，便叫阿齊攔著那跟來的人；她自己便跪在我面前哭訴，說死也不愿回她男人家去。你說我有什么法子。只好讓那跟來的人先回去再說。好在沒有几天，她們要上學了，我將來交給她的爹吧。唉，現在的人，心眼儿真是越過越大了；一個鄉下女人，也會鬧出這樣惊天動地的事了！”

“可不是，”李媽在旁插嘴道，“太太你不知道；我家三叔前儿來，我還听他說呢。我本不該說的，阿彌陀佛！太太，你想她不愿意回婆家，老愿意住在娘家，是什么道理？家里只有一個單身的老子；你想那該死的老畜生！他舍不得放她回去呀！”

“低些，真的么？”韋太太惊詫地問。

“他們說得千真万确的。我早就想告訴太太了，總有些疑心；今天看她的樣子，真有几分對呢。太太，你想現在還成什么世界！”

“這該不至于吧。”我淡淡地插了一句。

“少爺，你那里知道！”韋太太歎了一口气，“——好在沒有几天了，讓她快些走吧；別將我們的運气帶坏了。她的事，我們以后也別談吧。”

開學的通告來了，我定在二十八走。二十六的晚上，阿河忽然不到廚房里挈水了。韋小姐跑來低低地告訴我，“娘叫阿齊將阿河送回去了；我在樓上，都不知道呢。”我應了一聲，一句話也沒有說。正如每日有三頓飽飯吃的人，忽然絕了糧；卻又不能告訴一個人！而且我覺得她的前面是黑洞洞的，此去不定有什么好歹！那一夜我是沒有好好地睡，只翻來覆去地做夢，醒來卻又一例茫然。這樣昏昏沉沉地到了二十八早上，懶懶地向韋君夫婦和韋小姐告別而行，韋君夫婦堅約春假再來住，我只得含糊答應著。出門時，我很想回望廚房几眼；但許多人都站在門口送我，我怎好回頭呢？

到校一打听，老友陸已來了。我不及料理行李，便找著他，將阿河的事一五一十告訴他。他本是個好事的人；听我說時，時而皺眉，時而歎气，時而擦掌。听到她只十八歲時，他突然將舌頭一伸，跳起來道，

“可惜我早有了我那太太！要不然，我准得想法子娶她！”

“你娶她就好了；現在不知鹿死誰手呢？”

我倆默默相對了一會，陸忽然拍著桌子道，

“有了，老汪不是去年失了戀么？他現在還沒有主儿，何不給他倆撮合一下。”

我正要答說，他已出去了。過了一會子，他和汪來了，進門就嚷著說，

“我和他說，他不信；要問你呢！”

“事是有的，人呢，也真不錯。只是人家的事，我們憑什么去管！”我說。

“想法子呀！”陸嚷著。

“什么法子？你說！”

“好，你們盡和我開玩笑，我才不理會你們呢！”汪笑了。

我們几乎每天都要談到阿河，但誰也不曾認真去“想法子。”

一轉眼已到了春假。我再到韋君別墅的時候，水是綠綠的，桃腮柳眼，著意引人。我卻只惦著阿河，不知她怎么樣了。那時韋小姐已回來兩天。我背地里問她，她說，“奇得很！阿齊告訴我，說她二月間來求娘來了。她說她男人已死了心，不想她回去；只不肯白白地放掉她。他教她的爹拿出八十塊錢來，人就是她的爹的了；他自己也好另娶一房人。可是阿河說她的爹那有這些錢？她求娘可怜可怜她！娘的脾气你知道。她是個古板的人；她數說了阿河一頓，一個錢也不給！我現在和阿齊說，讓他上鎮去時，帶個信儿給她，我可以給她五塊錢。我想你也可以幫她些，我教阿齊一塊儿告訴她吧。只可惜她未必肯再上我們這儿來囉！”

“我拿十塊錢吧，你告訴阿齊就是。”

我看阿齊空閒了，便又去問阿河的事。他說，

“她的爹正給她東找西找地找主儿呢。只怕難吧，八十塊大洋呢！”

我忽然覺得不自在起來，不愿再問下去。

過了兩天，阿齊從鎮上回來，說，

“今天見著阿河了。娘的，齊整起來了。穿起了裙子，做老板娘娘了！据說是自己揀中的；這种年頭！”

我立刻覺得，這一來全完了！只怔怔地看著阿齊，似乎想在他臉上找出阿河的影子。咳，我說什么好呢？愿命運之神長遠庇護著她吧！

第二天我便",長遠庇護著她吧第二天我便,托故,tuogu,tuo gu,FALSE,1:託孤 | 2:託故 | 3:鼉鼓 | 4:脫骨 | 5:拖 | 6:脫 | 7:託 | 8:托 | 9:牠 | 10:拓,FALSE,,,,,
polyphonic_unflagged,d9bf69bb86894e2f1c66cb9b,給亡婦,84,86,謙，日子真快，一眨眼你已經死了三個年頭了。這三年裡世事不知變化了多少回，但你未必注意這些個，我知道。你第一惦記的是你幾個孩子，第二便輪著我。孩子和我平分你的世界，你在日,子和我平分你的世界你在日,如此,ruci,ru ci,FALSE,1:如此 | 2:如次 | 3:汝瓷 | 4:如 | 5:入 | 6:乳 | 7:汝 | 8:儒 | 9:茹 | 10:辱,TRUE,1,,,,
polyphonic_unflagged,5dbac7bdbf68e9515d3026bc,阿河,4529,4531,"我這一回寒假，因為養病，住到一家親戚的別墅里去。那別墅是在鄉下。前面偏左的地方，是一片淡藍的湖水，對岸環擁著不盡的青山。山的影子倒映在水里，越顯得清清朗朗的。水面常如鏡子一般。風起時，微有皺痕；像少女們皺她們的眉頭，過一會子就好了。湖的余勢束成一條小港，緩緩地不聲不響地流過別墅的門前。門前有一條小石橋，橋那邊盡是田畝。這邊沿岸一帶，相間地栽著桃樹和柳樹，春來當有一番熱鬧的夢。別墅外面繚繞著短短的竹篱，篱外是小小的路。里邊一座向南的樓，背后便倚著山。西邊是三間平屋，我便住在這里。院子里有兩塊草地，上面隨便放著兩三塊石頭。另外的隙地上，或羅列著盆栽，或种蒔著花草。篱邊還有几株枝干蟠曲的大樹，有一株几乎要伸到水里去了。

我的親戚韋君只有夫婦二人和一個女儿。她在外邊念書，這時也剛回到家里。她邀來三位同學，同到她家過這個寒假；兩位是親戚，一位是朋友。她們住著樓上的兩間屋子。韋君夫婦也住在樓上。樓下正中是客廳，常是閒著，西間是吃飯的地方；東間便是韋君的書房，我們談天，喝茶，看報，都在這里。我吃了飯，便是一個人，也要到這里來閒坐一回。我來的第二天，韋小姐告訴我，她母親要給她們找一個好好的女用人；長工阿齊說有一個表妹，母親叫他明天就帶來做做看呢。她似乎很高興的樣子，我只是不經意地答應。

平屋与樓屋之間，是一個小小的廚房。我住的是東面的屋子，從窗子里可以看見廚房里人的來往。這一天午飯前，我偶然向外看看，見一個面生的女用人，兩手提著兩把白鐵壺，正往廚房里走；韋家的李媽在她前面領著，不知在和她說甚么話。她的頭髮亂蓬蓬的，像冬天的枯草一樣。身上穿著鑲邊的黑布棉襖和夾褲，黑里已泛出黃色；棉襖長与膝齊，夾褲也直拖到腳背上。腳倒是雙天足，穿著尖頭的黑布鞋，后跟還帶著兩片同色的“葉拔儿”。想這就是阿齊帶來的女用人了；想完了就坐下看書。晚飯后，韋小姐告訴我，女用人來了，她的名字叫“阿河”。我說，“名字很好，只是人土些；還能做么？”她說，“別看她土，很聰明呢。”我說，“哦。”便接著看手中的報了。

以后每天早上，中上，晚上，我常常看見阿河挈著水壺來往；她的眼似乎總是望前看的。兩個禮拜匆匆地過去了。韋小姐忽然和我說，你別看阿河土，她的志气很好，她是個可怜的人。我和娘說，把我前年在家穿的那身棉襖褲給了她吧。我嫌那兩件衣服太花，給了她正好。娘先不肯，說她來了沒有几天；后來也肯了。今天拿出來讓她穿，正合式呢。我們教給她打絨繩鞋，她真聰明，一學就會了。她說拿到工錢，也要打一雙穿呢。我等几天再和娘說去。

“她這樣愛好！怪不得頭髮光得多了，原來都是你們教她的。好！你們盡教她講究，她將來怕不愿回家去呢。”大家都笑了。

舊新年是過去了。因為江浙的兵事，我們的學校一時還不能開學。我們大家都樂得在別墅里多住些日子。這時阿河如換了一個人。她穿著寶藍色挑著小花儿的布棉襖褲；腳下是嫩藍色毛繩鞋，鞋口還綴著兩個半藍半白的小絨球儿。我想這一定是她的小姐們給幫忙的。古語說得好，“人要衣裳馬要鞍”，阿河這一打扮，真有些楚楚可怜了。她的頭髮早已是刷得光光的，覆額的留海也梳得十分伏帖。一張小小的圓臉，如正開的桃李花；臉上并沒有笑，卻隱隱地含著春日的光輝，像花房里充了蜜一般。這在我几乎是一個奇跡；我現在是常站在窗前看她了。我覺得在深山里發見了一粒貓儿眼；這樣精純的貓儿眼，是我生平所僅見！我覺得我們相識已太長久，极愿和她說一句話——极平淡的話，一句也好。但我怎好平白地和她攀談呢？這樣郁郁了一禮拜。

這是元宵節的前一晚上。我吃了飯，在屋里坐了一會，覺得有些無聊，便信步走到那書房里。拿起報來，想再細看一回。忽然門鈕一響，阿河進來了。她手里拿著三四支顏色鉛筆；出乎意料地走近了我。她站在我面前了，靜靜地微笑著說：“白先生，你知道鉛筆刨在哪里？”一面將拿著的鉛筆給我看。我不自主地立起來，匆忙地應道，“在這里；”我用手指著南邊柱子。但我立刻覺得這是不夠的。我領她走近了柱子。這時我像閃電似地躊躇了一下，便說，“我…… 我……”她一聲不響地已將一支鉛筆交給我。我放進刨子里刨給她看。刨了兩下，便想交給她；但終于刨完了一支，交還了她。她接了筆略看一看，仍仰著臉向我。我窘极了。剎那間念頭轉了好几個圈子；到底硬著頭皮搭訕著說，“就這樣刨好了。”我赶緊向門外一瞥，就走回原處看報去。但我的頭剛低下，我的眼已抬起來了。于是遠遠地從容地問道，“你會么？”她不曾掉過頭來，只“嚶”了一聲，也不說話。我看了她背影一會。覺得應該低下頭了。等我再抬起頭來時，她已默默地向外走了。她似乎總是望前看的；我想再問她一句話，但終于不曾出口。我撇下了報，站起來走了一會，便回到自己屋里。

我一直想著些什么，但什么也沒有想出。

第二天早上看見她往廚房里走時，我發愿我的眼將老跟著她的影子！她的影子真好。她那几步路走得又敏捷，又勻稱，又苗條，正如一只可愛的小貓。她兩手各提著一只水壺，又令我想到在一條細細的索儿上抖擻精神走著的女子。這全由于她的腰；她的腰真太軟了，用白水的話說，真是軟到使我如吃蘇州的牛皮糖一樣。不止她的腰，我的日記里說得好：“她有一套和云霞比美，水月爭靈的曲線，織成大大的一張迷惑的网！”而那兩頰的曲線，尤其甜蜜可人。她兩頰是白中透著微紅，潤澤如玉。她的皮膚，嫩得可以掐出水來；我的日記里說，“我很想去掐她一下呀！”她的眼像一雙小燕子，老是在灩灩的春水上打著圈儿。她的笑最使我記住，像一朵花漂浮在我的腦海里。我不是說過，她的小圓臉像正開的桃花么？那么，她微笑的時候，便是盛開的時候了：花房里充滿了蜜，真如要流出來的樣子。她的髮不甚厚，但黑而有光，柔軟而滑，如純絲一般。只可惜我不曾聞著一些儿香。唉！從前我在窗前看她好多次，所得的真太少了；若不是昨晚一見，——雖只几分鐘——我真太對不起這樣一個人儿了。

午飯后，韋君照例地睡午覺去了，只有我，韋小姐和其他三位小姐在書房里。我有意無意地談起阿河的事。我說：

“你們怎知道她的志气好呢？”

“那天我們教給她打絨繩鞋；”一位蔡小姐便答道，“看她很聰明，就問她為甚么不念書？她被我們一問，就傷心起來了。……”

“是的，”韋小姐笑著搶了說，“后來還哭了呢；還有一位傻子陪她淌眼淚呢。”

那邊黃小姐可急了，走過來推了她一下。蔡小姐忙攔住道，“人家說正經話，你們盡鬧著玩儿！讓我說完了呀——”“我代你說啵，”韋小姐仍搶著說，“——她說她只有一個爹，沒有娘。嫁了一個男人，倒有三十多歲，土頭土腦的，臉上滿是包！他是李媽的鄰舍，我還看見過呢。……”“好了，底下我說吧。”蔡小姐接著道，“她男人又不要好，盡愛賭錢；她一气，就住到娘家來，有一年多不回去了。”

“她今年几歲？”我問。

“十七不知十八？前年出嫁的，几個月就回家了，”蔡小姐說。

“不，十八，我知道，”韋小姐改正道。

“哦。你們可曾勸她离婚？”

“怎么不勸；”韋小姐應道，“她說十八回去吃她表哥的喜酒，要和她的爹去說呢。”

“你們教她的好事，該當何罪！”我笑了。

她們也都笑了。

十九的早上，我正在屋里看書，听見外面有嚷嚷的聲音；這是從來沒有的。我立刻走出來看；只見門外有兩個鄉下人要走進來，卻給阿齊攔住。他們只是央告，阿齊只是不肯。這時韋君已走出院中，向他們道，

“你們回去吧。人在我這里，不要緊的。快回去，不要瞎吵！”

兩個人面面相覷，說不出一句話；俄延了一會，只好走了。我問韋君什么事？他說，

“阿河囉！還不是瞎吵一回子。”

我想他于男女的事向來是懶得說的，還是回頭問他小姐的好；我們便談到別的事情上去。

吃了飯，我赶緊問韋小姐，她說，

“她是告訴娘的，你問娘去。”

我想這件事有些尷尬，便到西間里問韋太太；她正看著李媽收拾碗碟呢。她見我問，便笑著說，

“你要問這些事做什么？她昨天回去，原是借了阿桂的衣裳穿了去的，打扮得嬌滴滴的，也難怪，被她男人看見了，便約了些不相干的人，將她搶回去過了一夜。今天早上，她騙她男人，說要到此地來拿行李。她男人就會信她，派了兩個人跟著。那知她到了這里，便叫阿齊攔著那跟來的人；她自己便跪在我面前哭訴，說死也不愿回她男人家去。你說我有什么法子。只好讓那跟來的人先回去再說。好在沒有几天，她們要上學了，我將來交給她的爹吧。唉，現在的人，心眼儿真是越過越大了；一個鄉下女人，也會鬧出這樣惊天動地的事了！”

“可不是，”李媽在旁插嘴道，“太太你不知道；我家三叔前儿來，我還听他說呢。我本不該說的，阿彌陀佛！太太，你想她不愿意回婆家，老愿意住在娘家，是什么道理？家里只有一個單身的老子；你想那該死的老畜生！他舍不得放她回去呀！”

“低些，真的么？”韋太太惊詫地問。

“他們說得千真万确的。我早就想告訴太太了，總有些疑心；今天看她的樣子，真有几分對呢。太太，你想現在還成什么世界！”

“這該不至于吧。”我淡淡地插了一句。

“少爺，你那里知道！”韋太太歎了一口气，“——好在沒有几天了，讓她快些走吧；別將我們的運气帶坏了。她的事，我們以后也別談吧。”

開學的通告來了，我定在二十八走。二十六的晚上，阿河忽然不到廚房里挈水了。韋小姐跑來低低地告訴我，“娘叫阿齊將阿河送回去了；我在樓上，都不知道呢。”我應了一聲，一句話也沒有說。正如每日有三頓飽飯吃的人，忽然絕了糧；卻又不能告訴一個人！而且我覺得她的前面是黑洞洞的，此去不定有什么好歹！那一夜我是沒有好好地睡，只翻來覆去地做夢，醒來卻又一例茫然。這樣昏昏沉沉地到了二十八早上，懶懶地向韋君夫婦和韋小姐告別而行，韋君夫婦堅約春假再來住，我只得含糊答應著。出門時，我很想回望廚房几眼；但許多人都站在門口送我，我怎好回頭呢？

到校一打听，老友陸已來了。我不及料理行李，便找著他，將阿河的事一五一十告訴他。他本是個好事的人；听我說時，時而皺眉，時而歎气，時而擦掌。听到她只十八歲時，他突然將舌頭一伸，跳起來道，

“可惜我早有了我那太太！要不然，我准得想法子娶她！”

“你娶她就好了；現在不知鹿死誰手呢？”

我倆默默相對了一會，陸忽然拍著桌子道，

“有了，老汪不是去年失了戀么？他現在還沒有主儿，何不給他倆撮合一下。”

我正要答說，他已出去了。過了一會子，他和汪來了，進門就嚷著說，

“我和他說，他不信；要問你呢！”

“事是有的，人呢，也真不錯。只是人家的事，我們憑什么去管！”我說。

“想法子呀！”陸嚷著。

“什么法子？你說！”

“好，你們盡和我開玩笑，我才不理會你們呢！”汪笑了。

我們几乎每天都要談到阿河，但誰也不曾認真去“想法子。”

一轉眼已到了春假。我再到韋君別墅的時候，水是綠綠的，桃腮柳眼，著意引人。我卻只惦著阿河，不知她怎么樣了。那時韋小姐已回來兩天。我背地里問她，她說，“奇得很！阿齊告訴我，說她二月間來求娘來了。她說她男人已死了心，不想她回去；只不肯白白地放掉她。他教她的爹拿出八十塊錢來，人就是她的爹的了；他自己也好另娶一房人。可是阿河說她的爹那有這些錢？她求娘可怜可怜她！娘的脾气你知道。她是個古板的人；她數說了阿河一頓，一個錢也不給！",說了阿河一頓一個錢也不給,我現,woxian,wo xian,FALSE,1:我先 | 2:我縣 | 3:我係 | 4:我喜 | 5:我洗 | 6:我 | 7:喔 | 8:窩 | 9:握 | 10:臥,FALSE,,,,,
polyphonic_unflagged,e9442eea948af62b4967ee36,槳聲燈影裏的秦淮河,2597,2599,"一九二三年八月的一晚，我和平伯同遊秦淮河；平伯是初泛，我是重來了。我們雇了一隻「七板子」，在夕陽已去、皎月方來的時候，便下了船。於是槳聲汩汩，我們開始領略那晃蕩著薔薇色的歷史的秦淮河的滋味了。

秦淮河裏的船，比北京万生園、頤和園的船好，比西湖的船好，比揚州瘦西湖的船也好。這幾處的船不是覺著笨，就是覺著簡陋、局促；都不能引起乘客們的情韻，如秦淮河的船一樣。秦淮河的船約略可分為兩種：一是大船；一是小船，就是所謂「七板子」。大船艙口闊大，可容二三十人。裏面陳設著字畫和光潔的紅木家具，桌上一律嵌著冰涼的大理石面。窗格雕鏤頗細，使人起柔膩之感。窗格里映著紅色藍色的玻璃；玻璃上有精緻的花紋，也頗悅人目。「七板子」規模雖不及大船，但那淡藍色的欄杆，空敞的艙，也足繫人情思。而最出色處卻在它的艙前。艙前是甲板上的一部，上面有弧形的頂，兩邊用疏疏的欄杆支著。裏面通常放著兩張藤的躺椅。躺下，可以談天，可以望遠，可以顧盼兩岸的河房。大船上也有這個，但在小船上更覺清雋罷了。艙前的頂下，一律懸著燈彩；燈的多少、明暗，彩蘇的精粗、艷晦，是不一的，但好歹總還你一個燈彩。這燈彩實在是最能勾人的東西。夜幕垂垂地下來時，大小船上都點起燈火。從兩重玻璃裏映出那輻射著的黃黃的散光，反暈出一片朦朧的煙靄；透過這煙靄，在黯黯的水波里，又逗起縷縷的明漪。在這薄靄和微漪裏，聽著那悠然的間歇的槳聲，誰能不被引入他的美夢去呢？只愁夢太多了，這些大小船兒如何載得起呀？我們這時模模糊糊的談著明末的秦淮河的艷跡，如《桃花扇》及《板橋雜記》裏所載的。我們真神往了。我們彷彿親見那時華燈映水，畫舫凌波的光景了。於是我們的船便成了歷史的重載了。我們終於恍然秦淮河的船所以雅麗過於他處，而又有奇異的吸引力的，實在是許多歷史的影像使然了。

秦淮河的水是碧陰陰的；看起來厚而不膩，或者是六朝金粉所凝麼？我們初上船的時候，天色還未斷黑，那漾漾的柔波是這樣恬靜、委婉，使我們一面有水闊天空之想，一面又憧憬著紙醉金迷之境了。等到燈火明時，陰陰的變為沈沉了：黯淡的水光，像夢一般；那偶然閃爍著的光芒，就是夢的眼睛了。我們坐在艙前，因了那隆起的頂棚，彷彿總是昂著首向前走著似的；於是飄飄然如御風而行的我們，看著那些自在的灣泊著的船，船裏走馬燈般的人物，便像是下界一般，迢迢的遠了，又像在霧裏看花，盡朦朦朧朧的。這時我們已過了利涉橋，望見東關頭了。沿路聽見斷續的歌聲：有從沿河的妓樓飄來的，有從河上船裏渡來的。我們明知那些歌聲，只是些因襲的言詞，從生澀的歌喉裏機械的發出來的；但它們經了夏夜的微風的吹漾和水波的搖拂，嬝娜著到我們耳邊的時候，已經不單是她們的歌聲，而混著微風和河水的密語了。於是我們不得不被牽惹著，震撼著，相與浮沉於這歌聲裏了。從東關頭轉彎，不久就到大中橋。大中橋共有三個橋拱，都很闊大，儼然是三座門兒；使我們覺得我們的船和船裏的我們，在橋下過去時，真是太無顏色了。橋磚是深褐色，表明它的歷史的長久；但都完好無缺，令人太息於古昔工程的堅美。橋上兩旁都是木壁的房子，中間應該有街路。這些房子都破舊了，多年煙熏的跡，遮沒了當年的美麗。我想像秦淮河的極盛時，在這樣宏闊的橋上，特地蓋了房子，必然是髹漆得富富麗麗的；晚間必然是燈火通明的，現在卻只剩下一片黑沉沉！但是橋上造著房子，畢竟使我們多少可以想見往日的繁華；這也慰情聊勝無了。過了大中橋，便到了燈月交輝、笙歌徹夜的秦淮河，這才是秦淮河的真面目哩。

大中橋外，頓然空闊，和橋內兩岸排著密密的人家的景像大異了。一眼望去，疏疏的林，淡淡的月，襯著蔚藍的天，頗像荒江野渡光景；那邊呢，鬱叢叢的，陰森森的，又似乎藏著無邊的黑暗，令人幾乎不信那是繁華的秦淮河了。但是河中眩暈著的燈光，縱橫著的畫舫，悠揚著的笛韻，夾著那吱吱的胡琴聲，終於使我們認識綠如茵陳酒的秦淮水了。此地天裸露著的多些，故覺夜來的獨遲些；從清清的水影裏，我們感到的只是薄薄的夜——這正是秦淮河的夜。大中橋外，本來還有一座復成橋，是船夫口中的我們的遊踪盡處，或也是秦淮河繁華的盡處了。我的腳曾踏過復成橋的脊，在十三四歲的時候。但是兩次遊秦淮河，卻都不曾見著復成橋的面；明知總在前途的，卻常覺得有些虛無縹緲似的。我想，不見倒也好。這時正是盛夏。我們下船後，藉著新生的晚涼和河上的微風，暑氣已漸漸消散；到了此地，豁然開朗，身子頓然輕了——習習的清風荏苒在面上、手上、衣上，這便又感到了一縷新涼了。南京的日光，大概沒有杭州猛烈；西湖的夏夜老是熱蓬蓬的，水像沸著一般，秦淮河的水卻盡是這樣冷冷地綠著。任你人影的憧憧，歌聲的擾擾，總像隔著一層薄薄的綠紗面冪似的；它盡是這樣靜靜的、冷冷的綠著。我們出了大中橋，走不上半里路，船夫便將船劃到一旁，停了槳由它宕著。他以為那裏正是繁華的極點，再過去就是荒涼了；所以讓我們多多賞鑑一會兒。他自己卻靜靜的蹲著。他是看慣這光景的了，大約只是一個無可無不可。這無可無不可，無論是升的沉的，總之，都比我們高了。

那時河裏鬧熱極了；船大半泊著，小半在水上穿梭似的來往。停泊著的都在近市的那一邊，我們的船自然也夾在其中。因為這邊略略的擠，便覺得那邊十分的疏了。在每一隻船從那邊過去時，我們能畫出它的輕輕的影和曲曲的波，在我們的心上；這顯著是空，且顯著是靜了。那時處處都是歌聲和淒厲的胡琴聲，圓潤的喉嚨，確乎是很少的。但那生澀的，尖脆的調子能使人有少年的，粗率不拘的感覺，也正可快我們的意。況且多少隔開些兒聽著，因為想像與渴慕的做美，總覺更有滋味；而竟發的喧囂，抑揚的不齊，遠近的雜沓，和樂器的嘈嘈切切，合成另一意味的諧音，也使我們無所適從，如隨著大風而走。這實在因為我們的心枯澀久了，變為脆弱；故偶然潤澤一下，便瘋狂似的不能自主了，但秦淮河確也膩人。即如船裏的人面，無論是和我們一堆儿泊著的，無論是從我們眼前過去的，總是模模糊糊的，甚至渺渺茫茫的；任你張圓了眼睛，揩淨了眥垢，也是枉然，這真夠人想呢。在我們停泊的地方，燈光原是紛然的；不過這些燈光都是黃而有暈的。黃已經不能明了，再加上了暈，便更不成了。燈愈多，暈就愈甚；在繁星般的黃的交錯裏，秦淮河彷彿籠上了一團光霧。光芒與霧氣騰騰的暈著，什麼都只剩了輪廓了；所以人面的詳細的曲線，便消失於我們的眼底了。但燈光究竟奪不了那邊的月色；燈光是渾的，月色是清的。在渾沌的",是渾的月色是清的在渾沌的,燈光,dengguang,deng guang,FALSE,1:燈光 | 2:鐙骨 | 3:等 | 4:燈 | 5:登 | 6:鄧 | 7:瞪 | 8:蹬 | 9:凳 | 10:噔,TRUE,1,,,,
polyphonic_unflagged,f2139bb336903b8770c3468c,槳聲燈影裏的秦淮河,5170,5172,"一九二三年八月的一晚，我和平伯同遊秦淮河；平伯是初泛，我是重來了。我們雇了一隻「七板子」，在夕陽已去、皎月方來的時候，便下了船。於是槳聲汩汩，我們開始領略那晃蕩著薔薇色的歷史的秦淮河的滋味了。

秦淮河裏的船，比北京万生園、頤和園的船好，比西湖的船好，比揚州瘦西湖的船也好。這幾處的船不是覺著笨，就是覺著簡陋、局促；都不能引起乘客們的情韻，如秦淮河的船一樣。秦淮河的船約略可分為兩種：一是大船；一是小船，就是所謂「七板子」。大船艙口闊大，可容二三十人。裏面陳設著字畫和光潔的紅木家具，桌上一律嵌著冰涼的大理石面。窗格雕鏤頗細，使人起柔膩之感。窗格里映著紅色藍色的玻璃；玻璃上有精緻的花紋，也頗悅人目。「七板子」規模雖不及大船，但那淡藍色的欄杆，空敞的艙，也足繫人情思。而最出色處卻在它的艙前。艙前是甲板上的一部，上面有弧形的頂，兩邊用疏疏的欄杆支著。裏面通常放著兩張藤的躺椅。躺下，可以談天，可以望遠，可以顧盼兩岸的河房。大船上也有這個，但在小船上更覺清雋罷了。艙前的頂下，一律懸著燈彩；燈的多少、明暗，彩蘇的精粗、艷晦，是不一的，但好歹總還你一個燈彩。這燈彩實在是最能勾人的東西。夜幕垂垂地下來時，大小船上都點起燈火。從兩重玻璃裏映出那輻射著的黃黃的散光，反暈出一片朦朧的煙靄；透過這煙靄，在黯黯的水波里，又逗起縷縷的明漪。在這薄靄和微漪裏，聽著那悠然的間歇的槳聲，誰能不被引入他的美夢去呢？只愁夢太多了，這些大小船兒如何載得起呀？我們這時模模糊糊的談著明末的秦淮河的艷跡，如《桃花扇》及《板橋雜記》裏所載的。我們真神往了。我們彷彿親見那時華燈映水，畫舫凌波的光景了。於是我們的船便成了歷史的重載了。我們終於恍然秦淮河的船所以雅麗過於他處，而又有奇異的吸引力的，實在是許多歷史的影像使然了。

秦淮河的水是碧陰陰的；看起來厚而不膩，或者是六朝金粉所凝麼？我們初上船的時候，天色還未斷黑，那漾漾的柔波是這樣恬靜、委婉，使我們一面有水闊天空之想，一面又憧憬著紙醉金迷之境了。等到燈火明時，陰陰的變為沈沉了：黯淡的水光，像夢一般；那偶然閃爍著的光芒，就是夢的眼睛了。我們坐在艙前，因了那隆起的頂棚，彷彿總是昂著首向前走著似的；於是飄飄然如御風而行的我們，看著那些自在的灣泊著的船，船裏走馬燈般的人物，便像是下界一般，迢迢的遠了，又像在霧裏看花，盡朦朦朧朧的。這時我們已過了利涉橋，望見東關頭了。沿路聽見斷續的歌聲：有從沿河的妓樓飄來的，有從河上船裏渡來的。我們明知那些歌聲，只是些因襲的言詞，從生澀的歌喉裏機械的發出來的；但它們經了夏夜的微風的吹漾和水波的搖拂，嬝娜著到我們耳邊的時候，已經不單是她們的歌聲，而混著微風和河水的密語了。於是我們不得不被牽惹著，震撼著，相與浮沉於這歌聲裏了。從東關頭轉彎，不久就到大中橋。大中橋共有三個橋拱，都很闊大，儼然是三座門兒；使我們覺得我們的船和船裏的我們，在橋下過去時，真是太無顏色了。橋磚是深褐色，表明它的歷史的長久；但都完好無缺，令人太息於古昔工程的堅美。橋上兩旁都是木壁的房子，中間應該有街路。這些房子都破舊了，多年煙熏的跡，遮沒了當年的美麗。我想像秦淮河的極盛時，在這樣宏闊的橋上，特地蓋了房子，必然是髹漆得富富麗麗的；晚間必然是燈火通明的，現在卻只剩下一片黑沉沉！但是橋上造著房子，畢竟使我們多少可以想見往日的繁華；這也慰情聊勝無了。過了大中橋，便到了燈月交輝、笙歌徹夜的秦淮河，這才是秦淮河的真面目哩。

大中橋外，頓然空闊，和橋內兩岸排著密密的人家的景像大異了。一眼望去，疏疏的林，淡淡的月，襯著蔚藍的天，頗像荒江野渡光景；那邊呢，鬱叢叢的，陰森森的，又似乎藏著無邊的黑暗，令人幾乎不信那是繁華的秦淮河了。但是河中眩暈著的燈光，縱橫著的畫舫，悠揚著的笛韻，夾著那吱吱的胡琴聲，終於使我們認識綠如茵陳酒的秦淮水了。此地天裸露著的多些，故覺夜來的獨遲些；從清清的水影裏，我們感到的只是薄薄的夜——這正是秦淮河的夜。大中橋外，本來還有一座復成橋，是船夫口中的我們的遊踪盡處，或也是秦淮河繁華的盡處了。我的腳曾踏過復成橋的脊，在十三四歲的時候。但是兩次遊秦淮河，卻都不曾見著復成橋的面；明知總在前途的，卻常覺得有些虛無縹緲似的。我想，不見倒也好。這時正是盛夏。我們下船後，藉著新生的晚涼和河上的微風，暑氣已漸漸消散；到了此地，豁然開朗，身子頓然輕了——習習的清風荏苒在面上、手上、衣上，這便又感到了一縷新涼了。南京的日光，大概沒有杭州猛烈；西湖的夏夜老是熱蓬蓬的，水像沸著一般，秦淮河的水卻盡是這樣冷冷地綠著。任你人影的憧憧，歌聲的擾擾，總像隔著一層薄薄的綠紗面冪似的；它盡是這樣靜靜的、冷冷的綠著。我們出了大中橋，走不上半里路，船夫便將船劃到一旁，停了槳由它宕著。他以為那裏正是繁華的極點，再過去就是荒涼了；所以讓我們多多賞鑑一會兒。他自己卻靜靜的蹲著。他是看慣這光景的了，大約只是一個無可無不可。這無可無不可，無論是升的沉的，總之，都比我們高了。

那時河裏鬧熱極了；船大半泊著，小半在水上穿梭似的來往。停泊著的都在近市的那一邊，我們的船自然也夾在其中。因為這邊略略的擠，便覺得那邊十分的疏了。在每一隻船從那邊過去時，我們能畫出它的輕輕的影和曲曲的波，在我們的心上；這顯著是空，且顯著是靜了。那時處處都是歌聲和淒厲的胡琴聲，圓潤的喉嚨，確乎是很少的。但那生澀的，尖脆的調子能使人有少年的，粗率不拘的感覺，也正可快我們的意。況且多少隔開些兒聽著，因為想像與渴慕的做美，總覺更有滋味；而竟發的喧囂，抑揚的不齊，遠近的雜沓，和樂器的嘈嘈切切，合成另一意味的諧音，也使我們無所適從，如隨著大風而走。這實在因為我們的心枯澀久了，變為脆弱；故偶然潤澤一下，便瘋狂似的不能自主了，但秦淮河確也膩人。即如船裏的人面，無論是和我們一堆儿泊著的，無論是從我們眼前過去的，總是模模糊糊的，甚至渺渺茫茫的；任你張圓了眼睛，揩淨了眥垢，也是枉然，這真夠人想呢。在我們停泊的地方，燈光原是紛然的；不過這些燈光都是黃而有暈的。黃已經不能明了，再加上了暈，便更不成了。燈愈多，暈就愈甚；在繁星般的黃的交錯裏，秦淮河彷彿籠上了一團光霧。光芒與霧氣騰騰的暈著，什麼都只剩了輪廓了；所以人面的詳細的曲線，便消失於我們的眼底了。但燈光究竟奪不了那邊的月色；燈光是渾的，月色是清的。在渾沌的燈光裏，滲入一派清輝，卻真是奇蹟！那晚月兒已瘦削了兩三分。她晚妝才罷，盈盈的上了柳梢頭。天是藍得可愛，彷彿一汪水似的；月兒便更出落得精神了。岸上原有三株兩株的垂楊樹，淡淡的影子，在水里搖曳著。它們那柔細的枝條浴著月光，就像一支支美人的臂膊，交互的纏著、挽著；又像是月兒披著的髪。而月兒偶爾也從它們的交叉處偷偷窺看我們，大有小姑娘怕羞的樣子。岸上另有幾株不知名的老樹，光光的立著；在月光裏照起來，卻又儼然是精神矍鑠的老人。遠處快到天際線了，才有一兩片白雲，亮得現出異彩，像是美麗的貝殼一般。白雲下便是黑黑的一帶輪廓；是一條隨意畫的不規則的曲線。這一段光景，和河中的風味大異了。但燈與月竟能並存著，交融著，使月成了纏綿的月，燈射著渺渺的靈輝，這正是天之所以厚秦淮河，也正是天之所以厚我們了。

這時卻遇著了難解的糾紛。秦淮河上原有一種歌妓，是以歌為業的。從前都在茶舫上，唱些大曲之類。每日午後一時起；什麼時候止，卻忘記了。晚上照樣也有一回，也在黃暈的燈光裏。我從前過南京時，曾隨著朋友去聽過兩次。因為茶舫裏的人臉太多了，覺得不大適意，終於聽不出所以然。前年聽說歌妓被取締了，不知怎的，頗涉想了幾次卻想不出什麼。這次到南京，先到茶舫上去看看，覺得頗是寂寥，令我無端的悵悵了。不料她們卻仍在秦淮河裏掙扎著，不料她們竟會糾纏到我們，我於是很張皇了，她們也乘著「七板子」，她們總是坐在艙前的。艙前點著石油汽燈，光亮炫人眼目：坐在下面的，自然是纖毫畢見了。引誘客人們的力量，也便在此了。艙裏躲著樂工等人，映著汽燈的餘輝蠕動著；他們是永遠不被注意的。每船的歌妓大約都是二人；天色一黑，她們的船就在大中橋外往來不息的兜生意。無論行著的船，泊著的船，都要來兜攬的。這都是我後來推想出來的。那晚不知怎樣，忽然輪著我們的船了。我們的船好好的停著，一隻歌舫劃向我們來了；漸漸和我們的船並著了。爍爍的燈光逼得我們皺起了眉頭；我們的風塵色全給它托出來了，這使我踧踖不安了。那時一個伙計跨過船來，拿著攤開的歌摺，就近塞向我的手裏，說：「點幾出吧！」他跨過來的時候，我們船上似乎有許多眼光跟著。同時相近的別的船上也似乎有許多眼睛炯炯的向我們船上看著。我真窘了！我也裝出大方的樣子，向歌妓們瞥了一眼，但究竟是不成的！我勉強將那歌摺翻了一翻，卻不曾看清了幾個字；便趕緊遞還那伙計，一面不好意思地說「不要，我們⋯⋯不要。」他便塞給平伯，平伯掉轉頭去，搖手說：「不要！」那人還膩著不走。平伯又回過臉來，搖著頭道「不要！」於是那人重到我處，我窘著再拒絕了他。他這纔有所不屑似的走了。

我的心立刻放下，如釋了重負一般。我們就開始自白了。

我說我受了道德律的壓迫，拒絕了她們；心裏似乎很抱歉的。這所謂抱歉，一面對於她們，一面對於我自己。她們於我們雖然沒有很奢的希望；但總有些希望的。我們拒絕了她們，無論理由如何充足，卻使她們的希望受了傷；這總有幾分不做美了，這是我覺得很悵悵的。至於我自己，更有一種不足之感。我這時被四面的歌聲誘惑了，降伏了；但是遠遠的，遠遠的歌聲總彷彿隔著重衣搔癢似的，越搔越搔不著癢處。我於是憧憬著貼耳的妙音了。在歌舫劃來時，我的憧憬，變為盼望；我固執的盼望著，有如飢渴。雖然從淺薄的經驗裏，也能夠推知，那貼耳的歌聲，將剝去了一切的美妙；但一個平常的人像我的，谁愿憑了理性之力去醜化未來呢？我寧願自己騙著了。不過我的社會感性是很敏銳的；我的思力能拆穿道德律的西洋鏡，而我的感情卻終於被它壓服著。我於是有所顧忌了，尤其是在眾目昭彰的時候。道德律的力，本來是民眾賦予的；在民眾的面前，自然更顯出它的威嚴了。我這時一面盼望，一面卻感到了兩重的禁制：一、在通俗的意義上，接近妓者總算一種不正當的行為；二、妓是一種不健全的職業，我們對於她們，應有哀矜勿喜之心，不應賞玩的去聽她們的歌。在眾目睽睽之下，這兩種思想在我心裏最為旺盛。她們暫時壓倒了我的聽歌的盼望，這便成就了我的灰色的拒絕。那時的心實在異常狀態中，覺得頗是昏亂。歌舫去了，暫時寧靜之後，我的思緒又如潮湧了。兩個相反的意思在我心頭往復：賣歌和賣淫不同，聽歌和狎妓不同，又干道德甚事？但是，但是，她們既被逼的以歌為業，她們的歌必無藝術味的；況她們的身世，我們究竟該同情的，所以拒絕倒也是正辦。但這些意思終於不曾撇開我的聽歌的盼望。它力量異常堅強；它總想將別的思緒踏在腳下。從這重重的爭鬬里，我感到了濃厚的不足之感。這不足之感使我的心盤旋不安，起坐都不安寧了。唉！我承認我是一個自私的人！平伯呢，卻與我不同。他引周啟明先生的詩，「因為我有妻子，所以我愛一切的女人；因為我有子女，所以我愛一切的孩子。」他的意思可以見了。他因為推及的同情，愛著那些歌妓，並且尊重著她們，所以拒絕了她們。在這種情形下，他自然以為聽是對於她們的一種侮辱。但他也是想听歌的，雖然不和我一樣。所以在他的心中，當然也有一番小小的爭鬬；爭鬬的結果，是同情勝了。至於道德律，在他是沒有什麼的：因為他很有蔑視一切的傾向，民眾的力量在他是不大覺著的。這時他的心意的活動比較簡單，又比較鬆弱，故事後還怡然自若；我卻不能了。這里平伯又比我高了。

在我們談話中間，又來了兩隻歌舫。伙計照前一樣的請我們點戲，我們照前一樣的拒絕了。我受了三次窘，心裏的不安更甚了。清豔的夜景也為之減色。船夫大約因為要趕第二趟生意，催著我們回去；我們無可無不可的答應了。我們漸漸和那些暈黃的燈光遠了，只有些月色冷清清的隨著我們的歸舟。我們的船竟沒個伴兒，秦淮河的夜正長哩！到大中橋近處，才遇著一隻來船。這是一隻載妓的板船，黑漆漆的沒有一點光。船頭上坐著一個妓女；暗裏看出，白地小花的衫子，黑的下衣。她手里拉著胡琴，口裏唱著青衫的調子。她唱得響亮而圓轉；當她的船箭一般駛過去時，餘音還裊裊的在我們耳際，使我們傾聽而嚮往。想不到在弩末的遊踪裏，還能領略到這樣的清歌！這時船過大中橋了，森森的水影，如黑暗張著巨口，要將我們的船吞了下去。我們回顧那渺渺的黃光，不勝依戀之情；我們感到了寂寞了！這一段地方夜色甚濃，又有兩頭的燈火招邀著；橋外的燈火不用說了，過了橋另有東關頭疏疏的燈火。我們忽然仰頭看見依人的素月，不覺深悔歸來之早了！走過東關頭，有一兩隻大船灣泊著，又有幾隻船向我們來著。囂囂的一陣歌聲",向我們來著囂囂的一陣歌聲,人語,renyu,ren yu,FALSE,1:人與 | 2:人魚 | 3:人慾 | 4:任於 | 5:人欲 | 6:人語 | 7:仁宇 | 8:人 | 9:任 | 10:忍,TRUE,6,,,,
polyphonic_unflagged,ca664c8d95fb27d111ce01de,阿河,3946,3948,"我這一回寒假，因為養病，住到一家親戚的別墅里去。那別墅是在鄉下。前面偏左的地方，是一片淡藍的湖水，對岸環擁著不盡的青山。山的影子倒映在水里，越顯得清清朗朗的。水面常如鏡子一般。風起時，微有皺痕；像少女們皺她們的眉頭，過一會子就好了。湖的余勢束成一條小港，緩緩地不聲不響地流過別墅的門前。門前有一條小石橋，橋那邊盡是田畝。這邊沿岸一帶，相間地栽著桃樹和柳樹，春來當有一番熱鬧的夢。別墅外面繚繞著短短的竹篱，篱外是小小的路。里邊一座向南的樓，背后便倚著山。西邊是三間平屋，我便住在這里。院子里有兩塊草地，上面隨便放著兩三塊石頭。另外的隙地上，或羅列著盆栽，或种蒔著花草。篱邊還有几株枝干蟠曲的大樹，有一株几乎要伸到水里去了。

我的親戚韋君只有夫婦二人和一個女儿。她在外邊念書，這時也剛回到家里。她邀來三位同學，同到她家過這個寒假；兩位是親戚，一位是朋友。她們住著樓上的兩間屋子。韋君夫婦也住在樓上。樓下正中是客廳，常是閒著，西間是吃飯的地方；東間便是韋君的書房，我們談天，喝茶，看報，都在這里。我吃了飯，便是一個人，也要到這里來閒坐一回。我來的第二天，韋小姐告訴我，她母親要給她們找一個好好的女用人；長工阿齊說有一個表妹，母親叫他明天就帶來做做看呢。她似乎很高興的樣子，我只是不經意地答應。

平屋与樓屋之間，是一個小小的廚房。我住的是東面的屋子，從窗子里可以看見廚房里人的來往。這一天午飯前，我偶然向外看看，見一個面生的女用人，兩手提著兩把白鐵壺，正往廚房里走；韋家的李媽在她前面領著，不知在和她說甚么話。她的頭髮亂蓬蓬的，像冬天的枯草一樣。身上穿著鑲邊的黑布棉襖和夾褲，黑里已泛出黃色；棉襖長与膝齊，夾褲也直拖到腳背上。腳倒是雙天足，穿著尖頭的黑布鞋，后跟還帶著兩片同色的“葉拔儿”。想這就是阿齊帶來的女用人了；想完了就坐下看書。晚飯后，韋小姐告訴我，女用人來了，她的名字叫“阿河”。我說，“名字很好，只是人土些；還能做么？”她說，“別看她土，很聰明呢。”我說，“哦。”便接著看手中的報了。

以后每天早上，中上，晚上，我常常看見阿河挈著水壺來往；她的眼似乎總是望前看的。兩個禮拜匆匆地過去了。韋小姐忽然和我說，你別看阿河土，她的志气很好，她是個可怜的人。我和娘說，把我前年在家穿的那身棉襖褲給了她吧。我嫌那兩件衣服太花，給了她正好。娘先不肯，說她來了沒有几天；后來也肯了。今天拿出來讓她穿，正合式呢。我們教給她打絨繩鞋，她真聰明，一學就會了。她說拿到工錢，也要打一雙穿呢。我等几天再和娘說去。

“她這樣愛好！怪不得頭髮光得多了，原來都是你們教她的。好！你們盡教她講究，她將來怕不愿回家去呢。”大家都笑了。

舊新年是過去了。因為江浙的兵事，我們的學校一時還不能開學。我們大家都樂得在別墅里多住些日子。這時阿河如換了一個人。她穿著寶藍色挑著小花儿的布棉襖褲；腳下是嫩藍色毛繩鞋，鞋口還綴著兩個半藍半白的小絨球儿。我想這一定是她的小姐們給幫忙的。古語說得好，“人要衣裳馬要鞍”，阿河這一打扮，真有些楚楚可怜了。她的頭髮早已是刷得光光的，覆額的留海也梳得十分伏帖。一張小小的圓臉，如正開的桃李花；臉上并沒有笑，卻隱隱地含著春日的光輝，像花房里充了蜜一般。這在我几乎是一個奇跡；我現在是常站在窗前看她了。我覺得在深山里發見了一粒貓儿眼；這樣精純的貓儿眼，是我生平所僅見！我覺得我們相識已太長久，极愿和她說一句話——极平淡的話，一句也好。但我怎好平白地和她攀談呢？這樣郁郁了一禮拜。

這是元宵節的前一晚上。我吃了飯，在屋里坐了一會，覺得有些無聊，便信步走到那書房里。拿起報來，想再細看一回。忽然門鈕一響，阿河進來了。她手里拿著三四支顏色鉛筆；出乎意料地走近了我。她站在我面前了，靜靜地微笑著說：“白先生，你知道鉛筆刨在哪里？”一面將拿著的鉛筆給我看。我不自主地立起來，匆忙地應道，“在這里；”我用手指著南邊柱子。但我立刻覺得這是不夠的。我領她走近了柱子。這時我像閃電似地躊躇了一下，便說，“我…… 我……”她一聲不響地已將一支鉛筆交給我。我放進刨子里刨給她看。刨了兩下，便想交給她；但終于刨完了一支，交還了她。她接了筆略看一看，仍仰著臉向我。我窘极了。剎那間念頭轉了好几個圈子；到底硬著頭皮搭訕著說，“就這樣刨好了。”我赶緊向門外一瞥，就走回原處看報去。但我的頭剛低下，我的眼已抬起來了。于是遠遠地從容地問道，“你會么？”她不曾掉過頭來，只“嚶”了一聲，也不說話。我看了她背影一會。覺得應該低下頭了。等我再抬起頭來時，她已默默地向外走了。她似乎總是望前看的；我想再問她一句話，但終于不曾出口。我撇下了報，站起來走了一會，便回到自己屋里。

我一直想著些什么，但什么也沒有想出。

第二天早上看見她往廚房里走時，我發愿我的眼將老跟著她的影子！她的影子真好。她那几步路走得又敏捷，又勻稱，又苗條，正如一只可愛的小貓。她兩手各提著一只水壺，又令我想到在一條細細的索儿上抖擻精神走著的女子。這全由于她的腰；她的腰真太軟了，用白水的話說，真是軟到使我如吃蘇州的牛皮糖一樣。不止她的腰，我的日記里說得好：“她有一套和云霞比美，水月爭靈的曲線，織成大大的一張迷惑的网！”而那兩頰的曲線，尤其甜蜜可人。她兩頰是白中透著微紅，潤澤如玉。她的皮膚，嫩得可以掐出水來；我的日記里說，“我很想去掐她一下呀！”她的眼像一雙小燕子，老是在灩灩的春水上打著圈儿。她的笑最使我記住，像一朵花漂浮在我的腦海里。我不是說過，她的小圓臉像正開的桃花么？那么，她微笑的時候，便是盛開的時候了：花房里充滿了蜜，真如要流出來的樣子。她的髮不甚厚，但黑而有光，柔軟而滑，如純絲一般。只可惜我不曾聞著一些儿香。唉！從前我在窗前看她好多次，所得的真太少了；若不是昨晚一見，——雖只几分鐘——我真太對不起這樣一個人儿了。

午飯后，韋君照例地睡午覺去了，只有我，韋小姐和其他三位小姐在書房里。我有意無意地談起阿河的事。我說：

“你們怎知道她的志气好呢？”

“那天我們教給她打絨繩鞋；”一位蔡小姐便答道，“看她很聰明，就問她為甚么不念書？她被我們一問，就傷心起來了。……”

“是的，”韋小姐笑著搶了說，“后來還哭了呢；還有一位傻子陪她淌眼淚呢。”

那邊黃小姐可急了，走過來推了她一下。蔡小姐忙攔住道，“人家說正經話，你們盡鬧著玩儿！讓我說完了呀——”“我代你說啵，”韋小姐仍搶著說，“——她說她只有一個爹，沒有娘。嫁了一個男人，倒有三十多歲，土頭土腦的，臉上滿是包！他是李媽的鄰舍，我還看見過呢。……”“好了，底下我說吧。”蔡小姐接著道，“她男人又不要好，盡愛賭錢；她一气，就住到娘家來，有一年多不回去了。”

“她今年几歲？”我問。

“十七不知十八？前年出嫁的，几個月就回家了，”蔡小姐說。

“不，十八，我知道，”韋小姐改正道。

“哦。你們可曾勸她离婚？”

“怎么不勸；”韋小姐應道，“她說十八回去吃她表哥的喜酒，要和她的爹去說呢。”

“你們教她的好事，該當何罪！”我笑了。

她們也都笑了。

十九的早上，我正在屋里看書，听見外面有嚷嚷的聲音；這是從來沒有的。我立刻走出來看；只見門外有兩個鄉下人要走進來，卻給阿齊攔住。他們只是央告，阿齊只是不肯。這時韋君已走出院中，向他們道，

“你們回去吧。人在我這里，不要緊的。快回去，不要瞎吵！”

兩個人面面相覷，說不出一句話；俄延了一會，只好走了。我問韋君什么事？他說，

“阿河囉！還不是瞎吵一回子。”

我想他于男女的事向來是懶得說的，還是回頭問他小姐的好；我們便談到別的事情上去。

吃了飯，我赶緊問韋小姐，她說，

“她是告訴娘的，你問娘去。”

我想這件事有些尷尬，便到西間里問韋太太；她正看著李媽收拾碗碟呢。她見我問，便笑著說，

“你要問這些事做什么？她昨天回去，原是借了阿桂的衣裳穿了去的，打扮得嬌滴滴的，也難怪，被她男人看見了，便約了些不相干的人，將她搶回去過了一夜。今天早上，她騙她男人，說要到此地來拿行李。她男人就會信她，派了兩個人跟著。那知她到了這里，便叫阿齊攔著那跟來的人；她自己便跪在我面前哭訴，說死也不愿回她男人家去。你說我有什么法子。只好讓那跟來的人先回去再說。好在沒有几天，她們要上學了，我將來交給她的爹吧。唉，現在的人，心眼儿真是越過越大了；一個鄉下女人，也會鬧出這樣惊天動地的事了！”

“可不是，”李媽在旁插嘴道，“太太你不知道；我家三叔前儿來，我還听他說呢。我本不該說的，阿彌陀佛！太太，你想她不愿意回婆家，老愿意住在娘家，是什么道理？家里只有一個單身的老子；你想那該死的老畜生！他舍不得放她回去呀！”

“低些，真的么？”韋太太惊詫地問。

“他們說得千真万确的。我早就想告訴太太了，總有些疑心；今天看她的樣子，真有几分對呢。太太，你想現在還成什么世界！”

“這該不至于吧。”我淡淡地插了一句。

“少爺，你那里知道！”韋太太歎了一口气，“——好在沒有几天了，讓她快些走吧；別將我們的運气帶坏了。她的事，我們以后也別談吧。”

開學的通告來了，我定在二十八走。二十六的晚上，阿河忽然不到廚房里挈水了。韋小姐跑來低低地告訴我，“娘叫阿齊將阿河送回去了；我在樓上，都不知道呢。”我應了一聲，一句話也沒有說。正如每日有三頓飽飯吃的人，忽然絕了糧；卻又不能告訴一個人！而且我覺得她的前面是黑洞洞的，此去不定有什么好歹！那一夜我是沒有好好地睡，只翻來覆去地做夢，醒來卻又一例茫然。這樣昏昏沉沉地到了二十八早上，懶懶地向韋君夫婦和韋小姐告別而行，韋君夫婦堅約春假再來住，我只得含糊答應著。出門時，我很想回望廚房几眼；但許多人都站在門口送我，我怎好",多人都站在門口送我我怎好,回頭,huitou,hui tou,FALSE,1:回頭 | 2:會頭 | 3:會 | 4:回 | 5:灰 | 6:輝 | 7:惠 | 8:匯 | 9:慧 | 10:毀,TRUE,1,,,,
polyphonic_unflagged,3eb4084fe9321c298b6b74be,給亡婦,1033,1035,"謙，日子真快，一眨眼你已經死了三個年頭了。這三年裡世事不知變化了多少回，但你未必注意這些個，我知道。你第一惦記的是你幾個孩子，第二便輪著我。孩子和我平分你的世界，你在日如此；你死後若還有知，想來還如此的。告訴你，我夏天回家來著：邁兒長得結實極了，比我高一個頭。閏兒父親說是最乖，可是沒有先前胖了。采芷和轉子都好。五兒全家誇她長得好看；卻在腿上生了濕瘡，整天坐在竹床上不能下來，看了怪可憐的。六兒，我怎麼說好，你明白，你臨終時也和母親談過，這孩子是只可以養著玩兒的，他左挨右挨去年春天，到底沒有挨過去。這孩子生了幾個月，你的肺病就重起來了。我勸你少親近他，只監督著老媽子照管就行。你總是忍不住，一會兒提，一會兒抱的。可是你病中為他操的那一份兒心也夠瞧的。那一個夏天他病的時候多，你成天兒忙著，湯呀，藥呀，冷呀，暖呀，連覺也沒有好好兒睡過。那裡有一分一毫想著你自己。瞧著他硬朗點兒你就樂，乾枯的笑容在黃蠟般的臉上，我只有暗中歎氣而已。

從來想不到做母親的要像你這樣。從邁兒起，你總是自己喂乳，一連四個都這樣。你起初不知道按鐘點兒喂，後來知道了，卻又弄不慣；孩子們每夜裡幾次將你哭醒了，特別是悶熱的夏季。我瞧你的覺老沒睡足。白天裡還得做菜，照料孩子，很少得空兒。你的身子本來壞，四個孩子就累你七八年。到了第五個，你自己實在不成了，又沒乳，只好自己餵奶粉，另雇老媽子專管她。但孩子跟老媽子睡，你就沒有放過心；夜裡一聽見哭，就豎起耳朵聽，工夫一大就得過去看。十六年初，和你到北京來，將邁兒，轉子留在家裡；三年多還不能去接他們，可真把你惦記苦了。你並不常提，我卻明白。你後來說你的病就是惦記出來的；那個自然也有份兒，不過大半還是養育孩子累的。你的短短的十二年結婚生活，有十一年耗費在孩子們身上；而你一點不厭倦，有多少力量用多少，一直到自己毀滅為止。你對孩子一般兒愛，不問男的女的，大的小的。也不想到什麼“養兒防老，積穀防饑”，只拚命的愛去。你對於教育老實說有些外行，孩子們只要吃得好玩得好就成了。這也難怪你，你自己便是這樣長大的。況且孩子們原都還小，吃和玩本來也要緊的。你病重的時候最放不下的還是孩子。病的只剩皮包著骨頭了，總不信自己不會好；老說：“我死了，這一大群孩子可苦了。”後來說送你回家，你想著可以看見邁兒和轉子，也願意；你萬不想到會一走不返的。我送車的時候，你忍不住哭了，說：“還不知能不能再見？”可憐，你的心我知道，你滿想著好好兒帶著六個孩子回來見我的。謙，你那時",個孩子回來見我的謙你那時,一定,yiding,yi ding,FALSE,1:一定 | 2:一頂 | 3:已定 | 4:議定 | 5:一訂 | 6:一丁 | 7:一錠 | 8:以定 | 9:意定 | 10:移鼎,TRUE,1,,,,
polyphonic_unflagged,d694b68389164ff406299185,荷塘月色,664,666,"這幾天心裏頗不寧靜。今晚在院子裏坐着乘涼，忽然想起日日走過的荷塘，在這滿月的光裏，總該另有一番樣子吧。月亮漸漸地升高了，牆外馬路上孩子們的歡笑，已經聽不見了；妻在屋裏拍着閏兒，迷迷糊糊地哼着眠歌。我悄悄地披了大衫，帶上門出去。

沿着荷塘，是一條曲折的小煤屑路。這是一條幽僻的路；白天也少人走，夜晚更加寂寞。荷塘四面，長着許多樹，蓊蓊鬱鬱的。路的一旁，是些楊柳，和一些不知道名字的樹。沒有月光的晚上，這路上陰森森的，有些怕人。今晚卻很好，雖然月光也還是淡淡的。

路上只我一個人，背着手踱着。這一片天地好像是我的；我也像超出了平常的自己，到了另一世界裏。我愛熱鬧，也愛冷靜；愛羣居，也愛獨處。像今晚上，一個人在這蒼茫的月下，什麽都可以想，什麽都可以不想，便覺是個自由的人。白天裏一定要做的事，一定要說的話，現在都可不理。這是獨處的妙處，我且受用這無邊的荷香月色好了。

曲曲折折的荷塘上面，彌望的是田田的葉子。葉子出水很高，像亭亭的舞女的裙。層層的葉子中間，零星地點綴着些白花，有嬝娜地開着的，有羞澀地打着朶兒的；正如一粒粒的明珠，又如碧天裏的星星，又如剛出浴的美人。微風過處，送來縷縷清淸香，彷彿遠處高樓上渺茫的歌聲似的。這時候葉子與花也有一絲的顫動，像閃電般，霎時傳過荷塘的那邊去了。葉子本是肩並肩密密地挨着，這便宛然有了一道凝碧的波痕。葉子底下是脈脈的流水，遮住了，不能見一些顏色；而葉子卻更見風致了。

月光如流水一般，靜靜地瀉在這一片葉子和花上。薄薄的靑霧浮起在荷塘裏。葉子和花彷彿在牛乳中洗過一樣；又像籠着輕紗的夢。",洗過一樣又像籠着輕紗的夢,雖然,suiran,sui ran,FALSE,1:雖然 | 2:歲 | 3:隨 | 4:雖 | 5:遂 | 6:碎 | 7:穗 | 8:隋 | 9:髓 | 10:綏,TRUE,1,,,,
polyphonic_unflagged,db214129a3dd694d593fec42,槳聲燈影裏的秦淮河,894,896,"一九二三年八月的一晚，我和平伯同遊秦淮河；平伯是初泛，我是重來了。我們雇了一隻「七板子」，在夕陽已去、皎月方來的時候，便下了船。於是槳聲汩汩，我們開始領略那晃蕩著薔薇色的歷史的秦淮河的滋味了。

秦淮河裏的船，比北京万生園、頤和園的船好，比西湖的船好，比揚州瘦西湖的船也好。這幾處的船不是覺著笨，就是覺著簡陋、局促；都不能引起乘客們的情韻，如秦淮河的船一樣。秦淮河的船約略可分為兩種：一是大船；一是小船，就是所謂「七板子」。大船艙口闊大，可容二三十人。裏面陳設著字畫和光潔的紅木家具，桌上一律嵌著冰涼的大理石面。窗格雕鏤頗細，使人起柔膩之感。窗格里映著紅色藍色的玻璃；玻璃上有精緻的花紋，也頗悅人目。「七板子」規模雖不及大船，但那淡藍色的欄杆，空敞的艙，也足繫人情思。而最出色處卻在它的艙前。艙前是甲板上的一部，上面有弧形的頂，兩邊用疏疏的欄杆支著。裏面通常放著兩張藤的躺椅。躺下，可以談天，可以望遠，可以顧盼兩岸的河房。大船上也有這個，但在小船上更覺清雋罷了。艙前的頂下，一律懸著燈彩；燈的多少、明暗，彩蘇的精粗、艷晦，是不一的，但好歹總還你一個燈彩。這燈彩實在是最能勾人的東西。夜幕垂垂地下來時，大小船上都點起燈火。從兩重玻璃裏映出那輻射著的黃黃的散光，反暈出一片朦朧的煙靄；透過這煙靄，在黯黯的水波里，又逗起縷縷的明漪。在這薄靄和微漪裏，聽著那悠然的間歇的槳聲，誰能不被引入他的美夢去呢？只愁夢太多了，這些大小船兒如何載得起呀？我們這時模模糊糊的談著明末的秦淮河的艷跡，如《桃花扇》及《板橋雜記》裏所載的。我們真神往了。我們彷彿親見那時華燈映水，畫舫凌波的光景了。於是我們的船便成了歷史的重載了。我們終於恍然秦淮河的船所以雅麗過於他處，而又有奇異的吸引力的，實在是許多歷史的影像使然了。

秦淮河的水是碧陰陰的；看起來厚而不膩，或者是六朝金粉所凝麼？我們初上船的時候，天色還未斷黑，那漾漾的柔波是這樣恬靜、委婉，使我們一面有水闊天空之想，一面又憧憬著紙醉金迷之境了。等到燈火明時，陰陰的變為沈沉了：黯淡的水光，像夢一般；那偶然閃爍著的光芒，就是夢的眼睛了。我們坐在艙前，因了那隆起的",我們坐在艙前因了那隆起的,頂棚,dingpeng,ding peng,FALSE,1:頂棚 | 2:頂篷 | 3:定 | 4:頂 | 5:丁 | 6:訂 | 7:盯 | 8:鼎 | 9:釘 | 10:汀,TRUE,1,,,,
polyphonic_unflagged,981146b53f88f8b58c24fc27,槳聲燈影裏的秦淮河,1841,1843,"一九二三年八月的一晚，我和平伯同遊秦淮河；平伯是初泛，我是重來了。我們雇了一隻「七板子」，在夕陽已去、皎月方來的時候，便下了船。於是槳聲汩汩，我們開始領略那晃蕩著薔薇色的歷史的秦淮河的滋味了。

秦淮河裏的船，比北京万生園、頤和園的船好，比西湖的船好，比揚州瘦西湖的船也好。這幾處的船不是覺著笨，就是覺著簡陋、局促；都不能引起乘客們的情韻，如秦淮河的船一樣。秦淮河的船約略可分為兩種：一是大船；一是小船，就是所謂「七板子」。大船艙口闊大，可容二三十人。裏面陳設著字畫和光潔的紅木家具，桌上一律嵌著冰涼的大理石面。窗格雕鏤頗細，使人起柔膩之感。窗格里映著紅色藍色的玻璃；玻璃上有精緻的花紋，也頗悅人目。「七板子」規模雖不及大船，但那淡藍色的欄杆，空敞的艙，也足繫人情思。而最出色處卻在它的艙前。艙前是甲板上的一部，上面有弧形的頂，兩邊用疏疏的欄杆支著。裏面通常放著兩張藤的躺椅。躺下，可以談天，可以望遠，可以顧盼兩岸的河房。大船上也有這個，但在小船上更覺清雋罷了。艙前的頂下，一律懸著燈彩；燈的多少、明暗，彩蘇的精粗、艷晦，是不一的，但好歹總還你一個燈彩。這燈彩實在是最能勾人的東西。夜幕垂垂地下來時，大小船上都點起燈火。從兩重玻璃裏映出那輻射著的黃黃的散光，反暈出一片朦朧的煙靄；透過這煙靄，在黯黯的水波里，又逗起縷縷的明漪。在這薄靄和微漪裏，聽著那悠然的間歇的槳聲，誰能不被引入他的美夢去呢？只愁夢太多了，這些大小船兒如何載得起呀？我們這時模模糊糊的談著明末的秦淮河的艷跡，如《桃花扇》及《板橋雜記》裏所載的。我們真神往了。我們彷彿親見那時華燈映水，畫舫凌波的光景了。於是我們的船便成了歷史的重載了。我們終於恍然秦淮河的船所以雅麗過於他處，而又有奇異的吸引力的，實在是許多歷史的影像使然了。

秦淮河的水是碧陰陰的；看起來厚而不膩，或者是六朝金粉所凝麼？我們初上船的時候，天色還未斷黑，那漾漾的柔波是這樣恬靜、委婉，使我們一面有水闊天空之想，一面又憧憬著紙醉金迷之境了。等到燈火明時，陰陰的變為沈沉了：黯淡的水光，像夢一般；那偶然閃爍著的光芒，就是夢的眼睛了。我們坐在艙前，因了那隆起的頂棚，彷彿總是昂著首向前走著似的；於是飄飄然如御風而行的我們，看著那些自在的灣泊著的船，船裏走馬燈般的人物，便像是下界一般，迢迢的遠了，又像在霧裏看花，盡朦朦朧朧的。這時我們已過了利涉橋，望見東關頭了。沿路聽見斷續的歌聲：有從沿河的妓樓飄來的，有從河上船裏渡來的。我們明知那些歌聲，只是些因襲的言詞，從生澀的歌喉裏機械的發出來的；但它們經了夏夜的微風的吹漾和水波的搖拂，嬝娜著到我們耳邊的時候，已經不單是她們的歌聲，而混著微風和河水的密語了。於是我們不得不被牽惹著，震撼著，相與浮沉於這歌聲裏了。從東關頭轉彎，不久就到大中橋。大中橋共有三個橋拱，都很闊大，儼然是三座門兒；使我們覺得我們的船和船裏的我們，在橋下過去時，真是太無顏色了。橋磚是深褐色，表明它的歷史的長久；但都完好無缺，令人太息於古昔工程的堅美。橋上兩旁都是木壁的房子，中間應該有街路。這些房子都破舊了，多年煙熏的跡，遮沒了當年的美麗。我想像秦淮河的極盛時，在這樣宏闊的橋上，特地蓋了房子，必然是髹漆得富富麗麗的；晚間必然是燈火通明的，現在卻只剩下一片黑沉沉！但是橋上造著房子，畢竟使我們多少可以想見往日的繁華；這也慰情聊勝無了。過了大中橋，便到了燈月交輝、笙歌徹夜的秦淮河，這才是秦淮河的真面目哩。

大中橋外，頓然空闊，和橋內兩岸排著密密的人家的景像大異了。一眼望去，疏疏的林，淡淡的月，襯著蔚藍的天，頗像荒江野渡光景；那邊呢，鬱叢叢的，陰森森的，又似乎藏著無邊的黑暗，令人幾乎不信那是繁華的秦淮河了。但是河中眩暈著的燈光，縱橫著的畫舫，悠揚著的笛韻，夾著那吱吱的胡琴聲，終於使我們認識綠如茵陳酒的秦淮水了。此地天裸露著的多些，故覺夜來的獨遲些；從清清的水影裏，我們感到的只是薄薄的夜——這正是秦淮河的夜。大中橋外，本來還有一座復成橋，是船夫口中的我們的遊踪盡處，或也是秦淮河繁華的盡處了。我的腳曾踏過復成橋的脊，在十三四歲的時候。但是兩次遊秦淮河，卻都不曾見著復成橋的面；明知總在前途的，卻常覺得有些虛無縹緲似的。我想，不見倒也好。這時正是盛夏。我們下船後，藉著新生的晚涼和河上的微風，暑氣已漸漸消散；到了此地，豁然開朗，身子頓然輕了——習習的清風荏苒在面上、手上、衣上，這便又感到了一縷新涼了。南京的日光，大概沒有杭州猛烈；",京的日光大概沒有杭州猛烈,西湖,xihu,xi hu,FALSE,1:西湖 | 2:溪湖 | 3:錫壺 | 4:潟湖 | 5:洗護 | 6:翕忽 | 7:系 | 8:西 | 9:係 | 10:洗,TRUE,1,,,,
polyphonic_unflagged,eb9e6bdbe5c7e29ee778b17f,背影,147,149,"我與父親不相見已二年餘了，我最不能忘記的是他的背影。那年冬天，祖母死了，父親的差使也交卸了，正是禍不單行的日子，我從北京到徐州，打算跟着父親奔喪囘家。到徐州見着父親，看見滿院狼藉的東西，又想起祖母，不禁簌簌地流下眼淚。父親說，「事已如此，不必難過，好在天無絕人之路！」

囘家變賣典質，父親還了",之路囘家變賣典質父親還了,虧空,kuikong,kui kong,FALSE,1:虧空 | 2:窺孔 | 3:虧 | 4:奎 | 5:葵 | 6:魁 | 7:窺 | 8:愧 | 9:潰 | 10:盔,TRUE,1,,,,
polyphonic_unflagged,ccf58294cd3e94fd3b4e3700,阿河,907,909,"我這一回寒假，因為養病，住到一家親戚的別墅里去。那別墅是在鄉下。前面偏左的地方，是一片淡藍的湖水，對岸環擁著不盡的青山。山的影子倒映在水里，越顯得清清朗朗的。水面常如鏡子一般。風起時，微有皺痕；像少女們皺她們的眉頭，過一會子就好了。湖的余勢束成一條小港，緩緩地不聲不響地流過別墅的門前。門前有一條小石橋，橋那邊盡是田畝。這邊沿岸一帶，相間地栽著桃樹和柳樹，春來當有一番熱鬧的夢。別墅外面繚繞著短短的竹篱，篱外是小小的路。里邊一座向南的樓，背后便倚著山。西邊是三間平屋，我便住在這里。院子里有兩塊草地，上面隨便放著兩三塊石頭。另外的隙地上，或羅列著盆栽，或种蒔著花草。篱邊還有几株枝干蟠曲的大樹，有一株几乎要伸到水里去了。

我的親戚韋君只有夫婦二人和一個女儿。她在外邊念書，這時也剛回到家里。她邀來三位同學，同到她家過這個寒假；兩位是親戚，一位是朋友。她們住著樓上的兩間屋子。韋君夫婦也住在樓上。樓下正中是客廳，常是閒著，西間是吃飯的地方；東間便是韋君的書房，我們談天，喝茶，看報，都在這里。我吃了飯，便是一個人，也要到這里來閒坐一回。我來的第二天，韋小姐告訴我，她母親要給她們找一個好好的女用人；長工阿齊說有一個表妹，母親叫他明天就帶來做做看呢。她似乎很高興的樣子，我只是不經意地答應。

平屋与樓屋之間，是一個小小的廚房。我住的是東面的屋子，從窗子里可以看見廚房里人的來往。這一天午飯前，我偶然向外看看，見一個面生的女用人，兩手提著兩把白鐵壺，正往廚房里走；韋家的李媽在她前面領著，不知在和她說甚么話。她的頭髮亂蓬蓬的，像冬天的枯草一樣。身上穿著鑲邊的黑布棉襖和夾褲，黑里已泛出黃色；棉襖長与膝齊，夾褲也直拖到腳背上。腳倒是雙天足，穿著尖頭的黑布鞋，后跟還帶著兩片同色的“葉拔儿”。想這就是阿齊帶來的女用人了；想完了就坐下看書。晚飯后，韋小姐告訴我，女用人來了，她的名字叫“阿河”。我說，“名字很好，只是人土些；還能做么？”她說，“別看她土，很聰明呢。”我說，“哦。”便接著看手中的報了。

以后每天早上，中上，晚上，我常常看見阿河挈著水壺來往；她的眼似乎總是望前看的。兩個禮拜匆匆地過去了。韋小姐忽然和我說，",地過去了韋小姐忽然和我說,你別,nibie,ni bie,FALSE,1:你別 | 2:你比 | 3:溺斃 | 4:泥壁 | 5:暱比 | 6:昵比 | 7:你 | 8:擬 | 9:尼 | 10:泥,TRUE,1,,,,
polyphonic_unflagged,d3a29fab98d892f0176bb8b5,槳聲燈影裏的秦淮河,5166,5168,"一九二三年八月的一晚，我和平伯同遊秦淮河；平伯是初泛，我是重來了。我們雇了一隻「七板子」，在夕陽已去、皎月方來的時候，便下了船。於是槳聲汩汩，我們開始領略那晃蕩著薔薇色的歷史的秦淮河的滋味了。

秦淮河裏的船，比北京万生園、頤和園的船好，比西湖的船好，比揚州瘦西湖的船也好。這幾處的船不是覺著笨，就是覺著簡陋、局促；都不能引起乘客們的情韻，如秦淮河的船一樣。秦淮河的船約略可分為兩種：一是大船；一是小船，就是所謂「七板子」。大船艙口闊大，可容二三十人。裏面陳設著字畫和光潔的紅木家具，桌上一律嵌著冰涼的大理石面。窗格雕鏤頗細，使人起柔膩之感。窗格里映著紅色藍色的玻璃；玻璃上有精緻的花紋，也頗悅人目。「七板子」規模雖不及大船，但那淡藍色的欄杆，空敞的艙，也足繫人情思。而最出色處卻在它的艙前。艙前是甲板上的一部，上面有弧形的頂，兩邊用疏疏的欄杆支著。裏面通常放著兩張藤的躺椅。躺下，可以談天，可以望遠，可以顧盼兩岸的河房。大船上也有這個，但在小船上更覺清雋罷了。艙前的頂下，一律懸著燈彩；燈的多少、明暗，彩蘇的精粗、艷晦，是不一的，但好歹總還你一個燈彩。這燈彩實在是最能勾人的東西。夜幕垂垂地下來時，大小船上都點起燈火。從兩重玻璃裏映出那輻射著的黃黃的散光，反暈出一片朦朧的煙靄；透過這煙靄，在黯黯的水波里，又逗起縷縷的明漪。在這薄靄和微漪裏，聽著那悠然的間歇的槳聲，誰能不被引入他的美夢去呢？只愁夢太多了，這些大小船兒如何載得起呀？我們這時模模糊糊的談著明末的秦淮河的艷跡，如《桃花扇》及《板橋雜記》裏所載的。我們真神往了。我們彷彿親見那時華燈映水，畫舫凌波的光景了。於是我們的船便成了歷史的重載了。我們終於恍然秦淮河的船所以雅麗過於他處，而又有奇異的吸引力的，實在是許多歷史的影像使然了。

秦淮河的水是碧陰陰的；看起來厚而不膩，或者是六朝金粉所凝麼？我們初上船的時候，天色還未斷黑，那漾漾的柔波是這樣恬靜、委婉，使我們一面有水闊天空之想，一面又憧憬著紙醉金迷之境了。等到燈火明時，陰陰的變為沈沉了：黯淡的水光，像夢一般；那偶然閃爍著的光芒，就是夢的眼睛了。我們坐在艙前，因了那隆起的頂棚，彷彿總是昂著首向前走著似的；於是飄飄然如御風而行的我們，看著那些自在的灣泊著的船，船裏走馬燈般的人物，便像是下界一般，迢迢的遠了，又像在霧裏看花，盡朦朦朧朧的。這時我們已過了利涉橋，望見東關頭了。沿路聽見斷續的歌聲：有從沿河的妓樓飄來的，有從河上船裏渡來的。我們明知那些歌聲，只是些因襲的言詞，從生澀的歌喉裏機械的發出來的；但它們經了夏夜的微風的吹漾和水波的搖拂，嬝娜著到我們耳邊的時候，已經不單是她們的歌聲，而混著微風和河水的密語了。於是我們不得不被牽惹著，震撼著，相與浮沉於這歌聲裏了。從東關頭轉彎，不久就到大中橋。大中橋共有三個橋拱，都很闊大，儼然是三座門兒；使我們覺得我們的船和船裏的我們，在橋下過去時，真是太無顏色了。橋磚是深褐色，表明它的歷史的長久；但都完好無缺，令人太息於古昔工程的堅美。橋上兩旁都是木壁的房子，中間應該有街路。這些房子都破舊了，多年煙熏的跡，遮沒了當年的美麗。我想像秦淮河的極盛時，在這樣宏闊的橋上，特地蓋了房子，必然是髹漆得富富麗麗的；晚間必然是燈火通明的，現在卻只剩下一片黑沉沉！但是橋上造著房子，畢竟使我們多少可以想見往日的繁華；這也慰情聊勝無了。過了大中橋，便到了燈月交輝、笙歌徹夜的秦淮河，這才是秦淮河的真面目哩。

大中橋外，頓然空闊，和橋內兩岸排著密密的人家的景像大異了。一眼望去，疏疏的林，淡淡的月，襯著蔚藍的天，頗像荒江野渡光景；那邊呢，鬱叢叢的，陰森森的，又似乎藏著無邊的黑暗，令人幾乎不信那是繁華的秦淮河了。但是河中眩暈著的燈光，縱橫著的畫舫，悠揚著的笛韻，夾著那吱吱的胡琴聲，終於使我們認識綠如茵陳酒的秦淮水了。此地天裸露著的多些，故覺夜來的獨遲些；從清清的水影裏，我們感到的只是薄薄的夜——這正是秦淮河的夜。大中橋外，本來還有一座復成橋，是船夫口中的我們的遊踪盡處，或也是秦淮河繁華的盡處了。我的腳曾踏過復成橋的脊，在十三四歲的時候。但是兩次遊秦淮河，卻都不曾見著復成橋的面；明知總在前途的，卻常覺得有些虛無縹緲似的。我想，不見倒也好。這時正是盛夏。我們下船後，藉著新生的晚涼和河上的微風，暑氣已漸漸消散；到了此地，豁然開朗，身子頓然輕了——習習的清風荏苒在面上、手上、衣上，這便又感到了一縷新涼了。南京的日光，大概沒有杭州猛烈；西湖的夏夜老是熱蓬蓬的，水像沸著一般，秦淮河的水卻盡是這樣冷冷地綠著。任你人影的憧憧，歌聲的擾擾，總像隔著一層薄薄的綠紗面冪似的；它盡是這樣靜靜的、冷冷的綠著。我們出了大中橋，走不上半里路，船夫便將船劃到一旁，停了槳由它宕著。他以為那裏正是繁華的極點，再過去就是荒涼了；所以讓我們多多賞鑑一會兒。他自己卻靜靜的蹲著。他是看慣這光景的了，大約只是一個無可無不可。這無可無不可，無論是升的沉的，總之，都比我們高了。

那時河裏鬧熱極了；船大半泊著，小半在水上穿梭似的來往。停泊著的都在近市的那一邊，我們的船自然也夾在其中。因為這邊略略的擠，便覺得那邊十分的疏了。在每一隻船從那邊過去時，我們能畫出它的輕輕的影和曲曲的波，在我們的心上；這顯著是空，且顯著是靜了。那時處處都是歌聲和淒厲的胡琴聲，圓潤的喉嚨，確乎是很少的。但那生澀的，尖脆的調子能使人有少年的，粗率不拘的感覺，也正可快我們的意。況且多少隔開些兒聽著，因為想像與渴慕的做美，總覺更有滋味；而竟發的喧囂，抑揚的不齊，遠近的雜沓，和樂器的嘈嘈切切，合成另一意味的諧音，也使我們無所適從，如隨著大風而走。這實在因為我們的心枯澀久了，變為脆弱；故偶然潤澤一下，便瘋狂似的不能自主了，但秦淮河確也膩人。即如船裏的人面，無論是和我們一堆儿泊著的，無論是從我們眼前過去的，總是模模糊糊的，甚至渺渺茫茫的；任你張圓了眼睛，揩淨了眥垢，也是枉然，這真夠人想呢。在我們停泊的地方，燈光原是紛然的；不過這些燈光都是黃而有暈的。黃已經不能明了，再加上了暈，便更不成了。燈愈多，暈就愈甚；在繁星般的黃的交錯裏，秦淮河彷彿籠上了一團光霧。光芒與霧氣騰騰的暈著，什麼都只剩了輪廓了；所以人面的詳細的曲線，便消失於我們的眼底了。但燈光究竟奪不了那邊的月色；燈光是渾的，月色是清的。在渾沌的燈光裏，滲入一派清輝，卻真是奇蹟！那晚月兒已瘦削了兩三分。她晚妝才罷，盈盈的上了柳梢頭。天是藍得可愛，彷彿一汪水似的；月兒便更出落得精神了。岸上原有三株兩株的垂楊樹，淡淡的影子，在水里搖曳著。它們那柔細的枝條浴著月光，就像一支支美人的臂膊，交互的纏著、挽著；又像是月兒披著的髪。而月兒偶爾也從它們的交叉處偷偷窺看我們，大有小姑娘怕羞的樣子。岸上另有幾株不知名的老樹，光光的立著；在月光裏照起來，卻又儼然是精神矍鑠的老人。遠處快到天際線了，才有一兩片白雲，亮得現出異彩，像是美麗的貝殼一般。白雲下便是黑黑的一帶輪廓；是一條隨意畫的不規則的曲線。這一段光景，和河中的風味大異了。但燈與月竟能並存著，交融著，使月成了纏綿的月，燈射著渺渺的靈輝，這正是天之所以厚秦淮河，也正是天之所以厚我們了。

這時卻遇著了難解的糾紛。秦淮河上原有一種歌妓，是以歌為業的。從前都在茶舫上，唱些大曲之類。每日午後一時起；什麼時候止，卻忘記了。晚上照樣也有一回，也在黃暈的燈光裏。我從前過南京時，曾隨著朋友去聽過兩次。因為茶舫裏的人臉太多了，覺得不大適意，終於聽不出所以然。前年聽說歌妓被取締了，不知怎的，頗涉想了幾次卻想不出什麼。這次到南京，先到茶舫上去看看，覺得頗是寂寥，令我無端的悵悵了。不料她們卻仍在秦淮河裏掙扎著，不料她們竟會糾纏到我們，我於是很張皇了，她們也乘著「七板子」，她們總是坐在艙前的。艙前點著石油汽燈，光亮炫人眼目：坐在下面的，自然是纖毫畢見了。引誘客人們的力量，也便在此了。艙裏躲著樂工等人，映著汽燈的餘輝蠕動著；他們是永遠不被注意的。每船的歌妓大約都是二人；天色一黑，她們的船就在大中橋外往來不息的兜生意。無論行著的船，泊著的船，都要來兜攬的。這都是我後來推想出來的。那晚不知怎樣，忽然輪著我們的船了。我們的船好好的停著，一隻歌舫劃向我們來了；漸漸和我們的船並著了。爍爍的燈光逼得我們皺起了眉頭；我們的風塵色全給它托出來了，這使我踧踖不安了。那時一個伙計跨過船來，拿著攤開的歌摺，就近塞向我的手裏，說：「點幾出吧！」他跨過來的時候，我們船上似乎有許多眼光跟著。同時相近的別的船上也似乎有許多眼睛炯炯的向我們船上看著。我真窘了！我也裝出大方的樣子，向歌妓們瞥了一眼，但究竟是不成的！我勉強將那歌摺翻了一翻，卻不曾看清了幾個字；便趕緊遞還那伙計，一面不好意思地說「不要，我們⋯⋯不要。」他便塞給平伯，平伯掉轉頭去，搖手說：「不要！」那人還膩著不走。平伯又回過臉來，搖著頭道「不要！」於是那人重到我處，我窘著再拒絕了他。他這纔有所不屑似的走了。

我的心立刻放下，如釋了重負一般。我們就開始自白了。

我說我受了道德律的壓迫，拒絕了她們；心裏似乎很抱歉的。這所謂抱歉，一面對於她們，一面對於我自己。她們於我們雖然沒有很奢的希望；但總有些希望的。我們拒絕了她們，無論理由如何充足，卻使她們的希望受了傷；這總有幾分不做美了，這是我覺得很悵悵的。至於我自己，更有一種不足之感。我這時被四面的歌聲誘惑了，降伏了；但是遠遠的，遠遠的歌聲總彷彿隔著重衣搔癢似的，越搔越搔不著癢處。我於是憧憬著貼耳的妙音了。在歌舫劃來時，我的憧憬，變為盼望；我固執的盼望著，有如飢渴。雖然從淺薄的經驗裏，也能夠推知，那貼耳的歌聲，將剝去了一切的美妙；但一個平常的人像我的，谁愿憑了理性之力去醜化未來呢？我寧願自己騙著了。不過我的社會感性是很敏銳的；我的思力能拆穿道德律的西洋鏡，而我的感情卻終於被它壓服著。我於是有所顧忌了，尤其是在眾目昭彰的時候。道德律的力，本來是民眾賦予的；在民眾的面前，自然更顯出它的威嚴了。我這時一面盼望，一面卻感到了兩重的禁制：一、在通俗的意義上，接近妓者總算一種不正當的行為；二、妓是一種不健全的職業，我們對於她們，應有哀矜勿喜之心，不應賞玩的去聽她們的歌。在眾目睽睽之下，這兩種思想在我心裏最為旺盛。她們暫時壓倒了我的聽歌的盼望，這便成就了我的灰色的拒絕。那時的心實在異常狀態中，覺得頗是昏亂。歌舫去了，暫時寧靜之後，我的思緒又如潮湧了。兩個相反的意思在我心頭往復：賣歌和賣淫不同，聽歌和狎妓不同，又干道德甚事？但是，但是，她們既被逼的以歌為業，她們的歌必無藝術味的；況她們的身世，我們究竟該同情的，所以拒絕倒也是正辦。但這些意思終於不曾撇開我的聽歌的盼望。它力量異常堅強；它總想將別的思緒踏在腳下。從這重重的爭鬬里，我感到了濃厚的不足之感。這不足之感使我的心盤旋不安，起坐都不安寧了。唉！我承認我是一個自私的人！平伯呢，卻與我不同。他引周啟明先生的詩，「因為我有妻子，所以我愛一切的女人；因為我有子女，所以我愛一切的孩子。」他的意思可以見了。他因為推及的同情，愛著那些歌妓，並且尊重著她們，所以拒絕了她們。在這種情形下，他自然以為聽是對於她們的一種侮辱。但他也是想听歌的，雖然不和我一樣。所以在他的心中，當然也有一番小小的爭鬬；爭鬬的結果，是同情勝了。至於道德律，在他是沒有什麼的：因為他很有蔑視一切的傾向，民眾的力量在他是不大覺著的。這時他的心意的活動比較簡單，又比較鬆弱，故事後還怡然自若；我卻不能了。這里平伯又比我高了。

在我們談話中間，又來了兩隻歌舫。伙計照前一樣的請我們點戲，我們照前一樣的拒絕了。我受了三次窘，心裏的不安更甚了。清豔的夜景也為之減色。船夫大約因為要趕第二趟生意，催著我們回去；我們無可無不可的答應了。我們漸漸和那些暈黃的燈光遠了，只有些月色冷清清的隨著我們的歸舟。我們的船竟沒個伴兒，秦淮河的夜正長哩！到大中橋近處，才遇著一隻來船。這是一隻載妓的板船，黑漆漆的沒有一點光。船頭上坐著一個妓女；暗裏看出，白地小花的衫子，黑的下衣。她手里拉著胡琴，口裏唱著青衫的調子。她唱得響亮而圓轉；當她的船箭一般駛過去時，餘音還裊裊的在我們耳際，使我們傾聽而嚮往。想不到在弩末的遊踪裏，還能領略到這樣的清歌！這時船過大中橋了，森森的水影，如黑暗張著巨口，要將我們的船吞了下去。我們回顧那渺渺的黃光，不勝依戀之情；我們感到了寂寞了！這一段地方夜色甚濃，又有兩頭的燈火招邀著；橋外的燈火不用說了，過了橋另有東關頭疏疏的燈火。我們忽然仰頭看見依人的素月，不覺深悔歸來之早了！走過東關頭，有一兩隻大船灣泊著，又有幾隻船向我們來著。囂囂的",有幾隻船向我們來著囂囂的,一陣,yizhen,yi zhen,FALSE,1:一陣 | 2:一針 | 3:一震 | 4:義診 | 5:一幀 | 6:疑陣 | 7:義貞 | 8:疫疹 | 9:亦真 | 10:一真,TRUE,1,,,,
polyphonic_unflagged,c284a8c293d91b1dd9d74056,槳聲燈影裏的秦淮河,707,710,"一九二三年八月的一晚，我和平伯同遊秦淮河；平伯是初泛，我是重來了。我們雇了一隻「七板子」，在夕陽已去、皎月方來的時候，便下了船。於是槳聲汩汩，我們開始領略那晃蕩著薔薇色的歷史的秦淮河的滋味了。

秦淮河裏的船，比北京万生園、頤和園的船好，比西湖的船好，比揚州瘦西湖的船也好。這幾處的船不是覺著笨，就是覺著簡陋、局促；都不能引起乘客們的情韻，如秦淮河的船一樣。秦淮河的船約略可分為兩種：一是大船；一是小船，就是所謂「七板子」。大船艙口闊大，可容二三十人。裏面陳設著字畫和光潔的紅木家具，桌上一律嵌著冰涼的大理石面。窗格雕鏤頗細，使人起柔膩之感。窗格里映著紅色藍色的玻璃；玻璃上有精緻的花紋，也頗悅人目。「七板子」規模雖不及大船，但那淡藍色的欄杆，空敞的艙，也足繫人情思。而最出色處卻在它的艙前。艙前是甲板上的一部，上面有弧形的頂，兩邊用疏疏的欄杆支著。裏面通常放著兩張藤的躺椅。躺下，可以談天，可以望遠，可以顧盼兩岸的河房。大船上也有這個，但在小船上更覺清雋罷了。艙前的頂下，一律懸著燈彩；燈的多少、明暗，彩蘇的精粗、艷晦，是不一的，但好歹總還你一個燈彩。這燈彩實在是最能勾人的東西。夜幕垂垂地下來時，大小船上都點起燈火。從兩重玻璃裏映出那輻射著的黃黃的散光，反暈出一片朦朧的煙靄；透過這煙靄，在黯黯的水波里，又逗起縷縷的明漪。在這薄靄和微漪裏，聽著那悠然的間歇的槳聲，誰能不被引入他的美夢去呢？只愁夢太多了，這些大小船兒如何載得起呀？我們這時模模糊糊的談著明末的秦淮河的艷跡，如《桃花扇》及《板橋雜記》裏所載的。我們真神往了。我們彷彿親見那時華燈映水，畫舫凌波的光景了。於是我們的船便成了歷史的重載了。我們終於恍然",歷史的重載了我們終於恍然,秦淮河,qinhuaihe,qin huai he,FALSE,1:秦淮河 | 2:秦淮 | 3:親 | 4:秦 | 5:琴 | 6:勤 | 7:欽 | 8:沁 | 9:侵 | 10:寢,TRUE,1,,,,
polyphonic_unflagged,d82adf8b18aec121213c4ab1,荷塘月色,565,567,"這幾天心裏頗不寧靜。今晚在院子裏坐着乘涼，忽然想起日日走過的荷塘，在這滿月的光裏，總該另有一番樣子吧。月亮漸漸地升高了，牆外馬路上孩子們的歡笑，已經聽不見了；妻在屋裏拍着閏兒，迷迷糊糊地哼着眠歌。我悄悄地披了大衫，帶上門出去。

沿着荷塘，是一條曲折的小煤屑路。這是一條幽僻的路；白天也少人走，夜晚更加寂寞。荷塘四面，長着許多樹，蓊蓊鬱鬱的。路的一旁，是些楊柳，和一些不知道名字的樹。沒有月光的晚上，這路上陰森森的，有些怕人。今晚卻很好，雖然月光也還是淡淡的。

路上只我一個人，背着手踱着。這一片天地好像是我的；我也像超出了平常的自己，到了另一世界裏。我愛熱鬧，也愛冷靜；愛羣居，也愛獨處。像今晚上，一個人在這蒼茫的月下，什麽都可以想，什麽都可以不想，便覺是個自由的人。白天裏一定要做的事，一定要說的話，現在都可不理。這是獨處的妙處，我且受用這無邊的荷香月色好了。

曲曲折折的荷塘上面，彌望的是田田的葉子。葉子出水很高，像亭亭的舞女的裙。層層的葉子中間，零星地點綴着些白花，有嬝娜地開着的，有羞澀地打着朶兒的；正如一粒粒的明珠，又如碧天裏的星星，又如剛出浴的美人。微風過處，送來縷縷清淸香，彷彿遠處高樓上渺茫的歌聲似的。這時候葉子與花也有一絲的顫動，像閃電般，霎時傳過荷塘的那邊去了。葉子本是肩並肩密密地挨着，這便宛然有了一道",密地挨着這便宛然有了一道,凝碧,ningbi,ning bi,FALSE,1:寧比 | 2:寧 | 3:凝 | 4:擰 | 5:甯 | 6:檸 | 7:氷 | 8:嚀 | 9:佞 | 10:獰,FALSE,,,,,
polyphonic_unflagged,4cf91b5e8fb0ed49ef21b2cf,阿河,127,129,我這一回寒假，因為養病，住到一家親戚的別墅里去。那別墅是在鄉下。前面偏左的地方，是一片淡藍的湖水，對岸環擁著不盡的青山。山的影子倒映在水里，越顯得清清朗朗的。水面常如鏡子一般。風起時，微有皺痕；像少女們皺她們的眉頭，過一會子就好了。湖的余勢束成一條小港，,好了湖的余勢束成一條小港,緩緩,huanhuan,huan huan,FALSE,1:緩緩 | 2:換換 | 3:歡歡 | 4:環環 | 5:桓桓 | 6:洹洹 | 7:睆睆 | 8:嚾嚾 | 9:奐奐 | 10:渙渙,TRUE,1,,,,
polyphonic_unflagged,f1505582785a2e4462d486e6,荷塘月色,1145,1148,"這幾天心裏頗不寧靜。今晚在院子裏坐着乘涼，忽然想起日日走過的荷塘，在這滿月的光裏，總該另有一番樣子吧。月亮漸漸地升高了，牆外馬路上孩子們的歡笑，已經聽不見了；妻在屋裏拍着閏兒，迷迷糊糊地哼着眠歌。我悄悄地披了大衫，帶上門出去。

沿着荷塘，是一條曲折的小煤屑路。這是一條幽僻的路；白天也少人走，夜晚更加寂寞。荷塘四面，長着許多樹，蓊蓊鬱鬱的。路的一旁，是些楊柳，和一些不知道名字的樹。沒有月光的晚上，這路上陰森森的，有些怕人。今晚卻很好，雖然月光也還是淡淡的。

路上只我一個人，背着手踱着。這一片天地好像是我的；我也像超出了平常的自己，到了另一世界裏。我愛熱鬧，也愛冷靜；愛羣居，也愛獨處。像今晚上，一個人在這蒼茫的月下，什麽都可以想，什麽都可以不想，便覺是個自由的人。白天裏一定要做的事，一定要說的話，現在都可不理。這是獨處的妙處，我且受用這無邊的荷香月色好了。

曲曲折折的荷塘上面，彌望的是田田的葉子。葉子出水很高，像亭亭的舞女的裙。層層的葉子中間，零星地點綴着些白花，有嬝娜地開着的，有羞澀地打着朶兒的；正如一粒粒的明珠，又如碧天裏的星星，又如剛出浴的美人。微風過處，送來縷縷清淸香，彷彿遠處高樓上渺茫的歌聲似的。這時候葉子與花也有一絲的顫動，像閃電般，霎時傳過荷塘的那邊去了。葉子本是肩並肩密密地挨着，這便宛然有了一道凝碧的波痕。葉子底下是脈脈的流水，遮住了，不能見一些顏色；而葉子卻更見風致了。

月光如流水一般，靜靜地瀉在這一片葉子和花上。薄薄的靑霧浮起在荷塘裏。葉子和花彷彿在牛乳中洗過一樣；又像籠着輕紗的夢。雖然是滿月，天上卻有一層淡淡的雲，所以不能朗照；但我以爲這恰是到了好處——酣眠固不可少，小睡也別有風味的。月光是隔了樹照過來的，高處叢生的灌木，落下參差的斑駁的黑影，峭楞楞如鬼一般；彎彎的楊柳的稀疏的倩影，卻又像是畫在荷葉上。塘中的月色並不均勻；但光與影有着和諧的旋律，如梵婀玲上奏着的名曲。

荷塘的四面，遠遠近近，高高低低都是樹，而楊柳最多。這些樹將一片荷塘重重圍住；只在小路一旁，漏着幾段空隙，像是特爲月光留下的。樹色一例是陰陰的，乍看像一團煙霧；但楊柳的丰姿，便在煙霧裏也辨得出。樹梢上隱隱約約的是一帶遠山，只有些大意罷了。樹縫裏也漏着一兩點路燈光，沒精打彩的，是渴睡人的眼。這時候最熱鬧的，要數樹上的蟬聲與水裏的蛙聲；但熱鬧是牠們的，我什麽也沒有。

忽然想起采蓮的事情來了。采蓮是江南的舊俗，似乎很早就有，而六朝時爲盛；從詩歌裏可以約略知道。采蓮的是少年的女子，她們是蕩着小船，唱着豔歌去的。采蓮人不用說很多，還有看采蓮的人。那是一個熱鬧的季節，也是一個風流的季節。梁元帝采蓮賦裏說得好：

於是妖童媛女，蕩舟心許；鷁首徐迴，兼傳羽杯；櫂將移而藻挂，",徐迴兼傳羽杯櫂將移而藻挂,船欲動,chuanyudong,chuan yu dong,FALSE,1:傳齲洞 | 2:傳於 | 3:傳語 | 4:傳諭 | 5:川渝 | 6:穿窬 | 7:傳 | 8:穿 | 9:船 | 10:川,FALSE,,,,,
polyphonic_unflagged,2b7109903c8aa2c452170da6,阿河,694,696,"我這一回寒假，因為養病，住到一家親戚的別墅里去。那別墅是在鄉下。前面偏左的地方，是一片淡藍的湖水，對岸環擁著不盡的青山。山的影子倒映在水里，越顯得清清朗朗的。水面常如鏡子一般。風起時，微有皺痕；像少女們皺她們的眉頭，過一會子就好了。湖的余勢束成一條小港，緩緩地不聲不響地流過別墅的門前。門前有一條小石橋，橋那邊盡是田畝。這邊沿岸一帶，相間地栽著桃樹和柳樹，春來當有一番熱鬧的夢。別墅外面繚繞著短短的竹篱，篱外是小小的路。里邊一座向南的樓，背后便倚著山。西邊是三間平屋，我便住在這里。院子里有兩塊草地，上面隨便放著兩三塊石頭。另外的隙地上，或羅列著盆栽，或种蒔著花草。篱邊還有几株枝干蟠曲的大樹，有一株几乎要伸到水里去了。

我的親戚韋君只有夫婦二人和一個女儿。她在外邊念書，這時也剛回到家里。她邀來三位同學，同到她家過這個寒假；兩位是親戚，一位是朋友。她們住著樓上的兩間屋子。韋君夫婦也住在樓上。樓下正中是客廳，常是閒著，西間是吃飯的地方；東間便是韋君的書房，我們談天，喝茶，看報，都在這里。我吃了飯，便是一個人，也要到這里來閒坐一回。我來的第二天，韋小姐告訴我，她母親要給她們找一個好好的女用人；長工阿齊說有一個表妹，母親叫他明天就帶來做做看呢。她似乎很高興的樣子，我只是不經意地答應。

平屋与樓屋之間，是一個小小的廚房。我住的是東面的屋子，從窗子里可以看見廚房里人的來往。這一天午飯前，我偶然向外看看，見一個面生的女用人，兩手提著兩把白鐵壺，正往廚房里走；韋家的李媽在她前面領著，不知在和她說甚么話。她的頭髮亂蓬蓬的，像冬天的枯草一樣。身上穿著鑲邊的黑布棉襖和夾褲，黑里已泛出黃色；",棉襖和夾褲黑里已泛出黃色,棉襖,mianao,mian ao,FALSE,1:棉襖 | 2:麪 | 3:面 | 4:免 | 5:棉 | 6:眠 | 7:綿 | 8:麵 | 9:緬 | 10:勉,TRUE,1,,,,
polyphonic_unflagged,592107b805d05f3804575f6e,匆匆,563,565,"燕子去了，有再來的時候；楊柳枯了，有再靑的時候；桃花謝了，有再開的時候。但是，聰明的，你吿訴我，我們的日子爲什麼一去不復返呢？——是有人偷了他們罷：那是誰？又藏在何處呢？是他們自己逃走了罷：現在又到了那裏呢？

我不知道他們給了我多少日子；但我的手確乎是漸漸空虛了。在默默裏算着，八千多日子已經從我手中溜去；像針尖上一滴水滴在大海裏，我的日子滴在時間的流裏，沒有聲音，也沒有影子。我不禁頭涔涔而淚澘澘了。

去的儘管去了，來的儘管來着；去來的中間，又怎樣地匆匆呢？早上我起來的時候，小屋裏射進兩三方斜斜的太陽。太陽他有腳啊，輕輕悄悄地挪移了；我也茫茫然跟着旋轉。於是——洗手的時候，日子從水盆裏過去；喫飯的時候，日子從飯碗裏過去；默默時，便從凝然的雙眼前過去。我覺察他去的匆匆了，伸出手遮挽時，他又從遮挽着的手邊過去，天黑時，我躺在牀上，他便伶伶俐俐地從我身上跨過，從我腳邊飛去了。等我睜開眼和太陽再見，這算又溜走了一日。我掩着面嘆息。但是新來的日子的影兒又開始在嘆息裏閃過了。

在逃去如飛的日子裏，在千門萬戶的世界裏的我能做些什麼呢？祇有徘徊罷了，祇有匆匆罷了；在八千多日的匆匆裏，除徘徊外，又賸些什麼呢？過去的日子如輕煙，被微風吹散了，如薄霧，被初陽蒸融了；我畱着些什麼痕跡呢？我何曾畱着像游絲樣的痕跡呢？我赤裸裸來到這",樣的痕跡呢我赤裸裸來到這,世界,shijie,shi jie,FALSE,1:世界 | 2:師姐 | 3:時節 | 4:視界 | 5:十屆 | 6:十節 | 7:石階 | 8:使節 | 9:十誡 | 10:十戒,TRUE,1,,,,
polyphonic_unflagged,35e0ba9ab543927ef8a7f285,春,287,289,"盼望着，盼望着，東風來了，春天的腳步近了。

一切都像剛睡醒的樣子，欣欣然張開了眼。山朗潤起來了，水長起來了，太陽的臉紅起來了。

小草偷偷地從土裏鑽出來，嫩嫩的，綠綠的。園子裏，田野裏，瞧去，一大片一大片滿是的。坐着，躺着，打兩個滾，踢幾腳球，賽幾䠀跑，捉幾回迷藏。風輕悄悄的，草軟綿綿的。

桃樹、杏樹、梨樹，你不讓我，我不讓你，都開滿了花趕䠀兒。紅的像火，粉的像霞，白的像雪。花裏帶着甜味；閉了眼，樹上仿彿已經滿是桃兒、杏兒、梨兒！花下成千成百的蜜蜂嗡嗡地鬧着，大小的蝴蝶飛來飛去。野花遍地是：雜樣兒，有名字的，沒名字的，散在草叢裏，像眼睛，像星星，還眨呀眨的。

「",裏像眼睛像星星還眨呀眨的,吹面,chuimian,chui mian,FALSE,1:垂面 | 2:吹 | 3:垂 | 4:鎚 | 5:錘 | 6:捶 | 7:炊 | 8:槌 | 9:棰 | 10:綞,FALSE,,,,,
polyphonic_unflagged,dc184dc6a9df7da2111a0750,背影,763,765,"我與父親不相見已二年餘了，我最不能忘記的是他的背影。那年冬天，祖母死了，父親的差使也交卸了，正是禍不單行的日子，我從北京到徐州，打算跟着父親奔喪囘家。到徐州見着父親，看見滿院狼藉的東西，又想起祖母，不禁簌簌地流下眼淚。父親說，「事已如此，不必難過，好在天無絕人之路！」

囘家變賣典質，父親還了虧空；又借錢辦了喪事。這些日子，家中光景很是慘澹，一半爲了喪事，一半爲了父親賦閒。喪事完畢，父親要到南京謀事，我也要囘北京念書，我們便同行。

到南京時，有朋友約去游逛，勾留了一日；第二日上午便須渡江到浦口，下午上車北去。父親因爲事忙，本已說定不送我，叫旅館裏一個熟識的茶房陪我同去。他再三囑付茶房，甚是仔細。但他終於不放心，怕茶房不妥帖；頗躊躇了一會。其實我那年已二十歲，北京已來往過兩三次，是沒有甚麽要緊的了。他躊躇了一會，終於決定還是自己送我去。我兩三囘勸他不必去；他只說，「不要緊，他們去不好！」

我們過了江，進了車站。我買票，他忙着照看行李。行李太多了，得向腳夫行些小費，才可過去。他便又忙着和他們講價錢。我那時眞是聰明過分，總覺他說話不大漂亮，非自己插嘴不可。但他終於講定了價錢；就送我上車。他給我揀定了靠車門的一張椅子；我將他給我做的紫毛大衣鋪好坐位。他囑我路上小心，夜裏要警醒些，不要受涼。又囑託茶房好好照應我。我心裏暗笑他的迂；他們只認得錢，託他們直是白託！而且我這樣大年紀的人，難道還不能料理自己麽？唉，我現在想想，那時眞是太聰明了！

我說道，「爸爸，你走吧。」他望車外看了看，說，「我買幾個橘子去。你就在此地，不要走動。」我看那邊月臺的柵欄外有幾個賣東西的等着顧客。走到那邊月臺，須穿過鐵道，須跳下去又爬上去。父親是一個胖子，走過去自然要費事些。我本來要去的，他不肯，只好讓他去。我看見他戴着黑布小帽，穿着",我看見他戴着黑布小帽穿着,黑布,heibu,hei bu,FALSE,1:黑布 | 2:黑 | 3:嘿 | 4:黒 | 5:潶 | 6:閪 | 7:㱄 | 8:𢖛 | 9:𢡀 | 10:𥕙,TRUE,1,,,,
polyphonic_unflagged,30159a38a0e750d8ffc63c3c,背影,655,657,"我與父親不相見已二年餘了，我最不能忘記的是他的背影。那年冬天，祖母死了，父親的差使也交卸了，正是禍不單行的日子，我從北京到徐州，打算跟着父親奔喪囘家。到徐州見着父親，看見滿院狼藉的東西，又想起祖母，不禁簌簌地流下眼淚。父親說，「事已如此，不必難過，好在天無絕人之路！」

囘家變賣典質，父親還了虧空；又借錢辦了喪事。這些日子，家中光景很是慘澹，一半爲了喪事，一半爲了父親賦閒。喪事完畢，父親要到南京謀事，我也要囘北京念書，我們便同行。

到南京時，有朋友約去游逛，勾留了一日；第二日上午便須渡江到浦口，下午上車北去。父親因爲事忙，本已說定不送我，叫旅館裏一個熟識的茶房陪我同去。他再三囑付茶房，甚是仔細。但他終於不放心，怕茶房不妥帖；頗躊躇了一會。其實我那年已二十歲，北京已來往過兩三次，是沒有甚麽要緊的了。他躊躇了一會，終於決定還是自己送我去。我兩三囘勸他不必去；他只說，「不要緊，他們去不好！」

我們過了江，進了車站。我買票，他忙着照看行李。行李太多了，得向腳夫行些小費，才可過去。他便又忙着和他們講價錢。我那時眞是聰明過分，總覺他說話不大漂亮，非自己插嘴不可。但他終於講定了價錢；就送我上車。他給我揀定了靠車門的一張椅子；我將他給我做的紫毛大衣鋪好坐位。他囑我路上小心，夜裏要警醒些，不要受涼。又囑託茶房好好照應我。我心裏暗笑他的迂；他們只認得錢，託他們直是白託！而且我這樣大年紀的人，難道還不能料理自己麽？唉，我現在想想，那時眞是太聰明了！

我說道，「爸爸，你走吧。」他望車外看了看，說，「我買幾個",他望車外看了看說我買幾個,橘子,juzi,ju zi,FALSE,1:句子 | 2:橘子 | 3:巨資 | 4:駒子 | 5:桔子 | 6:鉅子 | 7:局子 | 8:鋸子 | 9:鋦子 | 10:巨子,TRUE,2,,,,
polyphonic_unflagged,394ae7e232bdcf27f5e8cdfc,阿河,2782,2784,"我這一回寒假，因為養病，住到一家親戚的別墅里去。那別墅是在鄉下。前面偏左的地方，是一片淡藍的湖水，對岸環擁著不盡的青山。山的影子倒映在水里，越顯得清清朗朗的。水面常如鏡子一般。風起時，微有皺痕；像少女們皺她們的眉頭，過一會子就好了。湖的余勢束成一條小港，緩緩地不聲不響地流過別墅的門前。門前有一條小石橋，橋那邊盡是田畝。這邊沿岸一帶，相間地栽著桃樹和柳樹，春來當有一番熱鬧的夢。別墅外面繚繞著短短的竹篱，篱外是小小的路。里邊一座向南的樓，背后便倚著山。西邊是三間平屋，我便住在這里。院子里有兩塊草地，上面隨便放著兩三塊石頭。另外的隙地上，或羅列著盆栽，或种蒔著花草。篱邊還有几株枝干蟠曲的大樹，有一株几乎要伸到水里去了。

我的親戚韋君只有夫婦二人和一個女儿。她在外邊念書，這時也剛回到家里。她邀來三位同學，同到她家過這個寒假；兩位是親戚，一位是朋友。她們住著樓上的兩間屋子。韋君夫婦也住在樓上。樓下正中是客廳，常是閒著，西間是吃飯的地方；東間便是韋君的書房，我們談天，喝茶，看報，都在這里。我吃了飯，便是一個人，也要到這里來閒坐一回。我來的第二天，韋小姐告訴我，她母親要給她們找一個好好的女用人；長工阿齊說有一個表妹，母親叫他明天就帶來做做看呢。她似乎很高興的樣子，我只是不經意地答應。

平屋与樓屋之間，是一個小小的廚房。我住的是東面的屋子，從窗子里可以看見廚房里人的來往。這一天午飯前，我偶然向外看看，見一個面生的女用人，兩手提著兩把白鐵壺，正往廚房里走；韋家的李媽在她前面領著，不知在和她說甚么話。她的頭髮亂蓬蓬的，像冬天的枯草一樣。身上穿著鑲邊的黑布棉襖和夾褲，黑里已泛出黃色；棉襖長与膝齊，夾褲也直拖到腳背上。腳倒是雙天足，穿著尖頭的黑布鞋，后跟還帶著兩片同色的“葉拔儿”。想這就是阿齊帶來的女用人了；想完了就坐下看書。晚飯后，韋小姐告訴我，女用人來了，她的名字叫“阿河”。我說，“名字很好，只是人土些；還能做么？”她說，“別看她土，很聰明呢。”我說，“哦。”便接著看手中的報了。

以后每天早上，中上，晚上，我常常看見阿河挈著水壺來往；她的眼似乎總是望前看的。兩個禮拜匆匆地過去了。韋小姐忽然和我說，你別看阿河土，她的志气很好，她是個可怜的人。我和娘說，把我前年在家穿的那身棉襖褲給了她吧。我嫌那兩件衣服太花，給了她正好。娘先不肯，說她來了沒有几天；后來也肯了。今天拿出來讓她穿，正合式呢。我們教給她打絨繩鞋，她真聰明，一學就會了。她說拿到工錢，也要打一雙穿呢。我等几天再和娘說去。

“她這樣愛好！怪不得頭髮光得多了，原來都是你們教她的。好！你們盡教她講究，她將來怕不愿回家去呢。”大家都笑了。

舊新年是過去了。因為江浙的兵事，我們的學校一時還不能開學。我們大家都樂得在別墅里多住些日子。這時阿河如換了一個人。她穿著寶藍色挑著小花儿的布棉襖褲；腳下是嫩藍色毛繩鞋，鞋口還綴著兩個半藍半白的小絨球儿。我想這一定是她的小姐們給幫忙的。古語說得好，“人要衣裳馬要鞍”，阿河這一打扮，真有些楚楚可怜了。她的頭髮早已是刷得光光的，覆額的留海也梳得十分伏帖。一張小小的圓臉，如正開的桃李花；臉上并沒有笑，卻隱隱地含著春日的光輝，像花房里充了蜜一般。這在我几乎是一個奇跡；我現在是常站在窗前看她了。我覺得在深山里發見了一粒貓儿眼；這樣精純的貓儿眼，是我生平所僅見！我覺得我們相識已太長久，极愿和她說一句話——极平淡的話，一句也好。但我怎好平白地和她攀談呢？這樣郁郁了一禮拜。

這是元宵節的前一晚上。我吃了飯，在屋里坐了一會，覺得有些無聊，便信步走到那書房里。拿起報來，想再細看一回。忽然門鈕一響，阿河進來了。她手里拿著三四支顏色鉛筆；出乎意料地走近了我。她站在我面前了，靜靜地微笑著說：“白先生，你知道鉛筆刨在哪里？”一面將拿著的鉛筆給我看。我不自主地立起來，匆忙地應道，“在這里；”我用手指著南邊柱子。但我立刻覺得這是不夠的。我領她走近了柱子。這時我像閃電似地躊躇了一下，便說，“我…… 我……”她一聲不響地已將一支鉛筆交給我。我放進刨子里刨給她看。刨了兩下，便想交給她；但終于刨完了一支，交還了她。她接了筆略看一看，仍仰著臉向我。我窘极了。剎那間念頭轉了好几個圈子；到底硬著頭皮搭訕著說，“就這樣刨好了。”我赶緊向門外一瞥，就走回原處看報去。但我的頭剛低下，我的眼已抬起來了。于是遠遠地從容地問道，“你會么？”她不曾掉過頭來，只“嚶”了一聲，也不說話。我看了她背影一會。覺得應該低下頭了。等我再抬起頭來時，她已默默地向外走了。她似乎總是望前看的；我想再問她一句話，但終于不曾出口。我撇下了報，站起來走了一會，便回到自己屋里。

我一直想著些什么，但什么也沒有想出。

第二天早上看見她往廚房里走時，我發愿我的眼將老跟著她的影子！她的影子真好。她那几步路走得又敏捷，又勻稱，又苗條，正如一只可愛的小貓。她兩手各提著一只水壺，又令我想到在一條細細的索儿上抖擻精神走著的女子。這全由于她的腰；她的腰真太軟了，用白水的話說，真是軟到使我如吃蘇州的牛皮糖一樣。不止她的腰，我的日記里說得好：“她有一套和云霞比美，水月爭靈的曲線，織成大大的一張迷惑的网！”而那兩頰的曲線，尤其甜蜜可人。她兩頰是白中透著微紅，潤澤如玉。她的皮膚，嫩得可以掐出水來；我的日記里說，“我很想去掐她一下呀！”她的眼像一雙小燕子，老是在灩灩的春水上打著圈儿。她的笑最使我記住，像一朵花漂浮在我的腦海里。我不是說過，她的小圓臉像正開的桃花么？那么，她微笑的時候，便是盛開的時候了：花房里充滿了蜜，真如要流出來的樣子。她的髮不甚厚，但黑而有光，柔軟而滑，如純絲一般。只可惜我不曾聞著一些儿香。唉！從前我在窗前看她好多次，所得的真太少了；若不是昨晚一見，——雖只几分鐘——我真太對不起這樣一個人儿了。

午飯后，韋君照例地睡午覺去了，只有我，韋小姐和其他三位小姐在書房里。我有意無意地談起阿河的事。我說：

“你們怎知道她的志气好呢？”

“那天我們教給她打絨繩鞋；”一位蔡小姐便答道，“看她很聰明，就問她為甚么不念書？她被我們一問，就傷心起來了。……”

“是的，”韋小姐笑著搶了說，“后來還哭了呢；還有一位傻子陪她淌眼淚呢。”

那邊黃小姐可急了，走過來推了她一下。蔡小姐忙攔住道，“人家說正經話，你們盡鬧著玩儿！讓我說完了呀——”“我代你說啵，”韋小姐仍搶著說，“——她說她只有一個爹，沒有娘。嫁了一個男人，倒有三十多歲，土頭土腦的，臉上滿是包！他是李媽的鄰舍，我還看見過呢。……”“好了，底下我說吧。”蔡小姐接著道，“她男人又不要好，盡愛賭錢；她一气，就住到娘家來，有一年多不回去了。”

“她今年几歲？”我問。

“十七不知十八？前年出嫁的，几個月就回家了，”蔡小姐說。

“不，十八，我",就回家了蔡小姐說不十八我,知道,zhidao,zhi dao,FALSE,1:知道 | 2:直到 | 3:指導 | 4:之道 | 5:執導 | 6:制導 | 7:之島 | 8:只道 | 9:直道 | 10:直搗,TRUE,1,,,,
polyphonic_unflagged,93f0e1bb10ee1d642d3bdebc,槳聲燈影裏的秦淮河,4295,4297,"一九二三年八月的一晚，我和平伯同遊秦淮河；平伯是初泛，我是重來了。我們雇了一隻「七板子」，在夕陽已去、皎月方來的時候，便下了船。於是槳聲汩汩，我們開始領略那晃蕩著薔薇色的歷史的秦淮河的滋味了。

秦淮河裏的船，比北京万生園、頤和園的船好，比西湖的船好，比揚州瘦西湖的船也好。這幾處的船不是覺著笨，就是覺著簡陋、局促；都不能引起乘客們的情韻，如秦淮河的船一樣。秦淮河的船約略可分為兩種：一是大船；一是小船，就是所謂「七板子」。大船艙口闊大，可容二三十人。裏面陳設著字畫和光潔的紅木家具，桌上一律嵌著冰涼的大理石面。窗格雕鏤頗細，使人起柔膩之感。窗格里映著紅色藍色的玻璃；玻璃上有精緻的花紋，也頗悅人目。「七板子」規模雖不及大船，但那淡藍色的欄杆，空敞的艙，也足繫人情思。而最出色處卻在它的艙前。艙前是甲板上的一部，上面有弧形的頂，兩邊用疏疏的欄杆支著。裏面通常放著兩張藤的躺椅。躺下，可以談天，可以望遠，可以顧盼兩岸的河房。大船上也有這個，但在小船上更覺清雋罷了。艙前的頂下，一律懸著燈彩；燈的多少、明暗，彩蘇的精粗、艷晦，是不一的，但好歹總還你一個燈彩。這燈彩實在是最能勾人的東西。夜幕垂垂地下來時，大小船上都點起燈火。從兩重玻璃裏映出那輻射著的黃黃的散光，反暈出一片朦朧的煙靄；透過這煙靄，在黯黯的水波里，又逗起縷縷的明漪。在這薄靄和微漪裏，聽著那悠然的間歇的槳聲，誰能不被引入他的美夢去呢？只愁夢太多了，這些大小船兒如何載得起呀？我們這時模模糊糊的談著明末的秦淮河的艷跡，如《桃花扇》及《板橋雜記》裏所載的。我們真神往了。我們彷彿親見那時華燈映水，畫舫凌波的光景了。於是我們的船便成了歷史的重載了。我們終於恍然秦淮河的船所以雅麗過於他處，而又有奇異的吸引力的，實在是許多歷史的影像使然了。

秦淮河的水是碧陰陰的；看起來厚而不膩，或者是六朝金粉所凝麼？我們初上船的時候，天色還未斷黑，那漾漾的柔波是這樣恬靜、委婉，使我們一面有水闊天空之想，一面又憧憬著紙醉金迷之境了。等到燈火明時，陰陰的變為沈沉了：黯淡的水光，像夢一般；那偶然閃爍著的光芒，就是夢的眼睛了。我們坐在艙前，因了那隆起的頂棚，彷彿總是昂著首向前走著似的；於是飄飄然如御風而行的我們，看著那些自在的灣泊著的船，船裏走馬燈般的人物，便像是下界一般，迢迢的遠了，又像在霧裏看花，盡朦朦朧朧的。這時我們已過了利涉橋，望見東關頭了。沿路聽見斷續的歌聲：有從沿河的妓樓飄來的，有從河上船裏渡來的。我們明知那些歌聲，只是些因襲的言詞，從生澀的歌喉裏機械的發出來的；但它們經了夏夜的微風的吹漾和水波的搖拂，嬝娜著到我們耳邊的時候，已經不單是她們的歌聲，而混著微風和河水的密語了。於是我們不得不被牽惹著，震撼著，相與浮沉於這歌聲裏了。從東關頭轉彎，不久就到大中橋。大中橋共有三個橋拱，都很闊大，儼然是三座門兒；使我們覺得我們的船和船裏的我們，在橋下過去時，真是太無顏色了。橋磚是深褐色，表明它的歷史的長久；但都完好無缺，令人太息於古昔工程的堅美。橋上兩旁都是木壁的房子，中間應該有街路。這些房子都破舊了，多年煙熏的跡，遮沒了當年的美麗。我想像秦淮河的極盛時，在這樣宏闊的橋上，特地蓋了房子，必然是髹漆得富富麗麗的；晚間必然是燈火通明的，現在卻只剩下一片黑沉沉！但是橋上造著房子，畢竟使我們多少可以想見往日的繁華；這也慰情聊勝無了。過了大中橋，便到了燈月交輝、笙歌徹夜的秦淮河，這才是秦淮河的真面目哩。

大中橋外，頓然空闊，和橋內兩岸排著密密的人家的景像大異了。一眼望去，疏疏的林，淡淡的月，襯著蔚藍的天，頗像荒江野渡光景；那邊呢，鬱叢叢的，陰森森的，又似乎藏著無邊的黑暗，令人幾乎不信那是繁華的秦淮河了。但是河中眩暈著的燈光，縱橫著的畫舫，悠揚著的笛韻，夾著那吱吱的胡琴聲，終於使我們認識綠如茵陳酒的秦淮水了。此地天裸露著的多些，故覺夜來的獨遲些；從清清的水影裏，我們感到的只是薄薄的夜——這正是秦淮河的夜。大中橋外，本來還有一座復成橋，是船夫口中的我們的遊踪盡處，或也是秦淮河繁華的盡處了。我的腳曾踏過復成橋的脊，在十三四歲的時候。但是兩次遊秦淮河，卻都不曾見著復成橋的面；明知總在前途的，卻常覺得有些虛無縹緲似的。我想，不見倒也好。這時正是盛夏。我們下船後，藉著新生的晚涼和河上的微風，暑氣已漸漸消散；到了此地，豁然開朗，身子頓然輕了——習習的清風荏苒在面上、手上、衣上，這便又感到了一縷新涼了。南京的日光，大概沒有杭州猛烈；西湖的夏夜老是熱蓬蓬的，水像沸著一般，秦淮河的水卻盡是這樣冷冷地綠著。任你人影的憧憧，歌聲的擾擾，總像隔著一層薄薄的綠紗面冪似的；它盡是這樣靜靜的、冷冷的綠著。我們出了大中橋，走不上半里路，船夫便將船劃到一旁，停了槳由它宕著。他以為那裏正是繁華的極點，再過去就是荒涼了；所以讓我們多多賞鑑一會兒。他自己卻靜靜的蹲著。他是看慣這光景的了，大約只是一個無可無不可。這無可無不可，無論是升的沉的，總之，都比我們高了。

那時河裏鬧熱極了；船大半泊著，小半在水上穿梭似的來往。停泊著的都在近市的那一邊，我們的船自然也夾在其中。因為這邊略略的擠，便覺得那邊十分的疏了。在每一隻船從那邊過去時，我們能畫出它的輕輕的影和曲曲的波，在我們的心上；這顯著是空，且顯著是靜了。那時處處都是歌聲和淒厲的胡琴聲，圓潤的喉嚨，確乎是很少的。但那生澀的，尖脆的調子能使人有少年的，粗率不拘的感覺，也正可快我們的意。況且多少隔開些兒聽著，因為想像與渴慕的做美，總覺更有滋味；而竟發的喧囂，抑揚的不齊，遠近的雜沓，和樂器的嘈嘈切切，合成另一意味的諧音，也使我們無所適從，如隨著大風而走。這實在因為我們的心枯澀久了，變為脆弱；故偶然潤澤一下，便瘋狂似的不能自主了，但秦淮河確也膩人。即如船裏的人面，無論是和我們一堆儿泊著的，無論是從我們眼前過去的，總是模模糊糊的，甚至渺渺茫茫的；任你張圓了眼睛，揩淨了眥垢，也是枉然，這真夠人想呢。在我們停泊的地方，燈光原是紛然的；不過這些燈光都是黃而有暈的。黃已經不能明了，再加上了暈，便更不成了。燈愈多，暈就愈甚；在繁星般的黃的交錯裏，秦淮河彷彿籠上了一團光霧。光芒與霧氣騰騰的暈著，什麼都只剩了輪廓了；所以人面的詳細的曲線，便消失於我們的眼底了。但燈光究竟奪不了那邊的月色；燈光是渾的，月色是清的。在渾沌的燈光裏，滲入一派清輝，卻真是奇蹟！那晚月兒已瘦削了兩三分。她晚妝才罷，盈盈的上了柳梢頭。天是藍得可愛，彷彿一汪水似的；月兒便更出落得精神了。岸上原有三株兩株的垂楊樹，淡淡的影子，在水里搖曳著。它們那柔細的枝條浴著月光，就像一支支美人的臂膊，交互的纏著、挽著；又像是月兒披著的髪。而月兒偶爾也從它們的交叉處偷偷窺看我們，大有小姑娘怕羞的樣子。岸上另有幾株不知名的老樹，光光的立著；在月光裏照起來，卻又儼然是精神矍鑠的老人。遠處快到天際線了，才有一兩片白雲，亮得現出異彩，像是美麗的貝殼一般。白雲下便是黑黑的一帶輪廓；是一條隨意畫的不規則的曲線。這一段光景，和河中的風味大異了。但燈與月竟能並存著，交融著，使月成了纏綿的月，燈射著渺渺的靈輝，這正是天之所以厚秦淮河，也正是天之所以厚我們了。

這時卻遇著了難解的糾紛。秦淮河上原有一種歌妓，是以歌為業的。從前都在茶舫上，唱些大曲之類。每日午後一時起；什麼時候止，卻忘記了。晚上照樣也有一回，也在黃暈的燈光裏。我從前過南京時，曾隨著朋友去聽過兩次。因為茶舫裏的人臉太多了，覺得不大適意，終於聽不出所以然。前年聽說歌妓被取締了，不知怎的，頗涉想了幾次卻想不出什麼。這次到南京，先到茶舫上去看看，覺得頗是寂寥，令我無端的悵悵了。不料她們卻仍在秦淮河裏掙扎著，不料她們竟會糾纏到我們，我於是很張皇了，她們也乘著「七板子」，她們總是坐在艙前的。艙前點著石油汽燈，光亮炫人眼目：坐在下面的，自然是纖毫畢見了。引誘客人們的力量，也便在此了。艙裏躲著樂工等人，映著汽燈的餘輝蠕動著；他們是永遠不被注意的。每船的歌妓大約都是二人；天色一黑，她們的船就在大中橋外往來不息的兜生意。無論行著的船，泊著的船，都要來兜攬的。這都是我後來推想出來的。那晚不知怎樣，忽然輪著我們的船了。我們的船好好的停著，一隻歌舫劃向我們來了；漸漸和我們的船並著了。爍爍的燈光逼得我們皺起了眉頭；我們的風塵色全給它托出來了，這使我踧踖不安了。那時一個伙計跨過船來，拿著攤開的歌摺，就近塞向我的手裏，說：「點幾出吧！」他跨過來的時候，我們船上似乎有許多眼光跟著。同時相近的別的船上也似乎有許多眼睛炯炯的向我們船上看著。我真窘了！我也裝出大方的樣子，向歌妓們瞥了一眼，但究竟是不成的！我勉強將那歌摺翻了一翻，卻不曾看清了幾個字；便趕緊遞還那伙計，一面不好意思地說「不要，我們⋯⋯不要。」他便塞給平伯，平伯掉轉頭去，搖手說：「不要！」那人還膩著不走。平伯又回過臉來，搖著頭道「不要！」於是那人重到我處，我窘著再拒絕了他。他這纔有所不屑似的走了。

我的心立刻放下，如釋了重負一般。我們就開始自白了。

我說我受了道德律的壓迫，拒絕了她們；心裏似乎很抱歉的。這所謂抱歉，一面對於她們，一面對於我自己。她們於我們雖然沒有很奢的希望；但總有些希望的。我們拒絕了她們，無論理由如何充足，卻使她們的希望受了傷；這總有幾分不做美了，這是我覺得很悵悵的。至於我自己，更有一種不足之感。我這時被四面的歌聲誘惑了，降伏了；但是遠遠的，遠遠的歌聲總彷彿隔著重衣搔癢似的，越搔越搔不著癢處。我於是憧憬著貼耳的妙音了。在歌舫劃來時，我的憧憬，變為盼望；我固執的盼望著，有如飢渴。雖然從淺薄的經驗裏，也能夠推知，那貼耳的歌聲，將剝去了一切的美妙；但一個平常的人像我的，谁愿憑了理性之力去醜化未來呢？我寧願自己騙著了。不過我的社會感性是很敏銳的；我的思力能拆穿道德律的西洋鏡，而我的感情卻終於被它壓服著。我於是有所顧忌了，尤其是在眾目昭彰的時候。道德律的力，本來是民眾賦予的；在民眾的面前，自然更顯出它的威嚴了。我這時一面盼望，一面卻感到了兩重的禁制：一、在通俗的意義上，接近妓者總算一種不正當的行為；二、妓是一種不健全的職業，我們對於她們，應有哀矜勿喜之心，不應賞玩的去聽她們的歌。在眾目睽睽之下，這兩種思想在我心裏最為旺盛。她們暫時壓倒了我的聽歌的盼望，這便成就了我的灰色的拒絕。那時的心實在異常狀態中，覺得頗是昏亂。歌舫去了，暫時寧靜之後，我的思緒又如潮湧了。兩個相反的意思在我心頭往復：賣歌和賣淫不同，聽歌和狎妓不同，又干",淫不同聽歌和狎妓不同又干,道德,daode,dao de,FALSE,1:道德 | 2:到的 | 3:倒的 | 4:到得 | 5:倒得 | 6:稻地 | 7:刀的 | 8:島的 | 9:道的 | 10:到,TRUE,1,,,,
polyphonic_unflagged,e26d207b94c7532ab368e9a5,背影,1059,1061,"我與父親不相見已二年餘了，我最不能忘記的是他的背影。那年冬天，祖母死了，父親的差使也交卸了，正是禍不單行的日子，我從北京到徐州，打算跟着父親奔喪囘家。到徐州見着父親，看見滿院狼藉的東西，又想起祖母，不禁簌簌地流下眼淚。父親說，「事已如此，不必難過，好在天無絕人之路！」

囘家變賣典質，父親還了虧空；又借錢辦了喪事。這些日子，家中光景很是慘澹，一半爲了喪事，一半爲了父親賦閒。喪事完畢，父親要到南京謀事，我也要囘北京念書，我們便同行。

到南京時，有朋友約去游逛，勾留了一日；第二日上午便須渡江到浦口，下午上車北去。父親因爲事忙，本已說定不送我，叫旅館裏一個熟識的茶房陪我同去。他再三囑付茶房，甚是仔細。但他終於不放心，怕茶房不妥帖；頗躊躇了一會。其實我那年已二十歲，北京已來往過兩三次，是沒有甚麽要緊的了。他躊躇了一會，終於決定還是自己送我去。我兩三囘勸他不必去；他只說，「不要緊，他們去不好！」

我們過了江，進了車站。我買票，他忙着照看行李。行李太多了，得向腳夫行些小費，才可過去。他便又忙着和他們講價錢。我那時眞是聰明過分，總覺他說話不大漂亮，非自己插嘴不可。但他終於講定了價錢；就送我上車。他給我揀定了靠車門的一張椅子；我將他給我做的紫毛大衣鋪好坐位。他囑我路上小心，夜裏要警醒些，不要受涼。又囑託茶房好好照應我。我心裏暗笑他的迂；他們只認得錢，託他們直是白託！而且我這樣大年紀的人，難道還不能料理自己麽？唉，我現在想想，那時眞是太聰明了！

我說道，「爸爸，你走吧。」他望車外看了看，說，「我買幾個橘子去。你就在此地，不要走動。」我看那邊月臺的柵欄外有幾個賣東西的等着顧客。走到那邊月臺，須穿過鐵道，須跳下去又爬上去。父親是一個胖子，走過去自然要費事些。我本來要去的，他不肯，只好讓他去。我看見他戴着黑布小帽，穿着黑布大馬褂，深靑布棉袍，蹣跚地走到鐵道邊，慢慢探身下去，尚不大難。可是他穿過鐵道，要爬上那邊月臺，就不容易了。他用兩手攀着上面，兩腳再向上縮；他肥胖的身子向左微傾，顯出努力的樣子。這時我看見他的背影，我的淚很快地流下來了。我趕緊拭乾了淚，怕他看見，也怕別人看見。我再向外看時，他已抱了朱紅的橘子望囘走了。過鐵道時，他先將橘子散放在地上，自己慢慢爬下，再抱起橘子走。到這邊時，我趕緊去攙他。他和我走到車上，將橘子一股腦兒放在我的皮大衣上。於是撲撲衣上的泥土，心裏狠輕鬆似的，過一會說，「我走了；到那邊來信！」我望着他走出去。他走了幾步，囘過頭看見我，說，「進去吧，裏邊沒人。」等他的背影混入來來",邊沒人等他的背影混入來來,往往,wangwang,wang wang,FALSE,1:往往 | 2:旺旺 | 3:汪汪 | 4:望望 | 5:網網 | 6:俇俇 | 7:惘惘 | 8:網 | 9:王 | 10:往,TRUE,1,,,,
polyphonic_unflagged,97d85e545defd542555518ba,背影,488,490,"我與父親不相見已二年餘了，我最不能忘記的是他的背影。那年冬天，祖母死了，父親的差使也交卸了，正是禍不單行的日子，我從北京到徐州，打算跟着父親奔喪囘家。到徐州見着父親，看見滿院狼藉的東西，又想起祖母，不禁簌簌地流下眼淚。父親說，「事已如此，不必難過，好在天無絕人之路！」

囘家變賣典質，父親還了虧空；又借錢辦了喪事。這些日子，家中光景很是慘澹，一半爲了喪事，一半爲了父親賦閒。喪事完畢，父親要到南京謀事，我也要囘北京念書，我們便同行。

到南京時，有朋友約去游逛，勾留了一日；第二日上午便須渡江到浦口，下午上車北去。父親因爲事忙，本已說定不送我，叫旅館裏一個熟識的茶房陪我同去。他再三囑付茶房，甚是仔細。但他終於不放心，怕茶房不妥帖；頗躊躇了一會。其實我那年已二十歲，北京已來往過兩三次，是沒有甚麽要緊的了。他躊躇了一會，終於決定還是自己送我去。我兩三囘勸他不必去；他只說，「不要緊，他們去不好！」

我們過了江，進了車站。我買票，他忙着照看行李。行李太多了，得向腳夫行些小費，才可過去。他便又忙着和他們講價錢。我那時眞是聰明過分，總覺他說話不大漂亮，非自己插嘴不可。但他終於",亮非自己插嘴不可但他終於,講定,jiangding,jiang ding,FALSE,1:將定 | 2:講定 | 3:將 | 4:講 | 5:江 | 6:獎 | 7:降 | 8:蔣 | 9:薑 | 10:姜,TRUE,2,,,,
polyphonic_unflagged,a6f1577a8e657cf855922314,槳聲燈影裏的秦淮河,4047,4049,"一九二三年八月的一晚，我和平伯同遊秦淮河；平伯是初泛，我是重來了。我們雇了一隻「七板子」，在夕陽已去、皎月方來的時候，便下了船。於是槳聲汩汩，我們開始領略那晃蕩著薔薇色的歷史的秦淮河的滋味了。

秦淮河裏的船，比北京万生園、頤和園的船好，比西湖的船好，比揚州瘦西湖的船也好。這幾處的船不是覺著笨，就是覺著簡陋、局促；都不能引起乘客們的情韻，如秦淮河的船一樣。秦淮河的船約略可分為兩種：一是大船；一是小船，就是所謂「七板子」。大船艙口闊大，可容二三十人。裏面陳設著字畫和光潔的紅木家具，桌上一律嵌著冰涼的大理石面。窗格雕鏤頗細，使人起柔膩之感。窗格里映著紅色藍色的玻璃；玻璃上有精緻的花紋，也頗悅人目。「七板子」規模雖不及大船，但那淡藍色的欄杆，空敞的艙，也足繫人情思。而最出色處卻在它的艙前。艙前是甲板上的一部，上面有弧形的頂，兩邊用疏疏的欄杆支著。裏面通常放著兩張藤的躺椅。躺下，可以談天，可以望遠，可以顧盼兩岸的河房。大船上也有這個，但在小船上更覺清雋罷了。艙前的頂下，一律懸著燈彩；燈的多少、明暗，彩蘇的精粗、艷晦，是不一的，但好歹總還你一個燈彩。這燈彩實在是最能勾人的東西。夜幕垂垂地下來時，大小船上都點起燈火。從兩重玻璃裏映出那輻射著的黃黃的散光，反暈出一片朦朧的煙靄；透過這煙靄，在黯黯的水波里，又逗起縷縷的明漪。在這薄靄和微漪裏，聽著那悠然的間歇的槳聲，誰能不被引入他的美夢去呢？只愁夢太多了，這些大小船兒如何載得起呀？我們這時模模糊糊的談著明末的秦淮河的艷跡，如《桃花扇》及《板橋雜記》裏所載的。我們真神往了。我們彷彿親見那時華燈映水，畫舫凌波的光景了。於是我們的船便成了歷史的重載了。我們終於恍然秦淮河的船所以雅麗過於他處，而又有奇異的吸引力的，實在是許多歷史的影像使然了。

秦淮河的水是碧陰陰的；看起來厚而不膩，或者是六朝金粉所凝麼？我們初上船的時候，天色還未斷黑，那漾漾的柔波是這樣恬靜、委婉，使我們一面有水闊天空之想，一面又憧憬著紙醉金迷之境了。等到燈火明時，陰陰的變為沈沉了：黯淡的水光，像夢一般；那偶然閃爍著的光芒，就是夢的眼睛了。我們坐在艙前，因了那隆起的頂棚，彷彿總是昂著首向前走著似的；於是飄飄然如御風而行的我們，看著那些自在的灣泊著的船，船裏走馬燈般的人物，便像是下界一般，迢迢的遠了，又像在霧裏看花，盡朦朦朧朧的。這時我們已過了利涉橋，望見東關頭了。沿路聽見斷續的歌聲：有從沿河的妓樓飄來的，有從河上船裏渡來的。我們明知那些歌聲，只是些因襲的言詞，從生澀的歌喉裏機械的發出來的；但它們經了夏夜的微風的吹漾和水波的搖拂，嬝娜著到我們耳邊的時候，已經不單是她們的歌聲，而混著微風和河水的密語了。於是我們不得不被牽惹著，震撼著，相與浮沉於這歌聲裏了。從東關頭轉彎，不久就到大中橋。大中橋共有三個橋拱，都很闊大，儼然是三座門兒；使我們覺得我們的船和船裏的我們，在橋下過去時，真是太無顏色了。橋磚是深褐色，表明它的歷史的長久；但都完好無缺，令人太息於古昔工程的堅美。橋上兩旁都是木壁的房子，中間應該有街路。這些房子都破舊了，多年煙熏的跡，遮沒了當年的美麗。我想像秦淮河的極盛時，在這樣宏闊的橋上，特地蓋了房子，必然是髹漆得富富麗麗的；晚間必然是燈火通明的，現在卻只剩下一片黑沉沉！但是橋上造著房子，畢竟使我們多少可以想見往日的繁華；這也慰情聊勝無了。過了大中橋，便到了燈月交輝、笙歌徹夜的秦淮河，這才是秦淮河的真面目哩。

大中橋外，頓然空闊，和橋內兩岸排著密密的人家的景像大異了。一眼望去，疏疏的林，淡淡的月，襯著蔚藍的天，頗像荒江野渡光景；那邊呢，鬱叢叢的，陰森森的，又似乎藏著無邊的黑暗，令人幾乎不信那是繁華的秦淮河了。但是河中眩暈著的燈光，縱橫著的畫舫，悠揚著的笛韻，夾著那吱吱的胡琴聲，終於使我們認識綠如茵陳酒的秦淮水了。此地天裸露著的多些，故覺夜來的獨遲些；從清清的水影裏，我們感到的只是薄薄的夜——這正是秦淮河的夜。大中橋外，本來還有一座復成橋，是船夫口中的我們的遊踪盡處，或也是秦淮河繁華的盡處了。我的腳曾踏過復成橋的脊，在十三四歲的時候。但是兩次遊秦淮河，卻都不曾見著復成橋的面；明知總在前途的，卻常覺得有些虛無縹緲似的。我想，不見倒也好。這時正是盛夏。我們下船後，藉著新生的晚涼和河上的微風，暑氣已漸漸消散；到了此地，豁然開朗，身子頓然輕了——習習的清風荏苒在面上、手上、衣上，這便又感到了一縷新涼了。南京的日光，大概沒有杭州猛烈；西湖的夏夜老是熱蓬蓬的，水像沸著一般，秦淮河的水卻盡是這樣冷冷地綠著。任你人影的憧憧，歌聲的擾擾，總像隔著一層薄薄的綠紗面冪似的；它盡是這樣靜靜的、冷冷的綠著。我們出了大中橋，走不上半里路，船夫便將船劃到一旁，停了槳由它宕著。他以為那裏正是繁華的極點，再過去就是荒涼了；所以讓我們多多賞鑑一會兒。他自己卻靜靜的蹲著。他是看慣這光景的了，大約只是一個無可無不可。這無可無不可，無論是升的沉的，總之，都比我們高了。

那時河裏鬧熱極了；船大半泊著，小半在水上穿梭似的來往。停泊著的都在近市的那一邊，我們的船自然也夾在其中。因為這邊略略的擠，便覺得那邊十分的疏了。在每一隻船從那邊過去時，我們能畫出它的輕輕的影和曲曲的波，在我們的心上；這顯著是空，且顯著是靜了。那時處處都是歌聲和淒厲的胡琴聲，圓潤的喉嚨，確乎是很少的。但那生澀的，尖脆的調子能使人有少年的，粗率不拘的感覺，也正可快我們的意。況且多少隔開些兒聽著，因為想像與渴慕的做美，總覺更有滋味；而竟發的喧囂，抑揚的不齊，遠近的雜沓，和樂器的嘈嘈切切，合成另一意味的諧音，也使我們無所適從，如隨著大風而走。這實在因為我們的心枯澀久了，變為脆弱；故偶然潤澤一下，便瘋狂似的不能自主了，但秦淮河確也膩人。即如船裏的人面，無論是和我們一堆儿泊著的，無論是從我們眼前過去的，總是模模糊糊的，甚至渺渺茫茫的；任你張圓了眼睛，揩淨了眥垢，也是枉然，這真夠人想呢。在我們停泊的地方，燈光原是紛然的；不過這些燈光都是黃而有暈的。黃已經不能明了，再加上了暈，便更不成了。燈愈多，暈就愈甚；在繁星般的黃的交錯裏，秦淮河彷彿籠上了一團光霧。光芒與霧氣騰騰的暈著，什麼都只剩了輪廓了；所以人面的詳細的曲線，便消失於我們的眼底了。但燈光究竟奪不了那邊的月色；燈光是渾的，月色是清的。在渾沌的燈光裏，滲入一派清輝，卻真是奇蹟！那晚月兒已瘦削了兩三分。她晚妝才罷，盈盈的上了柳梢頭。天是藍得可愛，彷彿一汪水似的；月兒便更出落得精神了。岸上原有三株兩株的垂楊樹，淡淡的影子，在水里搖曳著。它們那柔細的枝條浴著月光，就像一支支美人的臂膊，交互的纏著、挽著；又像是月兒披著的髪。而月兒偶爾也從它們的交叉處偷偷窺看我們，大有小姑娘怕羞的樣子。岸上另有幾株不知名的老樹，光光的立著；在月光裏照起來，卻又儼然是精神矍鑠的老人。遠處快到天際線了，才有一兩片白雲，亮得現出異彩，像是美麗的貝殼一般。白雲下便是黑黑的一帶輪廓；是一條隨意畫的不規則的曲線。這一段光景，和河中的風味大異了。但燈與月竟能並存著，交融著，使月成了纏綿的月，燈射著渺渺的靈輝，這正是天之所以厚秦淮河，也正是天之所以厚我們了。

這時卻遇著了難解的糾紛。秦淮河上原有一種歌妓，是以歌為業的。從前都在茶舫上，唱些大曲之類。每日午後一時起；什麼時候止，卻忘記了。晚上照樣也有一回，也在黃暈的燈光裏。我從前過南京時，曾隨著朋友去聽過兩次。因為茶舫裏的人臉太多了，覺得不大適意，終於聽不出所以然。前年聽說歌妓被取締了，不知怎的，頗涉想了幾次卻想不出什麼。這次到南京，先到茶舫上去看看，覺得頗是寂寥，令我無端的悵悵了。不料她們卻仍在秦淮河裏掙扎著，不料她們竟會糾纏到我們，我於是很張皇了，她們也乘著「七板子」，她們總是坐在艙前的。艙前點著石油汽燈，光亮炫人眼目：坐在下面的，自然是纖毫畢見了。引誘客人們的力量，也便在此了。艙裏躲著樂工等人，映著汽燈的餘輝蠕動著；他們是永遠不被注意的。每船的歌妓大約都是二人；天色一黑，她們的船就在大中橋外往來不息的兜生意。無論行著的船，泊著的船，都要來兜攬的。這都是我後來推想出來的。那晚不知怎樣，忽然輪著我們的船了。我們的船好好的停著，一隻歌舫劃向我們來了；漸漸和我們的船並著了。爍爍的燈光逼得我們皺起了眉頭；我們的風塵色全給它托出來了，這使我踧踖不安了。那時一個伙計跨過船來，拿著攤開的歌摺，就近塞向我的手裏，說：「點幾出吧！」他跨過來的時候，我們船上似乎有許多眼光跟著。同時相近的別的船上也似乎有許多眼睛炯炯的向我們船上看著。我真窘了！我也裝出大方的樣子，向歌妓們瞥了一眼，但究竟是不成的！我勉強將那歌摺翻了一翻，卻不曾看清了幾個字；便趕緊遞還那伙計，一面不好意思地說「不要，我們⋯⋯不要。」他便塞給平伯，平伯掉轉頭去，搖手說：「不要！」那人還膩著不走。平伯又回過臉來，搖著頭道「不要！」於是那人重到我處，我窘著再拒絕了他。他這纔有所不屑似的走了。

我的心立刻放下，如釋了重負一般。我們就開始自白了。

我說我受了道德律的壓迫，拒絕了她們；心裏似乎很抱歉的。這所謂抱歉，一面對於她們，一面對於我自己。她們於我們雖然沒有很奢的希望；但總有些希望的。我們拒絕了她們，無論理由如何充足，卻使她們的希望受了傷；這總有幾分不做美了，這是我覺得很悵悵的。至於我自己，更有一種不足之感。我這時被四面的歌聲誘惑了，降伏了；但是遠遠的，遠遠的歌聲總彷彿隔著重衣搔癢似的，越搔越搔不著癢處。我於是憧憬著貼耳的妙音了。在歌舫劃來時，我的憧憬，變為盼望；我固執的盼望著，有如飢渴。雖然從淺薄的經驗裏，也能夠推知，那貼耳的歌聲，將剝去了一切的美妙；但一個平常的人像我的，谁愿憑了理性之力去醜化未來呢？我寧願自己騙著了。不過我的社會感性是很敏銳的；我的思力能拆穿道德律的西洋鏡，而我的感情卻終於被它壓服著。我於是有所顧忌了，尤其是在眾目",是有所顧忌了尤其是在眾目,昭彰,zhaozhang,zhao zhang,FALSE,1:照章 | 2:昭彰 | 3:找帳 | 4:找 | 5:照 | 6:趙 | 7:招 | 8:着 | 9:兆 | 10:罩,TRUE,2,,,,
polyphonic_unflagged,d628be44637fa1df50e2e9bf,槳聲燈影裏的秦淮河,4569,4571,"一九二三年八月的一晚，我和平伯同遊秦淮河；平伯是初泛，我是重來了。我們雇了一隻「七板子」，在夕陽已去、皎月方來的時候，便下了船。於是槳聲汩汩，我們開始領略那晃蕩著薔薇色的歷史的秦淮河的滋味了。

秦淮河裏的船，比北京万生園、頤和園的船好，比西湖的船好，比揚州瘦西湖的船也好。這幾處的船不是覺著笨，就是覺著簡陋、局促；都不能引起乘客們的情韻，如秦淮河的船一樣。秦淮河的船約略可分為兩種：一是大船；一是小船，就是所謂「七板子」。大船艙口闊大，可容二三十人。裏面陳設著字畫和光潔的紅木家具，桌上一律嵌著冰涼的大理石面。窗格雕鏤頗細，使人起柔膩之感。窗格里映著紅色藍色的玻璃；玻璃上有精緻的花紋，也頗悅人目。「七板子」規模雖不及大船，但那淡藍色的欄杆，空敞的艙，也足繫人情思。而最出色處卻在它的艙前。艙前是甲板上的一部，上面有弧形的頂，兩邊用疏疏的欄杆支著。裏面通常放著兩張藤的躺椅。躺下，可以談天，可以望遠，可以顧盼兩岸的河房。大船上也有這個，但在小船上更覺清雋罷了。艙前的頂下，一律懸著燈彩；燈的多少、明暗，彩蘇的精粗、艷晦，是不一的，但好歹總還你一個燈彩。這燈彩實在是最能勾人的東西。夜幕垂垂地下來時，大小船上都點起燈火。從兩重玻璃裏映出那輻射著的黃黃的散光，反暈出一片朦朧的煙靄；透過這煙靄，在黯黯的水波里，又逗起縷縷的明漪。在這薄靄和微漪裏，聽著那悠然的間歇的槳聲，誰能不被引入他的美夢去呢？只愁夢太多了，這些大小船兒如何載得起呀？我們這時模模糊糊的談著明末的秦淮河的艷跡，如《桃花扇》及《板橋雜記》裏所載的。我們真神往了。我們彷彿親見那時華燈映水，畫舫凌波的光景了。於是我們的船便成了歷史的重載了。我們終於恍然秦淮河的船所以雅麗過於他處，而又有奇異的吸引力的，實在是許多歷史的影像使然了。

秦淮河的水是碧陰陰的；看起來厚而不膩，或者是六朝金粉所凝麼？我們初上船的時候，天色還未斷黑，那漾漾的柔波是這樣恬靜、委婉，使我們一面有水闊天空之想，一面又憧憬著紙醉金迷之境了。等到燈火明時，陰陰的變為沈沉了：黯淡的水光，像夢一般；那偶然閃爍著的光芒，就是夢的眼睛了。我們坐在艙前，因了那隆起的頂棚，彷彿總是昂著首向前走著似的；於是飄飄然如御風而行的我們，看著那些自在的灣泊著的船，船裏走馬燈般的人物，便像是下界一般，迢迢的遠了，又像在霧裏看花，盡朦朦朧朧的。這時我們已過了利涉橋，望見東關頭了。沿路聽見斷續的歌聲：有從沿河的妓樓飄來的，有從河上船裏渡來的。我們明知那些歌聲，只是些因襲的言詞，從生澀的歌喉裏機械的發出來的；但它們經了夏夜的微風的吹漾和水波的搖拂，嬝娜著到我們耳邊的時候，已經不單是她們的歌聲，而混著微風和河水的密語了。於是我們不得不被牽惹著，震撼著，相與浮沉於這歌聲裏了。從東關頭轉彎，不久就到大中橋。大中橋共有三個橋拱，都很闊大，儼然是三座門兒；使我們覺得我們的船和船裏的我們，在橋下過去時，真是太無顏色了。橋磚是深褐色，表明它的歷史的長久；但都完好無缺，令人太息於古昔工程的堅美。橋上兩旁都是木壁的房子，中間應該有街路。這些房子都破舊了，多年煙熏的跡，遮沒了當年的美麗。我想像秦淮河的極盛時，在這樣宏闊的橋上，特地蓋了房子，必然是髹漆得富富麗麗的；晚間必然是燈火通明的，現在卻只剩下一片黑沉沉！但是橋上造著房子，畢竟使我們多少可以想見往日的繁華；這也慰情聊勝無了。過了大中橋，便到了燈月交輝、笙歌徹夜的秦淮河，這才是秦淮河的真面目哩。

大中橋外，頓然空闊，和橋內兩岸排著密密的人家的景像大異了。一眼望去，疏疏的林，淡淡的月，襯著蔚藍的天，頗像荒江野渡光景；那邊呢，鬱叢叢的，陰森森的，又似乎藏著無邊的黑暗，令人幾乎不信那是繁華的秦淮河了。但是河中眩暈著的燈光，縱橫著的畫舫，悠揚著的笛韻，夾著那吱吱的胡琴聲，終於使我們認識綠如茵陳酒的秦淮水了。此地天裸露著的多些，故覺夜來的獨遲些；從清清的水影裏，我們感到的只是薄薄的夜——這正是秦淮河的夜。大中橋外，本來還有一座復成橋，是船夫口中的我們的遊踪盡處，或也是秦淮河繁華的盡處了。我的腳曾踏過復成橋的脊，在十三四歲的時候。但是兩次遊秦淮河，卻都不曾見著復成橋的面；明知總在前途的，卻常覺得有些虛無縹緲似的。我想，不見倒也好。這時正是盛夏。我們下船後，藉著新生的晚涼和河上的微風，暑氣已漸漸消散；到了此地，豁然開朗，身子頓然輕了——習習的清風荏苒在面上、手上、衣上，這便又感到了一縷新涼了。南京的日光，大概沒有杭州猛烈；西湖的夏夜老是熱蓬蓬的，水像沸著一般，秦淮河的水卻盡是這樣冷冷地綠著。任你人影的憧憧，歌聲的擾擾，總像隔著一層薄薄的綠紗面冪似的；它盡是這樣靜靜的、冷冷的綠著。我們出了大中橋，走不上半里路，船夫便將船劃到一旁，停了槳由它宕著。他以為那裏正是繁華的極點，再過去就是荒涼了；所以讓我們多多賞鑑一會兒。他自己卻靜靜的蹲著。他是看慣這光景的了，大約只是一個無可無不可。這無可無不可，無論是升的沉的，總之，都比我們高了。

那時河裏鬧熱極了；船大半泊著，小半在水上穿梭似的來往。停泊著的都在近市的那一邊，我們的船自然也夾在其中。因為這邊略略的擠，便覺得那邊十分的疏了。在每一隻船從那邊過去時，我們能畫出它的輕輕的影和曲曲的波，在我們的心上；這顯著是空，且顯著是靜了。那時處處都是歌聲和淒厲的胡琴聲，圓潤的喉嚨，確乎是很少的。但那生澀的，尖脆的調子能使人有少年的，粗率不拘的感覺，也正可快我們的意。況且多少隔開些兒聽著，因為想像與渴慕的做美，總覺更有滋味；而竟發的喧囂，抑揚的不齊，遠近的雜沓，和樂器的嘈嘈切切，合成另一意味的諧音，也使我們無所適從，如隨著大風而走。這實在因為我們的心枯澀久了，變為脆弱；故偶然潤澤一下，便瘋狂似的不能自主了，但秦淮河確也膩人。即如船裏的人面，無論是和我們一堆儿泊著的，無論是從我們眼前過去的，總是模模糊糊的，甚至渺渺茫茫的；任你張圓了眼睛，揩淨了眥垢，也是枉然，這真夠人想呢。在我們停泊的地方，燈光原是紛然的；不過這些燈光都是黃而有暈的。黃已經不能明了，再加上了暈，便更不成了。燈愈多，暈就愈甚；在繁星般的黃的交錯裏，秦淮河彷彿籠上了一團光霧。光芒與霧氣騰騰的暈著，什麼都只剩了輪廓了；所以人面的詳細的曲線，便消失於我們的眼底了。但燈光究竟奪不了那邊的月色；燈光是渾的，月色是清的。在渾沌的燈光裏，滲入一派清輝，卻真是奇蹟！那晚月兒已瘦削了兩三分。她晚妝才罷，盈盈的上了柳梢頭。天是藍得可愛，彷彿一汪水似的；月兒便更出落得精神了。岸上原有三株兩株的垂楊樹，淡淡的影子，在水里搖曳著。它們那柔細的枝條浴著月光，就像一支支美人的臂膊，交互的纏著、挽著；又像是月兒披著的髪。而月兒偶爾也從它們的交叉處偷偷窺看我們，大有小姑娘怕羞的樣子。岸上另有幾株不知名的老樹，光光的立著；在月光裏照起來，卻又儼然是精神矍鑠的老人。遠處快到天際線了，才有一兩片白雲，亮得現出異彩，像是美麗的貝殼一般。白雲下便是黑黑的一帶輪廓；是一條隨意畫的不規則的曲線。這一段光景，和河中的風味大異了。但燈與月竟能並存著，交融著，使月成了纏綿的月，燈射著渺渺的靈輝，這正是天之所以厚秦淮河，也正是天之所以厚我們了。

這時卻遇著了難解的糾紛。秦淮河上原有一種歌妓，是以歌為業的。從前都在茶舫上，唱些大曲之類。每日午後一時起；什麼時候止，卻忘記了。晚上照樣也有一回，也在黃暈的燈光裏。我從前過南京時，曾隨著朋友去聽過兩次。因為茶舫裏的人臉太多了，覺得不大適意，終於聽不出所以然。前年聽說歌妓被取締了，不知怎的，頗涉想了幾次卻想不出什麼。這次到南京，先到茶舫上去看看，覺得頗是寂寥，令我無端的悵悵了。不料她們卻仍在秦淮河裏掙扎著，不料她們竟會糾纏到我們，我於是很張皇了，她們也乘著「七板子」，她們總是坐在艙前的。艙前點著石油汽燈，光亮炫人眼目：坐在下面的，自然是纖毫畢見了。引誘客人們的力量，也便在此了。艙裏躲著樂工等人，映著汽燈的餘輝蠕動著；他們是永遠不被注意的。每船的歌妓大約都是二人；天色一黑，她們的船就在大中橋外往來不息的兜生意。無論行著的船，泊著的船，都要來兜攬的。這都是我後來推想出來的。那晚不知怎樣，忽然輪著我們的船了。我們的船好好的停著，一隻歌舫劃向我們來了；漸漸和我們的船並著了。爍爍的燈光逼得我們皺起了眉頭；我們的風塵色全給它托出來了，這使我踧踖不安了。那時一個伙計跨過船來，拿著攤開的歌摺，就近塞向我的手裏，說：「點幾出吧！」他跨過來的時候，我們船上似乎有許多眼光跟著。同時相近的別的船上也似乎有許多眼睛炯炯的向我們船上看著。我真窘了！我也裝出大方的樣子，向歌妓們瞥了一眼，但究竟是不成的！我勉強將那歌摺翻了一翻，卻不曾看清了幾個字；便趕緊遞還那伙計，一面不好意思地說「不要，我們⋯⋯不要。」他便塞給平伯，平伯掉轉頭去，搖手說：「不要！」那人還膩著不走。平伯又回過臉來，搖著頭道「不要！」於是那人重到我處，我窘著再拒絕了他。他這纔有所不屑似的走了。

我的心立刻放下，如釋了重負一般。我們就開始自白了。

我說我受了道德律的壓迫，拒絕了她們；心裏似乎很抱歉的。這所謂抱歉，一面對於她們，一面對於我自己。她們於我們雖然沒有很奢的希望；但總有些希望的。我們拒絕了她們，無論理由如何充足，卻使她們的希望受了傷；這總有幾分不做美了，這是我覺得很悵悵的。至於我自己，更有一種不足之感。我這時被四面的歌聲誘惑了，降伏了；但是遠遠的，遠遠的歌聲總彷彿隔著重衣搔癢似的，越搔越搔不著癢處。我於是憧憬著貼耳的妙音了。在歌舫劃來時，我的憧憬，變為盼望；我固執的盼望著，有如飢渴。雖然從淺薄的經驗裏，也能夠推知，那貼耳的歌聲，將剝去了一切的美妙；但一個平常的人像我的，谁愿憑了理性之力去醜化未來呢？我寧願自己騙著了。不過我的社會感性是很敏銳的；我的思力能拆穿道德律的西洋鏡，而我的感情卻終於被它壓服著。我於是有所顧忌了，尤其是在眾目昭彰的時候。道德律的力，本來是民眾賦予的；在民眾的面前，自然更顯出它的威嚴了。我這時一面盼望，一面卻感到了兩重的禁制：一、在通俗的意義上，接近妓者總算一種不正當的行為；二、妓是一種不健全的職業，我們對於她們，應有哀矜勿喜之心，不應賞玩的去聽她們的歌。在眾目睽睽之下，這兩種思想在我心裏最為旺盛。她們暫時壓倒了我的聽歌的盼望，這便成就了我的灰色的拒絕。那時的心實在異常狀態中，覺得頗是昏亂。歌舫去了，暫時寧靜之後，我的思緒又如潮湧了。兩個相反的意思在我心頭往復：賣歌和賣淫不同，聽歌和狎妓不同，又干道德甚事？但是，但是，她們既被逼的以歌為業，她們的歌必無藝術味的；況她們的身世，我們究竟該同情的，所以拒絕倒也是正辦。但這些意思終於不曾撇開我的聽歌的盼望。它力量異常堅強；它總想將別的思緒踏在腳下。從這重重的爭鬬里，我感到了濃厚的不足之感。這不足之感使我的心盤旋不安，起坐都不安寧了。唉！我承認我是一個自私的人！平伯呢，卻與我不同。他引周啟明先生的詩，「因為我有妻子，所以我愛一切的女人；因為我有子女，所以我愛一切的孩子。」他的意思可以見了。他因為推及的同情，愛著那些歌妓，並且尊重著她們，所以拒絕了她們。在這種情形下，他自然以為聽是對於她們的一種",然以為聽是對於她們的一種,侮辱,wuru,wu ru,FALSE,1:侮辱 | 2:誤入 | 3:污辱 | 4:無如 | 5:悟入 | 6:勿入 | 7:無 | 8:五 | 9:唔 | 10:吳,TRUE,1,,,,
polyphonic_unflagged,fce1539880c586549fdb5041,背影,693,695,"我與父親不相見已二年餘了，我最不能忘記的是他的背影。那年冬天，祖母死了，父親的差使也交卸了，正是禍不單行的日子，我從北京到徐州，打算跟着父親奔喪囘家。到徐州見着父親，看見滿院狼藉的東西，又想起祖母，不禁簌簌地流下眼淚。父親說，「事已如此，不必難過，好在天無絕人之路！」

囘家變賣典質，父親還了虧空；又借錢辦了喪事。這些日子，家中光景很是慘澹，一半爲了喪事，一半爲了父親賦閒。喪事完畢，父親要到南京謀事，我也要囘北京念書，我們便同行。

到南京時，有朋友約去游逛，勾留了一日；第二日上午便須渡江到浦口，下午上車北去。父親因爲事忙，本已說定不送我，叫旅館裏一個熟識的茶房陪我同去。他再三囑付茶房，甚是仔細。但他終於不放心，怕茶房不妥帖；頗躊躇了一會。其實我那年已二十歲，北京已來往過兩三次，是沒有甚麽要緊的了。他躊躇了一會，終於決定還是自己送我去。我兩三囘勸他不必去；他只說，「不要緊，他們去不好！」

我們過了江，進了車站。我買票，他忙着照看行李。行李太多了，得向腳夫行些小費，才可過去。他便又忙着和他們講價錢。我那時眞是聰明過分，總覺他說話不大漂亮，非自己插嘴不可。但他終於講定了價錢；就送我上車。他給我揀定了靠車門的一張椅子；我將他給我做的紫毛大衣鋪好坐位。他囑我路上小心，夜裏要警醒些，不要受涼。又囑託茶房好好照應我。我心裏暗笑他的迂；他們只認得錢，託他們直是白託！而且我這樣大年紀的人，難道還不能料理自己麽？唉，我現在想想，那時眞是太聰明了！

我說道，「爸爸，你走吧。」他望車外看了看，說，「我買幾個橘子去。你就在此地，不要走動。」我看那邊月臺的柵欄外有幾個賣東西的等着顧客。",外有幾個賣東西的等着顧客,走到,zoudao,zou dao,FALSE,1:走到 | 2:走道 | 3:走 | 4:鄒 | 5:揍 | 6:奏 | 7:驟 | 8:赱 | 9:諏 | 10:鄹,TRUE,1,,,,
polyphonic_unflagged,c3a342eeb1c1b2c0398687f3,給亡婦,1139,1141,"謙，日子真快，一眨眼你已經死了三個年頭了。這三年裡世事不知變化了多少回，但你未必注意這些個，我知道。你第一惦記的是你幾個孩子，第二便輪著我。孩子和我平分你的世界，你在日如此；你死後若還有知，想來還如此的。告訴你，我夏天回家來著：邁兒長得結實極了，比我高一個頭。閏兒父親說是最乖，可是沒有先前胖了。采芷和轉子都好。五兒全家誇她長得好看；卻在腿上生了濕瘡，整天坐在竹床上不能下來，看了怪可憐的。六兒，我怎麼說好，你明白，你臨終時也和母親談過，這孩子是只可以養著玩兒的，他左挨右挨去年春天，到底沒有挨過去。這孩子生了幾個月，你的肺病就重起來了。我勸你少親近他，只監督著老媽子照管就行。你總是忍不住，一會兒提，一會兒抱的。可是你病中為他操的那一份兒心也夠瞧的。那一個夏天他病的時候多，你成天兒忙著，湯呀，藥呀，冷呀，暖呀，連覺也沒有好好兒睡過。那裡有一分一毫想著你自己。瞧著他硬朗點兒你就樂，乾枯的笑容在黃蠟般的臉上，我只有暗中歎氣而已。

從來想不到做母親的要像你這樣。從邁兒起，你總是自己喂乳，一連四個都這樣。你起初不知道按鐘點兒喂，後來知道了，卻又弄不慣；孩子們每夜裡幾次將你哭醒了，特別是悶熱的夏季。我瞧你的覺老沒睡足。白天裡還得做菜，照料孩子，很少得空兒。你的身子本來壞，四個孩子就累你七八年。到了第五個，你自己實在不成了，又沒乳，只好自己餵奶粉，另雇老媽子專管她。但孩子跟老媽子睡，你就沒有放過心；夜裡一聽見哭，就豎起耳朵聽，工夫一大就得過去看。十六年初，和你到北京來，將邁兒，轉子留在家裡；三年多還不能去接他們，可真把你惦記苦了。你並不常提，我卻明白。你後來說你的病就是惦記出來的；那個自然也有份兒，不過大半還是養育孩子累的。你的短短的十二年結婚生活，有十一年耗費在孩子們身上；而你一點不厭倦，有多少力量用多少，一直到自己毀滅為止。你對孩子一般兒愛，不問男的女的，大的小的。也不想到什麼“養兒防老，積穀防饑”，只拚命的愛去。你對於教育老實說有些外行，孩子們只要吃得好玩得好就成了。這也難怪你，你自己便是這樣長大的。況且孩子們原都還小，吃和玩本來也要緊的。你病重的時候最放不下的還是孩子。病的只剩皮包著骨頭了，總不信自己不會好；老說：“我死了，這一大群孩子可苦了。”後來說送你回家，你想著可以看見邁兒和轉子，也願意；你萬不想到會一走不返的。我送車的時候，你忍不住哭了，說：“還不知能不能再見？”可憐，你的心我知道，你滿想著好好兒帶著六個孩子回來見我的。謙，你那時一定這樣想，一定的。

除了孩子，你心裡只有我。不錯，那時你父親還在；可是你母親死了，他另有個女人，你老早就覺得隔了一層似的。出嫁後第一年你雖還一心一意依戀著他老人家，到第二年上我和孩子可就將你的心占住，你再沒有",可就將你的心占住你再沒有,多少,duoshao,duo shao,FALSE,1:多少 | 2:多燒 | 3:多殺 | 4:躲煞 | 5:多 | 6:躲 | 7:奪 | 8:朵 | 9:墮 | 10:剁,TRUE,1,,,,
polyphonic_unflagged,644823f0de7eed237a78cae6,荷塘月色,165,169,"這幾天心裏頗不寧靜。今晚在院子裏坐着乘涼，忽然想起日日走過的荷塘，在這滿月的光裏，總該另有一番樣子吧。月亮漸漸地升高了，牆外馬路上孩子們的歡笑，已經聽不見了；妻在屋裏拍着閏兒，迷迷糊糊地哼着眠歌。我悄悄地披了大衫，帶上門出去。

沿着荷塘，是一條曲折的小煤屑路。這是一條幽僻的路；白天也少人走，夜晚更加寂寞。荷塘四面，長着許多樹，",加寂寞荷塘四面長着許多樹,蓊蓊鬱鬱,wengwengyuyu,weng weng yu yu,FALSE,1:嗡嗡鬱鬱 | 2:嗡嗡 | 3:滃滃 | 4:蓊蓊 | 5:翁 | 6:甕 | 7:嗡 | 8:瓮 | 9:滃 | 10:蕹,FALSE,,,,,
polyphonic_unflagged,33e530499f6504419a6e31eb,槳聲燈影裏的秦淮河,1222,1224,"一九二三年八月的一晚，我和平伯同遊秦淮河；平伯是初泛，我是重來了。我們雇了一隻「七板子」，在夕陽已去、皎月方來的時候，便下了船。於是槳聲汩汩，我們開始領略那晃蕩著薔薇色的歷史的秦淮河的滋味了。

秦淮河裏的船，比北京万生園、頤和園的船好，比西湖的船好，比揚州瘦西湖的船也好。這幾處的船不是覺著笨，就是覺著簡陋、局促；都不能引起乘客們的情韻，如秦淮河的船一樣。秦淮河的船約略可分為兩種：一是大船；一是小船，就是所謂「七板子」。大船艙口闊大，可容二三十人。裏面陳設著字畫和光潔的紅木家具，桌上一律嵌著冰涼的大理石面。窗格雕鏤頗細，使人起柔膩之感。窗格里映著紅色藍色的玻璃；玻璃上有精緻的花紋，也頗悅人目。「七板子」規模雖不及大船，但那淡藍色的欄杆，空敞的艙，也足繫人情思。而最出色處卻在它的艙前。艙前是甲板上的一部，上面有弧形的頂，兩邊用疏疏的欄杆支著。裏面通常放著兩張藤的躺椅。躺下，可以談天，可以望遠，可以顧盼兩岸的河房。大船上也有這個，但在小船上更覺清雋罷了。艙前的頂下，一律懸著燈彩；燈的多少、明暗，彩蘇的精粗、艷晦，是不一的，但好歹總還你一個燈彩。這燈彩實在是最能勾人的東西。夜幕垂垂地下來時，大小船上都點起燈火。從兩重玻璃裏映出那輻射著的黃黃的散光，反暈出一片朦朧的煙靄；透過這煙靄，在黯黯的水波里，又逗起縷縷的明漪。在這薄靄和微漪裏，聽著那悠然的間歇的槳聲，誰能不被引入他的美夢去呢？只愁夢太多了，這些大小船兒如何載得起呀？我們這時模模糊糊的談著明末的秦淮河的艷跡，如《桃花扇》及《板橋雜記》裏所載的。我們真神往了。我們彷彿親見那時華燈映水，畫舫凌波的光景了。於是我們的船便成了歷史的重載了。我們終於恍然秦淮河的船所以雅麗過於他處，而又有奇異的吸引力的，實在是許多歷史的影像使然了。

秦淮河的水是碧陰陰的；看起來厚而不膩，或者是六朝金粉所凝麼？我們初上船的時候，天色還未斷黑，那漾漾的柔波是這樣恬靜、委婉，使我們一面有水闊天空之想，一面又憧憬著紙醉金迷之境了。等到燈火明時，陰陰的變為沈沉了：黯淡的水光，像夢一般；那偶然閃爍著的光芒，就是夢的眼睛了。我們坐在艙前，因了那隆起的頂棚，彷彿總是昂著首向前走著似的；於是飄飄然如御風而行的我們，看著那些自在的灣泊著的船，船裏走馬燈般的人物，便像是下界一般，迢迢的遠了，又像在霧裏看花，盡朦朦朧朧的。這時我們已過了利涉橋，望見東關頭了。沿路聽見斷續的歌聲：有從沿河的妓樓飄來的，有從河上船裏渡來的。我們明知那些歌聲，只是些因襲的言詞，從生澀的歌喉裏機械的發出來的；但它們經了夏夜的微風的吹漾和水波的搖拂，嬝娜著到我們耳邊的時候，已經不單是她們的歌聲，而混著微風和河水的密語了。於是我們不得不被牽惹著，震撼著，相與浮沉於這歌聲裏了。從東關頭轉彎，不久就到大中橋。大中橋共有三個橋拱，都很闊大，儼然是三座門兒；使我們覺得我們的船和船裏的我們，在橋下過去時，真是太無顏色了。橋磚是深褐色，表明它的",色了橋磚是深褐色表明它的,歷史,lishi,li shi,FALSE,1:歷史 | 2:離世 | 3:歷時 | 4:理事 | 5:立式 | 6:立時 | 7:力士 | 8:李氏 | 9:利是 | 10:里氏,TRUE,1,,,,
polyphonic_unflagged,f421e37b2146744aacb0bab1,阿河,385,387,"我這一回寒假，因為養病，住到一家親戚的別墅里去。那別墅是在鄉下。前面偏左的地方，是一片淡藍的湖水，對岸環擁著不盡的青山。山的影子倒映在水里，越顯得清清朗朗的。水面常如鏡子一般。風起時，微有皺痕；像少女們皺她們的眉頭，過一會子就好了。湖的余勢束成一條小港，緩緩地不聲不響地流過別墅的門前。門前有一條小石橋，橋那邊盡是田畝。這邊沿岸一帶，相間地栽著桃樹和柳樹，春來當有一番熱鬧的夢。別墅外面繚繞著短短的竹篱，篱外是小小的路。里邊一座向南的樓，背后便倚著山。西邊是三間平屋，我便住在這里。院子里有兩塊草地，上面隨便放著兩三塊石頭。另外的隙地上，或羅列著盆栽，或种蒔著花草。篱邊還有几株枝干蟠曲的大樹，有一株几乎要伸到水里去了。

我的親戚韋君只有夫婦二人和一個女儿。她在外邊念書，這時也剛回到家里。她邀來三位同學，同到她家過這個寒假；兩位是親戚，一位是朋友。她們住著樓上的兩間",是朋友她們住著樓上的兩間,屋子,wuzi,wu zi,FALSE,1:物資 | 2:屋子 | 3:污漬 | 4:舞姿 | 5:伍茲 | 6:五子 | 7:兀自 | 8:戊子 | 9:五字 | 10:吳子,TRUE,2,,,,
polyphonic_unflagged,48e7f2022db1c9ec612df6bf,荷塘月色,995,997,"這幾天心裏頗不寧靜。今晚在院子裏坐着乘涼，忽然想起日日走過的荷塘，在這滿月的光裏，總該另有一番樣子吧。月亮漸漸地升高了，牆外馬路上孩子們的歡笑，已經聽不見了；妻在屋裏拍着閏兒，迷迷糊糊地哼着眠歌。我悄悄地披了大衫，帶上門出去。

沿着荷塘，是一條曲折的小煤屑路。這是一條幽僻的路；白天也少人走，夜晚更加寂寞。荷塘四面，長着許多樹，蓊蓊鬱鬱的。路的一旁，是些楊柳，和一些不知道名字的樹。沒有月光的晚上，這路上陰森森的，有些怕人。今晚卻很好，雖然月光也還是淡淡的。

路上只我一個人，背着手踱着。這一片天地好像是我的；我也像超出了平常的自己，到了另一世界裏。我愛熱鬧，也愛冷靜；愛羣居，也愛獨處。像今晚上，一個人在這蒼茫的月下，什麽都可以想，什麽都可以不想，便覺是個自由的人。白天裏一定要做的事，一定要說的話，現在都可不理。這是獨處的妙處，我且受用這無邊的荷香月色好了。

曲曲折折的荷塘上面，彌望的是田田的葉子。葉子出水很高，像亭亭的舞女的裙。層層的葉子中間，零星地點綴着些白花，有嬝娜地開着的，有羞澀地打着朶兒的；正如一粒粒的明珠，又如碧天裏的星星，又如剛出浴的美人。微風過處，送來縷縷清淸香，彷彿遠處高樓上渺茫的歌聲似的。這時候葉子與花也有一絲的顫動，像閃電般，霎時傳過荷塘的那邊去了。葉子本是肩並肩密密地挨着，這便宛然有了一道凝碧的波痕。葉子底下是脈脈的流水，遮住了，不能見一些顏色；而葉子卻更見風致了。

月光如流水一般，靜靜地瀉在這一片葉子和花上。薄薄的靑霧浮起在荷塘裏。葉子和花彷彿在牛乳中洗過一樣；又像籠着輕紗的夢。雖然是滿月，天上卻有一層淡淡的雲，所以不能朗照；但我以爲這恰是到了好處——酣眠固不可少，小睡也別有風味的。月光是隔了樹照過來的，高處叢生的灌木，落下參差的斑駁的黑影，峭楞楞如鬼一般；彎彎的楊柳的稀疏的倩影，卻又像是畫在荷葉上。塘中的月色並不均勻；但光與影有着和諧的旋律，如梵婀玲上奏着的名曲。

荷塘的四面，遠遠近近，高高低低都是樹，而楊柳最多。這些樹將一片荷塘重重圍住；只在小路一旁，漏着幾段空隙，像是特爲月光留下的。樹色一例是陰陰的，乍看像一團煙霧；但楊柳的丰姿，便在煙霧裏也辨得出。樹梢上隱隱約約的是一帶遠山，只有些大意罷了。樹縫裏也漏着一兩點路燈光，沒精打彩的，是渴睡人的眼。這時候最熱鬧的，要數樹上的蟬聲與水裏的蛙聲；但熱鬧是牠們的，我什麽也沒有。

",熱鬧是牠們的我什麽也沒有,忽然,huran,hu ran,FALSE,1:忽然 | 2:鬍髯 | 3:胡 | 4:戶 | 5:湖 | 6:虎 | 7:呼 | 8:滬 | 9:乎 | 10:互,TRUE,1,,,,
polyphonic_unflagged,f7c63a675e2aa87e90d9a989,匆匆,173,175,"燕子去了，有再來的時候；楊柳枯了，有再靑的時候；桃花謝了，有再開的時候。但是，聰明的，你吿訴我，我們的日子爲什麼一去不復返呢？——是有人偷了他們罷：那是誰？又藏在何處呢？是他們自己逃走了罷：現在又到了那裏呢？

我不知道他們給了我多少日子；但我的手確乎是漸漸空虛了。在默默裏算着，八千多日子已經從我手中溜去；像針尖上一滴水滴在大海裏，我的日子滴在",水滴在大海裏我的日子滴在,時間,shijian,shi jian,FALSE,1:時間 | 2:事件 | 3:實踐 | 4:世間 | 5:是件 | 6:始建 | 7:屍檢 | 8:十件 | 9:時艱 | 10:試件,TRUE,1,,,,
polyphonic_unflagged,abf1b9420490e16dba41f063,槳聲燈影裏的秦淮河,441,443,"一九二三年八月的一晚，我和平伯同遊秦淮河；平伯是初泛，我是重來了。我們雇了一隻「七板子」，在夕陽已去、皎月方來的時候，便下了船。於是槳聲汩汩，我們開始領略那晃蕩著薔薇色的歷史的秦淮河的滋味了。

秦淮河裏的船，比北京万生園、頤和園的船好，比西湖的船好，比揚州瘦西湖的船也好。這幾處的船不是覺著笨，就是覺著簡陋、局促；都不能引起乘客們的情韻，如秦淮河的船一樣。秦淮河的船約略可分為兩種：一是大船；一是小船，就是所謂「七板子」。大船艙口闊大，可容二三十人。裏面陳設著字畫和光潔的紅木家具，桌上一律嵌著冰涼的大理石面。窗格雕鏤頗細，使人起柔膩之感。窗格里映著紅色藍色的玻璃；玻璃上有精緻的花紋，也頗悅人目。「七板子」規模雖不及大船，但那淡藍色的欄杆，空敞的艙，也足繫人情思。而最出色處卻在它的艙前。艙前是甲板上的一部，上面有弧形的頂，兩邊用疏疏的欄杆支著。裏面通常放著兩張藤的躺椅。躺下，可以談天，可以望遠，可以顧盼兩岸的河房。大船上也有這個，但在小船上更覺清雋罷了。艙前的頂下，一律懸著",雋罷了艙前的頂下一律懸著,燈彩,dengcai,deng cai,FALSE,1:燈綵 | 2:燈彩 | 3:等 | 4:燈 | 5:登 | 6:鄧 | 7:瞪 | 8:蹬 | 9:凳 | 10:噔,TRUE,2,,,,
polyphonic_unflagged,040d5eac605294d664a94c59,春,75,77,"盼望着，盼望着，東風來了，春天的腳步近了。

一切都像剛睡醒的樣子，欣欣然張開了眼。山朗潤起來了，水長起來了，太陽的臉紅起來了。

小草偷偷地從土裏鑽",起來了小草偷偷地從土裏鑽,出來,chulai,chu lai,FALSE,1:出來 | 2:初來 | 3:出 | 4:處 | 5:除 | 6:初 | 7:楚 | 8:齣 | 9:觸 | 10:儲,TRUE,1,,,,
polyphonic_unflagged,d617fb52f3842f5a4994f1d8,荷塘月色,108,110,這幾天心裏頗不寧靜。今晚在院子裏坐着乘涼，忽然想起日日走過的荷塘，在這滿月的光裏，總該另有一番樣子吧。月亮漸漸地升高了，牆外馬路上孩子們的歡笑，已經聽不見了；妻在屋裏拍着閏兒，迷迷糊糊地哼着眠歌。我悄悄地披了大衫，帶,着眠歌我悄悄地披了大衫帶,上門,shangmen,shang men,FALSE,1:上門 | 2:上 | 3:商 | 4:傷 | 5:尚 | 6:賞 | 7:殤 | 8:裳 | 9:熵 | 10:墒,TRUE,1,,,,
polyphonic_unflagged,8c14054e803c314dc74d9de5,背影,1016,1018,"我與父親不相見已二年餘了，我最不能忘記的是他的背影。那年冬天，祖母死了，父親的差使也交卸了，正是禍不單行的日子，我從北京到徐州，打算跟着父親奔喪囘家。到徐州見着父親，看見滿院狼藉的東西，又想起祖母，不禁簌簌地流下眼淚。父親說，「事已如此，不必難過，好在天無絕人之路！」

囘家變賣典質，父親還了虧空；又借錢辦了喪事。這些日子，家中光景很是慘澹，一半爲了喪事，一半爲了父親賦閒。喪事完畢，父親要到南京謀事，我也要囘北京念書，我們便同行。

到南京時，有朋友約去游逛，勾留了一日；第二日上午便須渡江到浦口，下午上車北去。父親因爲事忙，本已說定不送我，叫旅館裏一個熟識的茶房陪我同去。他再三囑付茶房，甚是仔細。但他終於不放心，怕茶房不妥帖；頗躊躇了一會。其實我那年已二十歲，北京已來往過兩三次，是沒有甚麽要緊的了。他躊躇了一會，終於決定還是自己送我去。我兩三囘勸他不必去；他只說，「不要緊，他們去不好！」

我們過了江，進了車站。我買票，他忙着照看行李。行李太多了，得向腳夫行些小費，才可過去。他便又忙着和他們講價錢。我那時眞是聰明過分，總覺他說話不大漂亮，非自己插嘴不可。但他終於講定了價錢；就送我上車。他給我揀定了靠車門的一張椅子；我將他給我做的紫毛大衣鋪好坐位。他囑我路上小心，夜裏要警醒些，不要受涼。又囑託茶房好好照應我。我心裏暗笑他的迂；他們只認得錢，託他們直是白託！而且我這樣大年紀的人，難道還不能料理自己麽？唉，我現在想想，那時眞是太聰明了！

我說道，「爸爸，你走吧。」他望車外看了看，說，「我買幾個橘子去。你就在此地，不要走動。」我看那邊月臺的柵欄外有幾個賣東西的等着顧客。走到那邊月臺，須穿過鐵道，須跳下去又爬上去。父親是一個胖子，走過去自然要費事些。我本來要去的，他不肯，只好讓他去。我看見他戴着黑布小帽，穿着黑布大馬褂，深靑布棉袍，蹣跚地走到鐵道邊，慢慢探身下去，尚不大難。可是他穿過鐵道，要爬上那邊月臺，就不容易了。他用兩手攀着上面，兩腳再向上縮；他肥胖的身子向左微傾，顯出努力的樣子。這時我看見他的背影，我的淚很快地流下來了。我趕緊拭乾了淚，怕他看見，也怕別人看見。我再向外看時，他已抱了朱紅的橘子望囘走了。過鐵道時，他先將橘子散放在地上，自己慢慢爬下，再抱起橘子走。到這邊時，我趕緊去攙他。他和我走到車上，將橘子一股腦兒放在我的皮大衣上。於是撲撲衣上的泥土，心裏狠輕鬆似的，過一會說，「我走了；到那邊來信！」",過一會說我走了到那邊來信,我望,wowang,wo wang,FALSE,1:我往 | 2:我忘 | 3:我 | 4:喔 | 5:窩 | 6:握 | 7:臥 | 8:沃 | 9:倭 | 10:渦,FALSE,,,,,
polyphonic_unflagged,dd2583751c94e86ad2937799,槳聲燈影裏的秦淮河,5522,5524,"一九二三年八月的一晚，我和平伯同遊秦淮河；平伯是初泛，我是重來了。我們雇了一隻「七板子」，在夕陽已去、皎月方來的時候，便下了船。於是槳聲汩汩，我們開始領略那晃蕩著薔薇色的歷史的秦淮河的滋味了。

秦淮河裏的船，比北京万生園、頤和園的船好，比西湖的船好，比揚州瘦西湖的船也好。這幾處的船不是覺著笨，就是覺著簡陋、局促；都不能引起乘客們的情韻，如秦淮河的船一樣。秦淮河的船約略可分為兩種：一是大船；一是小船，就是所謂「七板子」。大船艙口闊大，可容二三十人。裏面陳設著字畫和光潔的紅木家具，桌上一律嵌著冰涼的大理石面。窗格雕鏤頗細，使人起柔膩之感。窗格里映著紅色藍色的玻璃；玻璃上有精緻的花紋，也頗悅人目。「七板子」規模雖不及大船，但那淡藍色的欄杆，空敞的艙，也足繫人情思。而最出色處卻在它的艙前。艙前是甲板上的一部，上面有弧形的頂，兩邊用疏疏的欄杆支著。裏面通常放著兩張藤的躺椅。躺下，可以談天，可以望遠，可以顧盼兩岸的河房。大船上也有這個，但在小船上更覺清雋罷了。艙前的頂下，一律懸著燈彩；燈的多少、明暗，彩蘇的精粗、艷晦，是不一的，但好歹總還你一個燈彩。這燈彩實在是最能勾人的東西。夜幕垂垂地下來時，大小船上都點起燈火。從兩重玻璃裏映出那輻射著的黃黃的散光，反暈出一片朦朧的煙靄；透過這煙靄，在黯黯的水波里，又逗起縷縷的明漪。在這薄靄和微漪裏，聽著那悠然的間歇的槳聲，誰能不被引入他的美夢去呢？只愁夢太多了，這些大小船兒如何載得起呀？我們這時模模糊糊的談著明末的秦淮河的艷跡，如《桃花扇》及《板橋雜記》裏所載的。我們真神往了。我們彷彿親見那時華燈映水，畫舫凌波的光景了。於是我們的船便成了歷史的重載了。我們終於恍然秦淮河的船所以雅麗過於他處，而又有奇異的吸引力的，實在是許多歷史的影像使然了。

秦淮河的水是碧陰陰的；看起來厚而不膩，或者是六朝金粉所凝麼？我們初上船的時候，天色還未斷黑，那漾漾的柔波是這樣恬靜、委婉，使我們一面有水闊天空之想，一面又憧憬著紙醉金迷之境了。等到燈火明時，陰陰的變為沈沉了：黯淡的水光，像夢一般；那偶然閃爍著的光芒，就是夢的眼睛了。我們坐在艙前，因了那隆起的頂棚，彷彿總是昂著首向前走著似的；於是飄飄然如御風而行的我們，看著那些自在的灣泊著的船，船裏走馬燈般的人物，便像是下界一般，迢迢的遠了，又像在霧裏看花，盡朦朦朧朧的。這時我們已過了利涉橋，望見東關頭了。沿路聽見斷續的歌聲：有從沿河的妓樓飄來的，有從河上船裏渡來的。我們明知那些歌聲，只是些因襲的言詞，從生澀的歌喉裏機械的發出來的；但它們經了夏夜的微風的吹漾和水波的搖拂，嬝娜著到我們耳邊的時候，已經不單是她們的歌聲，而混著微風和河水的密語了。於是我們不得不被牽惹著，震撼著，相與浮沉於這歌聲裏了。從東關頭轉彎，不久就到大中橋。大中橋共有三個橋拱，都很闊大，儼然是三座門兒；使我們覺得我們的船和船裏的我們，在橋下過去時，真是太無顏色了。橋磚是深褐色，表明它的歷史的長久；但都完好無缺，令人太息於古昔工程的堅美。橋上兩旁都是木壁的房子，中間應該有街路。這些房子都破舊了，多年煙熏的跡，遮沒了當年的美麗。我想像秦淮河的極盛時，在這樣宏闊的橋上，特地蓋了房子，必然是髹漆得富富麗麗的；晚間必然是燈火通明的，現在卻只剩下一片黑沉沉！但是橋上造著房子，畢竟使我們多少可以想見往日的繁華；這也慰情聊勝無了。過了大中橋，便到了燈月交輝、笙歌徹夜的秦淮河，這才是秦淮河的真面目哩。

大中橋外，頓然空闊，和橋內兩岸排著密密的人家的景像大異了。一眼望去，疏疏的林，淡淡的月，襯著蔚藍的天，頗像荒江野渡光景；那邊呢，鬱叢叢的，陰森森的，又似乎藏著無邊的黑暗，令人幾乎不信那是繁華的秦淮河了。但是河中眩暈著的燈光，縱橫著的畫舫，悠揚著的笛韻，夾著那吱吱的胡琴聲，終於使我們認識綠如茵陳酒的秦淮水了。此地天裸露著的多些，故覺夜來的獨遲些；從清清的水影裏，我們感到的只是薄薄的夜——這正是秦淮河的夜。大中橋外，本來還有一座復成橋，是船夫口中的我們的遊踪盡處，或也是秦淮河繁華的盡處了。我的腳曾踏過復成橋的脊，在十三四歲的時候。但是兩次遊秦淮河，卻都不曾見著復成橋的面；明知總在前途的，卻常覺得有些虛無縹緲似的。我想，不見倒也好。這時正是盛夏。我們下船後，藉著新生的晚涼和河上的微風，暑氣已漸漸消散；到了此地，豁然開朗，身子頓然輕了——習習的清風荏苒在面上、手上、衣上，這便又感到了一縷新涼了。南京的日光，大概沒有杭州猛烈；西湖的夏夜老是熱蓬蓬的，水像沸著一般，秦淮河的水卻盡是這樣冷冷地綠著。任你人影的憧憧，歌聲的擾擾，總像隔著一層薄薄的綠紗面冪似的；它盡是這樣靜靜的、冷冷的綠著。我們出了大中橋，走不上半里路，船夫便將船劃到一旁，停了槳由它宕著。他以為那裏正是繁華的極點，再過去就是荒涼了；所以讓我們多多賞鑑一會兒。他自己卻靜靜的蹲著。他是看慣這光景的了，大約只是一個無可無不可。這無可無不可，無論是升的沉的，總之，都比我們高了。

那時河裏鬧熱極了；船大半泊著，小半在水上穿梭似的來往。停泊著的都在近市的那一邊，我們的船自然也夾在其中。因為這邊略略的擠，便覺得那邊十分的疏了。在每一隻船從那邊過去時，我們能畫出它的輕輕的影和曲曲的波，在我們的心上；這顯著是空，且顯著是靜了。那時處處都是歌聲和淒厲的胡琴聲，圓潤的喉嚨，確乎是很少的。但那生澀的，尖脆的調子能使人有少年的，粗率不拘的感覺，也正可快我們的意。況且多少隔開些兒聽著，因為想像與渴慕的做美，總覺更有滋味；而竟發的喧囂，抑揚的不齊，遠近的雜沓，和樂器的嘈嘈切切，合成另一意味的諧音，也使我們無所適從，如隨著大風而走。這實在因為我們的心枯澀久了，變為脆弱；故偶然潤澤一下，便瘋狂似的不能自主了，但秦淮河確也膩人。即如船裏的人面，無論是和我們一堆儿泊著的，無論是從我們眼前過去的，總是模模糊糊的，甚至渺渺茫茫的；任你張圓了眼睛，揩淨了眥垢，也是枉然，這真夠人想呢。在我們停泊的地方，燈光原是紛然的；不過這些燈光都是黃而有暈的。黃已經不能明了，再加上了暈，便更不成了。燈愈多，暈就愈甚；在繁星般的黃的交錯裏，秦淮河彷彿籠上了一團光霧。光芒與霧氣騰騰的暈著，什麼都只剩了輪廓了；所以人面的詳細的曲線，便消失於我們的眼底了。但燈光究竟奪不了那邊的月色；燈光是渾的，月色是清的。在渾沌的燈光裏，滲入一派清輝，卻真是奇蹟！那晚月兒已瘦削了兩三分。她晚妝才罷，盈盈的上了柳梢頭。天是藍得可愛，彷彿一汪水似的；月兒便更出落得精神了。岸上原有三株兩株的垂楊樹，淡淡的影子，在水里搖曳著。它們那柔細的枝條浴著月光，就像一支支美人的臂膊，交互的纏著、挽著；又像是月兒披著的髪。而月兒偶爾也從它們的交叉處偷偷窺看我們，大有小姑娘怕羞的樣子。岸上另有幾株不知名的老樹，光光的立著；在月光裏照起來，卻又儼然是精神矍鑠的老人。遠處快到天際線了，才有一兩片白雲，亮得現出異彩，像是美麗的貝殼一般。白雲下便是黑黑的一帶輪廓；是一條隨意畫的不規則的曲線。這一段光景，和河中的風味大異了。但燈與月竟能並存著，交融著，使月成了纏綿的月，燈射著渺渺的靈輝，這正是天之所以厚秦淮河，也正是天之所以厚我們了。

這時卻遇著了難解的糾紛。秦淮河上原有一種歌妓，是以歌為業的。從前都在茶舫上，唱些大曲之類。每日午後一時起；什麼時候止，卻忘記了。晚上照樣也有一回，也在黃暈的燈光裏。我從前過南京時，曾隨著朋友去聽過兩次。因為茶舫裏的人臉太多了，覺得不大適意，終於聽不出所以然。前年聽說歌妓被取締了，不知怎的，頗涉想了幾次卻想不出什麼。這次到南京，先到茶舫上去看看，覺得頗是寂寥，令我無端的悵悵了。不料她們卻仍在秦淮河裏掙扎著，不料她們竟會糾纏到我們，我於是很張皇了，她們也乘著「七板子」，她們總是坐在艙前的。艙前點著石油汽燈，光亮炫人眼目：坐在下面的，自然是纖毫畢見了。引誘客人們的力量，也便在此了。艙裏躲著樂工等人，映著汽燈的餘輝蠕動著；他們是永遠不被注意的。每船的歌妓大約都是二人；天色一黑，她們的船就在大中橋外往來不息的兜生意。無論行著的船，泊著的船，都要來兜攬的。這都是我後來推想出來的。那晚不知怎樣，忽然輪著我們的船了。我們的船好好的停著，一隻歌舫劃向我們來了；漸漸和我們的船並著了。爍爍的燈光逼得我們皺起了眉頭；我們的風塵色全給它托出來了，這使我踧踖不安了。那時一個伙計跨過船來，拿著攤開的歌摺，就近塞向我的手裏，說：「點幾出吧！」他跨過來的時候，我們船上似乎有許多眼光跟著。同時相近的別的船上也似乎有許多眼睛炯炯的向我們船上看著。我真窘了！我也裝出大方的樣子，向歌妓們瞥了一眼，但究竟是不成的！我勉強將那歌摺翻了一翻，卻不曾看清了幾個字；便趕緊遞還那伙計，一面不好意思地說「不要，我們⋯⋯不要。」他便塞給平伯，平伯掉轉頭去，搖手說：「不要！」那人還膩著不走。平伯又回過臉來，搖著頭道「不要！」於是那人重到我處，我窘著再拒絕了他。他這纔有所不屑似的走了。

我的心立刻放下，如釋了重負一般。我們就開始自白了。

我說我受了道德律的壓迫，拒絕了她們；心裏似乎很抱歉的。這所謂抱歉，一面對於她們，一面對於我自己。她們於我們雖然沒有很奢的希望；但總有些希望的。我們拒絕了她們，無論理由如何充足，卻使她們的希望受了傷；這總有幾分不做美了，這是我覺得很悵悵的。至於我自己，更有一種不足之感。我這時被四面的歌聲誘惑了，降伏了；但是遠遠的，遠遠的歌聲總彷彿隔著重衣搔癢似的，越搔越搔不著癢處。我於是憧憬著貼耳的妙音了。在歌舫劃來時，我的憧憬，變為盼望；我固執的盼望著，有如飢渴。雖然從淺薄的經驗裏，也能夠推知，那貼耳的歌聲，將剝去了一切的美妙；但一個平常的人像我的，谁愿憑了理性之力去醜化未來呢？我寧願自己騙著了。不過我的社會感性是很敏銳的；我的思力能拆穿道德律的西洋鏡，而我的感情卻終於被它壓服著。我於是有所顧忌了，尤其是在眾目昭彰的時候。道德律的力，本來是民眾賦予的；在民眾的面前，自然更顯出它的威嚴了。我這時一面盼望，一面卻感到了兩重的禁制：一、在通俗的意義上，接近妓者總算一種不正當的行為；二、妓是一種不健全的職業，我們對於她們，應有哀矜勿喜之心，不應賞玩的去聽她們的歌。在眾目睽睽之下，這兩種思想在我心裏最為旺盛。她們暫時壓倒了我的聽歌的盼望，這便成就了我的灰色的拒絕。那時的心實在異常狀態中，覺得頗是昏亂。歌舫去了，暫時寧靜之後，我的思緒又如潮湧了。兩個相反的意思在我心頭往復：賣歌和賣淫不同，聽歌和狎妓不同，又干道德甚事？但是，但是，她們既被逼的以歌為業，她們的歌必無藝術味的；況她們的身世，我們究竟該同情的，所以拒絕倒也是正辦。但這些意思終於不曾撇開我的聽歌的盼望。它力量異常堅強；它總想將別的思緒踏在腳下。從這重重的爭鬬里，我感到了濃厚的不足之感。這不足之感使我的心盤旋不安，起坐都不安寧了。唉！我承認我是一個自私的人！平伯呢，卻與我不同。他引周啟明先生的詩，「因為我有妻子，所以我愛一切的女人；因為我有子女，所以我愛一切的孩子。」他的意思可以見了。他因為推及的同情，愛著那些歌妓，並且尊重著她們，所以拒絕了她們。在這種情形下，他自然以為聽是對於她們的一種侮辱。但他也是想听歌的，雖然不和我一樣。所以在他的心中，當然也有一番小小的爭鬬；爭鬬的結果，是同情勝了。至於道德律，在他是沒有什麼的：因為他很有蔑視一切的傾向，民眾的力量在他是不大覺著的。這時他的心意的活動比較簡單，又比較鬆弱，故事後還怡然自若；我卻不能了。這里平伯又比我高了。

在我們談話中間，又來了兩隻歌舫。伙計照前一樣的請我們點戲，我們照前一樣的拒絕了。我受了三次窘，心裏的不安更甚了。清豔的夜景也為之減色。船夫大約因為要趕第二趟生意，催著我們回去；我們無可無不可的答應了。我們漸漸和那些暈黃的燈光遠了，只有些月色冷清清的隨著我們的歸舟。我們的船竟沒個伴兒，秦淮河的夜正長哩！到大中橋近處，才遇著一隻來船。這是一隻載妓的板船，黑漆漆的沒有一點光。船頭上坐著一個妓女；暗裏看出，白地小花的衫子，黑的下衣。她手里拉著胡琴，口裏唱著青衫的調子。她唱得響亮而圓轉；當她的船箭一般駛過去時，餘音還裊裊的在我們耳際，使我們傾聽而嚮往。想不到在弩末的遊踪裏，還能領略到這樣的清歌！這時船過大中橋了，森森的水影，如黑暗張著巨口，要將我們的船吞了下去。我們回顧那渺渺的黃光，不勝依戀之情；我們感到了寂寞了！這一段地方夜色甚濃，又有兩頭的燈火招邀著；橋外的燈火不用說了，過了橋另有東關頭疏疏的燈火。我們忽然仰頭看見依人的素月，不覺深悔歸來之早了！走過東關頭，有一兩隻大船灣泊著，又有幾隻船向我們來著。囂囂的一陣歌聲人語，彷彿笑我們無伴的孤舟哩。東關頭轉灣，河上的夜色更濃了；臨水的妓樓上，時時從簾縫裏射出一線一線的燈光；彷彿黑暗從酣睡裏眨了一眨眼。我們默然的對著，靜聽那汩汩的槳聲，幾乎要入睡了；朦朧裏卻溫尋著適才的繁華的餘味。我那不安的心在靜裏愈顯活躍了！這時我們都有了不足之感，而我的更其濃厚。我們卻又不願回去，於是只能由懊悔而悵惘了，船里便滿載著悵惘了。直到利涉橋下，微微嘈雜的人聲，才使我豁然一驚；那光景卻又不同。右岸的河房裏，都大開了窗戶，裏面亮著晃晃的電燈，電燈的光射到水上，蜿蜒曲折，閃閃不息，正如跳舞著的仙女的臂膊。我們的船已在她的臂膊裏了；如睡在搖籃裏一樣，倦了的我們便又入夢了。那電燈下的人物，只覺得像螞蟻一般，更不去縈念。這是最後的夢；可惜的是最短的夢！黑暗重複落在我們面前，我們看見傍岸的空船上",面前我們看見傍岸的空船上,一星,yixing,yi xing,FALSE,1:異形 | 2:一行 | 3:異性 | 4:宜興 | 5:一星 | 6:乙型 | 7:異型 | 8:移行 | 9:意興 | 10:異姓,TRUE,5,,,,
polyphonic_unflagged,c8e7f1ad62be973ca5ba7dbc,槳聲燈影裏的秦淮河,3537,3539,"一九二三年八月的一晚，我和平伯同遊秦淮河；平伯是初泛，我是重來了。我們雇了一隻「七板子」，在夕陽已去、皎月方來的時候，便下了船。於是槳聲汩汩，我們開始領略那晃蕩著薔薇色的歷史的秦淮河的滋味了。

秦淮河裏的船，比北京万生園、頤和園的船好，比西湖的船好，比揚州瘦西湖的船也好。這幾處的船不是覺著笨，就是覺著簡陋、局促；都不能引起乘客們的情韻，如秦淮河的船一樣。秦淮河的船約略可分為兩種：一是大船；一是小船，就是所謂「七板子」。大船艙口闊大，可容二三十人。裏面陳設著字畫和光潔的紅木家具，桌上一律嵌著冰涼的大理石面。窗格雕鏤頗細，使人起柔膩之感。窗格里映著紅色藍色的玻璃；玻璃上有精緻的花紋，也頗悅人目。「七板子」規模雖不及大船，但那淡藍色的欄杆，空敞的艙，也足繫人情思。而最出色處卻在它的艙前。艙前是甲板上的一部，上面有弧形的頂，兩邊用疏疏的欄杆支著。裏面通常放著兩張藤的躺椅。躺下，可以談天，可以望遠，可以顧盼兩岸的河房。大船上也有這個，但在小船上更覺清雋罷了。艙前的頂下，一律懸著燈彩；燈的多少、明暗，彩蘇的精粗、艷晦，是不一的，但好歹總還你一個燈彩。這燈彩實在是最能勾人的東西。夜幕垂垂地下來時，大小船上都點起燈火。從兩重玻璃裏映出那輻射著的黃黃的散光，反暈出一片朦朧的煙靄；透過這煙靄，在黯黯的水波里，又逗起縷縷的明漪。在這薄靄和微漪裏，聽著那悠然的間歇的槳聲，誰能不被引入他的美夢去呢？只愁夢太多了，這些大小船兒如何載得起呀？我們這時模模糊糊的談著明末的秦淮河的艷跡，如《桃花扇》及《板橋雜記》裏所載的。我們真神往了。我們彷彿親見那時華燈映水，畫舫凌波的光景了。於是我們的船便成了歷史的重載了。我們終於恍然秦淮河的船所以雅麗過於他處，而又有奇異的吸引力的，實在是許多歷史的影像使然了。

秦淮河的水是碧陰陰的；看起來厚而不膩，或者是六朝金粉所凝麼？我們初上船的時候，天色還未斷黑，那漾漾的柔波是這樣恬靜、委婉，使我們一面有水闊天空之想，一面又憧憬著紙醉金迷之境了。等到燈火明時，陰陰的變為沈沉了：黯淡的水光，像夢一般；那偶然閃爍著的光芒，就是夢的眼睛了。我們坐在艙前，因了那隆起的頂棚，彷彿總是昂著首向前走著似的；於是飄飄然如御風而行的我們，看著那些自在的灣泊著的船，船裏走馬燈般的人物，便像是下界一般，迢迢的遠了，又像在霧裏看花，盡朦朦朧朧的。這時我們已過了利涉橋，望見東關頭了。沿路聽見斷續的歌聲：有從沿河的妓樓飄來的，有從河上船裏渡來的。我們明知那些歌聲，只是些因襲的言詞，從生澀的歌喉裏機械的發出來的；但它們經了夏夜的微風的吹漾和水波的搖拂，嬝娜著到我們耳邊的時候，已經不單是她們的歌聲，而混著微風和河水的密語了。於是我們不得不被牽惹著，震撼著，相與浮沉於這歌聲裏了。從東關頭轉彎，不久就到大中橋。大中橋共有三個橋拱，都很闊大，儼然是三座門兒；使我們覺得我們的船和船裏的我們，在橋下過去時，真是太無顏色了。橋磚是深褐色，表明它的歷史的長久；但都完好無缺，令人太息於古昔工程的堅美。橋上兩旁都是木壁的房子，中間應該有街路。這些房子都破舊了，多年煙熏的跡，遮沒了當年的美麗。我想像秦淮河的極盛時，在這樣宏闊的橋上，特地蓋了房子，必然是髹漆得富富麗麗的；晚間必然是燈火通明的，現在卻只剩下一片黑沉沉！但是橋上造著房子，畢竟使我們多少可以想見往日的繁華；這也慰情聊勝無了。過了大中橋，便到了燈月交輝、笙歌徹夜的秦淮河，這才是秦淮河的真面目哩。

大中橋外，頓然空闊，和橋內兩岸排著密密的人家的景像大異了。一眼望去，疏疏的林，淡淡的月，襯著蔚藍的天，頗像荒江野渡光景；那邊呢，鬱叢叢的，陰森森的，又似乎藏著無邊的黑暗，令人幾乎不信那是繁華的秦淮河了。但是河中眩暈著的燈光，縱橫著的畫舫，悠揚著的笛韻，夾著那吱吱的胡琴聲，終於使我們認識綠如茵陳酒的秦淮水了。此地天裸露著的多些，故覺夜來的獨遲些；從清清的水影裏，我們感到的只是薄薄的夜——這正是秦淮河的夜。大中橋外，本來還有一座復成橋，是船夫口中的我們的遊踪盡處，或也是秦淮河繁華的盡處了。我的腳曾踏過復成橋的脊，在十三四歲的時候。但是兩次遊秦淮河，卻都不曾見著復成橋的面；明知總在前途的，卻常覺得有些虛無縹緲似的。我想，不見倒也好。這時正是盛夏。我們下船後，藉著新生的晚涼和河上的微風，暑氣已漸漸消散；到了此地，豁然開朗，身子頓然輕了——習習的清風荏苒在面上、手上、衣上，這便又感到了一縷新涼了。南京的日光，大概沒有杭州猛烈；西湖的夏夜老是熱蓬蓬的，水像沸著一般，秦淮河的水卻盡是這樣冷冷地綠著。任你人影的憧憧，歌聲的擾擾，總像隔著一層薄薄的綠紗面冪似的；它盡是這樣靜靜的、冷冷的綠著。我們出了大中橋，走不上半里路，船夫便將船劃到一旁，停了槳由它宕著。他以為那裏正是繁華的極點，再過去就是荒涼了；所以讓我們多多賞鑑一會兒。他自己卻靜靜的蹲著。他是看慣這光景的了，大約只是一個無可無不可。這無可無不可，無論是升的沉的，總之，都比我們高了。

那時河裏鬧熱極了；船大半泊著，小半在水上穿梭似的來往。停泊著的都在近市的那一邊，我們的船自然也夾在其中。因為這邊略略的擠，便覺得那邊十分的疏了。在每一隻船從那邊過去時，我們能畫出它的輕輕的影和曲曲的波，在我們的心上；這顯著是空，且顯著是靜了。那時處處都是歌聲和淒厲的胡琴聲，圓潤的喉嚨，確乎是很少的。但那生澀的，尖脆的調子能使人有少年的，粗率不拘的感覺，也正可快我們的意。況且多少隔開些兒聽著，因為想像與渴慕的做美，總覺更有滋味；而竟發的喧囂，抑揚的不齊，遠近的雜沓，和樂器的嘈嘈切切，合成另一意味的諧音，也使我們無所適從，如隨著大風而走。這實在因為我們的心枯澀久了，變為脆弱；故偶然潤澤一下，便瘋狂似的不能自主了，但秦淮河確也膩人。即如船裏的人面，無論是和我們一堆儿泊著的，無論是從我們眼前過去的，總是模模糊糊的，甚至渺渺茫茫的；任你張圓了眼睛，揩淨了眥垢，也是枉然，這真夠人想呢。在我們停泊的地方，燈光原是紛然的；不過這些燈光都是黃而有暈的。黃已經不能明了，再加上了暈，便更不成了。燈愈多，暈就愈甚；在繁星般的黃的交錯裏，秦淮河彷彿籠上了一團光霧。光芒與霧氣騰騰的暈著，什麼都只剩了輪廓了；所以人面的詳細的曲線，便消失於我們的眼底了。但燈光究竟奪不了那邊的月色；燈光是渾的，月色是清的。在渾沌的燈光裏，滲入一派清輝，卻真是奇蹟！那晚月兒已瘦削了兩三分。她晚妝才罷，盈盈的上了柳梢頭。天是藍得可愛，彷彿一汪水似的；月兒便更出落得精神了。岸上原有三株兩株的垂楊樹，淡淡的影子，在水里搖曳著。它們那柔細的枝條浴著月光，就像一支支美人的臂膊，交互的纏著、挽著；又像是月兒披著的髪。而月兒偶爾也從它們的交叉處偷偷窺看我們，大有小姑娘怕羞的樣子。岸上另有幾株不知名的老樹，光光的立著；在月光裏照起來，卻又儼然是精神矍鑠的老人。遠處快到天際線了，才有一兩片白雲，亮得現出異彩，像是美麗的貝殼一般。白雲下便是黑黑的一帶輪廓；是一條隨意畫的不規則的曲線。這一段光景，和河中的風味大異了。但燈與月竟能並存著，交融著，使月成了纏綿的月，燈射著渺渺的靈輝，這正是天之所以厚秦淮河，也正是天之所以厚我們了。

這時卻遇著了難解的糾紛。秦淮河上原有一種歌妓，是以歌為業的。從前都在茶舫上，唱些大曲之類。每日午後一時起；什麼時候止，卻忘記了。晚上照樣也有一回，也在黃暈的燈光裏。我從前過南京時，曾隨著朋友去聽過兩次。因為茶舫裏的人臉太多了，覺得不大適意，終於聽不出所以然。前年聽說歌妓被取締了，不知怎的，頗涉想了幾次卻想不出什麼。這次到南京，先到茶舫上去看看，覺得頗是寂寥，令我無端的悵悵了。不料她們卻仍在秦淮河裏掙扎著，不料她們竟會糾纏到我們，我於是很張皇了，她們也乘著「七板子」，她們總是坐在艙前的。艙前點著石油汽燈，光亮炫人眼目：坐在下面的，自然是纖毫畢見了。引誘客人們的力量，也便在此了。艙裏躲著樂工等人，映著汽燈的餘輝蠕動著；他們是永遠不被注意的。每船的歌妓大約都是二人；天色一黑，她們的船就在大中橋外往來不息的兜生意。無論行著的船，泊著的船，都要來兜攬的。這都是我後來推想出來的。那晚不知怎樣，忽然輪著我們的船了。我們的船好好的停著，一隻歌舫劃向我們來了；漸漸和我們的船並著了。爍爍的燈光逼得我們皺起了眉頭；我們的風塵色全給它托出來了，這使我踧踖不安了。那時一個伙計跨過船來，拿著攤開的歌摺，就近塞向我的手裏，說：「點幾出吧！」他跨過來的時候，我們船上似乎有許多眼光跟著。同時相近的別的船上也似乎有許多眼睛炯炯的向我們船上看著。我真窘了！我也裝出大方的樣子，向歌妓們瞥了一眼，但究竟是不成的！",們瞥了一眼但究竟是不成的,我勉,womian,wo mian,FALSE,1:渥眄 | 2:我 | 3:喔 | 4:窩 | 5:握 | 6:臥 | 7:沃 | 8:倭 | 9:渦 | 10:渥,FALSE,,,,,
polyphonic_unflagged,97c048906abdfc35e39d9573,槳聲燈影裏的秦淮河,5058,5060,"一九二三年八月的一晚，我和平伯同遊秦淮河；平伯是初泛，我是重來了。我們雇了一隻「七板子」，在夕陽已去、皎月方來的時候，便下了船。於是槳聲汩汩，我們開始領略那晃蕩著薔薇色的歷史的秦淮河的滋味了。

秦淮河裏的船，比北京万生園、頤和園的船好，比西湖的船好，比揚州瘦西湖的船也好。這幾處的船不是覺著笨，就是覺著簡陋、局促；都不能引起乘客們的情韻，如秦淮河的船一樣。秦淮河的船約略可分為兩種：一是大船；一是小船，就是所謂「七板子」。大船艙口闊大，可容二三十人。裏面陳設著字畫和光潔的紅木家具，桌上一律嵌著冰涼的大理石面。窗格雕鏤頗細，使人起柔膩之感。窗格里映著紅色藍色的玻璃；玻璃上有精緻的花紋，也頗悅人目。「七板子」規模雖不及大船，但那淡藍色的欄杆，空敞的艙，也足繫人情思。而最出色處卻在它的艙前。艙前是甲板上的一部，上面有弧形的頂，兩邊用疏疏的欄杆支著。裏面通常放著兩張藤的躺椅。躺下，可以談天，可以望遠，可以顧盼兩岸的河房。大船上也有這個，但在小船上更覺清雋罷了。艙前的頂下，一律懸著燈彩；燈的多少、明暗，彩蘇的精粗、艷晦，是不一的，但好歹總還你一個燈彩。這燈彩實在是最能勾人的東西。夜幕垂垂地下來時，大小船上都點起燈火。從兩重玻璃裏映出那輻射著的黃黃的散光，反暈出一片朦朧的煙靄；透過這煙靄，在黯黯的水波里，又逗起縷縷的明漪。在這薄靄和微漪裏，聽著那悠然的間歇的槳聲，誰能不被引入他的美夢去呢？只愁夢太多了，這些大小船兒如何載得起呀？我們這時模模糊糊的談著明末的秦淮河的艷跡，如《桃花扇》及《板橋雜記》裏所載的。我們真神往了。我們彷彿親見那時華燈映水，畫舫凌波的光景了。於是我們的船便成了歷史的重載了。我們終於恍然秦淮河的船所以雅麗過於他處，而又有奇異的吸引力的，實在是許多歷史的影像使然了。

秦淮河的水是碧陰陰的；看起來厚而不膩，或者是六朝金粉所凝麼？我們初上船的時候，天色還未斷黑，那漾漾的柔波是這樣恬靜、委婉，使我們一面有水闊天空之想，一面又憧憬著紙醉金迷之境了。等到燈火明時，陰陰的變為沈沉了：黯淡的水光，像夢一般；那偶然閃爍著的光芒，就是夢的眼睛了。我們坐在艙前，因了那隆起的頂棚，彷彿總是昂著首向前走著似的；於是飄飄然如御風而行的我們，看著那些自在的灣泊著的船，船裏走馬燈般的人物，便像是下界一般，迢迢的遠了，又像在霧裏看花，盡朦朦朧朧的。這時我們已過了利涉橋，望見東關頭了。沿路聽見斷續的歌聲：有從沿河的妓樓飄來的，有從河上船裏渡來的。我們明知那些歌聲，只是些因襲的言詞，從生澀的歌喉裏機械的發出來的；但它們經了夏夜的微風的吹漾和水波的搖拂，嬝娜著到我們耳邊的時候，已經不單是她們的歌聲，而混著微風和河水的密語了。於是我們不得不被牽惹著，震撼著，相與浮沉於這歌聲裏了。從東關頭轉彎，不久就到大中橋。大中橋共有三個橋拱，都很闊大，儼然是三座門兒；使我們覺得我們的船和船裏的我們，在橋下過去時，真是太無顏色了。橋磚是深褐色，表明它的歷史的長久；但都完好無缺，令人太息於古昔工程的堅美。橋上兩旁都是木壁的房子，中間應該有街路。這些房子都破舊了，多年煙熏的跡，遮沒了當年的美麗。我想像秦淮河的極盛時，在這樣宏闊的橋上，特地蓋了房子，必然是髹漆得富富麗麗的；晚間必然是燈火通明的，現在卻只剩下一片黑沉沉！但是橋上造著房子，畢竟使我們多少可以想見往日的繁華；這也慰情聊勝無了。過了大中橋，便到了燈月交輝、笙歌徹夜的秦淮河，這才是秦淮河的真面目哩。

大中橋外，頓然空闊，和橋內兩岸排著密密的人家的景像大異了。一眼望去，疏疏的林，淡淡的月，襯著蔚藍的天，頗像荒江野渡光景；那邊呢，鬱叢叢的，陰森森的，又似乎藏著無邊的黑暗，令人幾乎不信那是繁華的秦淮河了。但是河中眩暈著的燈光，縱橫著的畫舫，悠揚著的笛韻，夾著那吱吱的胡琴聲，終於使我們認識綠如茵陳酒的秦淮水了。此地天裸露著的多些，故覺夜來的獨遲些；從清清的水影裏，我們感到的只是薄薄的夜——這正是秦淮河的夜。大中橋外，本來還有一座復成橋，是船夫口中的我們的遊踪盡處，或也是秦淮河繁華的盡處了。我的腳曾踏過復成橋的脊，在十三四歲的時候。但是兩次遊秦淮河，卻都不曾見著復成橋的面；明知總在前途的，卻常覺得有些虛無縹緲似的。我想，不見倒也好。這時正是盛夏。我們下船後，藉著新生的晚涼和河上的微風，暑氣已漸漸消散；到了此地，豁然開朗，身子頓然輕了——習習的清風荏苒在面上、手上、衣上，這便又感到了一縷新涼了。南京的日光，大概沒有杭州猛烈；西湖的夏夜老是熱蓬蓬的，水像沸著一般，秦淮河的水卻盡是這樣冷冷地綠著。任你人影的憧憧，歌聲的擾擾，總像隔著一層薄薄的綠紗面冪似的；它盡是這樣靜靜的、冷冷的綠著。我們出了大中橋，走不上半里路，船夫便將船劃到一旁，停了槳由它宕著。他以為那裏正是繁華的極點，再過去就是荒涼了；所以讓我們多多賞鑑一會兒。他自己卻靜靜的蹲著。他是看慣這光景的了，大約只是一個無可無不可。這無可無不可，無論是升的沉的，總之，都比我們高了。

那時河裏鬧熱極了；船大半泊著，小半在水上穿梭似的來往。停泊著的都在近市的那一邊，我們的船自然也夾在其中。因為這邊略略的擠，便覺得那邊十分的疏了。在每一隻船從那邊過去時，我們能畫出它的輕輕的影和曲曲的波，在我們的心上；這顯著是空，且顯著是靜了。那時處處都是歌聲和淒厲的胡琴聲，圓潤的喉嚨，確乎是很少的。但那生澀的，尖脆的調子能使人有少年的，粗率不拘的感覺，也正可快我們的意。況且多少隔開些兒聽著，因為想像與渴慕的做美，總覺更有滋味；而竟發的喧囂，抑揚的不齊，遠近的雜沓，和樂器的嘈嘈切切，合成另一意味的諧音，也使我們無所適從，如隨著大風而走。這實在因為我們的心枯澀久了，變為脆弱；故偶然潤澤一下，便瘋狂似的不能自主了，但秦淮河確也膩人。即如船裏的人面，無論是和我們一堆儿泊著的，無論是從我們眼前過去的，總是模模糊糊的，甚至渺渺茫茫的；任你張圓了眼睛，揩淨了眥垢，也是枉然，這真夠人想呢。在我們停泊的地方，燈光原是紛然的；不過這些燈光都是黃而有暈的。黃已經不能明了，再加上了暈，便更不成了。燈愈多，暈就愈甚；在繁星般的黃的交錯裏，秦淮河彷彿籠上了一團光霧。光芒與霧氣騰騰的暈著，什麼都只剩了輪廓了；所以人面的詳細的曲線，便消失於我們的眼底了。但燈光究竟奪不了那邊的月色；燈光是渾的，月色是清的。在渾沌的燈光裏，滲入一派清輝，卻真是奇蹟！那晚月兒已瘦削了兩三分。她晚妝才罷，盈盈的上了柳梢頭。天是藍得可愛，彷彿一汪水似的；月兒便更出落得精神了。岸上原有三株兩株的垂楊樹，淡淡的影子，在水里搖曳著。它們那柔細的枝條浴著月光，就像一支支美人的臂膊，交互的纏著、挽著；又像是月兒披著的髪。而月兒偶爾也從它們的交叉處偷偷窺看我們，大有小姑娘怕羞的樣子。岸上另有幾株不知名的老樹，光光的立著；在月光裏照起來，卻又儼然是精神矍鑠的老人。遠處快到天際線了，才有一兩片白雲，亮得現出異彩，像是美麗的貝殼一般。白雲下便是黑黑的一帶輪廓；是一條隨意畫的不規則的曲線。這一段光景，和河中的風味大異了。但燈與月竟能並存著，交融著，使月成了纏綿的月，燈射著渺渺的靈輝，這正是天之所以厚秦淮河，也正是天之所以厚我們了。

這時卻遇著了難解的糾紛。秦淮河上原有一種歌妓，是以歌為業的。從前都在茶舫上，唱些大曲之類。每日午後一時起；什麼時候止，卻忘記了。晚上照樣也有一回，也在黃暈的燈光裏。我從前過南京時，曾隨著朋友去聽過兩次。因為茶舫裏的人臉太多了，覺得不大適意，終於聽不出所以然。前年聽說歌妓被取締了，不知怎的，頗涉想了幾次卻想不出什麼。這次到南京，先到茶舫上去看看，覺得頗是寂寥，令我無端的悵悵了。不料她們卻仍在秦淮河裏掙扎著，不料她們竟會糾纏到我們，我於是很張皇了，她們也乘著「七板子」，她們總是坐在艙前的。艙前點著石油汽燈，光亮炫人眼目：坐在下面的，自然是纖毫畢見了。引誘客人們的力量，也便在此了。艙裏躲著樂工等人，映著汽燈的餘輝蠕動著；他們是永遠不被注意的。每船的歌妓大約都是二人；天色一黑，她們的船就在大中橋外往來不息的兜生意。無論行著的船，泊著的船，都要來兜攬的。這都是我後來推想出來的。那晚不知怎樣，忽然輪著我們的船了。我們的船好好的停著，一隻歌舫劃向我們來了；漸漸和我們的船並著了。爍爍的燈光逼得我們皺起了眉頭；我們的風塵色全給它托出來了，這使我踧踖不安了。那時一個伙計跨過船來，拿著攤開的歌摺，就近塞向我的手裏，說：「點幾出吧！」他跨過來的時候，我們船上似乎有許多眼光跟著。同時相近的別的船上也似乎有許多眼睛炯炯的向我們船上看著。我真窘了！我也裝出大方的樣子，向歌妓們瞥了一眼，但究竟是不成的！我勉強將那歌摺翻了一翻，卻不曾看清了幾個字；便趕緊遞還那伙計，一面不好意思地說「不要，我們⋯⋯不要。」他便塞給平伯，平伯掉轉頭去，搖手說：「不要！」那人還膩著不走。平伯又回過臉來，搖著頭道「不要！」於是那人重到我處，我窘著再拒絕了他。他這纔有所不屑似的走了。

我的心立刻放下，如釋了重負一般。我們就開始自白了。

我說我受了道德律的壓迫，拒絕了她們；心裏似乎很抱歉的。這所謂抱歉，一面對於她們，一面對於我自己。她們於我們雖然沒有很奢的希望；但總有些希望的。我們拒絕了她們，無論理由如何充足，卻使她們的希望受了傷；這總有幾分不做美了，這是我覺得很悵悵的。至於我自己，更有一種不足之感。我這時被四面的歌聲誘惑了，降伏了；但是遠遠的，遠遠的歌聲總彷彿隔著重衣搔癢似的，越搔越搔不著癢處。我於是憧憬著貼耳的妙音了。在歌舫劃來時，我的憧憬，變為盼望；我固執的盼望著，有如飢渴。雖然從淺薄的經驗裏，也能夠推知，那貼耳的歌聲，將剝去了一切的美妙；但一個平常的人像我的，谁愿憑了理性之力去醜化未來呢？我寧願自己騙著了。不過我的社會感性是很敏銳的；我的思力能拆穿道德律的西洋鏡，而我的感情卻終於被它壓服著。我於是有所顧忌了，尤其是在眾目昭彰的時候。道德律的力，本來是民眾賦予的；在民眾的面前，自然更顯出它的威嚴了。我這時一面盼望，一面卻感到了兩重的禁制：一、在通俗的意義上，接近妓者總算一種不正當的行為；二、妓是一種不健全的職業，我們對於她們，應有哀矜勿喜之心，不應賞玩的去聽她們的歌。在眾目睽睽之下，這兩種思想在我心裏最為旺盛。她們暫時壓倒了我的聽歌的盼望，這便成就了我的灰色的拒絕。那時的心實在異常狀態中，覺得頗是昏亂。歌舫去了，暫時寧靜之後，我的思緒又如潮湧了。兩個相反的意思在我心頭往復：賣歌和賣淫不同，聽歌和狎妓不同，又干道德甚事？但是，但是，她們既被逼的以歌為業，她們的歌必無藝術味的；況她們的身世，我們究竟該同情的，所以拒絕倒也是正辦。但這些意思終於不曾撇開我的聽歌的盼望。它力量異常堅強；它總想將別的思緒踏在腳下。從這重重的爭鬬里，我感到了濃厚的不足之感。這不足之感使我的心盤旋不安，起坐都不安寧了。唉！我承認我是一個自私的人！平伯呢，卻與我不同。他引周啟明先生的詩，「因為我有妻子，所以我愛一切的女人；因為我有子女，所以我愛一切的孩子。」他的意思可以見了。他因為推及的同情，愛著那些歌妓，並且尊重著她們，所以拒絕了她們。在這種情形下，他自然以為聽是對於她們的一種侮辱。但他也是想听歌的，雖然不和我一樣。所以在他的心中，當然也有一番小小的爭鬬；爭鬬的結果，是同情勝了。至於道德律，在他是沒有什麼的：因為他很有蔑視一切的傾向，民眾的力量在他是不大覺著的。這時他的心意的活動比較簡單，又比較鬆弱，故事後還怡然自若；我卻不能了。這里平伯又比我高了。

在我們談話中間，又來了兩隻歌舫。伙計照前一樣的請我們點戲，我們照前一樣的拒絕了。我受了三次窘，心裏的不安更甚了。清豔的夜景也為之減色。船夫大約因為要趕第二趟生意，催著我們回去；我們無可無不可的答應了。我們漸漸和那些暈黃的燈光遠了，只有些月色冷清清的隨著我們的歸舟。我們的船竟沒個伴兒，秦淮河的夜正長哩！到大中橋近處，才遇著一隻來船。這是一隻載妓的板船，黑漆漆的沒有一點光。船頭上坐著一個妓女；暗裏看出，白地小花的衫子，黑的下衣。她手里拉著胡琴，口裏唱著青衫的調子。她唱得響亮而圓轉；當她的船箭一般駛過去時，餘音還裊裊的在我們耳際，使我們傾聽而嚮往。想不到在弩末的遊踪裏，還能領略到這樣的清歌！這時船過大中橋了，森森的水影，如黑暗張著巨口，要將我們的船吞了下去。我們回顧那渺渺的黃光，不勝依戀之情；",那渺渺的黃光不勝依戀之情,我們,women,wo men,FALSE,1:我們 | 2:我 | 3:喔 | 4:窩 | 5:握 | 6:臥 | 7:沃 | 8:倭 | 9:渦 | 10:渥,TRUE,1,,,,
polyphonic_unflagged,cbbe1f6e80f5368548754582,槳聲燈影裏的秦淮河,3322,3325,"一九二三年八月的一晚，我和平伯同遊秦淮河；平伯是初泛，我是重來了。我們雇了一隻「七板子」，在夕陽已去、皎月方來的時候，便下了船。於是槳聲汩汩，我們開始領略那晃蕩著薔薇色的歷史的秦淮河的滋味了。

秦淮河裏的船，比北京万生園、頤和園的船好，比西湖的船好，比揚州瘦西湖的船也好。這幾處的船不是覺著笨，就是覺著簡陋、局促；都不能引起乘客們的情韻，如秦淮河的船一樣。秦淮河的船約略可分為兩種：一是大船；一是小船，就是所謂「七板子」。大船艙口闊大，可容二三十人。裏面陳設著字畫和光潔的紅木家具，桌上一律嵌著冰涼的大理石面。窗格雕鏤頗細，使人起柔膩之感。窗格里映著紅色藍色的玻璃；玻璃上有精緻的花紋，也頗悅人目。「七板子」規模雖不及大船，但那淡藍色的欄杆，空敞的艙，也足繫人情思。而最出色處卻在它的艙前。艙前是甲板上的一部，上面有弧形的頂，兩邊用疏疏的欄杆支著。裏面通常放著兩張藤的躺椅。躺下，可以談天，可以望遠，可以顧盼兩岸的河房。大船上也有這個，但在小船上更覺清雋罷了。艙前的頂下，一律懸著燈彩；燈的多少、明暗，彩蘇的精粗、艷晦，是不一的，但好歹總還你一個燈彩。這燈彩實在是最能勾人的東西。夜幕垂垂地下來時，大小船上都點起燈火。從兩重玻璃裏映出那輻射著的黃黃的散光，反暈出一片朦朧的煙靄；透過這煙靄，在黯黯的水波里，又逗起縷縷的明漪。在這薄靄和微漪裏，聽著那悠然的間歇的槳聲，誰能不被引入他的美夢去呢？只愁夢太多了，這些大小船兒如何載得起呀？我們這時模模糊糊的談著明末的秦淮河的艷跡，如《桃花扇》及《板橋雜記》裏所載的。我們真神往了。我們彷彿親見那時華燈映水，畫舫凌波的光景了。於是我們的船便成了歷史的重載了。我們終於恍然秦淮河的船所以雅麗過於他處，而又有奇異的吸引力的，實在是許多歷史的影像使然了。

秦淮河的水是碧陰陰的；看起來厚而不膩，或者是六朝金粉所凝麼？我們初上船的時候，天色還未斷黑，那漾漾的柔波是這樣恬靜、委婉，使我們一面有水闊天空之想，一面又憧憬著紙醉金迷之境了。等到燈火明時，陰陰的變為沈沉了：黯淡的水光，像夢一般；那偶然閃爍著的光芒，就是夢的眼睛了。我們坐在艙前，因了那隆起的頂棚，彷彿總是昂著首向前走著似的；於是飄飄然如御風而行的我們，看著那些自在的灣泊著的船，船裏走馬燈般的人物，便像是下界一般，迢迢的遠了，又像在霧裏看花，盡朦朦朧朧的。這時我們已過了利涉橋，望見東關頭了。沿路聽見斷續的歌聲：有從沿河的妓樓飄來的，有從河上船裏渡來的。我們明知那些歌聲，只是些因襲的言詞，從生澀的歌喉裏機械的發出來的；但它們經了夏夜的微風的吹漾和水波的搖拂，嬝娜著到我們耳邊的時候，已經不單是她們的歌聲，而混著微風和河水的密語了。於是我們不得不被牽惹著，震撼著，相與浮沉於這歌聲裏了。從東關頭轉彎，不久就到大中橋。大中橋共有三個橋拱，都很闊大，儼然是三座門兒；使我們覺得我們的船和船裏的我們，在橋下過去時，真是太無顏色了。橋磚是深褐色，表明它的歷史的長久；但都完好無缺，令人太息於古昔工程的堅美。橋上兩旁都是木壁的房子，中間應該有街路。這些房子都破舊了，多年煙熏的跡，遮沒了當年的美麗。我想像秦淮河的極盛時，在這樣宏闊的橋上，特地蓋了房子，必然是髹漆得富富麗麗的；晚間必然是燈火通明的，現在卻只剩下一片黑沉沉！但是橋上造著房子，畢竟使我們多少可以想見往日的繁華；這也慰情聊勝無了。過了大中橋，便到了燈月交輝、笙歌徹夜的秦淮河，這才是秦淮河的真面目哩。

大中橋外，頓然空闊，和橋內兩岸排著密密的人家的景像大異了。一眼望去，疏疏的林，淡淡的月，襯著蔚藍的天，頗像荒江野渡光景；那邊呢，鬱叢叢的，陰森森的，又似乎藏著無邊的黑暗，令人幾乎不信那是繁華的秦淮河了。但是河中眩暈著的燈光，縱橫著的畫舫，悠揚著的笛韻，夾著那吱吱的胡琴聲，終於使我們認識綠如茵陳酒的秦淮水了。此地天裸露著的多些，故覺夜來的獨遲些；從清清的水影裏，我們感到的只是薄薄的夜——這正是秦淮河的夜。大中橋外，本來還有一座復成橋，是船夫口中的我們的遊踪盡處，或也是秦淮河繁華的盡處了。我的腳曾踏過復成橋的脊，在十三四歲的時候。但是兩次遊秦淮河，卻都不曾見著復成橋的面；明知總在前途的，卻常覺得有些虛無縹緲似的。我想，不見倒也好。這時正是盛夏。我們下船後，藉著新生的晚涼和河上的微風，暑氣已漸漸消散；到了此地，豁然開朗，身子頓然輕了——習習的清風荏苒在面上、手上、衣上，這便又感到了一縷新涼了。南京的日光，大概沒有杭州猛烈；西湖的夏夜老是熱蓬蓬的，水像沸著一般，秦淮河的水卻盡是這樣冷冷地綠著。任你人影的憧憧，歌聲的擾擾，總像隔著一層薄薄的綠紗面冪似的；它盡是這樣靜靜的、冷冷的綠著。我們出了大中橋，走不上半里路，船夫便將船劃到一旁，停了槳由它宕著。他以為那裏正是繁華的極點，再過去就是荒涼了；所以讓我們多多賞鑑一會兒。他自己卻靜靜的蹲著。他是看慣這光景的了，大約只是一個無可無不可。這無可無不可，無論是升的沉的，總之，都比我們高了。

那時河裏鬧熱極了；船大半泊著，小半在水上穿梭似的來往。停泊著的都在近市的那一邊，我們的船自然也夾在其中。因為這邊略略的擠，便覺得那邊十分的疏了。在每一隻船從那邊過去時，我們能畫出它的輕輕的影和曲曲的波，在我們的心上；這顯著是空，且顯著是靜了。那時處處都是歌聲和淒厲的胡琴聲，圓潤的喉嚨，確乎是很少的。但那生澀的，尖脆的調子能使人有少年的，粗率不拘的感覺，也正可快我們的意。況且多少隔開些兒聽著，因為想像與渴慕的做美，總覺更有滋味；而竟發的喧囂，抑揚的不齊，遠近的雜沓，和樂器的嘈嘈切切，合成另一意味的諧音，也使我們無所適從，如隨著大風而走。這實在因為我們的心枯澀久了，變為脆弱；故偶然潤澤一下，便瘋狂似的不能自主了，但秦淮河確也膩人。即如船裏的人面，無論是和我們一堆儿泊著的，無論是從我們眼前過去的，總是模模糊糊的，甚至渺渺茫茫的；任你張圓了眼睛，揩淨了眥垢，也是枉然，這真夠人想呢。在我們停泊的地方，燈光原是紛然的；不過這些燈光都是黃而有暈的。黃已經不能明了，再加上了暈，便更不成了。燈愈多，暈就愈甚；在繁星般的黃的交錯裏，秦淮河彷彿籠上了一團光霧。光芒與霧氣騰騰的暈著，什麼都只剩了輪廓了；所以人面的詳細的曲線，便消失於我們的眼底了。但燈光究竟奪不了那邊的月色；燈光是渾的，月色是清的。在渾沌的燈光裏，滲入一派清輝，卻真是奇蹟！那晚月兒已瘦削了兩三分。她晚妝才罷，盈盈的上了柳梢頭。天是藍得可愛，彷彿一汪水似的；月兒便更出落得精神了。岸上原有三株兩株的垂楊樹，淡淡的影子，在水里搖曳著。它們那柔細的枝條浴著月光，就像一支支美人的臂膊，交互的纏著、挽著；又像是月兒披著的髪。而月兒偶爾也從它們的交叉處偷偷窺看我們，大有小姑娘怕羞的樣子。岸上另有幾株不知名的老樹，光光的立著；在月光裏照起來，卻又儼然是精神矍鑠的老人。遠處快到天際線了，才有一兩片白雲，亮得現出異彩，像是美麗的貝殼一般。白雲下便是黑黑的一帶輪廓；是一條隨意畫的不規則的曲線。這一段光景，和河中的風味大異了。但燈與月竟能並存著，交融著，使月成了纏綿的月，燈射著渺渺的靈輝，這正是天之所以厚秦淮河，也正是天之所以厚我們了。

這時卻遇著了難解的糾紛。秦淮河上原有一種歌妓，是以歌為業的。從前都在茶舫上，唱些大曲之類。每日午後一時起；什麼時候止，卻忘記了。晚上照樣也有一回，也在黃暈的燈光裏。我從前過南京時，曾隨著朋友去聽過兩次。因為茶舫裏的人臉太多了，覺得不大適意，終於聽不出所以然。前年聽說歌妓被取締了，不知怎的，頗涉想了幾次卻想不出什麼。這次到南京，先到茶舫上去看看，覺得頗是寂寥，令我無端的悵悵了。不料她們卻仍在秦淮河裏掙扎著，不料她們竟會糾纏到我們，我於是很張皇了，她們也乘著「七板子」，她們總是坐在艙前的。艙前點著石油汽燈，光亮炫人眼目：坐在下面的，自然是纖毫畢見了。引誘客人們的力量，也便在此了。艙裏躲著樂工等人，映著汽燈的餘輝蠕動著；他們是永遠不被注意的。每船的歌妓大約都是二人；天色一黑，她們的船就在大中橋外往來不息的兜生意。無論行著的船，泊著的船，都要來兜攬的。這都是",著的船都要來兜攬的這都是,我後來,wohoulai,wo hou lai,FALSE,1:我後來 | 2:我 | 3:喔 | 4:窩 | 5:握 | 6:臥 | 7:沃 | 8:倭 | 9:渦 | 10:渥,TRUE,1,,,,
polyphonic_unflagged,939cf664e4226eb96d431fc4,阿河,4696,4698,"我這一回寒假，因為養病，住到一家親戚的別墅里去。那別墅是在鄉下。前面偏左的地方，是一片淡藍的湖水，對岸環擁著不盡的青山。山的影子倒映在水里，越顯得清清朗朗的。水面常如鏡子一般。風起時，微有皺痕；像少女們皺她們的眉頭，過一會子就好了。湖的余勢束成一條小港，緩緩地不聲不響地流過別墅的門前。門前有一條小石橋，橋那邊盡是田畝。這邊沿岸一帶，相間地栽著桃樹和柳樹，春來當有一番熱鬧的夢。別墅外面繚繞著短短的竹篱，篱外是小小的路。里邊一座向南的樓，背后便倚著山。西邊是三間平屋，我便住在這里。院子里有兩塊草地，上面隨便放著兩三塊石頭。另外的隙地上，或羅列著盆栽，或种蒔著花草。篱邊還有几株枝干蟠曲的大樹，有一株几乎要伸到水里去了。

我的親戚韋君只有夫婦二人和一個女儿。她在外邊念書，這時也剛回到家里。她邀來三位同學，同到她家過這個寒假；兩位是親戚，一位是朋友。她們住著樓上的兩間屋子。韋君夫婦也住在樓上。樓下正中是客廳，常是閒著，西間是吃飯的地方；東間便是韋君的書房，我們談天，喝茶，看報，都在這里。我吃了飯，便是一個人，也要到這里來閒坐一回。我來的第二天，韋小姐告訴我，她母親要給她們找一個好好的女用人；長工阿齊說有一個表妹，母親叫他明天就帶來做做看呢。她似乎很高興的樣子，我只是不經意地答應。

平屋与樓屋之間，是一個小小的廚房。我住的是東面的屋子，從窗子里可以看見廚房里人的來往。這一天午飯前，我偶然向外看看，見一個面生的女用人，兩手提著兩把白鐵壺，正往廚房里走；韋家的李媽在她前面領著，不知在和她說甚么話。她的頭髮亂蓬蓬的，像冬天的枯草一樣。身上穿著鑲邊的黑布棉襖和夾褲，黑里已泛出黃色；棉襖長与膝齊，夾褲也直拖到腳背上。腳倒是雙天足，穿著尖頭的黑布鞋，后跟還帶著兩片同色的“葉拔儿”。想這就是阿齊帶來的女用人了；想完了就坐下看書。晚飯后，韋小姐告訴我，女用人來了，她的名字叫“阿河”。我說，“名字很好，只是人土些；還能做么？”她說，“別看她土，很聰明呢。”我說，“哦。”便接著看手中的報了。

以后每天早上，中上，晚上，我常常看見阿河挈著水壺來往；她的眼似乎總是望前看的。兩個禮拜匆匆地過去了。韋小姐忽然和我說，你別看阿河土，她的志气很好，她是個可怜的人。我和娘說，把我前年在家穿的那身棉襖褲給了她吧。我嫌那兩件衣服太花，給了她正好。娘先不肯，說她來了沒有几天；后來也肯了。今天拿出來讓她穿，正合式呢。我們教給她打絨繩鞋，她真聰明，一學就會了。她說拿到工錢，也要打一雙穿呢。我等几天再和娘說去。

“她這樣愛好！怪不得頭髮光得多了，原來都是你們教她的。好！你們盡教她講究，她將來怕不愿回家去呢。”大家都笑了。

舊新年是過去了。因為江浙的兵事，我們的學校一時還不能開學。我們大家都樂得在別墅里多住些日子。這時阿河如換了一個人。她穿著寶藍色挑著小花儿的布棉襖褲；腳下是嫩藍色毛繩鞋，鞋口還綴著兩個半藍半白的小絨球儿。我想這一定是她的小姐們給幫忙的。古語說得好，“人要衣裳馬要鞍”，阿河這一打扮，真有些楚楚可怜了。她的頭髮早已是刷得光光的，覆額的留海也梳得十分伏帖。一張小小的圓臉，如正開的桃李花；臉上并沒有笑，卻隱隱地含著春日的光輝，像花房里充了蜜一般。這在我几乎是一個奇跡；我現在是常站在窗前看她了。我覺得在深山里發見了一粒貓儿眼；這樣精純的貓儿眼，是我生平所僅見！我覺得我們相識已太長久，极愿和她說一句話——极平淡的話，一句也好。但我怎好平白地和她攀談呢？這樣郁郁了一禮拜。

這是元宵節的前一晚上。我吃了飯，在屋里坐了一會，覺得有些無聊，便信步走到那書房里。拿起報來，想再細看一回。忽然門鈕一響，阿河進來了。她手里拿著三四支顏色鉛筆；出乎意料地走近了我。她站在我面前了，靜靜地微笑著說：“白先生，你知道鉛筆刨在哪里？”一面將拿著的鉛筆給我看。我不自主地立起來，匆忙地應道，“在這里；”我用手指著南邊柱子。但我立刻覺得這是不夠的。我領她走近了柱子。這時我像閃電似地躊躇了一下，便說，“我…… 我……”她一聲不響地已將一支鉛筆交給我。我放進刨子里刨給她看。刨了兩下，便想交給她；但終于刨完了一支，交還了她。她接了筆略看一看，仍仰著臉向我。我窘极了。剎那間念頭轉了好几個圈子；到底硬著頭皮搭訕著說，“就這樣刨好了。”我赶緊向門外一瞥，就走回原處看報去。但我的頭剛低下，我的眼已抬起來了。于是遠遠地從容地問道，“你會么？”她不曾掉過頭來，只“嚶”了一聲，也不說話。我看了她背影一會。覺得應該低下頭了。等我再抬起頭來時，她已默默地向外走了。她似乎總是望前看的；我想再問她一句話，但終于不曾出口。我撇下了報，站起來走了一會，便回到自己屋里。

我一直想著些什么，但什么也沒有想出。

第二天早上看見她往廚房里走時，我發愿我的眼將老跟著她的影子！她的影子真好。她那几步路走得又敏捷，又勻稱，又苗條，正如一只可愛的小貓。她兩手各提著一只水壺，又令我想到在一條細細的索儿上抖擻精神走著的女子。這全由于她的腰；她的腰真太軟了，用白水的話說，真是軟到使我如吃蘇州的牛皮糖一樣。不止她的腰，我的日記里說得好：“她有一套和云霞比美，水月爭靈的曲線，織成大大的一張迷惑的网！”而那兩頰的曲線，尤其甜蜜可人。她兩頰是白中透著微紅，潤澤如玉。她的皮膚，嫩得可以掐出水來；我的日記里說，“我很想去掐她一下呀！”她的眼像一雙小燕子，老是在灩灩的春水上打著圈儿。她的笑最使我記住，像一朵花漂浮在我的腦海里。我不是說過，她的小圓臉像正開的桃花么？那么，她微笑的時候，便是盛開的時候了：花房里充滿了蜜，真如要流出來的樣子。她的髮不甚厚，但黑而有光，柔軟而滑，如純絲一般。只可惜我不曾聞著一些儿香。唉！從前我在窗前看她好多次，所得的真太少了；若不是昨晚一見，——雖只几分鐘——我真太對不起這樣一個人儿了。

午飯后，韋君照例地睡午覺去了，只有我，韋小姐和其他三位小姐在書房里。我有意無意地談起阿河的事。我說：

“你們怎知道她的志气好呢？”

“那天我們教給她打絨繩鞋；”一位蔡小姐便答道，“看她很聰明，就問她為甚么不念書？她被我們一問，就傷心起來了。……”

“是的，”韋小姐笑著搶了說，“后來還哭了呢；還有一位傻子陪她淌眼淚呢。”

那邊黃小姐可急了，走過來推了她一下。蔡小姐忙攔住道，“人家說正經話，你們盡鬧著玩儿！讓我說完了呀——”“我代你說啵，”韋小姐仍搶著說，“——她說她只有一個爹，沒有娘。嫁了一個男人，倒有三十多歲，土頭土腦的，臉上滿是包！他是李媽的鄰舍，我還看見過呢。……”“好了，底下我說吧。”蔡小姐接著道，“她男人又不要好，盡愛賭錢；她一气，就住到娘家來，有一年多不回去了。”

“她今年几歲？”我問。

“十七不知十八？前年出嫁的，几個月就回家了，”蔡小姐說。

“不，十八，我知道，”韋小姐改正道。

“哦。你們可曾勸她离婚？”

“怎么不勸；”韋小姐應道，“她說十八回去吃她表哥的喜酒，要和她的爹去說呢。”

“你們教她的好事，該當何罪！”我笑了。

她們也都笑了。

十九的早上，我正在屋里看書，听見外面有嚷嚷的聲音；這是從來沒有的。我立刻走出來看；只見門外有兩個鄉下人要走進來，卻給阿齊攔住。他們只是央告，阿齊只是不肯。這時韋君已走出院中，向他們道，

“你們回去吧。人在我這里，不要緊的。快回去，不要瞎吵！”

兩個人面面相覷，說不出一句話；俄延了一會，只好走了。我問韋君什么事？他說，

“阿河囉！還不是瞎吵一回子。”

我想他于男女的事向來是懶得說的，還是回頭問他小姐的好；我們便談到別的事情上去。

吃了飯，我赶緊問韋小姐，她說，

“她是告訴娘的，你問娘去。”

我想這件事有些尷尬，便到西間里問韋太太；她正看著李媽收拾碗碟呢。她見我問，便笑著說，

“你要問這些事做什么？她昨天回去，原是借了阿桂的衣裳穿了去的，打扮得嬌滴滴的，也難怪，被她男人看見了，便約了些不相干的人，將她搶回去過了一夜。今天早上，她騙她男人，說要到此地來拿行李。她男人就會信她，派了兩個人跟著。那知她到了這里，便叫阿齊攔著那跟來的人；她自己便跪在我面前哭訴，說死也不愿回她男人家去。你說我有什么法子。只好讓那跟來的人先回去再說。好在沒有几天，她們要上學了，我將來交給她的爹吧。唉，現在的人，心眼儿真是越過越大了；一個鄉下女人，也會鬧出這樣惊天動地的事了！”

“可不是，”李媽在旁插嘴道，“太太你不知道；我家三叔前儿來，我還听他說呢。我本不該說的，阿彌陀佛！太太，你想她不愿意回婆家，老愿意住在娘家，是什么道理？家里只有一個單身的老子；你想那該死的老畜生！他舍不得放她回去呀！”

“低些，真的么？”韋太太惊詫地問。

“他們說得千真万确的。我早就想告訴太太了，總有些疑心；今天看她的樣子，真有几分對呢。太太，你想現在還成什么世界！”

“這該不至于吧。”我淡淡地插了一句。

“少爺，你那里知道！”韋太太歎了一口气，“——好在沒有几天了，讓她快些走吧；別將我們的運气帶坏了。她的事，我們以后也別談吧。”

開學的通告來了，我定在二十八走。二十六的晚上，阿河忽然不到廚房里挈水了。韋小姐跑來低低地告訴我，“娘叫阿齊將阿河送回去了；我在樓上，都不知道呢。”我應了一聲，一句話也沒有說。正如每日有三頓飽飯吃的人，忽然絕了糧；卻又不能告訴一個人！而且我覺得她的前面是黑洞洞的，此去不定有什么好歹！那一夜我是沒有好好地睡，只翻來覆去地做夢，醒來卻又一例茫然。這樣昏昏沉沉地到了二十八早上，懶懶地向韋君夫婦和韋小姐告別而行，韋君夫婦堅約春假再來住，我只得含糊答應著。出門時，我很想回望廚房几眼；但許多人都站在門口送我，我怎好回頭呢？

到校一打听，老友陸已來了。我不及料理行李，便找著他，將阿河的事一五一十告訴他。他本是個好事的人；听我說時，時而皺眉，時而歎气，時而擦掌。听到她只十八歲時，他突然將舌頭一伸，跳起來道，

“可惜我早有了我那太太！要不然，我准得想法子娶她！”

“你娶她就好了；現在不知鹿死誰手呢？”

我倆默默相對了一會，陸忽然拍著桌子道，

“有了，老汪不是去年失了戀么？他現在還沒有主儿，何不給他倆撮合一下。”

我正要答說，他已出去了。過了一會子，他和汪來了，進門就嚷著說，

“我和他說，他不信；要問你呢！”

“事是有的，人呢，也真不錯。只是人家的事，我們憑什么去管！”我說。

“想法子呀！”陸嚷著。

“什么法子？你說！”

“好，你們盡和我開玩笑，我才不理會你們呢！”汪笑了。

我們几乎每天都要談到阿河，但誰也不曾認真去“想法子。”

一轉眼已到了春假。我再到韋君別墅的時候，水是綠綠的，桃腮柳眼，著意引人。我卻只惦著阿河，不知她怎么樣了。那時韋小姐已回來兩天。我背地里問她，她說，“奇得很！阿齊告訴我，說她二月間來求娘來了。她說她男人已死了心，不想她回去；只不肯白白地放掉她。他教她的爹拿出八十塊錢來，人就是她的爹的了；他自己也好另娶一房人。可是阿河說她的爹那有這些錢？她求娘可怜可怜她！娘的脾气你知道。她是個古板的人；她數說了阿河一頓，一個錢也不給！我現在和阿齊說，讓他上鎮去時，帶個信儿給她，我可以給她五塊錢。我想你也可以幫她些，我教阿齊一塊儿告訴她吧。只可惜她未必肯再上我們這儿來囉！”

“我拿十塊錢吧，你告訴阿齊就是。”

我看阿齊空閒了，便又去問阿河的事。他說，

“她的爹正給她東找西找地找主儿呢。只怕難吧，八十塊大洋呢！”

我忽然覺得不自在起來，不愿再問下去。

過了",自在起來不愿再問下去過了,兩天,liangtian,liang tian,FALSE,1:兩天 | 2:良田 | 3:梁天 | 4:兩題 | 5:兩梯 | 6:兩 | 7:量 | 8:亮 | 9:良 | 10:涼,TRUE,1,,,,
polyphonic_unflagged,fef9b8b1e93df0936511f2a7,槳聲燈影裏的秦淮河,1185,1187,"一九二三年八月的一晚，我和平伯同遊秦淮河；平伯是初泛，我是重來了。我們雇了一隻「七板子」，在夕陽已去、皎月方來的時候，便下了船。於是槳聲汩汩，我們開始領略那晃蕩著薔薇色的歷史的秦淮河的滋味了。

秦淮河裏的船，比北京万生園、頤和園的船好，比西湖的船好，比揚州瘦西湖的船也好。這幾處的船不是覺著笨，就是覺著簡陋、局促；都不能引起乘客們的情韻，如秦淮河的船一樣。秦淮河的船約略可分為兩種：一是大船；一是小船，就是所謂「七板子」。大船艙口闊大，可容二三十人。裏面陳設著字畫和光潔的紅木家具，桌上一律嵌著冰涼的大理石面。窗格雕鏤頗細，使人起柔膩之感。窗格里映著紅色藍色的玻璃；玻璃上有精緻的花紋，也頗悅人目。「七板子」規模雖不及大船，但那淡藍色的欄杆，空敞的艙，也足繫人情思。而最出色處卻在它的艙前。艙前是甲板上的一部，上面有弧形的頂，兩邊用疏疏的欄杆支著。裏面通常放著兩張藤的躺椅。躺下，可以談天，可以望遠，可以顧盼兩岸的河房。大船上也有這個，但在小船上更覺清雋罷了。艙前的頂下，一律懸著燈彩；燈的多少、明暗，彩蘇的精粗、艷晦，是不一的，但好歹總還你一個燈彩。這燈彩實在是最能勾人的東西。夜幕垂垂地下來時，大小船上都點起燈火。從兩重玻璃裏映出那輻射著的黃黃的散光，反暈出一片朦朧的煙靄；透過這煙靄，在黯黯的水波里，又逗起縷縷的明漪。在這薄靄和微漪裏，聽著那悠然的間歇的槳聲，誰能不被引入他的美夢去呢？只愁夢太多了，這些大小船兒如何載得起呀？我們這時模模糊糊的談著明末的秦淮河的艷跡，如《桃花扇》及《板橋雜記》裏所載的。我們真神往了。我們彷彿親見那時華燈映水，畫舫凌波的光景了。於是我們的船便成了歷史的重載了。我們終於恍然秦淮河的船所以雅麗過於他處，而又有奇異的吸引力的，實在是許多歷史的影像使然了。

秦淮河的水是碧陰陰的；看起來厚而不膩，或者是六朝金粉所凝麼？我們初上船的時候，天色還未斷黑，那漾漾的柔波是這樣恬靜、委婉，使我們一面有水闊天空之想，一面又憧憬著紙醉金迷之境了。等到燈火明時，陰陰的變為沈沉了：黯淡的水光，像夢一般；那偶然閃爍著的光芒，就是夢的眼睛了。我們坐在艙前，因了那隆起的頂棚，彷彿總是昂著首向前走著似的；於是飄飄然如御風而行的我們，看著那些自在的灣泊著的船，船裏走馬燈般的人物，便像是下界一般，迢迢的遠了，又像在霧裏看花，盡朦朦朧朧的。這時我們已過了利涉橋，望見東關頭了。沿路聽見斷續的歌聲：有從沿河的妓樓飄來的，有從河上船裏渡來的。我們明知那些歌聲，只是些因襲的言詞，從生澀的歌喉裏機械的發出來的；但它們經了夏夜的微風的吹漾和水波的搖拂，嬝娜著到我們耳邊的時候，已經不單是她們的歌聲，而混著微風和河水的密語了。於是我們不得不被牽惹著，震撼著，相與浮沉於這歌聲裏了。從東關頭轉彎，不久就到大中橋。大中橋共有三個橋拱，都很闊大，儼然是三座門兒；使我們覺得",儼然是三座門兒使我們覺得,我們,women,wo men,FALSE,1:我們 | 2:我 | 3:喔 | 4:窩 | 5:握 | 6:臥 | 7:沃 | 8:倭 | 9:渦 | 10:渥,TRUE,1,,,,
polyphonic_unflagged,0a9c2644f5004e76ad366ec0,阿河,2132,2134,"我這一回寒假，因為養病，住到一家親戚的別墅里去。那別墅是在鄉下。前面偏左的地方，是一片淡藍的湖水，對岸環擁著不盡的青山。山的影子倒映在水里，越顯得清清朗朗的。水面常如鏡子一般。風起時，微有皺痕；像少女們皺她們的眉頭，過一會子就好了。湖的余勢束成一條小港，緩緩地不聲不響地流過別墅的門前。門前有一條小石橋，橋那邊盡是田畝。這邊沿岸一帶，相間地栽著桃樹和柳樹，春來當有一番熱鬧的夢。別墅外面繚繞著短短的竹篱，篱外是小小的路。里邊一座向南的樓，背后便倚著山。西邊是三間平屋，我便住在這里。院子里有兩塊草地，上面隨便放著兩三塊石頭。另外的隙地上，或羅列著盆栽，或种蒔著花草。篱邊還有几株枝干蟠曲的大樹，有一株几乎要伸到水里去了。

我的親戚韋君只有夫婦二人和一個女儿。她在外邊念書，這時也剛回到家里。她邀來三位同學，同到她家過這個寒假；兩位是親戚，一位是朋友。她們住著樓上的兩間屋子。韋君夫婦也住在樓上。樓下正中是客廳，常是閒著，西間是吃飯的地方；東間便是韋君的書房，我們談天，喝茶，看報，都在這里。我吃了飯，便是一個人，也要到這里來閒坐一回。我來的第二天，韋小姐告訴我，她母親要給她們找一個好好的女用人；長工阿齊說有一個表妹，母親叫他明天就帶來做做看呢。她似乎很高興的樣子，我只是不經意地答應。

平屋与樓屋之間，是一個小小的廚房。我住的是東面的屋子，從窗子里可以看見廚房里人的來往。這一天午飯前，我偶然向外看看，見一個面生的女用人，兩手提著兩把白鐵壺，正往廚房里走；韋家的李媽在她前面領著，不知在和她說甚么話。她的頭髮亂蓬蓬的，像冬天的枯草一樣。身上穿著鑲邊的黑布棉襖和夾褲，黑里已泛出黃色；棉襖長与膝齊，夾褲也直拖到腳背上。腳倒是雙天足，穿著尖頭的黑布鞋，后跟還帶著兩片同色的“葉拔儿”。想這就是阿齊帶來的女用人了；想完了就坐下看書。晚飯后，韋小姐告訴我，女用人來了，她的名字叫“阿河”。我說，“名字很好，只是人土些；還能做么？”她說，“別看她土，很聰明呢。”我說，“哦。”便接著看手中的報了。

以后每天早上，中上，晚上，我常常看見阿河挈著水壺來往；她的眼似乎總是望前看的。兩個禮拜匆匆地過去了。韋小姐忽然和我說，你別看阿河土，她的志气很好，她是個可怜的人。我和娘說，把我前年在家穿的那身棉襖褲給了她吧。我嫌那兩件衣服太花，給了她正好。娘先不肯，說她來了沒有几天；后來也肯了。今天拿出來讓她穿，正合式呢。我們教給她打絨繩鞋，她真聰明，一學就會了。她說拿到工錢，也要打一雙穿呢。我等几天再和娘說去。

“她這樣愛好！怪不得頭髮光得多了，原來都是你們教她的。好！你們盡教她講究，她將來怕不愿回家去呢。”大家都笑了。

舊新年是過去了。因為江浙的兵事，我們的學校一時還不能開學。我們大家都樂得在別墅里多住些日子。這時阿河如換了一個人。她穿著寶藍色挑著小花儿的布棉襖褲；腳下是嫩藍色毛繩鞋，鞋口還綴著兩個半藍半白的小絨球儿。我想這一定是她的小姐們給幫忙的。古語說得好，“人要衣裳馬要鞍”，阿河這一打扮，真有些楚楚可怜了。她的頭髮早已是刷得光光的，覆額的留海也梳得十分伏帖。一張小小的圓臉，如正開的桃李花；臉上并沒有笑，卻隱隱地含著春日的光輝，像花房里充了蜜一般。這在我几乎是一個奇跡；我現在是常站在窗前看她了。我覺得在深山里發見了一粒貓儿眼；這樣精純的貓儿眼，是我生平所僅見！我覺得我們相識已太長久，极愿和她說一句話——极平淡的話，一句也好。但我怎好平白地和她攀談呢？這樣郁郁了一禮拜。

這是元宵節的前一晚上。我吃了飯，在屋里坐了一會，覺得有些無聊，便信步走到那書房里。拿起報來，想再細看一回。忽然門鈕一響，阿河進來了。她手里拿著三四支顏色鉛筆；出乎意料地走近了我。她站在我面前了，靜靜地微笑著說：“白先生，你知道鉛筆刨在哪里？”一面將拿著的鉛筆給我看。我不自主地立起來，匆忙地應道，“在這里；”我用手指著南邊柱子。但我立刻覺得這是不夠的。我領她走近了柱子。這時我像閃電似地躊躇了一下，便說，“我…… 我……”她一聲不響地已將一支鉛筆交給我。我放進刨子里刨給她看。刨了兩下，便想交給她；但終于刨完了一支，交還了她。她接了筆略看一看，仍仰著臉向我。我窘极了。剎那間念頭轉了好几個圈子；到底硬著頭皮搭訕著說，“就這樣刨好了。”我赶緊向門外一瞥，就走回原處看報去。但我的頭剛低下，我的眼已抬起來了。于是遠遠地從容地問道，“你會么？”她不曾掉過頭來，只“嚶”了一聲，也不說話。我看了她背影一會。覺得應該低下頭了。等我再抬起頭來時，她已默默地向外走了。她似乎總是望前看的；我想再問她一句話，但終于不曾出口。我撇下了報，站起來走了一會，便回到自己屋里。

我一直想著些什么，但什么也沒有想出。

第二天早上看見她往廚房里走時，我發愿我的眼將老跟著她的影子！她的影子真好。她那几步路走得又敏捷，又勻稱，又苗條，正如一只可愛的小貓。她兩手各提著一只水壺，又令我想到在一條細細的索儿上抖擻精神走著的女子。這全由于她的腰；她的腰真太軟了，用白水的話說，真是軟到使我如吃蘇州的牛皮糖一樣。不止她的腰，我的日記里說得好：“她有一套和云霞比美，水月爭靈的曲線，織成大大的一張迷惑的网！”而那兩頰的",的一張迷惑的网而那兩頰的,曲線,quxian,qu xian,FALSE,1:曲線 | 2:區縣 | 3:取現 | 4:渠縣 | 5:屈膝 | 6:去洗 | 7:去吸 | 8:娶媳 | 9:取息 | 10:曲膝,TRUE,1,,,,
polyphonic_unflagged,99bf1976dff8e0436a331acc,背影,1119,1121,"我與父親不相見已二年餘了，我最不能忘記的是他的背影。那年冬天，祖母死了，父親的差使也交卸了，正是禍不單行的日子，我從北京到徐州，打算跟着父親奔喪囘家。到徐州見着父親，看見滿院狼藉的東西，又想起祖母，不禁簌簌地流下眼淚。父親說，「事已如此，不必難過，好在天無絕人之路！」

囘家變賣典質，父親還了虧空；又借錢辦了喪事。這些日子，家中光景很是慘澹，一半爲了喪事，一半爲了父親賦閒。喪事完畢，父親要到南京謀事，我也要囘北京念書，我們便同行。

到南京時，有朋友約去游逛，勾留了一日；第二日上午便須渡江到浦口，下午上車北去。父親因爲事忙，本已說定不送我，叫旅館裏一個熟識的茶房陪我同去。他再三囑付茶房，甚是仔細。但他終於不放心，怕茶房不妥帖；頗躊躇了一會。其實我那年已二十歲，北京已來往過兩三次，是沒有甚麽要緊的了。他躊躇了一會，終於決定還是自己送我去。我兩三囘勸他不必去；他只說，「不要緊，他們去不好！」

我們過了江，進了車站。我買票，他忙着照看行李。行李太多了，得向腳夫行些小費，才可過去。他便又忙着和他們講價錢。我那時眞是聰明過分，總覺他說話不大漂亮，非自己插嘴不可。但他終於講定了價錢；就送我上車。他給我揀定了靠車門的一張椅子；我將他給我做的紫毛大衣鋪好坐位。他囑我路上小心，夜裏要警醒些，不要受涼。又囑託茶房好好照應我。我心裏暗笑他的迂；他們只認得錢，託他們直是白託！而且我這樣大年紀的人，難道還不能料理自己麽？唉，我現在想想，那時眞是太聰明了！

我說道，「爸爸，你走吧。」他望車外看了看，說，「我買幾個橘子去。你就在此地，不要走動。」我看那邊月臺的柵欄外有幾個賣東西的等着顧客。走到那邊月臺，須穿過鐵道，須跳下去又爬上去。父親是一個胖子，走過去自然要費事些。我本來要去的，他不肯，只好讓他去。我看見他戴着黑布小帽，穿着黑布大馬褂，深靑布棉袍，蹣跚地走到鐵道邊，慢慢探身下去，尚不大難。可是他穿過鐵道，要爬上那邊月臺，就不容易了。他用兩手攀着上面，兩腳再向上縮；他肥胖的身子向左微傾，顯出努力的樣子。這時我看見他的背影，我的淚很快地流下來了。我趕緊拭乾了淚，怕他看見，也怕別人看見。我再向外看時，他已抱了朱紅的橘子望囘走了。過鐵道時，他先將橘子散放在地上，自己慢慢爬下，再抱起橘子走。到這邊時，我趕緊去攙他。他和我走到車上，將橘子一股腦兒放在我的皮大衣上。於是撲撲衣上的泥土，心裏狠輕鬆似的，過一會說，「我走了；到那邊來信！」我望着他走出去。他走了幾步，囘過頭看見我，說，「進去吧，裏邊沒人。」等他的背影混入來來往往的人裏，再找不着了，我便進來坐下，我的眼淚又來了。

近幾年來，父親和我都是東奔西走，家中光景是一日不如一日。他少年",光景是一日不如一日他少年,出外,chuwai,chu wai,FALSE,1:除外 | 2:出外 | 3:出 | 4:處 | 5:除 | 6:初 | 7:楚 | 8:齣 | 9:觸 | 10:儲,TRUE,2,,,,
polyphonic_unflagged,f931be9f3713391cb9a7f743,阿河,2286,2288,"我這一回寒假，因為養病，住到一家親戚的別墅里去。那別墅是在鄉下。前面偏左的地方，是一片淡藍的湖水，對岸環擁著不盡的青山。山的影子倒映在水里，越顯得清清朗朗的。水面常如鏡子一般。風起時，微有皺痕；像少女們皺她們的眉頭，過一會子就好了。湖的余勢束成一條小港，緩緩地不聲不響地流過別墅的門前。門前有一條小石橋，橋那邊盡是田畝。這邊沿岸一帶，相間地栽著桃樹和柳樹，春來當有一番熱鬧的夢。別墅外面繚繞著短短的竹篱，篱外是小小的路。里邊一座向南的樓，背后便倚著山。西邊是三間平屋，我便住在這里。院子里有兩塊草地，上面隨便放著兩三塊石頭。另外的隙地上，或羅列著盆栽，或种蒔著花草。篱邊還有几株枝干蟠曲的大樹，有一株几乎要伸到水里去了。

我的親戚韋君只有夫婦二人和一個女儿。她在外邊念書，這時也剛回到家里。她邀來三位同學，同到她家過這個寒假；兩位是親戚，一位是朋友。她們住著樓上的兩間屋子。韋君夫婦也住在樓上。樓下正中是客廳，常是閒著，西間是吃飯的地方；東間便是韋君的書房，我們談天，喝茶，看報，都在這里。我吃了飯，便是一個人，也要到這里來閒坐一回。我來的第二天，韋小姐告訴我，她母親要給她們找一個好好的女用人；長工阿齊說有一個表妹，母親叫他明天就帶來做做看呢。她似乎很高興的樣子，我只是不經意地答應。

平屋与樓屋之間，是一個小小的廚房。我住的是東面的屋子，從窗子里可以看見廚房里人的來往。這一天午飯前，我偶然向外看看，見一個面生的女用人，兩手提著兩把白鐵壺，正往廚房里走；韋家的李媽在她前面領著，不知在和她說甚么話。她的頭髮亂蓬蓬的，像冬天的枯草一樣。身上穿著鑲邊的黑布棉襖和夾褲，黑里已泛出黃色；棉襖長与膝齊，夾褲也直拖到腳背上。腳倒是雙天足，穿著尖頭的黑布鞋，后跟還帶著兩片同色的“葉拔儿”。想這就是阿齊帶來的女用人了；想完了就坐下看書。晚飯后，韋小姐告訴我，女用人來了，她的名字叫“阿河”。我說，“名字很好，只是人土些；還能做么？”她說，“別看她土，很聰明呢。”我說，“哦。”便接著看手中的報了。

以后每天早上，中上，晚上，我常常看見阿河挈著水壺來往；她的眼似乎總是望前看的。兩個禮拜匆匆地過去了。韋小姐忽然和我說，你別看阿河土，她的志气很好，她是個可怜的人。我和娘說，把我前年在家穿的那身棉襖褲給了她吧。我嫌那兩件衣服太花，給了她正好。娘先不肯，說她來了沒有几天；后來也肯了。今天拿出來讓她穿，正合式呢。我們教給她打絨繩鞋，她真聰明，一學就會了。她說拿到工錢，也要打一雙穿呢。我等几天再和娘說去。

“她這樣愛好！怪不得頭髮光得多了，原來都是你們教她的。好！你們盡教她講究，她將來怕不愿回家去呢。”大家都笑了。

舊新年是過去了。因為江浙的兵事，我們的學校一時還不能開學。我們大家都樂得在別墅里多住些日子。這時阿河如換了一個人。她穿著寶藍色挑著小花儿的布棉襖褲；腳下是嫩藍色毛繩鞋，鞋口還綴著兩個半藍半白的小絨球儿。我想這一定是她的小姐們給幫忙的。古語說得好，“人要衣裳馬要鞍”，阿河這一打扮，真有些楚楚可怜了。她的頭髮早已是刷得光光的，覆額的留海也梳得十分伏帖。一張小小的圓臉，如正開的桃李花；臉上并沒有笑，卻隱隱地含著春日的光輝，像花房里充了蜜一般。這在我几乎是一個奇跡；我現在是常站在窗前看她了。我覺得在深山里發見了一粒貓儿眼；這樣精純的貓儿眼，是我生平所僅見！我覺得我們相識已太長久，极愿和她說一句話——极平淡的話，一句也好。但我怎好平白地和她攀談呢？這樣郁郁了一禮拜。

這是元宵節的前一晚上。我吃了飯，在屋里坐了一會，覺得有些無聊，便信步走到那書房里。拿起報來，想再細看一回。忽然門鈕一響，阿河進來了。她手里拿著三四支顏色鉛筆；出乎意料地走近了我。她站在我面前了，靜靜地微笑著說：“白先生，你知道鉛筆刨在哪里？”一面將拿著的鉛筆給我看。我不自主地立起來，匆忙地應道，“在這里；”我用手指著南邊柱子。但我立刻覺得這是不夠的。我領她走近了柱子。這時我像閃電似地躊躇了一下，便說，“我…… 我……”她一聲不響地已將一支鉛筆交給我。我放進刨子里刨給她看。刨了兩下，便想交給她；但終于刨完了一支，交還了她。她接了筆略看一看，仍仰著臉向我。我窘极了。剎那間念頭轉了好几個圈子；到底硬著頭皮搭訕著說，“就這樣刨好了。”我赶緊向門外一瞥，就走回原處看報去。但我的頭剛低下，我的眼已抬起來了。于是遠遠地從容地問道，“你會么？”她不曾掉過頭來，只“嚶”了一聲，也不說話。我看了她背影一會。覺得應該低下頭了。等我再抬起頭來時，她已默默地向外走了。她似乎總是望前看的；我想再問她一句話，但終于不曾出口。我撇下了報，站起來走了一會，便回到自己屋里。

我一直想著些什么，但什么也沒有想出。

第二天早上看見她往廚房里走時，我發愿我的眼將老跟著她的影子！她的影子真好。她那几步路走得又敏捷，又勻稱，又苗條，正如一只可愛的小貓。她兩手各提著一只水壺，又令我想到在一條細細的索儿上抖擻精神走著的女子。這全由于她的腰；她的腰真太軟了，用白水的話說，真是軟到使我如吃蘇州的牛皮糖一樣。不止她的腰，我的日記里說得好：“她有一套和云霞比美，水月爭靈的曲線，織成大大的一張迷惑的网！”而那兩頰的曲線，尤其甜蜜可人。她兩頰是白中透著微紅，潤澤如玉。她的皮膚，嫩得可以掐出水來；我的日記里說，“我很想去掐她一下呀！”她的眼像一雙小燕子，老是在灩灩的春水上打著圈儿。她的笑最使我記住，像一朵花漂浮在我的腦海里。我不是說過，她的小圓臉像正開的桃花么？那么，她微笑的時候，便是盛開的時候了：花房里充滿了蜜，真如要",候了花房里充滿了蜜真如要,流出,liuchu,liu chu,FALSE,1:流出 | 2:留出 | 3:溜出 | 4:六處 | 5:六齣 | 6:六畜 | 7:六出 | 8:劉 | 9:留 | 10:六,TRUE,1,,,,
polyphonic_unflagged,916e76666af68907dc8dc420,春,291,294,"盼望着，盼望着，東風來了，春天的腳步近了。

一切都像剛睡醒的樣子，欣欣然張開了眼。山朗潤起來了，水長起來了，太陽的臉紅起來了。

小草偷偷地從土裏鑽出來，嫩嫩的，綠綠的。園子裏，田野裏，瞧去，一大片一大片滿是的。坐着，躺着，打兩個滾，踢幾腳球，賽幾䠀跑，捉幾回迷藏。風輕悄悄的，草軟綿綿的。

桃樹、杏樹、梨樹，你不讓我，我不讓你，都開滿了花趕䠀兒。紅的像火，粉的像霞，白的像雪。花裏帶着甜味；閉了眼，樹上仿彿已經滿是桃兒、杏兒、梨兒！花下成千成百的蜜蜂嗡嗡地鬧着，大小的蝴蝶飛來飛去。野花遍地是：雜樣兒，有名字的，沒名字的，散在草叢裏，像眼睛，像星星，還眨呀眨的。

「吹面不寒",像星星還眨呀眨的吹面不寒,楊柳風,yangliufeng,yang liu feng,FALSE,1:楊柳風 | 2:楊柳 | 3:洋流 | 4:樣 | 5:楊 | 6:養 | 7:陽 | 8:羊 | 9:洋 | 10:揚,TRUE,1,,,,
polyphonic_unflagged,c66578eb84938ad0bc05ec4b,阿河,4408,4410,"我這一回寒假，因為養病，住到一家親戚的別墅里去。那別墅是在鄉下。前面偏左的地方，是一片淡藍的湖水，對岸環擁著不盡的青山。山的影子倒映在水里，越顯得清清朗朗的。水面常如鏡子一般。風起時，微有皺痕；像少女們皺她們的眉頭，過一會子就好了。湖的余勢束成一條小港，緩緩地不聲不響地流過別墅的門前。門前有一條小石橋，橋那邊盡是田畝。這邊沿岸一帶，相間地栽著桃樹和柳樹，春來當有一番熱鬧的夢。別墅外面繚繞著短短的竹篱，篱外是小小的路。里邊一座向南的樓，背后便倚著山。西邊是三間平屋，我便住在這里。院子里有兩塊草地，上面隨便放著兩三塊石頭。另外的隙地上，或羅列著盆栽，或种蒔著花草。篱邊還有几株枝干蟠曲的大樹，有一株几乎要伸到水里去了。

我的親戚韋君只有夫婦二人和一個女儿。她在外邊念書，這時也剛回到家里。她邀來三位同學，同到她家過這個寒假；兩位是親戚，一位是朋友。她們住著樓上的兩間屋子。韋君夫婦也住在樓上。樓下正中是客廳，常是閒著，西間是吃飯的地方；東間便是韋君的書房，我們談天，喝茶，看報，都在這里。我吃了飯，便是一個人，也要到這里來閒坐一回。我來的第二天，韋小姐告訴我，她母親要給她們找一個好好的女用人；長工阿齊說有一個表妹，母親叫他明天就帶來做做看呢。她似乎很高興的樣子，我只是不經意地答應。

平屋与樓屋之間，是一個小小的廚房。我住的是東面的屋子，從窗子里可以看見廚房里人的來往。這一天午飯前，我偶然向外看看，見一個面生的女用人，兩手提著兩把白鐵壺，正往廚房里走；韋家的李媽在她前面領著，不知在和她說甚么話。她的頭髮亂蓬蓬的，像冬天的枯草一樣。身上穿著鑲邊的黑布棉襖和夾褲，黑里已泛出黃色；棉襖長与膝齊，夾褲也直拖到腳背上。腳倒是雙天足，穿著尖頭的黑布鞋，后跟還帶著兩片同色的“葉拔儿”。想這就是阿齊帶來的女用人了；想完了就坐下看書。晚飯后，韋小姐告訴我，女用人來了，她的名字叫“阿河”。我說，“名字很好，只是人土些；還能做么？”她說，“別看她土，很聰明呢。”我說，“哦。”便接著看手中的報了。

以后每天早上，中上，晚上，我常常看見阿河挈著水壺來往；她的眼似乎總是望前看的。兩個禮拜匆匆地過去了。韋小姐忽然和我說，你別看阿河土，她的志气很好，她是個可怜的人。我和娘說，把我前年在家穿的那身棉襖褲給了她吧。我嫌那兩件衣服太花，給了她正好。娘先不肯，說她來了沒有几天；后來也肯了。今天拿出來讓她穿，正合式呢。我們教給她打絨繩鞋，她真聰明，一學就會了。她說拿到工錢，也要打一雙穿呢。我等几天再和娘說去。

“她這樣愛好！怪不得頭髮光得多了，原來都是你們教她的。好！你們盡教她講究，她將來怕不愿回家去呢。”大家都笑了。

舊新年是過去了。因為江浙的兵事，我們的學校一時還不能開學。我們大家都樂得在別墅里多住些日子。這時阿河如換了一個人。她穿著寶藍色挑著小花儿的布棉襖褲；腳下是嫩藍色毛繩鞋，鞋口還綴著兩個半藍半白的小絨球儿。我想這一定是她的小姐們給幫忙的。古語說得好，“人要衣裳馬要鞍”，阿河這一打扮，真有些楚楚可怜了。她的頭髮早已是刷得光光的，覆額的留海也梳得十分伏帖。一張小小的圓臉，如正開的桃李花；臉上并沒有笑，卻隱隱地含著春日的光輝，像花房里充了蜜一般。這在我几乎是一個奇跡；我現在是常站在窗前看她了。我覺得在深山里發見了一粒貓儿眼；這樣精純的貓儿眼，是我生平所僅見！我覺得我們相識已太長久，极愿和她說一句話——极平淡的話，一句也好。但我怎好平白地和她攀談呢？這樣郁郁了一禮拜。

這是元宵節的前一晚上。我吃了飯，在屋里坐了一會，覺得有些無聊，便信步走到那書房里。拿起報來，想再細看一回。忽然門鈕一響，阿河進來了。她手里拿著三四支顏色鉛筆；出乎意料地走近了我。她站在我面前了，靜靜地微笑著說：“白先生，你知道鉛筆刨在哪里？”一面將拿著的鉛筆給我看。我不自主地立起來，匆忙地應道，“在這里；”我用手指著南邊柱子。但我立刻覺得這是不夠的。我領她走近了柱子。這時我像閃電似地躊躇了一下，便說，“我…… 我……”她一聲不響地已將一支鉛筆交給我。我放進刨子里刨給她看。刨了兩下，便想交給她；但終于刨完了一支，交還了她。她接了筆略看一看，仍仰著臉向我。我窘极了。剎那間念頭轉了好几個圈子；到底硬著頭皮搭訕著說，“就這樣刨好了。”我赶緊向門外一瞥，就走回原處看報去。但我的頭剛低下，我的眼已抬起來了。于是遠遠地從容地問道，“你會么？”她不曾掉過頭來，只“嚶”了一聲，也不說話。我看了她背影一會。覺得應該低下頭了。等我再抬起頭來時，她已默默地向外走了。她似乎總是望前看的；我想再問她一句話，但終于不曾出口。我撇下了報，站起來走了一會，便回到自己屋里。

我一直想著些什么，但什么也沒有想出。

第二天早上看見她往廚房里走時，我發愿我的眼將老跟著她的影子！她的影子真好。她那几步路走得又敏捷，又勻稱，又苗條，正如一只可愛的小貓。她兩手各提著一只水壺，又令我想到在一條細細的索儿上抖擻精神走著的女子。這全由于她的腰；她的腰真太軟了，用白水的話說，真是軟到使我如吃蘇州的牛皮糖一樣。不止她的腰，我的日記里說得好：“她有一套和云霞比美，水月爭靈的曲線，織成大大的一張迷惑的网！”而那兩頰的曲線，尤其甜蜜可人。她兩頰是白中透著微紅，潤澤如玉。她的皮膚，嫩得可以掐出水來；我的日記里說，“我很想去掐她一下呀！”她的眼像一雙小燕子，老是在灩灩的春水上打著圈儿。她的笑最使我記住，像一朵花漂浮在我的腦海里。我不是說過，她的小圓臉像正開的桃花么？那么，她微笑的時候，便是盛開的時候了：花房里充滿了蜜，真如要流出來的樣子。她的髮不甚厚，但黑而有光，柔軟而滑，如純絲一般。只可惜我不曾聞著一些儿香。唉！從前我在窗前看她好多次，所得的真太少了；若不是昨晚一見，——雖只几分鐘——我真太對不起這樣一個人儿了。

午飯后，韋君照例地睡午覺去了，只有我，韋小姐和其他三位小姐在書房里。我有意無意地談起阿河的事。我說：

“你們怎知道她的志气好呢？”

“那天我們教給她打絨繩鞋；”一位蔡小姐便答道，“看她很聰明，就問她為甚么不念書？她被我們一問，就傷心起來了。……”

“是的，”韋小姐笑著搶了說，“后來還哭了呢；還有一位傻子陪她淌眼淚呢。”

那邊黃小姐可急了，走過來推了她一下。蔡小姐忙攔住道，“人家說正經話，你們盡鬧著玩儿！讓我說完了呀——”“我代你說啵，”韋小姐仍搶著說，“——她說她只有一個爹，沒有娘。嫁了一個男人，倒有三十多歲，土頭土腦的，臉上滿是包！他是李媽的鄰舍，我還看見過呢。……”“好了，底下我說吧。”蔡小姐接著道，“她男人又不要好，盡愛賭錢；她一气，就住到娘家來，有一年多不回去了。”

“她今年几歲？”我問。

“十七不知十八？前年出嫁的，几個月就回家了，”蔡小姐說。

“不，十八，我知道，”韋小姐改正道。

“哦。你們可曾勸她离婚？”

“怎么不勸；”韋小姐應道，“她說十八回去吃她表哥的喜酒，要和她的爹去說呢。”

“你們教她的好事，該當何罪！”我笑了。

她們也都笑了。

十九的早上，我正在屋里看書，听見外面有嚷嚷的聲音；這是從來沒有的。我立刻走出來看；只見門外有兩個鄉下人要走進來，卻給阿齊攔住。他們只是央告，阿齊只是不肯。這時韋君已走出院中，向他們道，

“你們回去吧。人在我這里，不要緊的。快回去，不要瞎吵！”

兩個人面面相覷，說不出一句話；俄延了一會，只好走了。我問韋君什么事？他說，

“阿河囉！還不是瞎吵一回子。”

我想他于男女的事向來是懶得說的，還是回頭問他小姐的好；我們便談到別的事情上去。

吃了飯，我赶緊問韋小姐，她說，

“她是告訴娘的，你問娘去。”

我想這件事有些尷尬，便到西間里問韋太太；她正看著李媽收拾碗碟呢。她見我問，便笑著說，

“你要問這些事做什么？她昨天回去，原是借了阿桂的衣裳穿了去的，打扮得嬌滴滴的，也難怪，被她男人看見了，便約了些不相干的人，將她搶回去過了一夜。今天早上，她騙她男人，說要到此地來拿行李。她男人就會信她，派了兩個人跟著。那知她到了這里，便叫阿齊攔著那跟來的人；她自己便跪在我面前哭訴，說死也不愿回她男人家去。你說我有什么法子。只好讓那跟來的人先回去再說。好在沒有几天，她們要上學了，我將來交給她的爹吧。唉，現在的人，心眼儿真是越過越大了；一個鄉下女人，也會鬧出這樣惊天動地的事了！”

“可不是，”李媽在旁插嘴道，“太太你不知道；我家三叔前儿來，我還听他說呢。我本不該說的，阿彌陀佛！太太，你想她不愿意回婆家，老愿意住在娘家，是什么道理？家里只有一個單身的老子；你想那該死的老畜生！他舍不得放她回去呀！”

“低些，真的么？”韋太太惊詫地問。

“他們說得千真万确的。我早就想告訴太太了，總有些疑心；今天看她的樣子，真有几分對呢。太太，你想現在還成什么世界！”

“這該不至于吧。”我淡淡地插了一句。

“少爺，你那里知道！”韋太太歎了一口气，“——好在沒有几天了，讓她快些走吧；別將我們的運气帶坏了。她的事，我們以后也別談吧。”

開學的通告來了，我定在二十八走。二十六的晚上，阿河忽然不到廚房里挈水了。韋小姐跑來低低地告訴我，“娘叫阿齊將阿河送回去了；我在樓上，都不知道呢。”我應了一聲，一句話也沒有說。正如每日有三頓飽飯吃的人，忽然絕了糧；卻又不能告訴一個人！而且我覺得她的前面是黑洞洞的，此去不定有什么好歹！那一夜我是沒有好好地睡，只翻來覆去地做夢，醒來卻又一例茫然。這樣昏昏沉沉地到了二十八早上，懶懶地向韋君夫婦和韋小姐告別而行，韋君夫婦堅約春假再來住，我只得含糊答應著。出門時，我很想回望廚房几眼；但許多人都站在門口送我，我怎好回頭呢？

到校一打听，老友陸已來了。我不及料理行李，便找著他，將阿河的事一五一十告訴他。他本是個好事的人；听我說時，時而皺眉，時而歎气，時而擦掌。听到她只十八歲時，他突然將舌頭一伸，跳起來道，

“可惜我早有了我那太太！要不然，我准得想法子娶她！”

“你娶她就好了；現在不知鹿死誰手呢？”

我倆默默相對了一會，陸忽然拍著桌子道，

“有了，老汪不是去年失了戀么？他現在還沒有主儿，何不給他倆撮合一下。”

我正要答說，他已出去了。過了一會子，他和汪來了，進門就嚷著說，

“我和他說，他不信；要問你呢！”

“事是有的，人呢，也真不錯。只是人家的事，我們憑什么去管！”我說。

“想法子呀！”陸嚷著。

“什么法子？你說！”

“好，你們盡和我開玩笑，我才不理會你們呢！”汪笑了。

我們几乎每天都要談到阿河，但誰也不曾認真去“想法子。”

一轉眼已到了春假。我再到韋君別墅的時候，水是綠綠的，桃腮柳眼，著意引人。我卻只惦著阿河，不知她怎么樣了。那時韋小姐已回來兩天。我背地里問她，她說，“奇得很！阿齊告訴我，說她二月",奇得很阿齊告訴我說她二月,間來,jianlai,jian lai,FALSE,1:劍來 | 2:撿來 | 3:見來 | 4:見 | 5:間 | 6:建 | 7:件 | 8:劍 | 9:鍵 | 10:兼,FALSE,,,,,
polyphonic_unflagged,bc1b25a0d7a78a86b67cbdfc,給亡婦,751,753,"謙，日子真快，一眨眼你已經死了三個年頭了。這三年裡世事不知變化了多少回，但你未必注意這些個，我知道。你第一惦記的是你幾個孩子，第二便輪著我。孩子和我平分你的世界，你在日如此；你死後若還有知，想來還如此的。告訴你，我夏天回家來著：邁兒長得結實極了，比我高一個頭。閏兒父親說是最乖，可是沒有先前胖了。采芷和轉子都好。五兒全家誇她長得好看；卻在腿上生了濕瘡，整天坐在竹床上不能下來，看了怪可憐的。六兒，我怎麼說好，你明白，你臨終時也和母親談過，這孩子是只可以養著玩兒的，他左挨右挨去年春天，到底沒有挨過去。這孩子生了幾個月，你的肺病就重起來了。我勸你少親近他，只監督著老媽子照管就行。你總是忍不住，一會兒提，一會兒抱的。可是你病中為他操的那一份兒心也夠瞧的。那一個夏天他病的時候多，你成天兒忙著，湯呀，藥呀，冷呀，暖呀，連覺也沒有好好兒睡過。那裡有一分一毫想著你自己。瞧著他硬朗點兒你就樂，乾枯的笑容在黃蠟般的臉上，我只有暗中歎氣而已。

從來想不到做母親的要像你這樣。從邁兒起，你總是自己喂乳，一連四個都這樣。你起初不知道按鐘點兒喂，後來知道了，卻又弄不慣；孩子們每夜裡幾次將你哭醒了，特別是悶熱的夏季。我瞧你的覺老沒睡足。白天裡還得做菜，照料孩子，很少得空兒。你的身子本來壞，四個孩子就累你七八年。到了第五個，你自己實在不成了，又沒乳，只好自己餵奶粉，另雇老媽子專管她。但孩子跟老媽子睡，你就沒有放過心；夜裡一聽見哭，就豎起耳朵聽，工夫一大就得過去看。十六年初，和你到北京來，將邁兒，轉子留在家裡；三年多還不能去接他們，可真把你惦記苦了。你並不常提，我卻明白。你後來說你的病就是惦記出來的；那個自然也有份兒，不過大半還是養育孩子累的。你的短短的十二年結婚生活，有十一年耗費在孩子們身上；而你一點不厭倦，有",子們身上而你一點不厭倦有,多少,duoshao,duo shao,FALSE,1:多少 | 2:多燒 | 3:多殺 | 4:躲煞 | 5:多 | 6:躲 | 7:奪 | 8:朵 | 9:墮 | 10:剁,TRUE,1,,,,
polyphonic_unflagged,8aa638da3aa2468f9d5db1b9,阿河,2977,2979,"我這一回寒假，因為養病，住到一家親戚的別墅里去。那別墅是在鄉下。前面偏左的地方，是一片淡藍的湖水，對岸環擁著不盡的青山。山的影子倒映在水里，越顯得清清朗朗的。水面常如鏡子一般。風起時，微有皺痕；像少女們皺她們的眉頭，過一會子就好了。湖的余勢束成一條小港，緩緩地不聲不響地流過別墅的門前。門前有一條小石橋，橋那邊盡是田畝。這邊沿岸一帶，相間地栽著桃樹和柳樹，春來當有一番熱鬧的夢。別墅外面繚繞著短短的竹篱，篱外是小小的路。里邊一座向南的樓，背后便倚著山。西邊是三間平屋，我便住在這里。院子里有兩塊草地，上面隨便放著兩三塊石頭。另外的隙地上，或羅列著盆栽，或种蒔著花草。篱邊還有几株枝干蟠曲的大樹，有一株几乎要伸到水里去了。

我的親戚韋君只有夫婦二人和一個女儿。她在外邊念書，這時也剛回到家里。她邀來三位同學，同到她家過這個寒假；兩位是親戚，一位是朋友。她們住著樓上的兩間屋子。韋君夫婦也住在樓上。樓下正中是客廳，常是閒著，西間是吃飯的地方；東間便是韋君的書房，我們談天，喝茶，看報，都在這里。我吃了飯，便是一個人，也要到這里來閒坐一回。我來的第二天，韋小姐告訴我，她母親要給她們找一個好好的女用人；長工阿齊說有一個表妹，母親叫他明天就帶來做做看呢。她似乎很高興的樣子，我只是不經意地答應。

平屋与樓屋之間，是一個小小的廚房。我住的是東面的屋子，從窗子里可以看見廚房里人的來往。這一天午飯前，我偶然向外看看，見一個面生的女用人，兩手提著兩把白鐵壺，正往廚房里走；韋家的李媽在她前面領著，不知在和她說甚么話。她的頭髮亂蓬蓬的，像冬天的枯草一樣。身上穿著鑲邊的黑布棉襖和夾褲，黑里已泛出黃色；棉襖長与膝齊，夾褲也直拖到腳背上。腳倒是雙天足，穿著尖頭的黑布鞋，后跟還帶著兩片同色的“葉拔儿”。想這就是阿齊帶來的女用人了；想完了就坐下看書。晚飯后，韋小姐告訴我，女用人來了，她的名字叫“阿河”。我說，“名字很好，只是人土些；還能做么？”她說，“別看她土，很聰明呢。”我說，“哦。”便接著看手中的報了。

以后每天早上，中上，晚上，我常常看見阿河挈著水壺來往；她的眼似乎總是望前看的。兩個禮拜匆匆地過去了。韋小姐忽然和我說，你別看阿河土，她的志气很好，她是個可怜的人。我和娘說，把我前年在家穿的那身棉襖褲給了她吧。我嫌那兩件衣服太花，給了她正好。娘先不肯，說她來了沒有几天；后來也肯了。今天拿出來讓她穿，正合式呢。我們教給她打絨繩鞋，她真聰明，一學就會了。她說拿到工錢，也要打一雙穿呢。我等几天再和娘說去。

“她這樣愛好！怪不得頭髮光得多了，原來都是你們教她的。好！你們盡教她講究，她將來怕不愿回家去呢。”大家都笑了。

舊新年是過去了。因為江浙的兵事，我們的學校一時還不能開學。我們大家都樂得在別墅里多住些日子。這時阿河如換了一個人。她穿著寶藍色挑著小花儿的布棉襖褲；腳下是嫩藍色毛繩鞋，鞋口還綴著兩個半藍半白的小絨球儿。我想這一定是她的小姐們給幫忙的。古語說得好，“人要衣裳馬要鞍”，阿河這一打扮，真有些楚楚可怜了。她的頭髮早已是刷得光光的，覆額的留海也梳得十分伏帖。一張小小的圓臉，如正開的桃李花；臉上并沒有笑，卻隱隱地含著春日的光輝，像花房里充了蜜一般。這在我几乎是一個奇跡；我現在是常站在窗前看她了。我覺得在深山里發見了一粒貓儿眼；這樣精純的貓儿眼，是我生平所僅見！我覺得我們相識已太長久，极愿和她說一句話——极平淡的話，一句也好。但我怎好平白地和她攀談呢？這樣郁郁了一禮拜。

這是元宵節的前一晚上。我吃了飯，在屋里坐了一會，覺得有些無聊，便信步走到那書房里。拿起報來，想再細看一回。忽然門鈕一響，阿河進來了。她手里拿著三四支顏色鉛筆；出乎意料地走近了我。她站在我面前了，靜靜地微笑著說：“白先生，你知道鉛筆刨在哪里？”一面將拿著的鉛筆給我看。我不自主地立起來，匆忙地應道，“在這里；”我用手指著南邊柱子。但我立刻覺得這是不夠的。我領她走近了柱子。這時我像閃電似地躊躇了一下，便說，“我…… 我……”她一聲不響地已將一支鉛筆交給我。我放進刨子里刨給她看。刨了兩下，便想交給她；但終于刨完了一支，交還了她。她接了筆略看一看，仍仰著臉向我。我窘极了。剎那間念頭轉了好几個圈子；到底硬著頭皮搭訕著說，“就這樣刨好了。”我赶緊向門外一瞥，就走回原處看報去。但我的頭剛低下，我的眼已抬起來了。于是遠遠地從容地問道，“你會么？”她不曾掉過頭來，只“嚶”了一聲，也不說話。我看了她背影一會。覺得應該低下頭了。等我再抬起頭來時，她已默默地向外走了。她似乎總是望前看的；我想再問她一句話，但終于不曾出口。我撇下了報，站起來走了一會，便回到自己屋里。

我一直想著些什么，但什么也沒有想出。

第二天早上看見她往廚房里走時，我發愿我的眼將老跟著她的影子！她的影子真好。她那几步路走得又敏捷，又勻稱，又苗條，正如一只可愛的小貓。她兩手各提著一只水壺，又令我想到在一條細細的索儿上抖擻精神走著的女子。這全由于她的腰；她的腰真太軟了，用白水的話說，真是軟到使我如吃蘇州的牛皮糖一樣。不止她的腰，我的日記里說得好：“她有一套和云霞比美，水月爭靈的曲線，織成大大的一張迷惑的网！”而那兩頰的曲線，尤其甜蜜可人。她兩頰是白中透著微紅，潤澤如玉。她的皮膚，嫩得可以掐出水來；我的日記里說，“我很想去掐她一下呀！”她的眼像一雙小燕子，老是在灩灩的春水上打著圈儿。她的笑最使我記住，像一朵花漂浮在我的腦海里。我不是說過，她的小圓臉像正開的桃花么？那么，她微笑的時候，便是盛開的時候了：花房里充滿了蜜，真如要流出來的樣子。她的髮不甚厚，但黑而有光，柔軟而滑，如純絲一般。只可惜我不曾聞著一些儿香。唉！從前我在窗前看她好多次，所得的真太少了；若不是昨晚一見，——雖只几分鐘——我真太對不起這樣一個人儿了。

午飯后，韋君照例地睡午覺去了，只有我，韋小姐和其他三位小姐在書房里。我有意無意地談起阿河的事。我說：

“你們怎知道她的志气好呢？”

“那天我們教給她打絨繩鞋；”一位蔡小姐便答道，“看她很聰明，就問她為甚么不念書？她被我們一問，就傷心起來了。……”

“是的，”韋小姐笑著搶了說，“后來還哭了呢；還有一位傻子陪她淌眼淚呢。”

那邊黃小姐可急了，走過來推了她一下。蔡小姐忙攔住道，“人家說正經話，你們盡鬧著玩儿！讓我說完了呀——”“我代你說啵，”韋小姐仍搶著說，“——她說她只有一個爹，沒有娘。嫁了一個男人，倒有三十多歲，土頭土腦的，臉上滿是包！他是李媽的鄰舍，我還看見過呢。……”“好了，底下我說吧。”蔡小姐接著道，“她男人又不要好，盡愛賭錢；她一气，就住到娘家來，有一年多不回去了。”

“她今年几歲？”我問。

“十七不知十八？前年出嫁的，几個月就回家了，”蔡小姐說。

“不，十八，我知道，”韋小姐改正道。

“哦。你們可曾勸她离婚？”

“怎么不勸；”韋小姐應道，“她說十八回去吃她表哥的喜酒，要和她的爹去說呢。”

“你們教她的好事，該當何罪！”我笑了。

她們也都笑了。

十九的早上，我正在屋里看書，听見外面有嚷嚷的聲音；這是從來沒有的。我立刻走出來看；只見門外有兩個鄉下人要走進來，卻給阿齊攔住。他們只是央告，阿齊只是不肯。這時韋君已走出院中，向他們道，

“你們",君已走出院中向他們道你們,回去,huiqu,hui qu,FALSE,1:回去 | 2:會去 | 3:揮去 | 4:會娶 | 5:會 | 6:回 | 7:灰 | 8:輝 | 9:惠 | 10:匯,TRUE,1,,,,
polyphonic_unflagged,b909b24c2c0b6157fe8fc396,阿河,2155,2157,"我這一回寒假，因為養病，住到一家親戚的別墅里去。那別墅是在鄉下。前面偏左的地方，是一片淡藍的湖水，對岸環擁著不盡的青山。山的影子倒映在水里，越顯得清清朗朗的。水面常如鏡子一般。風起時，微有皺痕；像少女們皺她們的眉頭，過一會子就好了。湖的余勢束成一條小港，緩緩地不聲不響地流過別墅的門前。門前有一條小石橋，橋那邊盡是田畝。這邊沿岸一帶，相間地栽著桃樹和柳樹，春來當有一番熱鬧的夢。別墅外面繚繞著短短的竹篱，篱外是小小的路。里邊一座向南的樓，背后便倚著山。西邊是三間平屋，我便住在這里。院子里有兩塊草地，上面隨便放著兩三塊石頭。另外的隙地上，或羅列著盆栽，或种蒔著花草。篱邊還有几株枝干蟠曲的大樹，有一株几乎要伸到水里去了。

我的親戚韋君只有夫婦二人和一個女儿。她在外邊念書，這時也剛回到家里。她邀來三位同學，同到她家過這個寒假；兩位是親戚，一位是朋友。她們住著樓上的兩間屋子。韋君夫婦也住在樓上。樓下正中是客廳，常是閒著，西間是吃飯的地方；東間便是韋君的書房，我們談天，喝茶，看報，都在這里。我吃了飯，便是一個人，也要到這里來閒坐一回。我來的第二天，韋小姐告訴我，她母親要給她們找一個好好的女用人；長工阿齊說有一個表妹，母親叫他明天就帶來做做看呢。她似乎很高興的樣子，我只是不經意地答應。

平屋与樓屋之間，是一個小小的廚房。我住的是東面的屋子，從窗子里可以看見廚房里人的來往。這一天午飯前，我偶然向外看看，見一個面生的女用人，兩手提著兩把白鐵壺，正往廚房里走；韋家的李媽在她前面領著，不知在和她說甚么話。她的頭髮亂蓬蓬的，像冬天的枯草一樣。身上穿著鑲邊的黑布棉襖和夾褲，黑里已泛出黃色；棉襖長与膝齊，夾褲也直拖到腳背上。腳倒是雙天足，穿著尖頭的黑布鞋，后跟還帶著兩片同色的“葉拔儿”。想這就是阿齊帶來的女用人了；想完了就坐下看書。晚飯后，韋小姐告訴我，女用人來了，她的名字叫“阿河”。我說，“名字很好，只是人土些；還能做么？”她說，“別看她土，很聰明呢。”我說，“哦。”便接著看手中的報了。

以后每天早上，中上，晚上，我常常看見阿河挈著水壺來往；她的眼似乎總是望前看的。兩個禮拜匆匆地過去了。韋小姐忽然和我說，你別看阿河土，她的志气很好，她是個可怜的人。我和娘說，把我前年在家穿的那身棉襖褲給了她吧。我嫌那兩件衣服太花，給了她正好。娘先不肯，說她來了沒有几天；后來也肯了。今天拿出來讓她穿，正合式呢。我們教給她打絨繩鞋，她真聰明，一學就會了。她說拿到工錢，也要打一雙穿呢。我等几天再和娘說去。

“她這樣愛好！怪不得頭髮光得多了，原來都是你們教她的。好！你們盡教她講究，她將來怕不愿回家去呢。”大家都笑了。

舊新年是過去了。因為江浙的兵事，我們的學校一時還不能開學。我們大家都樂得在別墅里多住些日子。這時阿河如換了一個人。她穿著寶藍色挑著小花儿的布棉襖褲；腳下是嫩藍色毛繩鞋，鞋口還綴著兩個半藍半白的小絨球儿。我想這一定是她的小姐們給幫忙的。古語說得好，“人要衣裳馬要鞍”，阿河這一打扮，真有些楚楚可怜了。她的頭髮早已是刷得光光的，覆額的留海也梳得十分伏帖。一張小小的圓臉，如正開的桃李花；臉上并沒有笑，卻隱隱地含著春日的光輝，像花房里充了蜜一般。這在我几乎是一個奇跡；我現在是常站在窗前看她了。我覺得在深山里發見了一粒貓儿眼；這樣精純的貓儿眼，是我生平所僅見！我覺得我們相識已太長久，极愿和她說一句話——极平淡的話，一句也好。但我怎好平白地和她攀談呢？這樣郁郁了一禮拜。

這是元宵節的前一晚上。我吃了飯，在屋里坐了一會，覺得有些無聊，便信步走到那書房里。拿起報來，想再細看一回。忽然門鈕一響，阿河進來了。她手里拿著三四支顏色鉛筆；出乎意料地走近了我。她站在我面前了，靜靜地微笑著說：“白先生，你知道鉛筆刨在哪里？”一面將拿著的鉛筆給我看。我不自主地立起來，匆忙地應道，“在這里；”我用手指著南邊柱子。但我立刻覺得這是不夠的。我領她走近了柱子。這時我像閃電似地躊躇了一下，便說，“我…… 我……”她一聲不響地已將一支鉛筆交給我。我放進刨子里刨給她看。刨了兩下，便想交給她；但終于刨完了一支，交還了她。她接了筆略看一看，仍仰著臉向我。我窘极了。剎那間念頭轉了好几個圈子；到底硬著頭皮搭訕著說，“就這樣刨好了。”我赶緊向門外一瞥，就走回原處看報去。但我的頭剛低下，我的眼已抬起來了。于是遠遠地從容地問道，“你會么？”她不曾掉過頭來，只“嚶”了一聲，也不說話。我看了她背影一會。覺得應該低下頭了。等我再抬起頭來時，她已默默地向外走了。她似乎總是望前看的；我想再問她一句話，但終于不曾出口。我撇下了報，站起來走了一會，便回到自己屋里。

我一直想著些什么，但什么也沒有想出。

第二天早上看見她往廚房里走時，我發愿我的眼將老跟著她的影子！她的影子真好。她那几步路走得又敏捷，又勻稱，又苗條，正如一只可愛的小貓。她兩手各提著一只水壺，又令我想到在一條細細的索儿上抖擻精神走著的女子。這全由于她的腰；她的腰真太軟了，用白水的話說，真是軟到使我如吃蘇州的牛皮糖一樣。不止她的腰，我的日記里說得好：“她有一套和云霞比美，水月爭靈的曲線，織成大大的一張迷惑的网！”而那兩頰的曲線，尤其甜蜜可人。她兩頰是白中透著微紅，潤澤",她兩頰是白中透著微紅潤澤,如玉,ruyu,ru yu,FALSE,1:如玉 | 2:入獄 | 3:如遇 | 4:如雨 | 5:如與 | 6:如於 | 7:茹魚 | 8:如欲 | 9:如魚 | 10:入浴,TRUE,1,,,,
polyphonic_unflagged,ea0e3fa292794c292edb7be4,槳聲燈影裏的秦淮河,5225,5227,"一九二三年八月的一晚，我和平伯同遊秦淮河；平伯是初泛，我是重來了。我們雇了一隻「七板子」，在夕陽已去、皎月方來的時候，便下了船。於是槳聲汩汩，我們開始領略那晃蕩著薔薇色的歷史的秦淮河的滋味了。

秦淮河裏的船，比北京万生園、頤和園的船好，比西湖的船好，比揚州瘦西湖的船也好。這幾處的船不是覺著笨，就是覺著簡陋、局促；都不能引起乘客們的情韻，如秦淮河的船一樣。秦淮河的船約略可分為兩種：一是大船；一是小船，就是所謂「七板子」。大船艙口闊大，可容二三十人。裏面陳設著字畫和光潔的紅木家具，桌上一律嵌著冰涼的大理石面。窗格雕鏤頗細，使人起柔膩之感。窗格里映著紅色藍色的玻璃；玻璃上有精緻的花紋，也頗悅人目。「七板子」規模雖不及大船，但那淡藍色的欄杆，空敞的艙，也足繫人情思。而最出色處卻在它的艙前。艙前是甲板上的一部，上面有弧形的頂，兩邊用疏疏的欄杆支著。裏面通常放著兩張藤的躺椅。躺下，可以談天，可以望遠，可以顧盼兩岸的河房。大船上也有這個，但在小船上更覺清雋罷了。艙前的頂下，一律懸著燈彩；燈的多少、明暗，彩蘇的精粗、艷晦，是不一的，但好歹總還你一個燈彩。這燈彩實在是最能勾人的東西。夜幕垂垂地下來時，大小船上都點起燈火。從兩重玻璃裏映出那輻射著的黃黃的散光，反暈出一片朦朧的煙靄；透過這煙靄，在黯黯的水波里，又逗起縷縷的明漪。在這薄靄和微漪裏，聽著那悠然的間歇的槳聲，誰能不被引入他的美夢去呢？只愁夢太多了，這些大小船兒如何載得起呀？我們這時模模糊糊的談著明末的秦淮河的艷跡，如《桃花扇》及《板橋雜記》裏所載的。我們真神往了。我們彷彿親見那時華燈映水，畫舫凌波的光景了。於是我們的船便成了歷史的重載了。我們終於恍然秦淮河的船所以雅麗過於他處，而又有奇異的吸引力的，實在是許多歷史的影像使然了。

秦淮河的水是碧陰陰的；看起來厚而不膩，或者是六朝金粉所凝麼？我們初上船的時候，天色還未斷黑，那漾漾的柔波是這樣恬靜、委婉，使我們一面有水闊天空之想，一面又憧憬著紙醉金迷之境了。等到燈火明時，陰陰的變為沈沉了：黯淡的水光，像夢一般；那偶然閃爍著的光芒，就是夢的眼睛了。我們坐在艙前，因了那隆起的頂棚，彷彿總是昂著首向前走著似的；於是飄飄然如御風而行的我們，看著那些自在的灣泊著的船，船裏走馬燈般的人物，便像是下界一般，迢迢的遠了，又像在霧裏看花，盡朦朦朧朧的。這時我們已過了利涉橋，望見東關頭了。沿路聽見斷續的歌聲：有從沿河的妓樓飄來的，有從河上船裏渡來的。我們明知那些歌聲，只是些因襲的言詞，從生澀的歌喉裏機械的發出來的；但它們經了夏夜的微風的吹漾和水波的搖拂，嬝娜著到我們耳邊的時候，已經不單是她們的歌聲，而混著微風和河水的密語了。於是我們不得不被牽惹著，震撼著，相與浮沉於這歌聲裏了。從東關頭轉彎，不久就到大中橋。大中橋共有三個橋拱，都很闊大，儼然是三座門兒；使我們覺得我們的船和船裏的我們，在橋下過去時，真是太無顏色了。橋磚是深褐色，表明它的歷史的長久；但都完好無缺，令人太息於古昔工程的堅美。橋上兩旁都是木壁的房子，中間應該有街路。這些房子都破舊了，多年煙熏的跡，遮沒了當年的美麗。我想像秦淮河的極盛時，在這樣宏闊的橋上，特地蓋了房子，必然是髹漆得富富麗麗的；晚間必然是燈火通明的，現在卻只剩下一片黑沉沉！但是橋上造著房子，畢竟使我們多少可以想見往日的繁華；這也慰情聊勝無了。過了大中橋，便到了燈月交輝、笙歌徹夜的秦淮河，這才是秦淮河的真面目哩。

大中橋外，頓然空闊，和橋內兩岸排著密密的人家的景像大異了。一眼望去，疏疏的林，淡淡的月，襯著蔚藍的天，頗像荒江野渡光景；那邊呢，鬱叢叢的，陰森森的，又似乎藏著無邊的黑暗，令人幾乎不信那是繁華的秦淮河了。但是河中眩暈著的燈光，縱橫著的畫舫，悠揚著的笛韻，夾著那吱吱的胡琴聲，終於使我們認識綠如茵陳酒的秦淮水了。此地天裸露著的多些，故覺夜來的獨遲些；從清清的水影裏，我們感到的只是薄薄的夜——這正是秦淮河的夜。大中橋外，本來還有一座復成橋，是船夫口中的我們的遊踪盡處，或也是秦淮河繁華的盡處了。我的腳曾踏過復成橋的脊，在十三四歲的時候。但是兩次遊秦淮河，卻都不曾見著復成橋的面；明知總在前途的，卻常覺得有些虛無縹緲似的。我想，不見倒也好。這時正是盛夏。我們下船後，藉著新生的晚涼和河上的微風，暑氣已漸漸消散；到了此地，豁然開朗，身子頓然輕了——習習的清風荏苒在面上、手上、衣上，這便又感到了一縷新涼了。南京的日光，大概沒有杭州猛烈；西湖的夏夜老是熱蓬蓬的，水像沸著一般，秦淮河的水卻盡是這樣冷冷地綠著。任你人影的憧憧，歌聲的擾擾，總像隔著一層薄薄的綠紗面冪似的；它盡是這樣靜靜的、冷冷的綠著。我們出了大中橋，走不上半里路，船夫便將船劃到一旁，停了槳由它宕著。他以為那裏正是繁華的極點，再過去就是荒涼了；所以讓我們多多賞鑑一會兒。他自己卻靜靜的蹲著。他是看慣這光景的了，大約只是一個無可無不可。這無可無不可，無論是升的沉的，總之，都比我們高了。

那時河裏鬧熱極了；船大半泊著，小半在水上穿梭似的來往。停泊著的都在近市的那一邊，我們的船自然也夾在其中。因為這邊略略的擠，便覺得那邊十分的疏了。在每一隻船從那邊過去時，我們能畫出它的輕輕的影和曲曲的波，在我們的心上；這顯著是空，且顯著是靜了。那時處處都是歌聲和淒厲的胡琴聲，圓潤的喉嚨，確乎是很少的。但那生澀的，尖脆的調子能使人有少年的，粗率不拘的感覺，也正可快我們的意。況且多少隔開些兒聽著，因為想像與渴慕的做美，總覺更有滋味；而竟發的喧囂，抑揚的不齊，遠近的雜沓，和樂器的嘈嘈切切，合成另一意味的諧音，也使我們無所適從，如隨著大風而走。這實在因為我們的心枯澀久了，變為脆弱；故偶然潤澤一下，便瘋狂似的不能自主了，但秦淮河確也膩人。即如船裏的人面，無論是和我們一堆儿泊著的，無論是從我們眼前過去的，總是模模糊糊的，甚至渺渺茫茫的；任你張圓了眼睛，揩淨了眥垢，也是枉然，這真夠人想呢。在我們停泊的地方，燈光原是紛然的；不過這些燈光都是黃而有暈的。黃已經不能明了，再加上了暈，便更不成了。燈愈多，暈就愈甚；在繁星般的黃的交錯裏，秦淮河彷彿籠上了一團光霧。光芒與霧氣騰騰的暈著，什麼都只剩了輪廓了；所以人面的詳細的曲線，便消失於我們的眼底了。但燈光究竟奪不了那邊的月色；燈光是渾的，月色是清的。在渾沌的燈光裏，滲入一派清輝，卻真是奇蹟！那晚月兒已瘦削了兩三分。她晚妝才罷，盈盈的上了柳梢頭。天是藍得可愛，彷彿一汪水似的；月兒便更出落得精神了。岸上原有三株兩株的垂楊樹，淡淡的影子，在水里搖曳著。它們那柔細的枝條浴著月光，就像一支支美人的臂膊，交互的纏著、挽著；又像是月兒披著的髪。而月兒偶爾也從它們的交叉處偷偷窺看我們，大有小姑娘怕羞的樣子。岸上另有幾株不知名的老樹，光光的立著；在月光裏照起來，卻又儼然是精神矍鑠的老人。遠處快到天際線了，才有一兩片白雲，亮得現出異彩，像是美麗的貝殼一般。白雲下便是黑黑的一帶輪廓；是一條隨意畫的不規則的曲線。這一段光景，和河中的風味大異了。但燈與月竟能並存著，交融著，使月成了纏綿的月，燈射著渺渺的靈輝，這正是天之所以厚秦淮河，也正是天之所以厚我們了。

這時卻遇著了難解的糾紛。秦淮河上原有一種歌妓，是以歌為業的。從前都在茶舫上，唱些大曲之類。每日午後一時起；什麼時候止，卻忘記了。晚上照樣也有一回，也在黃暈的燈光裏。我從前過南京時，曾隨著朋友去聽過兩次。因為茶舫裏的人臉太多了，覺得不大適意，終於聽不出所以然。前年聽說歌妓被取締了，不知怎的，頗涉想了幾次卻想不出什麼。這次到南京，先到茶舫上去看看，覺得頗是寂寥，令我無端的悵悵了。不料她們卻仍在秦淮河裏掙扎著，不料她們竟會糾纏到我們，我於是很張皇了，她們也乘著「七板子」，她們總是坐在艙前的。艙前點著石油汽燈，光亮炫人眼目：坐在下面的，自然是纖毫畢見了。引誘客人們的力量，也便在此了。艙裏躲著樂工等人，映著汽燈的餘輝蠕動著；他們是永遠不被注意的。每船的歌妓大約都是二人；天色一黑，她們的船就在大中橋外往來不息的兜生意。無論行著的船，泊著的船，都要來兜攬的。這都是我後來推想出來的。那晚不知怎樣，忽然輪著我們的船了。我們的船好好的停著，一隻歌舫劃向我們來了；漸漸和我們的船並著了。爍爍的燈光逼得我們皺起了眉頭；我們的風塵色全給它托出來了，這使我踧踖不安了。那時一個伙計跨過船來，拿著攤開的歌摺，就近塞向我的手裏，說：「點幾出吧！」他跨過來的時候，我們船上似乎有許多眼光跟著。同時相近的別的船上也似乎有許多眼睛炯炯的向我們船上看著。我真窘了！我也裝出大方的樣子，向歌妓們瞥了一眼，但究竟是不成的！我勉強將那歌摺翻了一翻，卻不曾看清了幾個字；便趕緊遞還那伙計，一面不好意思地說「不要，我們⋯⋯不要。」他便塞給平伯，平伯掉轉頭去，搖手說：「不要！」那人還膩著不走。平伯又回過臉來，搖著頭道「不要！」於是那人重到我處，我窘著再拒絕了他。他這纔有所不屑似的走了。

我的心立刻放下，如釋了重負一般。我們就開始自白了。

我說我受了道德律的壓迫，拒絕了她們；心裏似乎很抱歉的。這所謂抱歉，一面對於她們，一面對於我自己。她們於我們雖然沒有很奢的希望；但總有些希望的。我們拒絕了她們，無論理由如何充足，卻使她們的希望受了傷；這總有幾分不做美了，這是我覺得很悵悵的。至於我自己，更有一種不足之感。我這時被四面的歌聲誘惑了，降伏了；但是遠遠的，遠遠的歌聲總彷彿隔著重衣搔癢似的，越搔越搔不著癢處。我於是憧憬著貼耳的妙音了。在歌舫劃來時，我的憧憬，變為盼望；我固執的盼望著，有如飢渴。雖然從淺薄的經驗裏，也能夠推知，那貼耳的歌聲，將剝去了一切的美妙；但一個平常的人像我的，谁愿憑了理性之力去醜化未來呢？我寧願自己騙著了。不過我的社會感性是很敏銳的；我的思力能拆穿道德律的西洋鏡，而我的感情卻終於被它壓服著。我於是有所顧忌了，尤其是在眾目昭彰的時候。道德律的力，本來是民眾賦予的；在民眾的面前，自然更顯出它的威嚴了。我這時一面盼望，一面卻感到了兩重的禁制：一、在通俗的意義上，接近妓者總算一種不正當的行為；二、妓是一種不健全的職業，我們對於她們，應有哀矜勿喜之心，不應賞玩的去聽她們的歌。在眾目睽睽之下，這兩種思想在我心裏最為旺盛。她們暫時壓倒了我的聽歌的盼望，這便成就了我的灰色的拒絕。那時的心實在異常狀態中，覺得頗是昏亂。歌舫去了，暫時寧靜之後，我的思緒又如潮湧了。兩個相反的意思在我心頭往復：賣歌和賣淫不同，聽歌和狎妓不同，又干道德甚事？但是，但是，她們既被逼的以歌為業，她們的歌必無藝術味的；況她們的身世，我們究竟該同情的，所以拒絕倒也是正辦。但這些意思終於不曾撇開我的聽歌的盼望。它力量異常堅強；它總想將別的思緒踏在腳下。從這重重的爭鬬里，我感到了濃厚的不足之感。這不足之感使我的心盤旋不安，起坐都不安寧了。唉！我承認我是一個自私的人！平伯呢，卻與我不同。他引周啟明先生的詩，「因為我有妻子，所以我愛一切的女人；因為我有子女，所以我愛一切的孩子。」他的意思可以見了。他因為推及的同情，愛著那些歌妓，並且尊重著她們，所以拒絕了她們。在這種情形下，他自然以為聽是對於她們的一種侮辱。但他也是想听歌的，雖然不和我一樣。所以在他的心中，當然也有一番小小的爭鬬；爭鬬的結果，是同情勝了。至於道德律，在他是沒有什麼的：因為他很有蔑視一切的傾向，民眾的力量在他是不大覺著的。這時他的心意的活動比較簡單，又比較鬆弱，故事後還怡然自若；我卻不能了。這里平伯又比我高了。

在我們談話中間，又來了兩隻歌舫。伙計照前一樣的請我們點戲，我們照前一樣的拒絕了。我受了三次窘，心裏的不安更甚了。清豔的夜景也為之減色。船夫大約因為要趕第二趟生意，催著我們回去；我們無可無不可的答應了。我們漸漸和那些暈黃的燈光遠了，只有些月色冷清清的隨著我們的歸舟。我們的船竟沒個伴兒，秦淮河的夜正長哩！到大中橋近處，才遇著一隻來船。這是一隻載妓的板船，黑漆漆的沒有一點光。船頭上坐著一個妓女；暗裏看出，白地小花的衫子，黑的下衣。她手里拉著胡琴，口裏唱著青衫的調子。她唱得響亮而圓轉；當她的船箭一般駛過去時，餘音還裊裊的在我們耳際，使我們傾聽而嚮往。想不到在弩末的遊踪裏，還能領略到這樣的清歌！這時船過大中橋了，森森的水影，如黑暗張著巨口，要將我們的船吞了下去。我們回顧那渺渺的黃光，不勝依戀之情；我們感到了寂寞了！這一段地方夜色甚濃，又有兩頭的燈火招邀著；橋外的燈火不用說了，過了橋另有東關頭疏疏的燈火。我們忽然仰頭看見依人的素月，不覺深悔歸來之早了！走過東關頭，有一兩隻大船灣泊著，又有幾隻船向我們來著。囂囂的一陣歌聲人語，彷彿笑我們無伴的孤舟哩。東關頭轉灣，河上的夜色更濃了；臨水的妓樓上，時時從簾縫裏射出一線一線的燈光；彷彿",裏射出一線一線的燈光彷彿,黑暗,heian,hei an,FALSE,1:黑暗 | 2:黑 | 3:嘿 | 4:黒 | 5:潶 | 6:閪 | 7:㱄 | 8:𢖛 | 9:𢡀 | 10:𥕙,TRUE,1,,,,
polyphonic_unflagged,b65336e7cbf3f3b87cc90eda,阿河,490,492,"我這一回寒假，因為養病，住到一家親戚的別墅里去。那別墅是在鄉下。前面偏左的地方，是一片淡藍的湖水，對岸環擁著不盡的青山。山的影子倒映在水里，越顯得清清朗朗的。水面常如鏡子一般。風起時，微有皺痕；像少女們皺她們的眉頭，過一會子就好了。湖的余勢束成一條小港，緩緩地不聲不響地流過別墅的門前。門前有一條小石橋，橋那邊盡是田畝。這邊沿岸一帶，相間地栽著桃樹和柳樹，春來當有一番熱鬧的夢。別墅外面繚繞著短短的竹篱，篱外是小小的路。里邊一座向南的樓，背后便倚著山。西邊是三間平屋，我便住在這里。院子里有兩塊草地，上面隨便放著兩三塊石頭。另外的隙地上，或羅列著盆栽，或种蒔著花草。篱邊還有几株枝干蟠曲的大樹，有一株几乎要伸到水里去了。

我的親戚韋君只有夫婦二人和一個女儿。她在外邊念書，這時也剛回到家里。她邀來三位同學，同到她家過這個寒假；兩位是親戚，一位是朋友。她們住著樓上的兩間屋子。韋君夫婦也住在樓上。樓下正中是客廳，常是閒著，西間是吃飯的地方；東間便是韋君的書房，我們談天，喝茶，看報，都在這里。我吃了飯，便是一個人，也要到這里來閒坐一回。我來的第二天，韋小姐告訴我，她母親要給她們找",姐告訴我她母親要給她們找,一個,yige,yi ge,FALSE,1:一個 | 2:一哥 | 3:一格 | 4:億個 | 5:一隔 | 6:一割 | 7:伊格 | 8:倚歌 | 9:夷歌 | 10:抑割,TRUE,1,,,,
polyphonic_unflagged,8187171a7ca0b090530b4d5c,匆匆,187,189,"燕子去了，有再來的時候；楊柳枯了，有再靑的時候；桃花謝了，有再開的時候。但是，聰明的，你吿訴我，我們的日子爲什麼一去不復返呢？——是有人偷了他們罷：那是誰？又藏在何處呢？是他們自己逃走了罷：現在又到了那裏呢？

我不知道他們給了我多少日子；但我的手確乎是漸漸空虛了。在默默裏算着，八千多日子已經從我手中溜去；像針尖上一滴水滴在大海裏，我的日子滴在時間的流裏，沒有聲音，也沒有",時間的流裏沒有聲音也沒有,影子,yingzi,ying zi,FALSE,1:影子 | 2:英子 | 3:英姿 | 4:纓子 | 5:蠅子 | 6:櫻子 | 7:應 | 8:贏 | 9:英 | 10:硬,TRUE,1,,,,
polyphonic_unflagged,8c45ab521a9b5d2089759594,槳聲燈影裏的秦淮河,4196,4198,"一九二三年八月的一晚，我和平伯同遊秦淮河；平伯是初泛，我是重來了。我們雇了一隻「七板子」，在夕陽已去、皎月方來的時候，便下了船。於是槳聲汩汩，我們開始領略那晃蕩著薔薇色的歷史的秦淮河的滋味了。

秦淮河裏的船，比北京万生園、頤和園的船好，比西湖的船好，比揚州瘦西湖的船也好。這幾處的船不是覺著笨，就是覺著簡陋、局促；都不能引起乘客們的情韻，如秦淮河的船一樣。秦淮河的船約略可分為兩種：一是大船；一是小船，就是所謂「七板子」。大船艙口闊大，可容二三十人。裏面陳設著字畫和光潔的紅木家具，桌上一律嵌著冰涼的大理石面。窗格雕鏤頗細，使人起柔膩之感。窗格里映著紅色藍色的玻璃；玻璃上有精緻的花紋，也頗悅人目。「七板子」規模雖不及大船，但那淡藍色的欄杆，空敞的艙，也足繫人情思。而最出色處卻在它的艙前。艙前是甲板上的一部，上面有弧形的頂，兩邊用疏疏的欄杆支著。裏面通常放著兩張藤的躺椅。躺下，可以談天，可以望遠，可以顧盼兩岸的河房。大船上也有這個，但在小船上更覺清雋罷了。艙前的頂下，一律懸著燈彩；燈的多少、明暗，彩蘇的精粗、艷晦，是不一的，但好歹總還你一個燈彩。這燈彩實在是最能勾人的東西。夜幕垂垂地下來時，大小船上都點起燈火。從兩重玻璃裏映出那輻射著的黃黃的散光，反暈出一片朦朧的煙靄；透過這煙靄，在黯黯的水波里，又逗起縷縷的明漪。在這薄靄和微漪裏，聽著那悠然的間歇的槳聲，誰能不被引入他的美夢去呢？只愁夢太多了，這些大小船兒如何載得起呀？我們這時模模糊糊的談著明末的秦淮河的艷跡，如《桃花扇》及《板橋雜記》裏所載的。我們真神往了。我們彷彿親見那時華燈映水，畫舫凌波的光景了。於是我們的船便成了歷史的重載了。我們終於恍然秦淮河的船所以雅麗過於他處，而又有奇異的吸引力的，實在是許多歷史的影像使然了。

秦淮河的水是碧陰陰的；看起來厚而不膩，或者是六朝金粉所凝麼？我們初上船的時候，天色還未斷黑，那漾漾的柔波是這樣恬靜、委婉，使我們一面有水闊天空之想，一面又憧憬著紙醉金迷之境了。等到燈火明時，陰陰的變為沈沉了：黯淡的水光，像夢一般；那偶然閃爍著的光芒，就是夢的眼睛了。我們坐在艙前，因了那隆起的頂棚，彷彿總是昂著首向前走著似的；於是飄飄然如御風而行的我們，看著那些自在的灣泊著的船，船裏走馬燈般的人物，便像是下界一般，迢迢的遠了，又像在霧裏看花，盡朦朦朧朧的。這時我們已過了利涉橋，望見東關頭了。沿路聽見斷續的歌聲：有從沿河的妓樓飄來的，有從河上船裏渡來的。我們明知那些歌聲，只是些因襲的言詞，從生澀的歌喉裏機械的發出來的；但它們經了夏夜的微風的吹漾和水波的搖拂，嬝娜著到我們耳邊的時候，已經不單是她們的歌聲，而混著微風和河水的密語了。於是我們不得不被牽惹著，震撼著，相與浮沉於這歌聲裏了。從東關頭轉彎，不久就到大中橋。大中橋共有三個橋拱，都很闊大，儼然是三座門兒；使我們覺得我們的船和船裏的我們，在橋下過去時，真是太無顏色了。橋磚是深褐色，表明它的歷史的長久；但都完好無缺，令人太息於古昔工程的堅美。橋上兩旁都是木壁的房子，中間應該有街路。這些房子都破舊了，多年煙熏的跡，遮沒了當年的美麗。我想像秦淮河的極盛時，在這樣宏闊的橋上，特地蓋了房子，必然是髹漆得富富麗麗的；晚間必然是燈火通明的，現在卻只剩下一片黑沉沉！但是橋上造著房子，畢竟使我們多少可以想見往日的繁華；這也慰情聊勝無了。過了大中橋，便到了燈月交輝、笙歌徹夜的秦淮河，這才是秦淮河的真面目哩。

大中橋外，頓然空闊，和橋內兩岸排著密密的人家的景像大異了。一眼望去，疏疏的林，淡淡的月，襯著蔚藍的天，頗像荒江野渡光景；那邊呢，鬱叢叢的，陰森森的，又似乎藏著無邊的黑暗，令人幾乎不信那是繁華的秦淮河了。但是河中眩暈著的燈光，縱橫著的畫舫，悠揚著的笛韻，夾著那吱吱的胡琴聲，終於使我們認識綠如茵陳酒的秦淮水了。此地天裸露著的多些，故覺夜來的獨遲些；從清清的水影裏，我們感到的只是薄薄的夜——這正是秦淮河的夜。大中橋外，本來還有一座復成橋，是船夫口中的我們的遊踪盡處，或也是秦淮河繁華的盡處了。我的腳曾踏過復成橋的脊，在十三四歲的時候。但是兩次遊秦淮河，卻都不曾見著復成橋的面；明知總在前途的，卻常覺得有些虛無縹緲似的。我想，不見倒也好。這時正是盛夏。我們下船後，藉著新生的晚涼和河上的微風，暑氣已漸漸消散；到了此地，豁然開朗，身子頓然輕了——習習的清風荏苒在面上、手上、衣上，這便又感到了一縷新涼了。南京的日光，大概沒有杭州猛烈；西湖的夏夜老是熱蓬蓬的，水像沸著一般，秦淮河的水卻盡是這樣冷冷地綠著。任你人影的憧憧，歌聲的擾擾，總像隔著一層薄薄的綠紗面冪似的；它盡是這樣靜靜的、冷冷的綠著。我們出了大中橋，走不上半里路，船夫便將船劃到一旁，停了槳由它宕著。他以為那裏正是繁華的極點，再過去就是荒涼了；所以讓我們多多賞鑑一會兒。他自己卻靜靜的蹲著。他是看慣這光景的了，大約只是一個無可無不可。這無可無不可，無論是升的沉的，總之，都比我們高了。

那時河裏鬧熱極了；船大半泊著，小半在水上穿梭似的來往。停泊著的都在近市的那一邊，我們的船自然也夾在其中。因為這邊略略的擠，便覺得那邊十分的疏了。在每一隻船從那邊過去時，我們能畫出它的輕輕的影和曲曲的波，在我們的心上；這顯著是空，且顯著是靜了。那時處處都是歌聲和淒厲的胡琴聲，圓潤的喉嚨，確乎是很少的。但那生澀的，尖脆的調子能使人有少年的，粗率不拘的感覺，也正可快我們的意。況且多少隔開些兒聽著，因為想像與渴慕的做美，總覺更有滋味；而竟發的喧囂，抑揚的不齊，遠近的雜沓，和樂器的嘈嘈切切，合成另一意味的諧音，也使我們無所適從，如隨著大風而走。這實在因為我們的心枯澀久了，變為脆弱；故偶然潤澤一下，便瘋狂似的不能自主了，但秦淮河確也膩人。即如船裏的人面，無論是和我們一堆儿泊著的，無論是從我們眼前過去的，總是模模糊糊的，甚至渺渺茫茫的；任你張圓了眼睛，揩淨了眥垢，也是枉然，這真夠人想呢。在我們停泊的地方，燈光原是紛然的；不過這些燈光都是黃而有暈的。黃已經不能明了，再加上了暈，便更不成了。燈愈多，暈就愈甚；在繁星般的黃的交錯裏，秦淮河彷彿籠上了一團光霧。光芒與霧氣騰騰的暈著，什麼都只剩了輪廓了；所以人面的詳細的曲線，便消失於我們的眼底了。但燈光究竟奪不了那邊的月色；燈光是渾的，月色是清的。在渾沌的燈光裏，滲入一派清輝，卻真是奇蹟！那晚月兒已瘦削了兩三分。她晚妝才罷，盈盈的上了柳梢頭。天是藍得可愛，彷彿一汪水似的；月兒便更出落得精神了。岸上原有三株兩株的垂楊樹，淡淡的影子，在水里搖曳著。它們那柔細的枝條浴著月光，就像一支支美人的臂膊，交互的纏著、挽著；又像是月兒披著的髪。而月兒偶爾也從它們的交叉處偷偷窺看我們，大有小姑娘怕羞的樣子。岸上另有幾株不知名的老樹，光光的立著；在月光裏照起來，卻又儼然是精神矍鑠的老人。遠處快到天際線了，才有一兩片白雲，亮得現出異彩，像是美麗的貝殼一般。白雲下便是黑黑的一帶輪廓；是一條隨意畫的不規則的曲線。這一段光景，和河中的風味大異了。但燈與月竟能並存著，交融著，使月成了纏綿的月，燈射著渺渺的靈輝，這正是天之所以厚秦淮河，也正是天之所以厚我們了。

這時卻遇著了難解的糾紛。秦淮河上原有一種歌妓，是以歌為業的。從前都在茶舫上，唱些大曲之類。每日午後一時起；什麼時候止，卻忘記了。晚上照樣也有一回，也在黃暈的燈光裏。我從前過南京時，曾隨著朋友去聽過兩次。因為茶舫裏的人臉太多了，覺得不大適意，終於聽不出所以然。前年聽說歌妓被取締了，不知怎的，頗涉想了幾次卻想不出什麼。這次到南京，先到茶舫上去看看，覺得頗是寂寥，令我無端的悵悵了。不料她們卻仍在秦淮河裏掙扎著，不料她們竟會糾纏到我們，我於是很張皇了，她們也乘著「七板子」，她們總是坐在艙前的。艙前點著石油汽燈，光亮炫人眼目：坐在下面的，自然是纖毫畢見了。引誘客人們的力量，也便在此了。艙裏躲著樂工等人，映著汽燈的餘輝蠕動著；他們是永遠不被注意的。每船的歌妓大約都是二人；天色一黑，她們的船就在大中橋外往來不息的兜生意。無論行著的船，泊著的船，都要來兜攬的。這都是我後來推想出來的。那晚不知怎樣，忽然輪著我們的船了。我們的船好好的停著，一隻歌舫劃向我們來了；漸漸和我們的船並著了。爍爍的燈光逼得我們皺起了眉頭；我們的風塵色全給它托出來了，這使我踧踖不安了。那時一個伙計跨過船來，拿著攤開的歌摺，就近塞向我的手裏，說：「點幾出吧！」他跨過來的時候，我們船上似乎有許多眼光跟著。同時相近的別的船上也似乎有許多眼睛炯炯的向我們船上看著。我真窘了！我也裝出大方的樣子，向歌妓們瞥了一眼，但究竟是不成的！我勉強將那歌摺翻了一翻，卻不曾看清了幾個字；便趕緊遞還那伙計，一面不好意思地說「不要，我們⋯⋯不要。」他便塞給平伯，平伯掉轉頭去，搖手說：「不要！」那人還膩著不走。平伯又回過臉來，搖著頭道「不要！」於是那人重到我處，我窘著再拒絕了他。他這纔有所不屑似的走了。

我的心立刻放下，如釋了重負一般。我們就開始自白了。

我說我受了道德律的壓迫，拒絕了她們；心裏似乎很抱歉的。這所謂抱歉，一面對於她們，一面對於我自己。她們於我們雖然沒有很奢的希望；但總有些希望的。我們拒絕了她們，無論理由如何充足，卻使她們的希望受了傷；這總有幾分不做美了，這是我覺得很悵悵的。至於我自己，更有一種不足之感。我這時被四面的歌聲誘惑了，降伏了；但是遠遠的，遠遠的歌聲總彷彿隔著重衣搔癢似的，越搔越搔不著癢處。我於是憧憬著貼耳的妙音了。在歌舫劃來時，我的憧憬，變為盼望；我固執的盼望著，有如飢渴。雖然從淺薄的經驗裏，也能夠推知，那貼耳的歌聲，將剝去了一切的美妙；但一個平常的人像我的，谁愿憑了理性之力去醜化未來呢？我寧願自己騙著了。不過我的社會感性是很敏銳的；我的思力能拆穿道德律的西洋鏡，而我的感情卻終於被它壓服著。我於是有所顧忌了，尤其是在眾目昭彰的時候。道德律的力，本來是民眾賦予的；在民眾的面前，自然更顯出它的威嚴了。我這時一面盼望，一面卻感到了兩重的禁制：一、在通俗的意義上，接近妓者總算一種不正當的行為；二、妓是一種不健全的職業，我們對於她們，應有哀矜勿喜之心，不應賞玩的去聽她們的歌。在眾目睽睽之下，這兩種思想在我心裏最為旺盛。她們",思想在我心裏最為旺盛她們,暫時,zanshi,zan shi,FALSE,1:暫時 | 2:咱 | 3:讚 | 4:贊 | 5:暫 | 6:攢 | 7:簪 | 8:瓚 | 9:鏨 | 10:昝,TRUE,1,,,,
polyphonic_unflagged,276a918f1c4a27fc69bbe00b,給亡婦,2605,2607,"謙，日子真快，一眨眼你已經死了三個年頭了。這三年裡世事不知變化了多少回，但你未必注意這些個，我知道。你第一惦記的是你幾個孩子，第二便輪著我。孩子和我平分你的世界，你在日如此；你死後若還有知，想來還如此的。告訴你，我夏天回家來著：邁兒長得結實極了，比我高一個頭。閏兒父親說是最乖，可是沒有先前胖了。采芷和轉子都好。五兒全家誇她長得好看；卻在腿上生了濕瘡，整天坐在竹床上不能下來，看了怪可憐的。六兒，我怎麼說好，你明白，你臨終時也和母親談過，這孩子是只可以養著玩兒的，他左挨右挨去年春天，到底沒有挨過去。這孩子生了幾個月，你的肺病就重起來了。我勸你少親近他，只監督著老媽子照管就行。你總是忍不住，一會兒提，一會兒抱的。可是你病中為他操的那一份兒心也夠瞧的。那一個夏天他病的時候多，你成天兒忙著，湯呀，藥呀，冷呀，暖呀，連覺也沒有好好兒睡過。那裡有一分一毫想著你自己。瞧著他硬朗點兒你就樂，乾枯的笑容在黃蠟般的臉上，我只有暗中歎氣而已。

從來想不到做母親的要像你這樣。從邁兒起，你總是自己喂乳，一連四個都這樣。你起初不知道按鐘點兒喂，後來知道了，卻又弄不慣；孩子們每夜裡幾次將你哭醒了，特別是悶熱的夏季。我瞧你的覺老沒睡足。白天裡還得做菜，照料孩子，很少得空兒。你的身子本來壞，四個孩子就累你七八年。到了第五個，你自己實在不成了，又沒乳，只好自己餵奶粉，另雇老媽子專管她。但孩子跟老媽子睡，你就沒有放過心；夜裡一聽見哭，就豎起耳朵聽，工夫一大就得過去看。十六年初，和你到北京來，將邁兒，轉子留在家裡；三年多還不能去接他們，可真把你惦記苦了。你並不常提，我卻明白。你後來說你的病就是惦記出來的；那個自然也有份兒，不過大半還是養育孩子累的。你的短短的十二年結婚生活，有十一年耗費在孩子們身上；而你一點不厭倦，有多少力量用多少，一直到自己毀滅為止。你對孩子一般兒愛，不問男的女的，大的小的。也不想到什麼“養兒防老，積穀防饑”，只拚命的愛去。你對於教育老實說有些外行，孩子們只要吃得好玩得好就成了。這也難怪你，你自己便是這樣長大的。況且孩子們原都還小，吃和玩本來也要緊的。你病重的時候最放不下的還是孩子。病的只剩皮包著骨頭了，總不信自己不會好；老說：“我死了，這一大群孩子可苦了。”後來說送你回家，你想著可以看見邁兒和轉子，也願意；你萬不想到會一走不返的。我送車的時候，你忍不住哭了，說：“還不知能不能再見？”可憐，你的心我知道，你滿想著好好兒帶著六個孩子回來見我的。謙，你那時一定這樣想，一定的。

除了孩子，你心裡只有我。不錯，那時你父親還在；可是你母親死了，他另有個女人，你老早就覺得隔了一層似的。出嫁後第一年你雖還一心一意依戀著他老人家，到第二年上我和孩子可就將你的心占住，你再沒有多少工夫惦記他了。你還記得第一年我在北京，你在家裡。家裡來信說你待不住，常回娘家去。我動氣了，馬上寫信責備你。你教人寫了一封復信，說家裡有事，不能不回去。這是你第一次也可以說第末次的抗議，我從此就沒給你寫信。暑假時帶了一肚子主意回去，但見了面，看你一臉笑，也就拉倒了。打這時候起，你漸漸從你父親的懷裡跑到我這兒。你換了金鐲子幫助我的學費，叫我以後還你；但直到你死，我沒有還你。你在我家受了許多氣，又因為我家的緣故受你家裡的氣，你都忍著。這全為的是我，我知道。那回我從家鄉一個中學半途辭職出走。家裡人諷你也走。哪裡走！只得硬著頭皮往你家去。那時你家像個冰窖子，你們在窖裡足足住了三個月。好容易我才將你們領出來了，一同上外省去。小家庭這樣組織起來了。你雖不是什麼闊小姐，可也是自小嬌生慣養的，做起主婦來，什麼都得幹一兩手；你居然做下去了，而且高高興興地做下去了。菜照例滿是你做，可是吃的都是我們；你至多夾上兩三筷子就算了。你的菜做得不壞，有一位老在行大大地誇獎過你。你洗衣服也不錯，夏天我的綢大褂大概總是你親自動手。你在家老不樂意閑著；坐前幾個“月子”，老是四五天就起床，說是躺著家裡事沒條沒理的。其實你起來也還不是沒條理；咱們家那麼多孩子，哪兒來條理？在浙江住的時候，逃過兩回兵難，我都在北平。真虧你領著母親和一群孩子東藏西躲的；末一回還要走多少里路，翻一道大嶺。這兩回差不多只靠你一個人。你不但帶了母親和孩子們，還帶了我一箱箱的書；你知道我是最愛書的。在短短的十二年裡，你操的心比人家一輩子還多；謙，你那樣身子怎麼經得住！你將我的責任一股腦兒擔負了去，壓死了你；我如何對得起你！

你為我的撈什子書也費了不少神；第一回讓你父親的男傭人從家鄉捎到上海去。他說了幾句閒話，你氣得在你父親面前哭了。第二回是帶著逃難，別人都說你傻子。你有你的想頭：“沒有書怎麼教書？況且他又愛這個玩意兒。”其實你沒有曉得，那些書丟了也並不可惜；不過教你怎麼曉得，我平常從來沒和你談過這些個！總而言之，你的心是可感謝的。這十二年裡你為我吃的苦真不少，可是沒有過幾天好日子。我們在一起住，算來也還不到五個年頭。無論日子怎麼壞，無論是離是合，你從來沒對我發過脾氣，連一句怨言也沒有。——別說怨我，就是怨命也沒有過。老實說，我的脾氣可不大好，遷怒的事兒有的是。那些時候你往往抽噎著流眼淚，從不回嘴，也不號啕。不過我也只信得過你一個人，有些話我只和你一個人說，因為世界上只你一個人真關心我，真同情我。你不但為我吃苦，更為我分苦；我之有我現在的精神，大半是你給我培養著的。這些年來我很少生病。但我最不耐煩生病，生了病就呻吟不絕，鬧那伺候病的人。你是領教過一回的，那回只一兩點鐘，可是也夠麻煩了。你常生病，卻總不開口，掙扎著起來；一來怕攪我，二來怕沒人做你那份兒事。我有一個壞脾氣，怕聽人生病，也是真的。後來你天天發燒，自己還以為南方帶來的瘧疾，一直瞞著我。明明躺著，聽見我的腳步，一骨碌就坐起來。我漸漸有些奇怪，讓大夫一瞧，這可糟了，你的一個肺已爛了一個大窟窿了！大夫勸你到西山去靜養，你丟不下孩子，又捨不得錢；勸你在家裡躺著，你也丟不下那份兒家務。越看越不行了，這才送你回去。明知凶多吉少，想不到只一個月工夫你就完了！本來盼望還見得著你，這一來可拉倒了。你也何嘗想到這個？父親告訴我，你回家獨住著一所小住宅，還嫌沒有客廳，怕我回去不便哪。

前年夏天回家，上你墳上去了。你睡在祖父母的下首，想來還不孤單的。只是當年祖父母的墳太小了，你正睡在壙底下。這叫做“抗壙”，在",正睡在壙底下這叫做抗壙在,生人,shengren,sheng ren,FALSE,1:聖人 | 2:勝任 | 3:生人 | 4:升任 | 5:生 | 6:省 | 7:聲 | 8:勝 | 9:昇 | 10:盛,TRUE,3,,,,
polyphonic_unflagged,4a3dade3e4d9c15109b86099,槳聲燈影裏的秦淮河,5158,5160,"一九二三年八月的一晚，我和平伯同遊秦淮河；平伯是初泛，我是重來了。我們雇了一隻「七板子」，在夕陽已去、皎月方來的時候，便下了船。於是槳聲汩汩，我們開始領略那晃蕩著薔薇色的歷史的秦淮河的滋味了。

秦淮河裏的船，比北京万生園、頤和園的船好，比西湖的船好，比揚州瘦西湖的船也好。這幾處的船不是覺著笨，就是覺著簡陋、局促；都不能引起乘客們的情韻，如秦淮河的船一樣。秦淮河的船約略可分為兩種：一是大船；一是小船，就是所謂「七板子」。大船艙口闊大，可容二三十人。裏面陳設著字畫和光潔的紅木家具，桌上一律嵌著冰涼的大理石面。窗格雕鏤頗細，使人起柔膩之感。窗格里映著紅色藍色的玻璃；玻璃上有精緻的花紋，也頗悅人目。「七板子」規模雖不及大船，但那淡藍色的欄杆，空敞的艙，也足繫人情思。而最出色處卻在它的艙前。艙前是甲板上的一部，上面有弧形的頂，兩邊用疏疏的欄杆支著。裏面通常放著兩張藤的躺椅。躺下，可以談天，可以望遠，可以顧盼兩岸的河房。大船上也有這個，但在小船上更覺清雋罷了。艙前的頂下，一律懸著燈彩；燈的多少、明暗，彩蘇的精粗、艷晦，是不一的，但好歹總還你一個燈彩。這燈彩實在是最能勾人的東西。夜幕垂垂地下來時，大小船上都點起燈火。從兩重玻璃裏映出那輻射著的黃黃的散光，反暈出一片朦朧的煙靄；透過這煙靄，在黯黯的水波里，又逗起縷縷的明漪。在這薄靄和微漪裏，聽著那悠然的間歇的槳聲，誰能不被引入他的美夢去呢？只愁夢太多了，這些大小船兒如何載得起呀？我們這時模模糊糊的談著明末的秦淮河的艷跡，如《桃花扇》及《板橋雜記》裏所載的。我們真神往了。我們彷彿親見那時華燈映水，畫舫凌波的光景了。於是我們的船便成了歷史的重載了。我們終於恍然秦淮河的船所以雅麗過於他處，而又有奇異的吸引力的，實在是許多歷史的影像使然了。

秦淮河的水是碧陰陰的；看起來厚而不膩，或者是六朝金粉所凝麼？我們初上船的時候，天色還未斷黑，那漾漾的柔波是這樣恬靜、委婉，使我們一面有水闊天空之想，一面又憧憬著紙醉金迷之境了。等到燈火明時，陰陰的變為沈沉了：黯淡的水光，像夢一般；那偶然閃爍著的光芒，就是夢的眼睛了。我們坐在艙前，因了那隆起的頂棚，彷彿總是昂著首向前走著似的；於是飄飄然如御風而行的我們，看著那些自在的灣泊著的船，船裏走馬燈般的人物，便像是下界一般，迢迢的遠了，又像在霧裏看花，盡朦朦朧朧的。這時我們已過了利涉橋，望見東關頭了。沿路聽見斷續的歌聲：有從沿河的妓樓飄來的，有從河上船裏渡來的。我們明知那些歌聲，只是些因襲的言詞，從生澀的歌喉裏機械的發出來的；但它們經了夏夜的微風的吹漾和水波的搖拂，嬝娜著到我們耳邊的時候，已經不單是她們的歌聲，而混著微風和河水的密語了。於是我們不得不被牽惹著，震撼著，相與浮沉於這歌聲裏了。從東關頭轉彎，不久就到大中橋。大中橋共有三個橋拱，都很闊大，儼然是三座門兒；使我們覺得我們的船和船裏的我們，在橋下過去時，真是太無顏色了。橋磚是深褐色，表明它的歷史的長久；但都完好無缺，令人太息於古昔工程的堅美。橋上兩旁都是木壁的房子，中間應該有街路。這些房子都破舊了，多年煙熏的跡，遮沒了當年的美麗。我想像秦淮河的極盛時，在這樣宏闊的橋上，特地蓋了房子，必然是髹漆得富富麗麗的；晚間必然是燈火通明的，現在卻只剩下一片黑沉沉！但是橋上造著房子，畢竟使我們多少可以想見往日的繁華；這也慰情聊勝無了。過了大中橋，便到了燈月交輝、笙歌徹夜的秦淮河，這才是秦淮河的真面目哩。

大中橋外，頓然空闊，和橋內兩岸排著密密的人家的景像大異了。一眼望去，疏疏的林，淡淡的月，襯著蔚藍的天，頗像荒江野渡光景；那邊呢，鬱叢叢的，陰森森的，又似乎藏著無邊的黑暗，令人幾乎不信那是繁華的秦淮河了。但是河中眩暈著的燈光，縱橫著的畫舫，悠揚著的笛韻，夾著那吱吱的胡琴聲，終於使我們認識綠如茵陳酒的秦淮水了。此地天裸露著的多些，故覺夜來的獨遲些；從清清的水影裏，我們感到的只是薄薄的夜——這正是秦淮河的夜。大中橋外，本來還有一座復成橋，是船夫口中的我們的遊踪盡處，或也是秦淮河繁華的盡處了。我的腳曾踏過復成橋的脊，在十三四歲的時候。但是兩次遊秦淮河，卻都不曾見著復成橋的面；明知總在前途的，卻常覺得有些虛無縹緲似的。我想，不見倒也好。這時正是盛夏。我們下船後，藉著新生的晚涼和河上的微風，暑氣已漸漸消散；到了此地，豁然開朗，身子頓然輕了——習習的清風荏苒在面上、手上、衣上，這便又感到了一縷新涼了。南京的日光，大概沒有杭州猛烈；西湖的夏夜老是熱蓬蓬的，水像沸著一般，秦淮河的水卻盡是這樣冷冷地綠著。任你人影的憧憧，歌聲的擾擾，總像隔著一層薄薄的綠紗面冪似的；它盡是這樣靜靜的、冷冷的綠著。我們出了大中橋，走不上半里路，船夫便將船劃到一旁，停了槳由它宕著。他以為那裏正是繁華的極點，再過去就是荒涼了；所以讓我們多多賞鑑一會兒。他自己卻靜靜的蹲著。他是看慣這光景的了，大約只是一個無可無不可。這無可無不可，無論是升的沉的，總之，都比我們高了。

那時河裏鬧熱極了；船大半泊著，小半在水上穿梭似的來往。停泊著的都在近市的那一邊，我們的船自然也夾在其中。因為這邊略略的擠，便覺得那邊十分的疏了。在每一隻船從那邊過去時，我們能畫出它的輕輕的影和曲曲的波，在我們的心上；這顯著是空，且顯著是靜了。那時處處都是歌聲和淒厲的胡琴聲，圓潤的喉嚨，確乎是很少的。但那生澀的，尖脆的調子能使人有少年的，粗率不拘的感覺，也正可快我們的意。況且多少隔開些兒聽著，因為想像與渴慕的做美，總覺更有滋味；而竟發的喧囂，抑揚的不齊，遠近的雜沓，和樂器的嘈嘈切切，合成另一意味的諧音，也使我們無所適從，如隨著大風而走。這實在因為我們的心枯澀久了，變為脆弱；故偶然潤澤一下，便瘋狂似的不能自主了，但秦淮河確也膩人。即如船裏的人面，無論是和我們一堆儿泊著的，無論是從我們眼前過去的，總是模模糊糊的，甚至渺渺茫茫的；任你張圓了眼睛，揩淨了眥垢，也是枉然，這真夠人想呢。在我們停泊的地方，燈光原是紛然的；不過這些燈光都是黃而有暈的。黃已經不能明了，再加上了暈，便更不成了。燈愈多，暈就愈甚；在繁星般的黃的交錯裏，秦淮河彷彿籠上了一團光霧。光芒與霧氣騰騰的暈著，什麼都只剩了輪廓了；所以人面的詳細的曲線，便消失於我們的眼底了。但燈光究竟奪不了那邊的月色；燈光是渾的，月色是清的。在渾沌的燈光裏，滲入一派清輝，卻真是奇蹟！那晚月兒已瘦削了兩三分。她晚妝才罷，盈盈的上了柳梢頭。天是藍得可愛，彷彿一汪水似的；月兒便更出落得精神了。岸上原有三株兩株的垂楊樹，淡淡的影子，在水里搖曳著。它們那柔細的枝條浴著月光，就像一支支美人的臂膊，交互的纏著、挽著；又像是月兒披著的髪。而月兒偶爾也從它們的交叉處偷偷窺看我們，大有小姑娘怕羞的樣子。岸上另有幾株不知名的老樹，光光的立著；在月光裏照起來，卻又儼然是精神矍鑠的老人。遠處快到天際線了，才有一兩片白雲，亮得現出異彩，像是美麗的貝殼一般。白雲下便是黑黑的一帶輪廓；是一條隨意畫的不規則的曲線。這一段光景，和河中的風味大異了。但燈與月竟能並存著，交融著，使月成了纏綿的月，燈射著渺渺的靈輝，這正是天之所以厚秦淮河，也正是天之所以厚我們了。

這時卻遇著了難解的糾紛。秦淮河上原有一種歌妓，是以歌為業的。從前都在茶舫上，唱些大曲之類。每日午後一時起；什麼時候止，卻忘記了。晚上照樣也有一回，也在黃暈的燈光裏。我從前過南京時，曾隨著朋友去聽過兩次。因為茶舫裏的人臉太多了，覺得不大適意，終於聽不出所以然。前年聽說歌妓被取締了，不知怎的，頗涉想了幾次卻想不出什麼。這次到南京，先到茶舫上去看看，覺得頗是寂寥，令我無端的悵悵了。不料她們卻仍在秦淮河裏掙扎著，不料她們竟會糾纏到我們，我於是很張皇了，她們也乘著「七板子」，她們總是坐在艙前的。艙前點著石油汽燈，光亮炫人眼目：坐在下面的，自然是纖毫畢見了。引誘客人們的力量，也便在此了。艙裏躲著樂工等人，映著汽燈的餘輝蠕動著；他們是永遠不被注意的。每船的歌妓大約都是二人；天色一黑，她們的船就在大中橋外往來不息的兜生意。無論行著的船，泊著的船，都要來兜攬的。這都是我後來推想出來的。那晚不知怎樣，忽然輪著我們的船了。我們的船好好的停著，一隻歌舫劃向我們來了；漸漸和我們的船並著了。爍爍的燈光逼得我們皺起了眉頭；我們的風塵色全給它托出來了，這使我踧踖不安了。那時一個伙計跨過船來，拿著攤開的歌摺，就近塞向我的手裏，說：「點幾出吧！」他跨過來的時候，我們船上似乎有許多眼光跟著。同時相近的別的船上也似乎有許多眼睛炯炯的向我們船上看著。我真窘了！我也裝出大方的樣子，向歌妓們瞥了一眼，但究竟是不成的！我勉強將那歌摺翻了一翻，卻不曾看清了幾個字；便趕緊遞還那伙計，一面不好意思地說「不要，我們⋯⋯不要。」他便塞給平伯，平伯掉轉頭去，搖手說：「不要！」那人還膩著不走。平伯又回過臉來，搖著頭道「不要！」於是那人重到我處，我窘著再拒絕了他。他這纔有所不屑似的走了。

我的心立刻放下，如釋了重負一般。我們就開始自白了。

我說我受了道德律的壓迫，拒絕了她們；心裏似乎很抱歉的。這所謂抱歉，一面對於她們，一面對於我自己。她們於我們雖然沒有很奢的希望；但總有些希望的。我們拒絕了她們，無論理由如何充足，卻使她們的希望受了傷；這總有幾分不做美了，這是我覺得很悵悵的。至於我自己，更有一種不足之感。我這時被四面的歌聲誘惑了，降伏了；但是遠遠的，遠遠的歌聲總彷彿隔著重衣搔癢似的，越搔越搔不著癢處。我於是憧憬著貼耳的妙音了。在歌舫劃來時，我的憧憬，變為盼望；我固執的盼望著，有如飢渴。雖然從淺薄的經驗裏，也能夠推知，那貼耳的歌聲，將剝去了一切的美妙；但一個平常的人像我的，谁愿憑了理性之力去醜化未來呢？我寧願自己騙著了。不過我的社會感性是很敏銳的；我的思力能拆穿道德律的西洋鏡，而我的感情卻終於被它壓服著。我於是有所顧忌了，尤其是在眾目昭彰的時候。道德律的力，本來是民眾賦予的；在民眾的面前，自然更顯出它的威嚴了。我這時一面盼望，一面卻感到了兩重的禁制：一、在通俗的意義上，接近妓者總算一種不正當的行為；二、妓是一種不健全的職業，我們對於她們，應有哀矜勿喜之心，不應賞玩的去聽她們的歌。在眾目睽睽之下，這兩種思想在我心裏最為旺盛。她們暫時壓倒了我的聽歌的盼望，這便成就了我的灰色的拒絕。那時的心實在異常狀態中，覺得頗是昏亂。歌舫去了，暫時寧靜之後，我的思緒又如潮湧了。兩個相反的意思在我心頭往復：賣歌和賣淫不同，聽歌和狎妓不同，又干道德甚事？但是，但是，她們既被逼的以歌為業，她們的歌必無藝術味的；況她們的身世，我們究竟該同情的，所以拒絕倒也是正辦。但這些意思終於不曾撇開我的聽歌的盼望。它力量異常堅強；它總想將別的思緒踏在腳下。從這重重的爭鬬里，我感到了濃厚的不足之感。這不足之感使我的心盤旋不安，起坐都不安寧了。唉！我承認我是一個自私的人！平伯呢，卻與我不同。他引周啟明先生的詩，「因為我有妻子，所以我愛一切的女人；因為我有子女，所以我愛一切的孩子。」他的意思可以見了。他因為推及的同情，愛著那些歌妓，並且尊重著她們，所以拒絕了她們。在這種情形下，他自然以為聽是對於她們的一種侮辱。但他也是想听歌的，雖然不和我一樣。所以在他的心中，當然也有一番小小的爭鬬；爭鬬的結果，是同情勝了。至於道德律，在他是沒有什麼的：因為他很有蔑視一切的傾向，民眾的力量在他是不大覺著的。這時他的心意的活動比較簡單，又比較鬆弱，故事後還怡然自若；我卻不能了。這里平伯又比我高了。

在我們談話中間，又來了兩隻歌舫。伙計照前一樣的請我們點戲，我們照前一樣的拒絕了。我受了三次窘，心裏的不安更甚了。清豔的夜景也為之減色。船夫大約因為要趕第二趟生意，催著我們回去；我們無可無不可的答應了。我們漸漸和那些暈黃的燈光遠了，只有些月色冷清清的隨著我們的歸舟。我們的船竟沒個伴兒，秦淮河的夜正長哩！到大中橋近處，才遇著一隻來船。這是一隻載妓的板船，黑漆漆的沒有一點光。船頭上坐著一個妓女；暗裏看出，白地小花的衫子，黑的下衣。她手里拉著胡琴，口裏唱著青衫的調子。她唱得響亮而圓轉；當她的船箭一般駛過去時，餘音還裊裊的在我們耳際，使我們傾聽而嚮往。想不到在弩末的遊踪裏，還能領略到這樣的清歌！這時船過大中橋了，森森的水影，如黑暗張著巨口，要將我們的船吞了下去。我們回顧那渺渺的黃光，不勝依戀之情；我們感到了寂寞了！這一段地方夜色甚濃，又有兩頭的燈火招邀著；橋外的燈火不用說了，過了橋另有東關頭疏疏的燈火。我們忽然仰頭看見依人的素月，不覺深悔歸來之早了！走過東關頭，有一兩隻大船灣泊著，又有幾隻船向",隻大船灣泊著又有幾隻船向,我們,women,wo men,FALSE,1:我們 | 2:我 | 3:喔 | 4:窩 | 5:握 | 6:臥 | 7:沃 | 8:倭 | 9:渦 | 10:渥,TRUE,1,,,,
polyphonic_unflagged,ce46227f823e7db4c6261e4a,給亡婦,1287,1289,"謙，日子真快，一眨眼你已經死了三個年頭了。這三年裡世事不知變化了多少回，但你未必注意這些個，我知道。你第一惦記的是你幾個孩子，第二便輪著我。孩子和我平分你的世界，你在日如此；你死後若還有知，想來還如此的。告訴你，我夏天回家來著：邁兒長得結實極了，比我高一個頭。閏兒父親說是最乖，可是沒有先前胖了。采芷和轉子都好。五兒全家誇她長得好看；卻在腿上生了濕瘡，整天坐在竹床上不能下來，看了怪可憐的。六兒，我怎麼說好，你明白，你臨終時也和母親談過，這孩子是只可以養著玩兒的，他左挨右挨去年春天，到底沒有挨過去。這孩子生了幾個月，你的肺病就重起來了。我勸你少親近他，只監督著老媽子照管就行。你總是忍不住，一會兒提，一會兒抱的。可是你病中為他操的那一份兒心也夠瞧的。那一個夏天他病的時候多，你成天兒忙著，湯呀，藥呀，冷呀，暖呀，連覺也沒有好好兒睡過。那裡有一分一毫想著你自己。瞧著他硬朗點兒你就樂，乾枯的笑容在黃蠟般的臉上，我只有暗中歎氣而已。

從來想不到做母親的要像你這樣。從邁兒起，你總是自己喂乳，一連四個都這樣。你起初不知道按鐘點兒喂，後來知道了，卻又弄不慣；孩子們每夜裡幾次將你哭醒了，特別是悶熱的夏季。我瞧你的覺老沒睡足。白天裡還得做菜，照料孩子，很少得空兒。你的身子本來壞，四個孩子就累你七八年。到了第五個，你自己實在不成了，又沒乳，只好自己餵奶粉，另雇老媽子專管她。但孩子跟老媽子睡，你就沒有放過心；夜裡一聽見哭，就豎起耳朵聽，工夫一大就得過去看。十六年初，和你到北京來，將邁兒，轉子留在家裡；三年多還不能去接他們，可真把你惦記苦了。你並不常提，我卻明白。你後來說你的病就是惦記出來的；那個自然也有份兒，不過大半還是養育孩子累的。你的短短的十二年結婚生活，有十一年耗費在孩子們身上；而你一點不厭倦，有多少力量用多少，一直到自己毀滅為止。你對孩子一般兒愛，不問男的女的，大的小的。也不想到什麼“養兒防老，積穀防饑”，只拚命的愛去。你對於教育老實說有些外行，孩子們只要吃得好玩得好就成了。這也難怪你，你自己便是這樣長大的。況且孩子們原都還小，吃和玩本來也要緊的。你病重的時候最放不下的還是孩子。病的只剩皮包著骨頭了，總不信自己不會好；老說：“我死了，這一大群孩子可苦了。”後來說送你回家，你想著可以看見邁兒和轉子，也願意；你萬不想到會一走不返的。我送車的時候，你忍不住哭了，說：“還不知能不能再見？”可憐，你的心我知道，你滿想著好好兒帶著六個孩子回來見我的。謙，你那時一定這樣想，一定的。

除了孩子，你心裡只有我。不錯，那時你父親還在；可是你母親死了，他另有個女人，你老早就覺得隔了一層似的。出嫁後第一年你雖還一心一意依戀著他老人家，到第二年上我和孩子可就將你的心占住，你再沒有多少工夫惦記他了。你還記得第一年我在北京，你在家裡。家裡來信說你待不住，常回娘家去。我動氣了，馬上寫信責備你。你教人寫了一封復信，說家裡有事，不能不回去。這是你第一次也可以說第末次的抗議，我從此就沒給你寫信。暑假時帶了一肚子主意回去，但見了面，看你一臉笑，也就拉倒了。打這時候起，你漸漸從你父親的",這時候起你漸漸從你父親的,懷裡,huaili,huai li,FALSE,1:懷裏 | 2:壞 | 3:懷 | 4:淮 | 5:槐 | 6:踝 | 7:徊 | 8:壊 | 9:互愛 | 10:懐,FALSE,,,,,
polyphonic_unflagged,4eae4d932dee223890b836d9,匆匆,140,143,"燕子去了，有再來的時候；楊柳枯了，有再靑的時候；桃花謝了，有再開的時候。但是，聰明的，你吿訴我，我們的日子爲什麼一去不復返呢？——是有人偷了他們罷：那是誰？又藏在何處呢？是他們自己逃走了罷：現在又到了那裏呢？

我不知道他們給了我多少日子；但我的手確乎是漸漸空虛了。在默默裏算着，",是漸漸空虛了在默默裏算着,八千多,baqianduo,ba qian duo,FALSE,1:八千多 | 2:把錢 | 3:八千 | 4:八錢 | 5:捌仟 | 6:霸氣 | 7:八旗 | 8:八期 | 9:八七 | 10:拔起,TRUE,1,,,,
polyphonic_unflagged,b5f856d76f8b128a8e75fb1d,春,134,136,"盼望着，盼望着，東風來了，春天的腳步近了。

一切都像剛睡醒的樣子，欣欣然張開了眼。山朗潤起來了，水長起來了，太陽的臉紅起來了。

小草偷偷地從土裏鑽出來，嫩嫩的，綠綠的。園子裏，田野裏，瞧去，一大片一大片滿是的。坐着，躺着，打兩個滾，踢幾腳球，賽幾䠀跑，捉幾回迷藏。",幾腳球賽幾䠀跑捉幾回迷藏,風輕,fengqing,feng qing,FALSE,1:風情 | 2:鳳慶 | 3:丰情 | 4:風輕 | 5:奉請 | 6:風 | 7:封 | 8:峯 | 9:瘋 | 10:馮,TRUE,4,,,,
polyphonic_unflagged,abfe98417c73ae1e2e12569d,阿河,4556,4558,"我這一回寒假，因為養病，住到一家親戚的別墅里去。那別墅是在鄉下。前面偏左的地方，是一片淡藍的湖水，對岸環擁著不盡的青山。山的影子倒映在水里，越顯得清清朗朗的。水面常如鏡子一般。風起時，微有皺痕；像少女們皺她們的眉頭，過一會子就好了。湖的余勢束成一條小港，緩緩地不聲不響地流過別墅的門前。門前有一條小石橋，橋那邊盡是田畝。這邊沿岸一帶，相間地栽著桃樹和柳樹，春來當有一番熱鬧的夢。別墅外面繚繞著短短的竹篱，篱外是小小的路。里邊一座向南的樓，背后便倚著山。西邊是三間平屋，我便住在這里。院子里有兩塊草地，上面隨便放著兩三塊石頭。另外的隙地上，或羅列著盆栽，或种蒔著花草。篱邊還有几株枝干蟠曲的大樹，有一株几乎要伸到水里去了。

我的親戚韋君只有夫婦二人和一個女儿。她在外邊念書，這時也剛回到家里。她邀來三位同學，同到她家過這個寒假；兩位是親戚，一位是朋友。她們住著樓上的兩間屋子。韋君夫婦也住在樓上。樓下正中是客廳，常是閒著，西間是吃飯的地方；東間便是韋君的書房，我們談天，喝茶，看報，都在這里。我吃了飯，便是一個人，也要到這里來閒坐一回。我來的第二天，韋小姐告訴我，她母親要給她們找一個好好的女用人；長工阿齊說有一個表妹，母親叫他明天就帶來做做看呢。她似乎很高興的樣子，我只是不經意地答應。

平屋与樓屋之間，是一個小小的廚房。我住的是東面的屋子，從窗子里可以看見廚房里人的來往。這一天午飯前，我偶然向外看看，見一個面生的女用人，兩手提著兩把白鐵壺，正往廚房里走；韋家的李媽在她前面領著，不知在和她說甚么話。她的頭髮亂蓬蓬的，像冬天的枯草一樣。身上穿著鑲邊的黑布棉襖和夾褲，黑里已泛出黃色；棉襖長与膝齊，夾褲也直拖到腳背上。腳倒是雙天足，穿著尖頭的黑布鞋，后跟還帶著兩片同色的“葉拔儿”。想這就是阿齊帶來的女用人了；想完了就坐下看書。晚飯后，韋小姐告訴我，女用人來了，她的名字叫“阿河”。我說，“名字很好，只是人土些；還能做么？”她說，“別看她土，很聰明呢。”我說，“哦。”便接著看手中的報了。

以后每天早上，中上，晚上，我常常看見阿河挈著水壺來往；她的眼似乎總是望前看的。兩個禮拜匆匆地過去了。韋小姐忽然和我說，你別看阿河土，她的志气很好，她是個可怜的人。我和娘說，把我前年在家穿的那身棉襖褲給了她吧。我嫌那兩件衣服太花，給了她正好。娘先不肯，說她來了沒有几天；后來也肯了。今天拿出來讓她穿，正合式呢。我們教給她打絨繩鞋，她真聰明，一學就會了。她說拿到工錢，也要打一雙穿呢。我等几天再和娘說去。

“她這樣愛好！怪不得頭髮光得多了，原來都是你們教她的。好！你們盡教她講究，她將來怕不愿回家去呢。”大家都笑了。

舊新年是過去了。因為江浙的兵事，我們的學校一時還不能開學。我們大家都樂得在別墅里多住些日子。這時阿河如換了一個人。她穿著寶藍色挑著小花儿的布棉襖褲；腳下是嫩藍色毛繩鞋，鞋口還綴著兩個半藍半白的小絨球儿。我想這一定是她的小姐們給幫忙的。古語說得好，“人要衣裳馬要鞍”，阿河這一打扮，真有些楚楚可怜了。她的頭髮早已是刷得光光的，覆額的留海也梳得十分伏帖。一張小小的圓臉，如正開的桃李花；臉上并沒有笑，卻隱隱地含著春日的光輝，像花房里充了蜜一般。這在我几乎是一個奇跡；我現在是常站在窗前看她了。我覺得在深山里發見了一粒貓儿眼；這樣精純的貓儿眼，是我生平所僅見！我覺得我們相識已太長久，极愿和她說一句話——极平淡的話，一句也好。但我怎好平白地和她攀談呢？這樣郁郁了一禮拜。

這是元宵節的前一晚上。我吃了飯，在屋里坐了一會，覺得有些無聊，便信步走到那書房里。拿起報來，想再細看一回。忽然門鈕一響，阿河進來了。她手里拿著三四支顏色鉛筆；出乎意料地走近了我。她站在我面前了，靜靜地微笑著說：“白先生，你知道鉛筆刨在哪里？”一面將拿著的鉛筆給我看。我不自主地立起來，匆忙地應道，“在這里；”我用手指著南邊柱子。但我立刻覺得這是不夠的。我領她走近了柱子。這時我像閃電似地躊躇了一下，便說，“我…… 我……”她一聲不響地已將一支鉛筆交給我。我放進刨子里刨給她看。刨了兩下，便想交給她；但終于刨完了一支，交還了她。她接了筆略看一看，仍仰著臉向我。我窘极了。剎那間念頭轉了好几個圈子；到底硬著頭皮搭訕著說，“就這樣刨好了。”我赶緊向門外一瞥，就走回原處看報去。但我的頭剛低下，我的眼已抬起來了。于是遠遠地從容地問道，“你會么？”她不曾掉過頭來，只“嚶”了一聲，也不說話。我看了她背影一會。覺得應該低下頭了。等我再抬起頭來時，她已默默地向外走了。她似乎總是望前看的；我想再問她一句話，但終于不曾出口。我撇下了報，站起來走了一會，便回到自己屋里。

我一直想著些什么，但什么也沒有想出。

第二天早上看見她往廚房里走時，我發愿我的眼將老跟著她的影子！她的影子真好。她那几步路走得又敏捷，又勻稱，又苗條，正如一只可愛的小貓。她兩手各提著一只水壺，又令我想到在一條細細的索儿上抖擻精神走著的女子。這全由于她的腰；她的腰真太軟了，用白水的話說，真是軟到使我如吃蘇州的牛皮糖一樣。不止她的腰，我的日記里說得好：“她有一套和云霞比美，水月爭靈的曲線，織成大大的一張迷惑的网！”而那兩頰的曲線，尤其甜蜜可人。她兩頰是白中透著微紅，潤澤如玉。她的皮膚，嫩得可以掐出水來；我的日記里說，“我很想去掐她一下呀！”她的眼像一雙小燕子，老是在灩灩的春水上打著圈儿。她的笑最使我記住，像一朵花漂浮在我的腦海里。我不是說過，她的小圓臉像正開的桃花么？那么，她微笑的時候，便是盛開的時候了：花房里充滿了蜜，真如要流出來的樣子。她的髮不甚厚，但黑而有光，柔軟而滑，如純絲一般。只可惜我不曾聞著一些儿香。唉！從前我在窗前看她好多次，所得的真太少了；若不是昨晚一見，——雖只几分鐘——我真太對不起這樣一個人儿了。

午飯后，韋君照例地睡午覺去了，只有我，韋小姐和其他三位小姐在書房里。我有意無意地談起阿河的事。我說：

“你們怎知道她的志气好呢？”

“那天我們教給她打絨繩鞋；”一位蔡小姐便答道，“看她很聰明，就問她為甚么不念書？她被我們一問，就傷心起來了。……”

“是的，”韋小姐笑著搶了說，“后來還哭了呢；還有一位傻子陪她淌眼淚呢。”

那邊黃小姐可急了，走過來推了她一下。蔡小姐忙攔住道，“人家說正經話，你們盡鬧著玩儿！讓我說完了呀——”“我代你說啵，”韋小姐仍搶著說，“——她說她只有一個爹，沒有娘。嫁了一個男人，倒有三十多歲，土頭土腦的，臉上滿是包！他是李媽的鄰舍，我還看見過呢。……”“好了，底下我說吧。”蔡小姐接著道，“她男人又不要好，盡愛賭錢；她一气，就住到娘家來，有一年多不回去了。”

“她今年几歲？”我問。

“十七不知十八？前年出嫁的，几個月就回家了，”蔡小姐說。

“不，十八，我知道，”韋小姐改正道。

“哦。你們可曾勸她离婚？”

“怎么不勸；”韋小姐應道，“她說十八回去吃她表哥的喜酒，要和她的爹去說呢。”

“你們教她的好事，該當何罪！”我笑了。

她們也都笑了。

十九的早上，我正在屋里看書，听見外面有嚷嚷的聲音；這是從來沒有的。我立刻走出來看；只見門外有兩個鄉下人要走進來，卻給阿齊攔住。他們只是央告，阿齊只是不肯。這時韋君已走出院中，向他們道，

“你們回去吧。人在我這里，不要緊的。快回去，不要瞎吵！”

兩個人面面相覷，說不出一句話；俄延了一會，只好走了。我問韋君什么事？他說，

“阿河囉！還不是瞎吵一回子。”

我想他于男女的事向來是懶得說的，還是回頭問他小姐的好；我們便談到別的事情上去。

吃了飯，我赶緊問韋小姐，她說，

“她是告訴娘的，你問娘去。”

我想這件事有些尷尬，便到西間里問韋太太；她正看著李媽收拾碗碟呢。她見我問，便笑著說，

“你要問這些事做什么？她昨天回去，原是借了阿桂的衣裳穿了去的，打扮得嬌滴滴的，也難怪，被她男人看見了，便約了些不相干的人，將她搶回去過了一夜。今天早上，她騙她男人，說要到此地來拿行李。她男人就會信她，派了兩個人跟著。那知她到了這里，便叫阿齊攔著那跟來的人；她自己便跪在我面前哭訴，說死也不愿回她男人家去。你說我有什么法子。只好讓那跟來的人先回去再說。好在沒有几天，她們要上學了，我將來交給她的爹吧。唉，現在的人，心眼儿真是越過越大了；一個鄉下女人，也會鬧出這樣惊天動地的事了！”

“可不是，”李媽在旁插嘴道，“太太你不知道；我家三叔前儿來，我還听他說呢。我本不該說的，阿彌陀佛！太太，你想她不愿意回婆家，老愿意住在娘家，是什么道理？家里只有一個單身的老子；你想那該死的老畜生！他舍不得放她回去呀！”

“低些，真的么？”韋太太惊詫地問。

“他們說得千真万确的。我早就想告訴太太了，總有些疑心；今天看她的樣子，真有几分對呢。太太，你想現在還成什么世界！”

“這該不至于吧。”我淡淡地插了一句。

“少爺，你那里知道！”韋太太歎了一口气，“——好在沒有几天了，讓她快些走吧；別將我們的運气帶坏了。她的事，我們以后也別談吧。”

開學的通告來了，我定在二十八走。二十六的晚上，阿河忽然不到廚房里挈水了。韋小姐跑來低低地告訴我，“娘叫阿齊將阿河送回去了；我在樓上，都不知道呢。”我應了一聲，一句話也沒有說。正如每日有三頓飽飯吃的人，忽然絕了糧；卻又不能告訴一個人！而且我覺得她的前面是黑洞洞的，此去不定有什么好歹！那一夜我是沒有好好地睡，只翻來覆去地做夢，醒來卻又一例茫然。這樣昏昏沉沉地到了二十八早上，懶懶地向韋君夫婦和韋小姐告別而行，韋君夫婦堅約春假再來住，我只得含糊答應著。出門時，我很想回望廚房几眼；但許多人都站在門口送我，我怎好回頭呢？

到校一打听，老友陸已來了。我不及料理行李，便找著他，將阿河的事一五一十告訴他。他本是個好事的人；听我說時，時而皺眉，時而歎气，時而擦掌。听到她只十八歲時，他突然將舌頭一伸，跳起來道，

“可惜我早有了我那太太！要不然，我准得想法子娶她！”

“你娶她就好了；現在不知鹿死誰手呢？”

我倆默默相對了一會，陸忽然拍著桌子道，

“有了，老汪不是去年失了戀么？他現在還沒有主儿，何不給他倆撮合一下。”

我正要答說，他已出去了。過了一會子，他和汪來了，進門就嚷著說，

“我和他說，他不信；要問你呢！”

“事是有的，人呢，也真不錯。只是人家的事，我們憑什么去管！”我說。

“想法子呀！”陸嚷著。

“什么法子？你說！”

“好，你們盡和我開玩笑，我才不理會你們呢！”汪笑了。

我們几乎每天都要談到阿河，但誰也不曾認真去“想法子。”

一轉眼已到了春假。我再到韋君別墅的時候，水是綠綠的，桃腮柳眼，著意引人。我卻只惦著阿河，不知她怎么樣了。那時韋小姐已回來兩天。我背地里問她，她說，“奇得很！阿齊告訴我，說她二月間來求娘來了。她說她男人已死了心，不想她回去；只不肯白白地放掉她。他教她的爹拿出八十塊錢來，人就是她的爹的了；他自己也好另娶一房人。可是阿河說她的爹那有這些錢？她求娘可怜可怜她！娘的脾气你知道。她是個古板的人；她數說了阿河一頓，一個錢也不給！我現在和阿齊說，讓他上鎮去時，帶個信儿給她，我可以給她",時帶個信儿給她我可以給她,五塊,wukuai,wu kuai,FALSE,1:五塊 | 2:武庫 | 3:無 | 4:五 | 5:唔 | 6:吳 | 7:物 | 8:吾 | 9:舞 | 10:武,TRUE,1,,,,
polyphonic_unflagged,5fa0a04f638dbef0c21a0eae,槳聲燈影裏的秦淮河,781,783,"一九二三年八月的一晚，我和平伯同遊秦淮河；平伯是初泛，我是重來了。我們雇了一隻「七板子」，在夕陽已去、皎月方來的時候，便下了船。於是槳聲汩汩，我們開始領略那晃蕩著薔薇色的歷史的秦淮河的滋味了。

秦淮河裏的船，比北京万生園、頤和園的船好，比西湖的船好，比揚州瘦西湖的船也好。這幾處的船不是覺著笨，就是覺著簡陋、局促；都不能引起乘客們的情韻，如秦淮河的船一樣。秦淮河的船約略可分為兩種：一是大船；一是小船，就是所謂「七板子」。大船艙口闊大，可容二三十人。裏面陳設著字畫和光潔的紅木家具，桌上一律嵌著冰涼的大理石面。窗格雕鏤頗細，使人起柔膩之感。窗格里映著紅色藍色的玻璃；玻璃上有精緻的花紋，也頗悅人目。「七板子」規模雖不及大船，但那淡藍色的欄杆，空敞的艙，也足繫人情思。而最出色處卻在它的艙前。艙前是甲板上的一部，上面有弧形的頂，兩邊用疏疏的欄杆支著。裏面通常放著兩張藤的躺椅。躺下，可以談天，可以望遠，可以顧盼兩岸的河房。大船上也有這個，但在小船上更覺清雋罷了。艙前的頂下，一律懸著燈彩；燈的多少、明暗，彩蘇的精粗、艷晦，是不一的，但好歹總還你一個燈彩。這燈彩實在是最能勾人的東西。夜幕垂垂地下來時，大小船上都點起燈火。從兩重玻璃裏映出那輻射著的黃黃的散光，反暈出一片朦朧的煙靄；透過這煙靄，在黯黯的水波里，又逗起縷縷的明漪。在這薄靄和微漪裏，聽著那悠然的間歇的槳聲，誰能不被引入他的美夢去呢？只愁夢太多了，這些大小船兒如何載得起呀？我們這時模模糊糊的談著明末的秦淮河的艷跡，如《桃花扇》及《板橋雜記》裏所載的。我們真神往了。我們彷彿親見那時華燈映水，畫舫凌波的光景了。於是我們的船便成了歷史的重載了。我們終於恍然秦淮河的船所以雅麗過於他處，而又有奇異的吸引力的，實在是許多歷史的影像使然了。

秦淮河的水是碧陰陰的；看起來厚而不膩，或者是六朝金粉所凝麼？我們初",者是六朝金粉所凝麼我們初,上船,shangchuan,shang chuan,FALSE,1:上傳 | 2:上船 | 3:商船 | 4:上穿 | 5:傷處 | 6:上 | 7:商 | 8:傷 | 9:尚 | 10:賞,TRUE,2,,,,
polyphonic_unflagged,9f18969644a494e4a38aea7a,阿河,605,607,"我這一回寒假，因為養病，住到一家親戚的別墅里去。那別墅是在鄉下。前面偏左的地方，是一片淡藍的湖水，對岸環擁著不盡的青山。山的影子倒映在水里，越顯得清清朗朗的。水面常如鏡子一般。風起時，微有皺痕；像少女們皺她們的眉頭，過一會子就好了。湖的余勢束成一條小港，緩緩地不聲不響地流過別墅的門前。門前有一條小石橋，橋那邊盡是田畝。這邊沿岸一帶，相間地栽著桃樹和柳樹，春來當有一番熱鬧的夢。別墅外面繚繞著短短的竹篱，篱外是小小的路。里邊一座向南的樓，背后便倚著山。西邊是三間平屋，我便住在這里。院子里有兩塊草地，上面隨便放著兩三塊石頭。另外的隙地上，或羅列著盆栽，或种蒔著花草。篱邊還有几株枝干蟠曲的大樹，有一株几乎要伸到水里去了。

我的親戚韋君只有夫婦二人和一個女儿。她在外邊念書，這時也剛回到家里。她邀來三位同學，同到她家過這個寒假；兩位是親戚，一位是朋友。她們住著樓上的兩間屋子。韋君夫婦也住在樓上。樓下正中是客廳，常是閒著，西間是吃飯的地方；東間便是韋君的書房，我們談天，喝茶，看報，都在這里。我吃了飯，便是一個人，也要到這里來閒坐一回。我來的第二天，韋小姐告訴我，她母親要給她們找一個好好的女用人；長工阿齊說有一個表妹，母親叫他明天就帶來做做看呢。她似乎很高興的樣子，我只是不經意地答應。

平屋与樓屋之間，是一個小小的廚房。我住的是東面的屋子，從窗子里可以看見廚房里人的來往。這一天午飯前，我偶然向外看看，見",天午飯前我偶然向外看看見,一個,yige,yi ge,FALSE,1:一個 | 2:一哥 | 3:一格 | 4:億個 | 5:一隔 | 6:一割 | 7:伊格 | 8:倚歌 | 9:夷歌 | 10:抑割,TRUE,1,,,,
polyphonic_unflagged,c412a35c22526a83d86a69a4,春,393,395,"盼望着，盼望着，東風來了，春天的腳步近了。

一切都像剛睡醒的樣子，欣欣然張開了眼。山朗潤起來了，水長起來了，太陽的臉紅起來了。

小草偷偷地從土裏鑽出來，嫩嫩的，綠綠的。園子裏，田野裏，瞧去，一大片一大片滿是的。坐着，躺着，打兩個滾，踢幾腳球，賽幾䠀跑，捉幾回迷藏。風輕悄悄的，草軟綿綿的。

桃樹、杏樹、梨樹，你不讓我，我不讓你，都開滿了花趕䠀兒。紅的像火，粉的像霞，白的像雪。花裏帶着甜味；閉了眼，樹上仿彿已經滿是桃兒、杏兒、梨兒！花下成千成百的蜜蜂嗡嗡地鬧着，大小的蝴蝶飛來飛去。野花遍地是：雜樣兒，有名字的，沒名字的，散在草叢裏，像眼睛，像星星，還眨呀眨的。

「吹面不寒楊柳風」，不錯的，像母親的手撫摸着你。風裏帶來些新翻的泥土的氣息，混着青草味，還有各種花的香，都在微微潤溼的空氣裏醞釀。鳥兒將窠巢安在繁花嫩葉當中，高興起來了，呼朋引伴地賣弄清脆的喉嚨，唱出宛轉的曲子，與",脆的喉嚨唱出宛轉的曲子與,輕風,qingfeng,qing feng,FALSE,1:清風 | 2:輕風 | 3:慶豐 | 4:清豐 | 5:青蜂 | 6:青楓 | 7:青峯 | 8:請俸 | 9:請奉 | 10:請,TRUE,2,,,,
polyphonic_unflagged,ba3743d46719c59197953f64,背影,235,237,"我與父親不相見已二年餘了，我最不能忘記的是他的背影。那年冬天，祖母死了，父親的差使也交卸了，正是禍不單行的日子，我從北京到徐州，打算跟着父親奔喪囘家。到徐州見着父親，看見滿院狼藉的東西，又想起祖母，不禁簌簌地流下眼淚。父親說，「事已如此，不必難過，好在天無絕人之路！」

囘家變賣典質，父親還了虧空；又借錢辦了喪事。這些日子，家中光景很是慘澹，一半爲了喪事，一半爲了父親賦閒。喪事完畢，父親要到南京謀事，我也要囘北京念書，我們便同行。

到南京時，有朋友約去游逛，勾留了",京時有朋友約去游逛勾留了,一日,yiri,yi ri,FALSE,1:一日 | 2:翌日 | 3:異日 | 4:翼日 | 5:一 | 6:以 | 7:已 | 8:億 | 9:易 | 10:亦,TRUE,1,,,,
polyphonic_unflagged,31d873e69689effc05cd6853,槳聲燈影裏的秦淮河,497,499,"一九二三年八月的一晚，我和平伯同遊秦淮河；平伯是初泛，我是重來了。我們雇了一隻「七板子」，在夕陽已去、皎月方來的時候，便下了船。於是槳聲汩汩，我們開始領略那晃蕩著薔薇色的歷史的秦淮河的滋味了。

秦淮河裏的船，比北京万生園、頤和園的船好，比西湖的船好，比揚州瘦西湖的船也好。這幾處的船不是覺著笨，就是覺著簡陋、局促；都不能引起乘客們的情韻，如秦淮河的船一樣。秦淮河的船約略可分為兩種：一是大船；一是小船，就是所謂「七板子」。大船艙口闊大，可容二三十人。裏面陳設著字畫和光潔的紅木家具，桌上一律嵌著冰涼的大理石面。窗格雕鏤頗細，使人起柔膩之感。窗格里映著紅色藍色的玻璃；玻璃上有精緻的花紋，也頗悅人目。「七板子」規模雖不及大船，但那淡藍色的欄杆，空敞的艙，也足繫人情思。而最出色處卻在它的艙前。艙前是甲板上的一部，上面有弧形的頂，兩邊用疏疏的欄杆支著。裏面通常放著兩張藤的躺椅。躺下，可以談天，可以望遠，可以顧盼兩岸的河房。大船上也有這個，但在小船上更覺清雋罷了。艙前的頂下，一律懸著燈彩；燈的多少、明暗，彩蘇的精粗、艷晦，是不一的，但好歹總還你一個燈彩。這燈彩實在是最能勾人的東西。夜幕垂垂地下",能勾人的東西夜幕垂垂地下,來時,laishi,lai shi,FALSE,1:來時 | 2:來世 | 3:來勢 | 4:來使 | 5:來試 | 6:來事 | 7:來 | 8:賴 | 9:萊 | 10:瀨,TRUE,1,,,,
polyphonic_unflagged,0ad97917790b5f6912ba1133,槳聲燈影裏的秦淮河,2332,2334,"一九二三年八月的一晚，我和平伯同遊秦淮河；平伯是初泛，我是重來了。我們雇了一隻「七板子」，在夕陽已去、皎月方來的時候，便下了船。於是槳聲汩汩，我們開始領略那晃蕩著薔薇色的歷史的秦淮河的滋味了。

秦淮河裏的船，比北京万生園、頤和園的船好，比西湖的船好，比揚州瘦西湖的船也好。這幾處的船不是覺著笨，就是覺著簡陋、局促；都不能引起乘客們的情韻，如秦淮河的船一樣。秦淮河的船約略可分為兩種：一是大船；一是小船，就是所謂「七板子」。大船艙口闊大，可容二三十人。裏面陳設著字畫和光潔的紅木家具，桌上一律嵌著冰涼的大理石面。窗格雕鏤頗細，使人起柔膩之感。窗格里映著紅色藍色的玻璃；玻璃上有精緻的花紋，也頗悅人目。「七板子」規模雖不及大船，但那淡藍色的欄杆，空敞的艙，也足繫人情思。而最出色處卻在它的艙前。艙前是甲板上的一部，上面有弧形的頂，兩邊用疏疏的欄杆支著。裏面通常放著兩張藤的躺椅。躺下，可以談天，可以望遠，可以顧盼兩岸的河房。大船上也有這個，但在小船上更覺清雋罷了。艙前的頂下，一律懸著燈彩；燈的多少、明暗，彩蘇的精粗、艷晦，是不一的，但好歹總還你一個燈彩。這燈彩實在是最能勾人的東西。夜幕垂垂地下來時，大小船上都點起燈火。從兩重玻璃裏映出那輻射著的黃黃的散光，反暈出一片朦朧的煙靄；透過這煙靄，在黯黯的水波里，又逗起縷縷的明漪。在這薄靄和微漪裏，聽著那悠然的間歇的槳聲，誰能不被引入他的美夢去呢？只愁夢太多了，這些大小船兒如何載得起呀？我們這時模模糊糊的談著明末的秦淮河的艷跡，如《桃花扇》及《板橋雜記》裏所載的。我們真神往了。我們彷彿親見那時華燈映水，畫舫凌波的光景了。於是我們的船便成了歷史的重載了。我們終於恍然秦淮河的船所以雅麗過於他處，而又有奇異的吸引力的，實在是許多歷史的影像使然了。

秦淮河的水是碧陰陰的；看起來厚而不膩，或者是六朝金粉所凝麼？我們初上船的時候，天色還未斷黑，那漾漾的柔波是這樣恬靜、委婉，使我們一面有水闊天空之想，一面又憧憬著紙醉金迷之境了。等到燈火明時，陰陰的變為沈沉了：黯淡的水光，像夢一般；那偶然閃爍著的光芒，就是夢的眼睛了。我們坐在艙前，因了那隆起的頂棚，彷彿總是昂著首向前走著似的；於是飄飄然如御風而行的我們，看著那些自在的灣泊著的船，船裏走馬燈般的人物，便像是下界一般，迢迢的遠了，又像在霧裏看花，盡朦朦朧朧的。這時我們已過了利涉橋，望見東關頭了。沿路聽見斷續的歌聲：有從沿河的妓樓飄來的，有從河上船裏渡來的。我們明知那些歌聲，只是些因襲的言詞，從生澀的歌喉裏機械的發出來的；但它們經了夏夜的微風的吹漾和水波的搖拂，嬝娜著到我們耳邊的時候，已經不單是她們的歌聲，而混著微風和河水的密語了。於是我們不得不被牽惹著，震撼著，相與浮沉於這歌聲裏了。從東關頭轉彎，不久就到大中橋。大中橋共有三個橋拱，都很闊大，儼然是三座門兒；使我們覺得我們的船和船裏的我們，在橋下過去時，真是太無顏色了。橋磚是深褐色，表明它的歷史的長久；但都完好無缺，令人太息於古昔工程的堅美。橋上兩旁都是木壁的房子，中間應該有街路。這些房子都破舊了，多年煙熏的跡，遮沒了當年的美麗。我想像秦淮河的極盛時，在這樣宏闊的橋上，特地蓋了房子，必然是髹漆得富富麗麗的；晚間必然是燈火通明的，現在卻只剩下一片黑沉沉！但是橋上造著房子，畢竟使我們多少可以想見往日的繁華；這也慰情聊勝無了。過了大中橋，便到了燈月交輝、笙歌徹夜的秦淮河，這才是秦淮河的真面目哩。

大中橋外，頓然空闊，和橋內兩岸排著密密的人家的景像大異了。一眼望去，疏疏的林，淡淡的月，襯著蔚藍的天，頗像荒江野渡光景；那邊呢，鬱叢叢的，陰森森的，又似乎藏著無邊的黑暗，令人幾乎不信那是繁華的秦淮河了。但是河中眩暈著的燈光，縱橫著的畫舫，悠揚著的笛韻，夾著那吱吱的胡琴聲，終於使我們認識綠如茵陳酒的秦淮水了。此地天裸露著的多些，故覺夜來的獨遲些；從清清的水影裏，我們感到的只是薄薄的夜——這正是秦淮河的夜。大中橋外，本來還有一座復成橋，是船夫口中的我們的遊踪盡處，或也是秦淮河繁華的盡處了。我的腳曾踏過復成橋的脊，在十三四歲的時候。但是兩次遊秦淮河，卻都不曾見著復成橋的面；明知總在前途的，卻常覺得有些虛無縹緲似的。我想，不見倒也好。這時正是盛夏。我們下船後，藉著新生的晚涼和河上的微風，暑氣已漸漸消散；到了此地，豁然開朗，身子頓然輕了——習習的清風荏苒在面上、手上、衣上，這便又感到了一縷新涼了。南京的日光，大概沒有杭州猛烈；西湖的夏夜老是熱蓬蓬的，水像沸著一般，秦淮河的水卻盡是這樣冷冷地綠著。任你人影的憧憧，歌聲的擾擾，總像隔著一層薄薄的綠紗面冪似的；它盡是這樣靜靜的、冷冷的綠著。我們出了大中橋，走不上半里路，船夫便將船劃到一旁，停了槳由它宕著。他以為那裏正是繁華的極點，再過去就是荒涼了；所以讓我們多多賞鑑一會兒。他自己卻靜靜的蹲著。他是看慣這光景的了，大約只是一個無可無不可。這無可無不可，無論是升的沉的，總之，都比我們高了。

那時河裏鬧熱極了；船大半泊著，小半在水上穿梭似的來往。停泊著的都在近市的那一邊，我們的船自然也夾在其中。因為這邊略略的擠，便覺得那邊十分的疏了。在每一隻船從那邊過去時，我們能畫出它的輕輕的影和曲曲的波，在我們的心上；這顯著是空，且顯著是靜了。那時處處都是歌聲和淒厲的胡琴聲，圓潤的喉嚨，確乎是很少的。但那生澀的，尖脆的調子能使人有少年的，粗率不拘的感覺，也正可快我們的意。況且多少隔開些兒聽著，因為想像與渴慕的做美，總覺更有滋味；而竟發的喧囂，抑揚的不齊，遠近的雜沓，和樂器的嘈嘈切切，合成另一意味的諧音，也使我們無所適從，如隨著大風而走。這實在因為我們的心枯澀久了，",實在因為我們的心枯澀久了,變為,bianwei,bian wei,FALSE,1:變爲 | 2:變味 | 3:編委 | 4:編爲 | 5:變位 | 6:貶爲 | 7:辨僞 | 8:辨味 | 9:便 | 10:邊,FALSE,,,,,
polyphonic_unflagged,eb28edf7292a6f77d5b11af4,匆匆,169,171,"燕子去了，有再來的時候；楊柳枯了，有再靑的時候；桃花謝了，有再開的時候。但是，聰明的，你吿訴我，我們的日子爲什麼一去不復返呢？——是有人偷了他們罷：那是誰？又藏在何處呢？是他們自己逃走了罷：現在又到了那裏呢？

我不知道他們給了我多少日子；但我的手確乎是漸漸空虛了。在默默裏算着，八千多日子已經從我手中溜去；像針尖上一滴水滴在大海裏，我的",尖上一滴水滴在大海裏我的,日子,rizi,ri zi,FALSE,1:日子 | 2:日資 | 3:日 | 4:鈤 | 5:馹 | 6:囸 | 7:釰 | 8:衵 | 9:ㄖ | 10:䒤,TRUE,1,,,,
polyphonic_unflagged,59003ca28408a1692257fbde,槳聲燈影裏的秦淮河,2987,2989,"一九二三年八月的一晚，我和平伯同遊秦淮河；平伯是初泛，我是重來了。我們雇了一隻「七板子」，在夕陽已去、皎月方來的時候，便下了船。於是槳聲汩汩，我們開始領略那晃蕩著薔薇色的歷史的秦淮河的滋味了。

秦淮河裏的船，比北京万生園、頤和園的船好，比西湖的船好，比揚州瘦西湖的船也好。這幾處的船不是覺著笨，就是覺著簡陋、局促；都不能引起乘客們的情韻，如秦淮河的船一樣。秦淮河的船約略可分為兩種：一是大船；一是小船，就是所謂「七板子」。大船艙口闊大，可容二三十人。裏面陳設著字畫和光潔的紅木家具，桌上一律嵌著冰涼的大理石面。窗格雕鏤頗細，使人起柔膩之感。窗格里映著紅色藍色的玻璃；玻璃上有精緻的花紋，也頗悅人目。「七板子」規模雖不及大船，但那淡藍色的欄杆，空敞的艙，也足繫人情思。而最出色處卻在它的艙前。艙前是甲板上的一部，上面有弧形的頂，兩邊用疏疏的欄杆支著。裏面通常放著兩張藤的躺椅。躺下，可以談天，可以望遠，可以顧盼兩岸的河房。大船上也有這個，但在小船上更覺清雋罷了。艙前的頂下，一律懸著燈彩；燈的多少、明暗，彩蘇的精粗、艷晦，是不一的，但好歹總還你一個燈彩。這燈彩實在是最能勾人的東西。夜幕垂垂地下來時，大小船上都點起燈火。從兩重玻璃裏映出那輻射著的黃黃的散光，反暈出一片朦朧的煙靄；透過這煙靄，在黯黯的水波里，又逗起縷縷的明漪。在這薄靄和微漪裏，聽著那悠然的間歇的槳聲，誰能不被引入他的美夢去呢？只愁夢太多了，這些大小船兒如何載得起呀？我們這時模模糊糊的談著明末的秦淮河的艷跡，如《桃花扇》及《板橋雜記》裏所載的。我們真神往了。我們彷彿親見那時華燈映水，畫舫凌波的光景了。於是我們的船便成了歷史的重載了。我們終於恍然秦淮河的船所以雅麗過於他處，而又有奇異的吸引力的，實在是許多歷史的影像使然了。

秦淮河的水是碧陰陰的；看起來厚而不膩，或者是六朝金粉所凝麼？我們初上船的時候，天色還未斷黑，那漾漾的柔波是這樣恬靜、委婉，使我們一面有水闊天空之想，一面又憧憬著紙醉金迷之境了。等到燈火明時，陰陰的變為沈沉了：黯淡的水光，像夢一般；那偶然閃爍著的光芒，就是夢的眼睛了。我們坐在艙前，因了那隆起的頂棚，彷彿總是昂著首向前走著似的；於是飄飄然如御風而行的我們，看著那些自在的灣泊著的船，船裏走馬燈般的人物，便像是下界一般，迢迢的遠了，又像在霧裏看花，盡朦朦朧朧的。這時我們已過了利涉橋，望見東關頭了。沿路聽見斷續的歌聲：有從沿河的妓樓飄來的，有從河上船裏渡來的。我們明知那些歌聲，只是些因襲的言詞，從生澀的歌喉裏機械的發出來的；但它們經了夏夜的微風的吹漾和水波的搖拂，嬝娜著到我們耳邊的時候，已經不單是她們的歌聲，而混著微風和河水的密語了。於是我們不得不被牽惹著，震撼著，相與浮沉於這歌聲裏了。從東關頭轉彎，不久就到大中橋。大中橋共有三個橋拱，都很闊大，儼然是三座門兒；使我們覺得我們的船和船裏的我們，在橋下過去時，真是太無顏色了。橋磚是深褐色，表明它的歷史的長久；但都完好無缺，令人太息於古昔工程的堅美。橋上兩旁都是木壁的房子，中間應該有街路。這些房子都破舊了，多年煙熏的跡，遮沒了當年的美麗。我想像秦淮河的極盛時，在這樣宏闊的橋上，特地蓋了房子，必然是髹漆得富富麗麗的；晚間必然是燈火通明的，現在卻只剩下一片黑沉沉！但是橋上造著房子，畢竟使我們多少可以想見往日的繁華；這也慰情聊勝無了。過了大中橋，便到了燈月交輝、笙歌徹夜的秦淮河，這才是秦淮河的真面目哩。

大中橋外，頓然空闊，和橋內兩岸排著密密的人家的景像大異了。一眼望去，疏疏的林，淡淡的月，襯著蔚藍的天，頗像荒江野渡光景；那邊呢，鬱叢叢的，陰森森的，又似乎藏著無邊的黑暗，令人幾乎不信那是繁華的秦淮河了。但是河中眩暈著的燈光，縱橫著的畫舫，悠揚著的笛韻，夾著那吱吱的胡琴聲，終於使我們認識綠如茵陳酒的秦淮水了。此地天裸露著的多些，故覺夜來的獨遲些；從清清的水影裏，我們感到的只是薄薄的夜——這正是秦淮河的夜。大中橋外，本來還有一座復成橋，是船夫口中的我們的遊踪盡處，或也是秦淮河繁華的盡處了。我的腳曾踏過復成橋的脊，在十三四歲的時候。但是兩次遊秦淮河，卻都不曾見著復成橋的面；明知總在前途的，卻常覺得有些虛無縹緲似的。我想，不見倒也好。這時正是盛夏。我們下船後，藉著新生的晚涼和河上的微風，暑氣已漸漸消散；到了此地，豁然開朗，身子頓然輕了——習習的清風荏苒在面上、手上、衣上，這便又感到了一縷新涼了。南京的日光，大概沒有杭州猛烈；西湖的夏夜老是熱蓬蓬的，水像沸著一般，秦淮河的水卻盡是這樣冷冷地綠著。任你人影的憧憧，歌聲的擾擾，總像隔著一層薄薄的綠紗面冪似的；它盡是這樣靜靜的、冷冷的綠著。我們出了大中橋，走不上半里路，船夫便將船劃到一旁，停了槳由它宕著。他以為那裏正是繁華的極點，再過去就是荒涼了；所以讓我們多多賞鑑一會兒。他自己卻靜靜的蹲著。他是看慣這光景的了，大約只是一個無可無不可。這無可無不可，無論是升的沉的，總之，都比我們高了。

那時河裏鬧熱極了；船大半泊著，小半在水上穿梭似的來往。停泊著的都在近市的那一邊，我們的船自然也夾在其中。因為這邊略略的擠，便覺得那邊十分的疏了。在每一隻船從那邊過去時，我們能畫出它的輕輕的影和曲曲的波，在我們的心上；這顯著是空，且顯著是靜了。那時處處都是歌聲和淒厲的胡琴聲，圓潤的喉嚨，確乎是很少的。但那生澀的，尖脆的調子能使人有少年的，粗率不拘的感覺，也正可快我們的意。況且多少隔開些兒聽著，因為想像與渴慕的做美，總覺更有滋味；而竟發的喧囂，抑揚的不齊，遠近的雜沓，和樂器的嘈嘈切切，合成另一意味的諧音，也使我們無所適從，如隨著大風而走。這實在因為我們的心枯澀久了，變為脆弱；故偶然潤澤一下，便瘋狂似的不能自主了，但秦淮河確也膩人。即如船裏的人面，無論是和我們一堆儿泊著的，無論是從我們眼前過去的，總是模模糊糊的，甚至渺渺茫茫的；任你張圓了眼睛，揩淨了眥垢，也是枉然，這真夠人想呢。在我們停泊的地方，燈光原是紛然的；不過這些燈光都是黃而有暈的。黃已經不能明了，再加上了暈，便更不成了。燈愈多，暈就愈甚；在繁星般的黃的交錯裏，秦淮河彷彿籠上了一團光霧。光芒與霧氣騰騰的暈著，什麼都只剩了輪廓了；所以人面的詳細的曲線，便消失於我們的眼底了。但燈光究竟奪不了那邊的月色；燈光是渾的，月色是清的。在渾沌的燈光裏，滲入一派清輝，卻真是奇蹟！那晚月兒已瘦削了兩三分。她晚妝才罷，盈盈的上了柳梢頭。天是藍得可愛，彷彿一汪水似的；月兒便更出落得精神了。岸上原有三株兩株的垂楊樹，淡淡的影子，在水里搖曳著。它們那柔細的枝條浴著月光，就像一支支美人的臂膊，交互的纏著、挽著；又像是月兒披著的髪。而月兒偶爾也從它們的交叉處偷偷窺看我們，大有小姑娘怕羞的樣子。岸上另有幾株不知名的老樹，光光的立著；在月光裏照起來，卻又儼然是精神矍鑠的老人。遠處快到天際線了，才有一兩片白雲，亮得現出異彩，像是美麗的貝殼一般。白雲下便是黑黑的一帶輪廓；是一條隨意畫的不規則的曲線。這一段光景，和河中的風味大異了。但燈與月竟能並存著，交融著，使月成了纏綿的月，燈射著渺渺的靈輝，這正是天之所以厚秦淮河，也正是天之所以厚我們了。

這時卻遇著了難解的糾紛。秦淮河上原有一種歌妓，是以歌為業的。從前都在茶舫上，唱些大曲之類。",前都在茶舫上唱些大曲之類,每日,meiri,mei ri,FALSE,1:每日 | 2:美日 | 3:沒 | 4:每 | 5:美 | 6:梅 | 7:妹 | 8:煤 | 9:眉 | 10:酶,TRUE,1,,,,
polyphonic_unflagged,21e4215164a8cd2bbcad4f4d,槳聲燈影裏的秦淮河,3110,3112,"一九二三年八月的一晚，我和平伯同遊秦淮河；平伯是初泛，我是重來了。我們雇了一隻「七板子」，在夕陽已去、皎月方來的時候，便下了船。於是槳聲汩汩，我們開始領略那晃蕩著薔薇色的歷史的秦淮河的滋味了。

秦淮河裏的船，比北京万生園、頤和園的船好，比西湖的船好，比揚州瘦西湖的船也好。這幾處的船不是覺著笨，就是覺著簡陋、局促；都不能引起乘客們的情韻，如秦淮河的船一樣。秦淮河的船約略可分為兩種：一是大船；一是小船，就是所謂「七板子」。大船艙口闊大，可容二三十人。裏面陳設著字畫和光潔的紅木家具，桌上一律嵌著冰涼的大理石面。窗格雕鏤頗細，使人起柔膩之感。窗格里映著紅色藍色的玻璃；玻璃上有精緻的花紋，也頗悅人目。「七板子」規模雖不及大船，但那淡藍色的欄杆，空敞的艙，也足繫人情思。而最出色處卻在它的艙前。艙前是甲板上的一部，上面有弧形的頂，兩邊用疏疏的欄杆支著。裏面通常放著兩張藤的躺椅。躺下，可以談天，可以望遠，可以顧盼兩岸的河房。大船上也有這個，但在小船上更覺清雋罷了。艙前的頂下，一律懸著燈彩；燈的多少、明暗，彩蘇的精粗、艷晦，是不一的，但好歹總還你一個燈彩。這燈彩實在是最能勾人的東西。夜幕垂垂地下來時，大小船上都點起燈火。從兩重玻璃裏映出那輻射著的黃黃的散光，反暈出一片朦朧的煙靄；透過這煙靄，在黯黯的水波里，又逗起縷縷的明漪。在這薄靄和微漪裏，聽著那悠然的間歇的槳聲，誰能不被引入他的美夢去呢？只愁夢太多了，這些大小船兒如何載得起呀？我們這時模模糊糊的談著明末的秦淮河的艷跡，如《桃花扇》及《板橋雜記》裏所載的。我們真神往了。我們彷彿親見那時華燈映水，畫舫凌波的光景了。於是我們的船便成了歷史的重載了。我們終於恍然秦淮河的船所以雅麗過於他處，而又有奇異的吸引力的，實在是許多歷史的影像使然了。

秦淮河的水是碧陰陰的；看起來厚而不膩，或者是六朝金粉所凝麼？我們初上船的時候，天色還未斷黑，那漾漾的柔波是這樣恬靜、委婉，使我們一面有水闊天空之想，一面又憧憬著紙醉金迷之境了。等到燈火明時，陰陰的變為沈沉了：黯淡的水光，像夢一般；那偶然閃爍著的光芒，就是夢的眼睛了。我們坐在艙前，因了那隆起的頂棚，彷彿總是昂著首向前走著似的；於是飄飄然如御風而行的我們，看著那些自在的灣泊著的船，船裏走馬燈般的人物，便像是下界一般，迢迢的遠了，又像在霧裏看花，盡朦朦朧朧的。這時我們已過了利涉橋，望見東關頭了。沿路聽見斷續的歌聲：有從沿河的妓樓飄來的，有從河上船裏渡來的。我們明知那些歌聲，只是些因襲的言詞，從生澀的歌喉裏機械的發出來的；但它們經了夏夜的微風的吹漾和水波的搖拂，嬝娜著到我們耳邊的時候，已經不單是她們的歌聲，而混著微風和河水的密語了。於是我們不得不被牽惹著，震撼著，相與浮沉於這歌聲裏了。從東關頭轉彎，不久就到大中橋。大中橋共有三個橋拱，都很闊大，儼然是三座門兒；使我們覺得我們的船和船裏的我們，在橋下過去時，真是太無顏色了。橋磚是深褐色，表明它的歷史的長久；但都完好無缺，令人太息於古昔工程的堅美。橋上兩旁都是木壁的房子，中間應該有街路。這些房子都破舊了，多年煙熏的跡，遮沒了當年的美麗。我想像秦淮河的極盛時，在這樣宏闊的橋上，特地蓋了房子，必然是髹漆得富富麗麗的；晚間必然是燈火通明的，現在卻只剩下一片黑沉沉！但是橋上造著房子，畢竟使我們多少可以想見往日的繁華；這也慰情聊勝無了。過了大中橋，便到了燈月交輝、笙歌徹夜的秦淮河，這才是秦淮河的真面目哩。

大中橋外，頓然空闊，和橋內兩岸排著密密的人家的景像大異了。一眼望去，疏疏的林，淡淡的月，襯著蔚藍的天，頗像荒江野渡光景；那邊呢，鬱叢叢的，陰森森的，又似乎藏著無邊的黑暗，令人幾乎不信那是繁華的秦淮河了。但是河中眩暈著的燈光，縱橫著的畫舫，悠揚著的笛韻，夾著那吱吱的胡琴聲，終於使我們認識綠如茵陳酒的秦淮水了。此地天裸露著的多些，故覺夜來的獨遲些；從清清的水影裏，我們感到的只是薄薄的夜——這正是秦淮河的夜。大中橋外，本來還有一座復成橋，是船夫口中的我們的遊踪盡處，或也是秦淮河繁華的盡處了。我的腳曾踏過復成橋的脊，在十三四歲的時候。但是兩次遊秦淮河，卻都不曾見著復成橋的面；明知總在前途的，卻常覺得有些虛無縹緲似的。我想，不見倒也好。這時正是盛夏。我們下船後，藉著新生的晚涼和河上的微風，暑氣已漸漸消散；到了此地，豁然開朗，身子頓然輕了——習習的清風荏苒在面上、手上、衣上，這便又感到了一縷新涼了。南京的日光，大概沒有杭州猛烈；西湖的夏夜老是熱蓬蓬的，水像沸著一般，秦淮河的水卻盡是這樣冷冷地綠著。任你人影的憧憧，歌聲的擾擾，總像隔著一層薄薄的綠紗面冪似的；它盡是這樣靜靜的、冷冷的綠著。我們出了大中橋，走不上半里路，船夫便將船劃到一旁，停了槳由它宕著。他以為那裏正是繁華的極點，再過去就是荒涼了；所以讓我們多多賞鑑一會兒。他自己卻靜靜的蹲著。他是看慣這光景的了，大約只是一個無可無不可。這無可無不可，無論是升的沉的，總之，都比我們高了。

那時河裏鬧熱極了；船大半泊著，小半在水上穿梭似的來往。停泊著的都在近市的那一邊，我們的船自然也夾在其中。因為這邊略略的擠，便覺得那邊十分的疏了。在每一隻船從那邊過去時，我們能畫出它的輕輕的影和曲曲的波，在我們的心上；這顯著是空，且顯著是靜了。那時處處都是歌聲和淒厲的胡琴聲，圓潤的喉嚨，確乎是很少的。但那生澀的，尖脆的調子能使人有少年的，粗率不拘的感覺，也正可快我們的意。況且多少隔開些兒聽著，因為想像與渴慕的做美，總覺更有滋味；而竟發的喧囂，抑揚的不齊，遠近的雜沓，和樂器的嘈嘈切切，合成另一意味的諧音，也使我們無所適從，如隨著大風而走。這實在因為我們的心枯澀久了，變為脆弱；故偶然潤澤一下，便瘋狂似的不能自主了，但秦淮河確也膩人。即如船裏的人面，無論是和我們一堆儿泊著的，無論是從我們眼前過去的，總是模模糊糊的，甚至渺渺茫茫的；任你張圓了眼睛，揩淨了眥垢，也是枉然，這真夠人想呢。在我們停泊的地方，燈光原是紛然的；不過這些燈光都是黃而有暈的。黃已經不能明了，再加上了暈，便更不成了。燈愈多，暈就愈甚；在繁星般的黃的交錯裏，秦淮河彷彿籠上了一團光霧。光芒與霧氣騰騰的暈著，什麼都只剩了輪廓了；所以人面的詳細的曲線，便消失於我們的眼底了。但燈光究竟奪不了那邊的月色；燈光是渾的，月色是清的。在渾沌的燈光裏，滲入一派清輝，卻真是奇蹟！那晚月兒已瘦削了兩三分。她晚妝才罷，盈盈的上了柳梢頭。天是藍得可愛，彷彿一汪水似的；月兒便更出落得精神了。岸上原有三株兩株的垂楊樹，淡淡的影子，在水里搖曳著。它們那柔細的枝條浴著月光，就像一支支美人的臂膊，交互的纏著、挽著；又像是月兒披著的髪。而月兒偶爾也從它們的交叉處偷偷窺看我們，大有小姑娘怕羞的樣子。岸上另有幾株不知名的老樹，光光的立著；在月光裏照起來，卻又儼然是精神矍鑠的老人。遠處快到天際線了，才有一兩片白雲，亮得現出異彩，像是美麗的貝殼一般。白雲下便是黑黑的一帶輪廓；是一條隨意畫的不規則的曲線。這一段光景，和河中的風味大異了。但燈與月竟能並存著，交融著，使月成了纏綿的月，燈射著渺渺的靈輝，這正是天之所以厚秦淮河，也正是天之所以厚我們了。

這時卻遇著了難解的糾紛。秦淮河上原有一種歌妓，是以歌為業的。從前都在茶舫上，唱些大曲之類。每日午後一時起；什麼時候止，卻忘記了。晚上照樣也有一回，也在黃暈的燈光裏。我從前過南京時，曾隨著朋友去聽過兩次。因為茶舫裏的人臉太多了，覺得不大適意，終於聽不出所以然。前年聽說歌妓被取締了，不知怎的，頗涉想了幾次卻想不出什麼。這次到南京，先到茶舫",出什麼這次到南京先到茶舫,上去,shangqu,shang qu,FALSE,1:上去 | 2:上區 | 3:上屈 | 4:傷屈 | 5:上 | 6:商 | 7:傷 | 8:尚 | 9:賞 | 10:殤,TRUE,1,,,,
polyphonic_unflagged,e3ac03343e329c2538c1c814,槳聲燈影裏的秦淮河,4059,4061,"一九二三年八月的一晚，我和平伯同遊秦淮河；平伯是初泛，我是重來了。我們雇了一隻「七板子」，在夕陽已去、皎月方來的時候，便下了船。於是槳聲汩汩，我們開始領略那晃蕩著薔薇色的歷史的秦淮河的滋味了。

秦淮河裏的船，比北京万生園、頤和園的船好，比西湖的船好，比揚州瘦西湖的船也好。這幾處的船不是覺著笨，就是覺著簡陋、局促；都不能引起乘客們的情韻，如秦淮河的船一樣。秦淮河的船約略可分為兩種：一是大船；一是小船，就是所謂「七板子」。大船艙口闊大，可容二三十人。裏面陳設著字畫和光潔的紅木家具，桌上一律嵌著冰涼的大理石面。窗格雕鏤頗細，使人起柔膩之感。窗格里映著紅色藍色的玻璃；玻璃上有精緻的花紋，也頗悅人目。「七板子」規模雖不及大船，但那淡藍色的欄杆，空敞的艙，也足繫人情思。而最出色處卻在它的艙前。艙前是甲板上的一部，上面有弧形的頂，兩邊用疏疏的欄杆支著。裏面通常放著兩張藤的躺椅。躺下，可以談天，可以望遠，可以顧盼兩岸的河房。大船上也有這個，但在小船上更覺清雋罷了。艙前的頂下，一律懸著燈彩；燈的多少、明暗，彩蘇的精粗、艷晦，是不一的，但好歹總還你一個燈彩。這燈彩實在是最能勾人的東西。夜幕垂垂地下來時，大小船上都點起燈火。從兩重玻璃裏映出那輻射著的黃黃的散光，反暈出一片朦朧的煙靄；透過這煙靄，在黯黯的水波里，又逗起縷縷的明漪。在這薄靄和微漪裏，聽著那悠然的間歇的槳聲，誰能不被引入他的美夢去呢？只愁夢太多了，這些大小船兒如何載得起呀？我們這時模模糊糊的談著明末的秦淮河的艷跡，如《桃花扇》及《板橋雜記》裏所載的。我們真神往了。我們彷彿親見那時華燈映水，畫舫凌波的光景了。於是我們的船便成了歷史的重載了。我們終於恍然秦淮河的船所以雅麗過於他處，而又有奇異的吸引力的，實在是許多歷史的影像使然了。

秦淮河的水是碧陰陰的；看起來厚而不膩，或者是六朝金粉所凝麼？我們初上船的時候，天色還未斷黑，那漾漾的柔波是這樣恬靜、委婉，使我們一面有水闊天空之想，一面又憧憬著紙醉金迷之境了。等到燈火明時，陰陰的變為沈沉了：黯淡的水光，像夢一般；那偶然閃爍著的光芒，就是夢的眼睛了。我們坐在艙前，因了那隆起的頂棚，彷彿總是昂著首向前走著似的；於是飄飄然如御風而行的我們，看著那些自在的灣泊著的船，船裏走馬燈般的人物，便像是下界一般，迢迢的遠了，又像在霧裏看花，盡朦朦朧朧的。這時我們已過了利涉橋，望見東關頭了。沿路聽見斷續的歌聲：有從沿河的妓樓飄來的，有從河上船裏渡來的。我們明知那些歌聲，只是些因襲的言詞，從生澀的歌喉裏機械的發出來的；但它們經了夏夜的微風的吹漾和水波的搖拂，嬝娜著到我們耳邊的時候，已經不單是她們的歌聲，而混著微風和河水的密語了。於是我們不得不被牽惹著，震撼著，相與浮沉於這歌聲裏了。從東關頭轉彎，不久就到大中橋。大中橋共有三個橋拱，都很闊大，儼然是三座門兒；使我們覺得我們的船和船裏的我們，在橋下過去時，真是太無顏色了。橋磚是深褐色，表明它的歷史的長久；但都完好無缺，令人太息於古昔工程的堅美。橋上兩旁都是木壁的房子，中間應該有街路。這些房子都破舊了，多年煙熏的跡，遮沒了當年的美麗。我想像秦淮河的極盛時，在這樣宏闊的橋上，特地蓋了房子，必然是髹漆得富富麗麗的；晚間必然是燈火通明的，現在卻只剩下一片黑沉沉！但是橋上造著房子，畢竟使我們多少可以想見往日的繁華；這也慰情聊勝無了。過了大中橋，便到了燈月交輝、笙歌徹夜的秦淮河，這才是秦淮河的真面目哩。

大中橋外，頓然空闊，和橋內兩岸排著密密的人家的景像大異了。一眼望去，疏疏的林，淡淡的月，襯著蔚藍的天，頗像荒江野渡光景；那邊呢，鬱叢叢的，陰森森的，又似乎藏著無邊的黑暗，令人幾乎不信那是繁華的秦淮河了。但是河中眩暈著的燈光，縱橫著的畫舫，悠揚著的笛韻，夾著那吱吱的胡琴聲，終於使我們認識綠如茵陳酒的秦淮水了。此地天裸露著的多些，故覺夜來的獨遲些；從清清的水影裏，我們感到的只是薄薄的夜——這正是秦淮河的夜。大中橋外，本來還有一座復成橋，是船夫口中的我們的遊踪盡處，或也是秦淮河繁華的盡處了。我的腳曾踏過復成橋的脊，在十三四歲的時候。但是兩次遊秦淮河，卻都不曾見著復成橋的面；明知總在前途的，卻常覺得有些虛無縹緲似的。我想，不見倒也好。這時正是盛夏。我們下船後，藉著新生的晚涼和河上的微風，暑氣已漸漸消散；到了此地，豁然開朗，身子頓然輕了——習習的清風荏苒在面上、手上、衣上，這便又感到了一縷新涼了。南京的日光，大概沒有杭州猛烈；西湖的夏夜老是熱蓬蓬的，水像沸著一般，秦淮河的水卻盡是這樣冷冷地綠著。任你人影的憧憧，歌聲的擾擾，總像隔著一層薄薄的綠紗面冪似的；它盡是這樣靜靜的、冷冷的綠著。我們出了大中橋，走不上半里路，船夫便將船劃到一旁，停了槳由它宕著。他以為那裏正是繁華的極點，再過去就是荒涼了；所以讓我們多多賞鑑一會兒。他自己卻靜靜的蹲著。他是看慣這光景的了，大約只是一個無可無不可。這無可無不可，無論是升的沉的，總之，都比我們高了。

那時河裏鬧熱極了；船大半泊著，小半在水上穿梭似的來往。停泊著的都在近市的那一邊，我們的船自然也夾在其中。因為這邊略略的擠，便覺得那邊十分的疏了。在每一隻船從那邊過去時，我們能畫出它的輕輕的影和曲曲的波，在我們的心上；這顯著是空，且顯著是靜了。那時處處都是歌聲和淒厲的胡琴聲，圓潤的喉嚨，確乎是很少的。但那生澀的，尖脆的調子能使人有少年的，粗率不拘的感覺，也正可快我們的意。況且多少隔開些兒聽著，因為想像與渴慕的做美，總覺更有滋味；而竟發的喧囂，抑揚的不齊，遠近的雜沓，和樂器的嘈嘈切切，合成另一意味的諧音，也使我們無所適從，如隨著大風而走。這實在因為我們的心枯澀久了，變為脆弱；故偶然潤澤一下，便瘋狂似的不能自主了，但秦淮河確也膩人。即如船裏的人面，無論是和我們一堆儿泊著的，無論是從我們眼前過去的，總是模模糊糊的，甚至渺渺茫茫的；任你張圓了眼睛，揩淨了眥垢，也是枉然，這真夠人想呢。在我們停泊的地方，燈光原是紛然的；不過這些燈光都是黃而有暈的。黃已經不能明了，再加上了暈，便更不成了。燈愈多，暈就愈甚；在繁星般的黃的交錯裏，秦淮河彷彿籠上了一團光霧。光芒與霧氣騰騰的暈著，什麼都只剩了輪廓了；所以人面的詳細的曲線，便消失於我們的眼底了。但燈光究竟奪不了那邊的月色；燈光是渾的，月色是清的。在渾沌的燈光裏，滲入一派清輝，卻真是奇蹟！那晚月兒已瘦削了兩三分。她晚妝才罷，盈盈的上了柳梢頭。天是藍得可愛，彷彿一汪水似的；月兒便更出落得精神了。岸上原有三株兩株的垂楊樹，淡淡的影子，在水里搖曳著。它們那柔細的枝條浴著月光，就像一支支美人的臂膊，交互的纏著、挽著；又像是月兒披著的髪。而月兒偶爾也從它們的交叉處偷偷窺看我們，大有小姑娘怕羞的樣子。岸上另有幾株不知名的老樹，光光的立著；在月光裏照起來，卻又儼然是精神矍鑠的老人。遠處快到天際線了，才有一兩片白雲，亮得現出異彩，像是美麗的貝殼一般。白雲下便是黑黑的一帶輪廓；是一條隨意畫的不規則的曲線。這一段光景，和河中的風味大異了。但燈與月竟能並存著，交融著，使月成了纏綿的月，燈射著渺渺的靈輝，這正是天之所以厚秦淮河，也正是天之所以厚我們了。

這時卻遇著了難解的糾紛。秦淮河上原有一種歌妓，是以歌為業的。從前都在茶舫上，唱些大曲之類。每日午後一時起；什麼時候止，卻忘記了。晚上照樣也有一回，也在黃暈的燈光裏。我從前過南京時，曾隨著朋友去聽過兩次。因為茶舫裏的人臉太多了，覺得不大適意，終於聽不出所以然。前年聽說歌妓被取締了，不知怎的，頗涉想了幾次卻想不出什麼。這次到南京，先到茶舫上去看看，覺得頗是寂寥，令我無端的悵悵了。不料她們卻仍在秦淮河裏掙扎著，不料她們竟會糾纏到我們，我於是很張皇了，她們也乘著「七板子」，她們總是坐在艙前的。艙前點著石油汽燈，光亮炫人眼目：坐在下面的，自然是纖毫畢見了。引誘客人們的力量，也便在此了。艙裏躲著樂工等人，映著汽燈的餘輝蠕動著；他們是永遠不被注意的。每船的歌妓大約都是二人；天色一黑，她們的船就在大中橋外往來不息的兜生意。無論行著的船，泊著的船，都要來兜攬的。這都是我後來推想出來的。那晚不知怎樣，忽然輪著我們的船了。我們的船好好的停著，一隻歌舫劃向我們來了；漸漸和我們的船並著了。爍爍的燈光逼得我們皺起了眉頭；我們的風塵色全給它托出來了，這使我踧踖不安了。那時一個伙計跨過船來，拿著攤開的歌摺，就近塞向我的手裏，說：「點幾出吧！」他跨過來的時候，我們船上似乎有許多眼光跟著。同時相近的別的船上也似乎有許多眼睛炯炯的向我們船上看著。我真窘了！我也裝出大方的樣子，向歌妓們瞥了一眼，但究竟是不成的！我勉強將那歌摺翻了一翻，卻不曾看清了幾個字；便趕緊遞還那伙計，一面不好意思地說「不要，我們⋯⋯不要。」他便塞給平伯，平伯掉轉頭去，搖手說：「不要！」那人還膩著不走。平伯又回過臉來，搖著頭道「不要！」於是那人重到我處，我窘著再拒絕了他。他這纔有所不屑似的走了。

我的心立刻放下，如釋了重負一般。我們就開始自白了。

我說我受了道德律的壓迫，拒絕了她們；心裏似乎很抱歉的。這所謂抱歉，一面對於她們，一面對於我自己。她們於我們雖然沒有很奢的希望；但總有些希望的。我們拒絕了她們，無論理由如何充足，卻使她們的希望受了傷；這總有幾分不做美了，這是我覺得很悵悵的。至於我自己，更有一種不足之感。我這時被四面的歌聲誘惑了，降伏了；但是遠遠的，遠遠的歌聲總彷彿隔著重衣搔癢似的，越搔越搔不著癢處。我於是憧憬著貼耳的妙音了。在歌舫劃來時，我的憧憬，變為盼望；我固執的盼望著，有如飢渴。雖然從淺薄的經驗裏，也能夠推知，那貼耳的歌聲，將剝去了一切的美妙；但一個平常的人像我的，谁愿憑了理性之力去醜化未來呢？我寧願自己騙著了。不過我的社會感性是很敏銳的；我的思力能拆穿道德律的西洋鏡，而我的感情卻終於被它壓服著。我於是有所顧忌了，尤其是在眾目昭彰的時候。道德律的力，",眾目昭彰的時候道德律的力,本來,benlai,ben lai,FALSE,1:本來 | 2:奔來 | 3:本 | 4:笨 | 5:奔 | 6:苯 | 7:錛 | 8:夲 | 9:賁 | 10:犇,TRUE,1,,,,
polyphonic_unflagged,e90b7254c019745b147779f4,槳聲燈影裏的秦淮河,3006,3008,"一九二三年八月的一晚，我和平伯同遊秦淮河；平伯是初泛，我是重來了。我們雇了一隻「七板子」，在夕陽已去、皎月方來的時候，便下了船。於是槳聲汩汩，我們開始領略那晃蕩著薔薇色的歷史的秦淮河的滋味了。

秦淮河裏的船，比北京万生園、頤和園的船好，比西湖的船好，比揚州瘦西湖的船也好。這幾處的船不是覺著笨，就是覺著簡陋、局促；都不能引起乘客們的情韻，如秦淮河的船一樣。秦淮河的船約略可分為兩種：一是大船；一是小船，就是所謂「七板子」。大船艙口闊大，可容二三十人。裏面陳設著字畫和光潔的紅木家具，桌上一律嵌著冰涼的大理石面。窗格雕鏤頗細，使人起柔膩之感。窗格里映著紅色藍色的玻璃；玻璃上有精緻的花紋，也頗悅人目。「七板子」規模雖不及大船，但那淡藍色的欄杆，空敞的艙，也足繫人情思。而最出色處卻在它的艙前。艙前是甲板上的一部，上面有弧形的頂，兩邊用疏疏的欄杆支著。裏面通常放著兩張藤的躺椅。躺下，可以談天，可以望遠，可以顧盼兩岸的河房。大船上也有這個，但在小船上更覺清雋罷了。艙前的頂下，一律懸著燈彩；燈的多少、明暗，彩蘇的精粗、艷晦，是不一的，但好歹總還你一個燈彩。這燈彩實在是最能勾人的東西。夜幕垂垂地下來時，大小船上都點起燈火。從兩重玻璃裏映出那輻射著的黃黃的散光，反暈出一片朦朧的煙靄；透過這煙靄，在黯黯的水波里，又逗起縷縷的明漪。在這薄靄和微漪裏，聽著那悠然的間歇的槳聲，誰能不被引入他的美夢去呢？只愁夢太多了，這些大小船兒如何載得起呀？我們這時模模糊糊的談著明末的秦淮河的艷跡，如《桃花扇》及《板橋雜記》裏所載的。我們真神往了。我們彷彿親見那時華燈映水，畫舫凌波的光景了。於是我們的船便成了歷史的重載了。我們終於恍然秦淮河的船所以雅麗過於他處，而又有奇異的吸引力的，實在是許多歷史的影像使然了。

秦淮河的水是碧陰陰的；看起來厚而不膩，或者是六朝金粉所凝麼？我們初上船的時候，天色還未斷黑，那漾漾的柔波是這樣恬靜、委婉，使我們一面有水闊天空之想，一面又憧憬著紙醉金迷之境了。等到燈火明時，陰陰的變為沈沉了：黯淡的水光，像夢一般；那偶然閃爍著的光芒，就是夢的眼睛了。我們坐在艙前，因了那隆起的頂棚，彷彿總是昂著首向前走著似的；於是飄飄然如御風而行的我們，看著那些自在的灣泊著的船，船裏走馬燈般的人物，便像是下界一般，迢迢的遠了，又像在霧裏看花，盡朦朦朧朧的。這時我們已過了利涉橋，望見東關頭了。沿路聽見斷續的歌聲：有從沿河的妓樓飄來的，有從河上船裏渡來的。我們明知那些歌聲，只是些因襲的言詞，從生澀的歌喉裏機械的發出來的；但它們經了夏夜的微風的吹漾和水波的搖拂，嬝娜著到我們耳邊的時候，已經不單是她們的歌聲，而混著微風和河水的密語了。於是我們不得不被牽惹著，震撼著，相與浮沉於這歌聲裏了。從東關頭轉彎，不久就到大中橋。大中橋共有三個橋拱，都很闊大，儼然是三座門兒；使我們覺得我們的船和船裏的我們，在橋下過去時，真是太無顏色了。橋磚是深褐色，表明它的歷史的長久；但都完好無缺，令人太息於古昔工程的堅美。橋上兩旁都是木壁的房子，中間應該有街路。這些房子都破舊了，多年煙熏的跡，遮沒了當年的美麗。我想像秦淮河的極盛時，在這樣宏闊的橋上，特地蓋了房子，必然是髹漆得富富麗麗的；晚間必然是燈火通明的，現在卻只剩下一片黑沉沉！但是橋上造著房子，畢竟使我們多少可以想見往日的繁華；這也慰情聊勝無了。過了大中橋，便到了燈月交輝、笙歌徹夜的秦淮河，這才是秦淮河的真面目哩。

大中橋外，頓然空闊，和橋內兩岸排著密密的人家的景像大異了。一眼望去，疏疏的林，淡淡的月，襯著蔚藍的天，頗像荒江野渡光景；那邊呢，鬱叢叢的，陰森森的，又似乎藏著無邊的黑暗，令人幾乎不信那是繁華的秦淮河了。但是河中眩暈著的燈光，縱橫著的畫舫，悠揚著的笛韻，夾著那吱吱的胡琴聲，終於使我們認識綠如茵陳酒的秦淮水了。此地天裸露著的多些，故覺夜來的獨遲些；從清清的水影裏，我們感到的只是薄薄的夜——這正是秦淮河的夜。大中橋外，本來還有一座復成橋，是船夫口中的我們的遊踪盡處，或也是秦淮河繁華的盡處了。我的腳曾踏過復成橋的脊，在十三四歲的時候。但是兩次遊秦淮河，卻都不曾見著復成橋的面；明知總在前途的，卻常覺得有些虛無縹緲似的。我想，不見倒也好。這時正是盛夏。我們下船後，藉著新生的晚涼和河上的微風，暑氣已漸漸消散；到了此地，豁然開朗，身子頓然輕了——習習的清風荏苒在面上、手上、衣上，這便又感到了一縷新涼了。南京的日光，大概沒有杭州猛烈；西湖的夏夜老是熱蓬蓬的，水像沸著一般，秦淮河的水卻盡是這樣冷冷地綠著。任你人影的憧憧，歌聲的擾擾，總像隔著一層薄薄的綠紗面冪似的；它盡是這樣靜靜的、冷冷的綠著。我們出了大中橋，走不上半里路，船夫便將船劃到一旁，停了槳由它宕著。他以為那裏正是繁華的極點，再過去就是荒涼了；所以讓我們多多賞鑑一會兒。他自己卻靜靜的蹲著。他是看慣這光景的了，大約只是一個無可無不可。這無可無不可，無論是升的沉的，總之，都比我們高了。

那時河裏鬧熱極了；船大半泊著，小半在水上穿梭似的來往。停泊著的都在近市的那一邊，我們的船自然也夾在其中。因為這邊略略的擠，便覺得那邊十分的疏了。在每一隻船從那邊過去時，我們能畫出它的輕輕的影和曲曲的波，在我們的心上；這顯著是空，且顯著是靜了。那時處處都是歌聲和淒厲的胡琴聲，圓潤的喉嚨，確乎是很少的。但那生澀的，尖脆的調子能使人有少年的，粗率不拘的感覺，也正可快我們的意。況且多少隔開些兒聽著，因為想像與渴慕的做美，總覺更有滋味；而竟發的喧囂，抑揚的不齊，遠近的雜沓，和樂器的嘈嘈切切，合成另一意味的諧音，也使我們無所適從，如隨著大風而走。這實在因為我們的心枯澀久了，變為脆弱；故偶然潤澤一下，便瘋狂似的不能自主了，但秦淮河確也膩人。即如船裏的人面，無論是和我們一堆儿泊著的，無論是從我們眼前過去的，總是模模糊糊的，甚至渺渺茫茫的；任你張圓了眼睛，揩淨了眥垢，也是枉然，這真夠人想呢。在我們停泊的地方，燈光原是紛然的；不過這些燈光都是黃而有暈的。黃已經不能明了，再加上了暈，便更不成了。燈愈多，暈就愈甚；在繁星般的黃的交錯裏，秦淮河彷彿籠上了一團光霧。光芒與霧氣騰騰的暈著，什麼都只剩了輪廓了；所以人面的詳細的曲線，便消失於我們的眼底了。但燈光究竟奪不了那邊的月色；燈光是渾的，月色是清的。在渾沌的燈光裏，滲入一派清輝，卻真是奇蹟！那晚月兒已瘦削了兩三分。她晚妝才罷，盈盈的上了柳梢頭。天是藍得可愛，彷彿一汪水似的；月兒便更出落得精神了。岸上原有三株兩株的垂楊樹，淡淡的影子，在水里搖曳著。它們那柔細的枝條浴著月光，就像一支支美人的臂膊，交互的纏著、挽著；又像是月兒披著的髪。而月兒偶爾也從它們的交叉處偷偷窺看我們，大有小姑娘怕羞的樣子。岸上另有幾株不知名的老樹，光光的立著；在月光裏照起來，卻又儼然是精神矍鑠的老人。遠處快到天際線了，才有一兩片白雲，亮得現出異彩，像是美麗的貝殼一般。白雲下便是黑黑的一帶輪廓；是一條隨意畫的不規則的曲線。這一段光景，和河中的風味大異了。但燈與月竟能並存著，交融著，使月成了纏綿的月，燈射著渺渺的靈輝，這正是天之所以厚秦淮河，也正是天之所以厚我們了。

這時卻遇著了難解的糾紛。秦淮河上原有一種歌妓，是以歌為業的。從前都在茶舫上，唱些大曲之類。每日午後一時起；什麼時候止，卻忘記了。",一時起什麼時候止卻忘記了,晚上,wanshang,wan shang,FALSE,1:晚上 | 2:玩賞 | 3:玩上 | 4:惋傷 | 5:晚晌 | 6:婉商 | 7:腕上 | 8:挽上 | 9:玩 | 10:萬,TRUE,1,,,,
polyphonic_unflagged,4e6acf4f4764c31ed38e36a0,槳聲燈影裏的秦淮河,778,780,"一九二三年八月的一晚，我和平伯同遊秦淮河；平伯是初泛，我是重來了。我們雇了一隻「七板子」，在夕陽已去、皎月方來的時候，便下了船。於是槳聲汩汩，我們開始領略那晃蕩著薔薇色的歷史的秦淮河的滋味了。

秦淮河裏的船，比北京万生園、頤和園的船好，比西湖的船好，比揚州瘦西湖的船也好。這幾處的船不是覺著笨，就是覺著簡陋、局促；都不能引起乘客們的情韻，如秦淮河的船一樣。秦淮河的船約略可分為兩種：一是大船；一是小船，就是所謂「七板子」。大船艙口闊大，可容二三十人。裏面陳設著字畫和光潔的紅木家具，桌上一律嵌著冰涼的大理石面。窗格雕鏤頗細，使人起柔膩之感。窗格里映著紅色藍色的玻璃；玻璃上有精緻的花紋，也頗悅人目。「七板子」規模雖不及大船，但那淡藍色的欄杆，空敞的艙，也足繫人情思。而最出色處卻在它的艙前。艙前是甲板上的一部，上面有弧形的頂，兩邊用疏疏的欄杆支著。裏面通常放著兩張藤的躺椅。躺下，可以談天，可以望遠，可以顧盼兩岸的河房。大船上也有這個，但在小船上更覺清雋罷了。艙前的頂下，一律懸著燈彩；燈的多少、明暗，彩蘇的精粗、艷晦，是不一的，但好歹總還你一個燈彩。這燈彩實在是最能勾人的東西。夜幕垂垂地下來時，大小船上都點起燈火。從兩重玻璃裏映出那輻射著的黃黃的散光，反暈出一片朦朧的煙靄；透過這煙靄，在黯黯的水波里，又逗起縷縷的明漪。在這薄靄和微漪裏，聽著那悠然的間歇的槳聲，誰能不被引入他的美夢去呢？只愁夢太多了，這些大小船兒如何載得起呀？我們這時模模糊糊的談著明末的秦淮河的艷跡，如《桃花扇》及《板橋雜記》裏所載的。我們真神往了。我們彷彿親見那時華燈映水，畫舫凌波的光景了。於是我們的船便成了歷史的重載了。我們終於恍然秦淮河的船所以雅麗過於他處，而又有奇異的吸引力的，實在是許多歷史的影像使然了。

秦淮河的水是碧陰陰的；看起來厚而不膩，或者是六朝金粉所凝麼？",不膩或者是六朝金粉所凝麼,我們,women,wo men,FALSE,1:我們 | 2:我 | 3:喔 | 4:窩 | 5:握 | 6:臥 | 7:沃 | 8:倭 | 9:渦 | 10:渥,TRUE,1,,,,
polyphonic_unflagged,551447712052e974dd99cbd8,阿河,2625,2627,"我這一回寒假，因為養病，住到一家親戚的別墅里去。那別墅是在鄉下。前面偏左的地方，是一片淡藍的湖水，對岸環擁著不盡的青山。山的影子倒映在水里，越顯得清清朗朗的。水面常如鏡子一般。風起時，微有皺痕；像少女們皺她們的眉頭，過一會子就好了。湖的余勢束成一條小港，緩緩地不聲不響地流過別墅的門前。門前有一條小石橋，橋那邊盡是田畝。這邊沿岸一帶，相間地栽著桃樹和柳樹，春來當有一番熱鬧的夢。別墅外面繚繞著短短的竹篱，篱外是小小的路。里邊一座向南的樓，背后便倚著山。西邊是三間平屋，我便住在這里。院子里有兩塊草地，上面隨便放著兩三塊石頭。另外的隙地上，或羅列著盆栽，或种蒔著花草。篱邊還有几株枝干蟠曲的大樹，有一株几乎要伸到水里去了。

我的親戚韋君只有夫婦二人和一個女儿。她在外邊念書，這時也剛回到家里。她邀來三位同學，同到她家過這個寒假；兩位是親戚，一位是朋友。她們住著樓上的兩間屋子。韋君夫婦也住在樓上。樓下正中是客廳，常是閒著，西間是吃飯的地方；東間便是韋君的書房，我們談天，喝茶，看報，都在這里。我吃了飯，便是一個人，也要到這里來閒坐一回。我來的第二天，韋小姐告訴我，她母親要給她們找一個好好的女用人；長工阿齊說有一個表妹，母親叫他明天就帶來做做看呢。她似乎很高興的樣子，我只是不經意地答應。

平屋与樓屋之間，是一個小小的廚房。我住的是東面的屋子，從窗子里可以看見廚房里人的來往。這一天午飯前，我偶然向外看看，見一個面生的女用人，兩手提著兩把白鐵壺，正往廚房里走；韋家的李媽在她前面領著，不知在和她說甚么話。她的頭髮亂蓬蓬的，像冬天的枯草一樣。身上穿著鑲邊的黑布棉襖和夾褲，黑里已泛出黃色；棉襖長与膝齊，夾褲也直拖到腳背上。腳倒是雙天足，穿著尖頭的黑布鞋，后跟還帶著兩片同色的“葉拔儿”。想這就是阿齊帶來的女用人了；想完了就坐下看書。晚飯后，韋小姐告訴我，女用人來了，她的名字叫“阿河”。我說，“名字很好，只是人土些；還能做么？”她說，“別看她土，很聰明呢。”我說，“哦。”便接著看手中的報了。

以后每天早上，中上，晚上，我常常看見阿河挈著水壺來往；她的眼似乎總是望前看的。兩個禮拜匆匆地過去了。韋小姐忽然和我說，你別看阿河土，她的志气很好，她是個可怜的人。我和娘說，把我前年在家穿的那身棉襖褲給了她吧。我嫌那兩件衣服太花，給了她正好。娘先不肯，說她來了沒有几天；后來也肯了。今天拿出來讓她穿，正合式呢。我們教給她打絨繩鞋，她真聰明，一學就會了。她說拿到工錢，也要打一雙穿呢。我等几天再和娘說去。

“她這樣愛好！怪不得頭髮光得多了，原來都是你們教她的。好！你們盡教她講究，她將來怕不愿回家去呢。”大家都笑了。

舊新年是過去了。因為江浙的兵事，我們的學校一時還不能開學。我們大家都樂得在別墅里多住些日子。這時阿河如換了一個人。她穿著寶藍色挑著小花儿的布棉襖褲；腳下是嫩藍色毛繩鞋，鞋口還綴著兩個半藍半白的小絨球儿。我想這一定是她的小姐們給幫忙的。古語說得好，“人要衣裳馬要鞍”，阿河這一打扮，真有些楚楚可怜了。她的頭髮早已是刷得光光的，覆額的留海也梳得十分伏帖。一張小小的圓臉，如正開的桃李花；臉上并沒有笑，卻隱隱地含著春日的光輝，像花房里充了蜜一般。這在我几乎是一個奇跡；我現在是常站在窗前看她了。我覺得在深山里發見了一粒貓儿眼；這樣精純的貓儿眼，是我生平所僅見！我覺得我們相識已太長久，极愿和她說一句話——极平淡的話，一句也好。但我怎好平白地和她攀談呢？這樣郁郁了一禮拜。

這是元宵節的前一晚上。我吃了飯，在屋里坐了一會，覺得有些無聊，便信步走到那書房里。拿起報來，想再細看一回。忽然門鈕一響，阿河進來了。她手里拿著三四支顏色鉛筆；出乎意料地走近了我。她站在我面前了，靜靜地微笑著說：“白先生，你知道鉛筆刨在哪里？”一面將拿著的鉛筆給我看。我不自主地立起來，匆忙地應道，“在這里；”我用手指著南邊柱子。但我立刻覺得這是不夠的。我領她走近了柱子。這時我像閃電似地躊躇了一下，便說，“我…… 我……”她一聲不響地已將一支鉛筆交給我。我放進刨子里刨給她看。刨了兩下，便想交給她；但終于刨完了一支，交還了她。她接了筆略看一看，仍仰著臉向我。我窘极了。剎那間念頭轉了好几個圈子；到底硬著頭皮搭訕著說，“就這樣刨好了。”我赶緊向門外一瞥，就走回原處看報去。但我的頭剛低下，我的眼已抬起來了。于是遠遠地從容地問道，“你會么？”她不曾掉過頭來，只“嚶”了一聲，也不說話。我看了她背影一會。覺得應該低下頭了。等我再抬起頭來時，她已默默地向外走了。她似乎總是望前看的；我想再問她一句話，但終于不曾出口。我撇下了報，站起來走了一會，便回到自己屋里。

我一直想著些什么，但什么也沒有想出。

第二天早上看見她往廚房里走時，我發愿我的眼將老跟著她的影子！她的影子真好。她那几步路走得又敏捷，又勻稱，又苗條，正如一只可愛的小貓。她兩手各提著一只水壺，又令我想到在一條細細的索儿上抖擻精神走著的女子。這全由于她的腰；她的腰真太軟了，用白水的話說，真是軟到使我如吃蘇州的牛皮糖一樣。不止她的腰，我的日記里說得好：“她有一套和云霞比美，水月爭靈的曲線，織成大大的一張迷惑的网！”而那兩頰的曲線，尤其甜蜜可人。她兩頰是白中透著微紅，潤澤如玉。她的皮膚，嫩得可以掐出水來；我的日記里說，“我很想去掐她一下呀！”她的眼像一雙小燕子，老是在灩灩的春水上打著圈儿。她的笑最使我記住，像一朵花漂浮在我的腦海里。我不是說過，她的小圓臉像正開的桃花么？那么，她微笑的時候，便是盛開的時候了：花房里充滿了蜜，真如要流出來的樣子。她的髮不甚厚，但黑而有光，柔軟而滑，如純絲一般。只可惜我不曾聞著一些儿香。唉！從前我在窗前看她好多次，所得的真太少了；若不是昨晚一見，——雖只几分鐘——我真太對不起這樣一個人儿了。

午飯后，韋君照例地睡午覺去了，只有我，韋小姐和其他三位小姐在書房里。我有意無意地談起阿河的事。我說：

“你們怎知道她的志气好呢？”

“那天我們教給她打絨繩鞋；”一位蔡小姐便答道，“看她很聰明，就問她為甚么不念書？她被我們一問，就傷心起來了。……”

“是的，”韋小姐笑著搶了說，“后來還哭了呢；還有一位傻子陪她淌眼淚呢。”

那邊黃小姐可急了，走過來推了她一下。蔡小姐忙攔住道，“人家說正經話，你們盡鬧著玩儿！讓我說完了呀——”“我代你說啵，”韋小姐仍搶著說，“——她說她只有",韋小姐仍搶著說她說她只有,一個,yige,yi ge,FALSE,1:一個 | 2:一哥 | 3:一格 | 4:億個 | 5:一隔 | 6:一割 | 7:伊格 | 8:倚歌 | 9:夷歌 | 10:抑割,TRUE,1,,,,
polyphonic_unflagged,fac52b7515b17a5119a28dd4,給亡婦,572,574,"謙，日子真快，一眨眼你已經死了三個年頭了。這三年裡世事不知變化了多少回，但你未必注意這些個，我知道。你第一惦記的是你幾個孩子，第二便輪著我。孩子和我平分你的世界，你在日如此；你死後若還有知，想來還如此的。告訴你，我夏天回家來著：邁兒長得結實極了，比我高一個頭。閏兒父親說是最乖，可是沒有先前胖了。采芷和轉子都好。五兒全家誇她長得好看；卻在腿上生了濕瘡，整天坐在竹床上不能下來，看了怪可憐的。六兒，我怎麼說好，你明白，你臨終時也和母親談過，這孩子是只可以養著玩兒的，他左挨右挨去年春天，到底沒有挨過去。這孩子生了幾個月，你的肺病就重起來了。我勸你少親近他，只監督著老媽子照管就行。你總是忍不住，一會兒提，一會兒抱的。可是你病中為他操的那一份兒心也夠瞧的。那一個夏天他病的時候多，你成天兒忙著，湯呀，藥呀，冷呀，暖呀，連覺也沒有好好兒睡過。那裡有一分一毫想著你自己。瞧著他硬朗點兒你就樂，乾枯的笑容在黃蠟般的臉上，我只有暗中歎氣而已。

從來想不到做母親的要像你這樣。從邁兒起，你總是自己喂乳，一連四個都這樣。你起初不知道按鐘點兒喂，後來知道了，卻又弄不慣；孩子們每夜裡幾次將你哭醒了，特別是悶熱的夏季。我瞧你的覺老沒睡足。白天裡還得做菜，照料孩子，很少得空兒。你的身子本來壞，四個孩子就累你七八年。到了第五個，你自己實在不成了，又沒乳，只好自己餵",在不成了又沒乳只好自己餵,奶粉,naifen,nai fen,FALSE,1:奶粉 | 2:乃 | 3:奶 | 4:耐 | 5:奈 | 6:氖 | 7:尕 | 8:萘 | 9:艿 | 10:螚,TRUE,1,,,,
polyphonic_unflagged,be4821183c4644ecd96dec72,匆匆,452,454,"燕子去了，有再來的時候；楊柳枯了，有再靑的時候；桃花謝了，有再開的時候。但是，聰明的，你吿訴我，我們的日子爲什麼一去不復返呢？——是有人偷了他們罷：那是誰？又藏在何處呢？是他們自己逃走了罷：現在又到了那裏呢？

我不知道他們給了我多少日子；但我的手確乎是漸漸空虛了。在默默裏算着，八千多日子已經從我手中溜去；像針尖上一滴水滴在大海裏，我的日子滴在時間的流裏，沒有聲音，也沒有影子。我不禁頭涔涔而淚澘澘了。

去的儘管去了，來的儘管來着；去來的中間，又怎樣地匆匆呢？早上我起來的時候，小屋裏射進兩三方斜斜的太陽。太陽他有腳啊，輕輕悄悄地挪移了；我也茫茫然跟着旋轉。於是——洗手的時候，日子從水盆裏過去；喫飯的時候，日子從飯碗裏過去；默默時，便從凝然的雙眼前過去。我覺察他去的匆匆了，伸出手遮挽時，他又從遮挽着的手邊過去，天黑時，我躺在牀上，他便伶伶俐俐地從我身上跨過，從我腳邊飛去了。等我睜開眼和太陽再見，這算又溜走了一日。我掩着面嘆息。但是新來的日子的影兒又開始在嘆息裏閃過了。

在逃去如飛的日子裏，在",過了在逃去如飛的日子裏在,千門,qianmen,qian men,FALSE,1:前門 | 2:千門 | 3:遣悶 | 4:錢 | 5:前 | 6:千 | 7:咁 | 8:簽 | 9:乾 | 10:欠,TRUE,2,,,,
polyphonic_unflagged,6ab194493fb193f57dc45ceb,阿河,184,186,我這一回寒假，因為養病，住到一家親戚的別墅里去。那別墅是在鄉下。前面偏左的地方，是一片淡藍的湖水，對岸環擁著不盡的青山。山的影子倒映在水里，越顯得清清朗朗的。水面常如鏡子一般。風起時，微有皺痕；像少女們皺她們的眉頭，過一會子就好了。湖的余勢束成一條小港，緩緩地不聲不響地流過別墅的門前。門前有一條小石橋，橋那邊盡是田畝。這邊沿岸一帶，相間地栽著桃樹和柳樹，春來當有一番,著桃樹和柳樹春來當有一番,熱鬧,renao,re nao,FALSE,1:熱鬧 | 2:惹惱 | 3:熱惱 | 4:人啊 | 5:忍啊 | 6:人 | 7:任 | 8:忍 | 9:認 | 10:仁,TRUE,1,,,,
polyphonic_unflagged,8ceed353604c595d042de6fc,阿河,1475,1477,"我這一回寒假，因為養病，住到一家親戚的別墅里去。那別墅是在鄉下。前面偏左的地方，是一片淡藍的湖水，對岸環擁著不盡的青山。山的影子倒映在水里，越顯得清清朗朗的。水面常如鏡子一般。風起時，微有皺痕；像少女們皺她們的眉頭，過一會子就好了。湖的余勢束成一條小港，緩緩地不聲不響地流過別墅的門前。門前有一條小石橋，橋那邊盡是田畝。這邊沿岸一帶，相間地栽著桃樹和柳樹，春來當有一番熱鬧的夢。別墅外面繚繞著短短的竹篱，篱外是小小的路。里邊一座向南的樓，背后便倚著山。西邊是三間平屋，我便住在這里。院子里有兩塊草地，上面隨便放著兩三塊石頭。另外的隙地上，或羅列著盆栽，或种蒔著花草。篱邊還有几株枝干蟠曲的大樹，有一株几乎要伸到水里去了。

我的親戚韋君只有夫婦二人和一個女儿。她在外邊念書，這時也剛回到家里。她邀來三位同學，同到她家過這個寒假；兩位是親戚，一位是朋友。她們住著樓上的兩間屋子。韋君夫婦也住在樓上。樓下正中是客廳，常是閒著，西間是吃飯的地方；東間便是韋君的書房，我們談天，喝茶，看報，都在這里。我吃了飯，便是一個人，也要到這里來閒坐一回。我來的第二天，韋小姐告訴我，她母親要給她們找一個好好的女用人；長工阿齊說有一個表妹，母親叫他明天就帶來做做看呢。她似乎很高興的樣子，我只是不經意地答應。

平屋与樓屋之間，是一個小小的廚房。我住的是東面的屋子，從窗子里可以看見廚房里人的來往。這一天午飯前，我偶然向外看看，見一個面生的女用人，兩手提著兩把白鐵壺，正往廚房里走；韋家的李媽在她前面領著，不知在和她說甚么話。她的頭髮亂蓬蓬的，像冬天的枯草一樣。身上穿著鑲邊的黑布棉襖和夾褲，黑里已泛出黃色；棉襖長与膝齊，夾褲也直拖到腳背上。腳倒是雙天足，穿著尖頭的黑布鞋，后跟還帶著兩片同色的“葉拔儿”。想這就是阿齊帶來的女用人了；想完了就坐下看書。晚飯后，韋小姐告訴我，女用人來了，她的名字叫“阿河”。我說，“名字很好，只是人土些；還能做么？”她說，“別看她土，很聰明呢。”我說，“哦。”便接著看手中的報了。

以后每天早上，中上，晚上，我常常看見阿河挈著水壺來往；她的眼似乎總是望前看的。兩個禮拜匆匆地過去了。韋小姐忽然和我說，你別看阿河土，她的志气很好，她是個可怜的人。我和娘說，把我前年在家穿的那身棉襖褲給了她吧。我嫌那兩件衣服太花，給了她正好。娘先不肯，說她來了沒有几天；后來也肯了。今天拿出來讓她穿，正合式呢。我們教給她打絨繩鞋，她真聰明，一學就會了。她說拿到工錢，也要打一雙穿呢。我等几天再和娘說去。

“她這樣愛好！怪不得頭髮光得多了，原來都是你們教她的。好！你們盡教她講究，她將來怕不愿回家去呢。”大家都笑了。

舊新年是過去了。因為江浙的兵事，我們的學校一時還不能開學。我們大家都樂得在別墅里多住些日子。這時阿河如換了一個人。她穿著寶藍色挑著小花儿的布棉襖褲；腳下是嫩藍色毛繩鞋，鞋口還綴著兩個半藍半白的小絨球儿。我想這一定是她的小姐們給幫忙的。古語說得好，“人要衣裳馬要鞍”，阿河這一打扮，真有些楚楚可怜了。她的頭髮早已是刷得光光的，覆額的留海也梳得十分伏帖。一張小小的圓臉，如正開的桃李花；臉上并沒有笑，卻隱隱地含著春日的光輝，像花房里充了蜜一般。這在我几乎是一個奇跡；我現在是常站在窗前看她了。我覺得在深山里發見了一粒貓儿眼；這樣精純的貓儿眼，是我生平所僅見！我覺得我們相識已太長久，极愿和她說一句話——极平淡的話，一句也好。但我怎好平白地和她攀談呢？這樣郁郁了一禮拜。

這是元宵節的前一晚上。我吃了飯，在屋里坐了一會，覺得有些無聊，便信步",了一會覺得有些無聊便信步,走到,zoudao,zou dao,FALSE,1:走到 | 2:走道 | 3:走 | 4:鄒 | 5:揍 | 6:奏 | 7:驟 | 8:赱 | 9:諏 | 10:鄹,TRUE,1,,,,
polyphonic_unflagged,d0381f9fabb4bf258d385c82,給亡婦,1143,1145,"謙，日子真快，一眨眼你已經死了三個年頭了。這三年裡世事不知變化了多少回，但你未必注意這些個，我知道。你第一惦記的是你幾個孩子，第二便輪著我。孩子和我平分你的世界，你在日如此；你死後若還有知，想來還如此的。告訴你，我夏天回家來著：邁兒長得結實極了，比我高一個頭。閏兒父親說是最乖，可是沒有先前胖了。采芷和轉子都好。五兒全家誇她長得好看；卻在腿上生了濕瘡，整天坐在竹床上不能下來，看了怪可憐的。六兒，我怎麼說好，你明白，你臨終時也和母親談過，這孩子是只可以養著玩兒的，他左挨右挨去年春天，到底沒有挨過去。這孩子生了幾個月，你的肺病就重起來了。我勸你少親近他，只監督著老媽子照管就行。你總是忍不住，一會兒提，一會兒抱的。可是你病中為他操的那一份兒心也夠瞧的。那一個夏天他病的時候多，你成天兒忙著，湯呀，藥呀，冷呀，暖呀，連覺也沒有好好兒睡過。那裡有一分一毫想著你自己。瞧著他硬朗點兒你就樂，乾枯的笑容在黃蠟般的臉上，我只有暗中歎氣而已。

從來想不到做母親的要像你這樣。從邁兒起，你總是自己喂乳，一連四個都這樣。你起初不知道按鐘點兒喂，後來知道了，卻又弄不慣；孩子們每夜裡幾次將你哭醒了，特別是悶熱的夏季。我瞧你的覺老沒睡足。白天裡還得做菜，照料孩子，很少得空兒。你的身子本來壞，四個孩子就累你七八年。到了第五個，你自己實在不成了，又沒乳，只好自己餵奶粉，另雇老媽子專管她。但孩子跟老媽子睡，你就沒有放過心；夜裡一聽見哭，就豎起耳朵聽，工夫一大就得過去看。十六年初，和你到北京來，將邁兒，轉子留在家裡；三年多還不能去接他們，可真把你惦記苦了。你並不常提，我卻明白。你後來說你的病就是惦記出來的；那個自然也有份兒，不過大半還是養育孩子累的。你的短短的十二年結婚生活，有十一年耗費在孩子們身上；而你一點不厭倦，有多少力量用多少，一直到自己毀滅為止。你對孩子一般兒愛，不問男的女的，大的小的。也不想到什麼“養兒防老，積穀防饑”，只拚命的愛去。你對於教育老實說有些外行，孩子們只要吃得好玩得好就成了。這也難怪你，你自己便是這樣長大的。況且孩子們原都還小，吃和玩本來也要緊的。你病重的時候最放不下的還是孩子。病的只剩皮包著骨頭了，總不信自己不會好；老說：“我死了，這一大群孩子可苦了。”後來說送你回家，你想著可以看見邁兒和轉子，也願意；你萬不想到會一走不返的。我送車的時候，你忍不住哭了，說：“還不知能不能再見？”可憐，你的心我知道，你滿想著好好兒帶著六個孩子回來見我的。謙，你那時一定這樣想，一定的。

除了孩子，你心裡只有我。不錯，那時你父親還在；可是你母親死了，他另有個女人，你老早就覺得隔了一層似的。出嫁後第一年你雖還一心一意依戀著他老人家，到第二年上我和孩子可就將你的心占住，你再沒有多少工夫",的心占住你再沒有多少工夫,惦記,dianji,dian ji,FALSE,1:點擊 | 2:電機 | 3:電極 | 4:惦記 | 5:典籍 | 6:電擊 | 7:奠基 | 8:點集 | 9:澱積 | 10:奠祭,TRUE,4,,,,
polyphonic_unflagged,5a038d8c64eb67bd40eb0a8c,槳聲燈影裏的秦淮河,592,595,"一九二三年八月的一晚，我和平伯同遊秦淮河；平伯是初泛，我是重來了。我們雇了一隻「七板子」，在夕陽已去、皎月方來的時候，便下了船。於是槳聲汩汩，我們開始領略那晃蕩著薔薇色的歷史的秦淮河的滋味了。

秦淮河裏的船，比北京万生園、頤和園的船好，比西湖的船好，比揚州瘦西湖的船也好。這幾處的船不是覺著笨，就是覺著簡陋、局促；都不能引起乘客們的情韻，如秦淮河的船一樣。秦淮河的船約略可分為兩種：一是大船；一是小船，就是所謂「七板子」。大船艙口闊大，可容二三十人。裏面陳設著字畫和光潔的紅木家具，桌上一律嵌著冰涼的大理石面。窗格雕鏤頗細，使人起柔膩之感。窗格里映著紅色藍色的玻璃；玻璃上有精緻的花紋，也頗悅人目。「七板子」規模雖不及大船，但那淡藍色的欄杆，空敞的艙，也足繫人情思。而最出色處卻在它的艙前。艙前是甲板上的一部，上面有弧形的頂，兩邊用疏疏的欄杆支著。裏面通常放著兩張藤的躺椅。躺下，可以談天，可以望遠，可以顧盼兩岸的河房。大船上也有這個，但在小船上更覺清雋罷了。艙前的頂下，一律懸著燈彩；燈的多少、明暗，彩蘇的精粗、艷晦，是不一的，但好歹總還你一個燈彩。這燈彩實在是最能勾人的東西。夜幕垂垂地下來時，大小船上都點起燈火。從兩重玻璃裏映出那輻射著的黃黃的散光，反暈出一片朦朧的煙靄；透過這煙靄，在黯黯的水波里，又逗起縷縷的明漪。在這薄靄和微漪裏，聽著那悠然的間歇的槳聲，誰能不被引入他的",歇的槳聲誰能不被引入他的,美夢去,meimengqu,mei meng qu,FALSE,1:美夢去 | 2:美夢 | 3:沒 | 4:每 | 5:美 | 6:梅 | 7:妹 | 8:煤 | 9:眉 | 10:酶,TRUE,1,,,,
polyphonic_unflagged,c30b27e98bce68574e6194a3,給亡婦,1253,1255,"謙，日子真快，一眨眼你已經死了三個年頭了。這三年裡世事不知變化了多少回，但你未必注意這些個，我知道。你第一惦記的是你幾個孩子，第二便輪著我。孩子和我平分你的世界，你在日如此；你死後若還有知，想來還如此的。告訴你，我夏天回家來著：邁兒長得結實極了，比我高一個頭。閏兒父親說是最乖，可是沒有先前胖了。采芷和轉子都好。五兒全家誇她長得好看；卻在腿上生了濕瘡，整天坐在竹床上不能下來，看了怪可憐的。六兒，我怎麼說好，你明白，你臨終時也和母親談過，這孩子是只可以養著玩兒的，他左挨右挨去年春天，到底沒有挨過去。這孩子生了幾個月，你的肺病就重起來了。我勸你少親近他，只監督著老媽子照管就行。你總是忍不住，一會兒提，一會兒抱的。可是你病中為他操的那一份兒心也夠瞧的。那一個夏天他病的時候多，你成天兒忙著，湯呀，藥呀，冷呀，暖呀，連覺也沒有好好兒睡過。那裡有一分一毫想著你自己。瞧著他硬朗點兒你就樂，乾枯的笑容在黃蠟般的臉上，我只有暗中歎氣而已。

從來想不到做母親的要像你這樣。從邁兒起，你總是自己喂乳，一連四個都這樣。你起初不知道按鐘點兒喂，後來知道了，卻又弄不慣；孩子們每夜裡幾次將你哭醒了，特別是悶熱的夏季。我瞧你的覺老沒睡足。白天裡還得做菜，照料孩子，很少得空兒。你的身子本來壞，四個孩子就累你七八年。到了第五個，你自己實在不成了，又沒乳，只好自己餵奶粉，另雇老媽子專管她。但孩子跟老媽子睡，你就沒有放過心；夜裡一聽見哭，就豎起耳朵聽，工夫一大就得過去看。十六年初，和你到北京來，將邁兒，轉子留在家裡；三年多還不能去接他們，可真把你惦記苦了。你並不常提，我卻明白。你後來說你的病就是惦記出來的；那個自然也有份兒，不過大半還是養育孩子累的。你的短短的十二年結婚生活，有十一年耗費在孩子們身上；而你一點不厭倦，有多少力量用多少，一直到自己毀滅為止。你對孩子一般兒愛，不問男的女的，大的小的。也不想到什麼“養兒防老，積穀防饑”，只拚命的愛去。你對於教育老實說有些外行，孩子們只要吃得好玩得好就成了。這也難怪你，你自己便是這樣長大的。況且孩子們原都還小，吃和玩本來也要緊的。你病重的時候最放不下的還是孩子。病的只剩皮包著骨頭了，總不信自己不會好；老說：“我死了，這一大群孩子可苦了。”後來說送你回家，你想著可以看見邁兒和轉子，也願意；你萬不想到會一走不返的。我送車的時候，你忍不住哭了，說：“還不知能不能再見？”可憐，你的心我知道，你滿想著好好兒帶著六個孩子回來見我的。謙，你那時一定這樣想，一定的。

除了孩子，你心裡只有我。不錯，那時你父親還在；可是你母親死了，他另有個女人，你老早就覺得隔了一層似的。出嫁後第一年你雖還一心一意依戀著他老人家，到第二年上我和孩子可就將你的心占住，你再沒有多少工夫惦記他了。你還記得第一年我在北京，你在家裡。家裡來信說你待不住，常回娘家去。我動氣了，馬上寫信責備你。你教人寫了一封復信，說家裡有事，不能不回去。這是你第一次也可以說第末次的抗議，我從此就沒給你寫信。暑假時帶了一肚子主意",寫信暑假時帶了一肚子主意,回去,huiqu,hui qu,FALSE,1:回去 | 2:會去 | 3:揮去 | 4:會娶 | 5:會 | 6:回 | 7:灰 | 8:輝 | 9:惠 | 10:匯,TRUE,1,,,,
top10_missing,170917f7e1695eac835f79fd,阿河,3334,3336,"我這一回寒假，因為養病，住到一家親戚的別墅里去。那別墅是在鄉下。前面偏左的地方，是一片淡藍的湖水，對岸環擁著不盡的青山。山的影子倒映在水里，越顯得清清朗朗的。水面常如鏡子一般。風起時，微有皺痕；像少女們皺她們的眉頭，過一會子就好了。湖的余勢束成一條小港，緩緩地不聲不響地流過別墅的門前。門前有一條小石橋，橋那邊盡是田畝。這邊沿岸一帶，相間地栽著桃樹和柳樹，春來當有一番熱鬧的夢。別墅外面繚繞著短短的竹篱，篱外是小小的路。里邊一座向南的樓，背后便倚著山。西邊是三間平屋，我便住在這里。院子里有兩塊草地，上面隨便放著兩三塊石頭。另外的隙地上，或羅列著盆栽，或种蒔著花草。篱邊還有几株枝干蟠曲的大樹，有一株几乎要伸到水里去了。

我的親戚韋君只有夫婦二人和一個女儿。她在外邊念書，這時也剛回到家里。她邀來三位同學，同到她家過這個寒假；兩位是親戚，一位是朋友。她們住著樓上的兩間屋子。韋君夫婦也住在樓上。樓下正中是客廳，常是閒著，西間是吃飯的地方；東間便是韋君的書房，我們談天，喝茶，看報，都在這里。我吃了飯，便是一個人，也要到這里來閒坐一回。我來的第二天，韋小姐告訴我，她母親要給她們找一個好好的女用人；長工阿齊說有一個表妹，母親叫他明天就帶來做做看呢。她似乎很高興的樣子，我只是不經意地答應。

平屋与樓屋之間，是一個小小的廚房。我住的是東面的屋子，從窗子里可以看見廚房里人的來往。這一天午飯前，我偶然向外看看，見一個面生的女用人，兩手提著兩把白鐵壺，正往廚房里走；韋家的李媽在她前面領著，不知在和她說甚么話。她的頭髮亂蓬蓬的，像冬天的枯草一樣。身上穿著鑲邊的黑布棉襖和夾褲，黑里已泛出黃色；棉襖長与膝齊，夾褲也直拖到腳背上。腳倒是雙天足，穿著尖頭的黑布鞋，后跟還帶著兩片同色的“葉拔儿”。想這就是阿齊帶來的女用人了；想完了就坐下看書。晚飯后，韋小姐告訴我，女用人來了，她的名字叫“阿河”。我說，“名字很好，只是人土些；還能做么？”她說，“別看她土，很聰明呢。”我說，“哦。”便接著看手中的報了。

以后每天早上，中上，晚上，我常常看見阿河挈著水壺來往；她的眼似乎總是望前看的。兩個禮拜匆匆地過去了。韋小姐忽然和我說，你別看阿河土，她的志气很好，她是個可怜的人。我和娘說，把我前年在家穿的那身棉襖褲給了她吧。我嫌那兩件衣服太花，給了她正好。娘先不肯，說她來了沒有几天；后來也肯了。今天拿出來讓她穿，正合式呢。我們教給她打絨繩鞋，她真聰明，一學就會了。她說拿到工錢，也要打一雙穿呢。我等几天再和娘說去。

“她這樣愛好！怪不得頭髮光得多了，原來都是你們教她的。好！你們盡教她講究，她將來怕不愿回家去呢。”大家都笑了。

舊新年是過去了。因為江浙的兵事，我們的學校一時還不能開學。我們大家都樂得在別墅里多住些日子。這時阿河如換了一個人。她穿著寶藍色挑著小花儿的布棉襖褲；腳下是嫩藍色毛繩鞋，鞋口還綴著兩個半藍半白的小絨球儿。我想這一定是她的小姐們給幫忙的。古語說得好，“人要衣裳馬要鞍”，阿河這一打扮，真有些楚楚可怜了。她的頭髮早已是刷得光光的，覆額的留海也梳得十分伏帖。一張小小的圓臉，如正開的桃李花；臉上并沒有笑，卻隱隱地含著春日的光輝，像花房里充了蜜一般。這在我几乎是一個奇跡；我現在是常站在窗前看她了。我覺得在深山里發見了一粒貓儿眼；這樣精純的貓儿眼，是我生平所僅見！我覺得我們相識已太長久，极愿和她說一句話——极平淡的話，一句也好。但我怎好平白地和她攀談呢？這樣郁郁了一禮拜。

這是元宵節的前一晚上。我吃了飯，在屋里坐了一會，覺得有些無聊，便信步走到那書房里。拿起報來，想再細看一回。忽然門鈕一響，阿河進來了。她手里拿著三四支顏色鉛筆；出乎意料地走近了我。她站在我面前了，靜靜地微笑著說：“白先生，你知道鉛筆刨在哪里？”一面將拿著的鉛筆給我看。我不自主地立起來，匆忙地應道，“在這里；”我用手指著南邊柱子。但我立刻覺得這是不夠的。我領她走近了柱子。這時我像閃電似地躊躇了一下，便說，“我…… 我……”她一聲不響地已將一支鉛筆交給我。我放進刨子里刨給她看。刨了兩下，便想交給她；但終于刨完了一支，交還了她。她接了筆略看一看，仍仰著臉向我。我窘极了。剎那間念頭轉了好几個圈子；到底硬著頭皮搭訕著說，“就這樣刨好了。”我赶緊向門外一瞥，就走回原處看報去。但我的頭剛低下，我的眼已抬起來了。于是遠遠地從容地問道，“你會么？”她不曾掉過頭來，只“嚶”了一聲，也不說話。我看了她背影一會。覺得應該低下頭了。等我再抬起頭來時，她已默默地向外走了。她似乎總是望前看的；我想再問她一句話，但終于不曾出口。我撇下了報，站起來走了一會，便回到自己屋里。

我一直想著些什么，但什么也沒有想出。

第二天早上看見她往廚房里走時，我發愿我的眼將老跟著她的影子！她的影子真好。她那几步路走得又敏捷，又勻稱，又苗條，正如一只可愛的小貓。她兩手各提著一只水壺，又令我想到在一條細細的索儿上抖擻精神走著的女子。這全由于她的腰；她的腰真太軟了，用白水的話說，真是軟到使我如吃蘇州的牛皮糖一樣。不止她的腰，我的日記里說得好：“她有一套和云霞比美，水月爭靈的曲線，織成大大的一張迷惑的网！”而那兩頰的曲線，尤其甜蜜可人。她兩頰是白中透著微紅，潤澤如玉。她的皮膚，嫩得可以掐出水來；我的日記里說，“我很想去掐她一下呀！”她的眼像一雙小燕子，老是在灩灩的春水上打著圈儿。她的笑最使我記住，像一朵花漂浮在我的腦海里。我不是說過，她的小圓臉像正開的桃花么？那么，她微笑的時候，便是盛開的時候了：花房里充滿了蜜，真如要流出來的樣子。她的髮不甚厚，但黑而有光，柔軟而滑，如純絲一般。只可惜我不曾聞著一些儿香。唉！從前我在窗前看她好多次，所得的真太少了；若不是昨晚一見，——雖只几分鐘——我真太對不起這樣一個人儿了。

午飯后，韋君照例地睡午覺去了，只有我，韋小姐和其他三位小姐在書房里。我有意無意地談起阿河的事。我說：

“你們怎知道她的志气好呢？”

“那天我們教給她打絨繩鞋；”一位蔡小姐便答道，“看她很聰明，就問她為甚么不念書？她被我們一問，就傷心起來了。……”

“是的，”韋小姐笑著搶了說，“后來還哭了呢；還有一位傻子陪她淌眼淚呢。”

那邊黃小姐可急了，走過來推了她一下。蔡小姐忙攔住道，“人家說正經話，你們盡鬧著玩儿！讓我說完了呀——”“我代你說啵，”韋小姐仍搶著說，“——她說她只有一個爹，沒有娘。嫁了一個男人，倒有三十多歲，土頭土腦的，臉上滿是包！他是李媽的鄰舍，我還看見過呢。……”“好了，底下我說吧。”蔡小姐接著道，“她男人又不要好，盡愛賭錢；她一气，就住到娘家來，有一年多不回去了。”

“她今年几歲？”我問。

“十七不知十八？前年出嫁的，几個月就回家了，”蔡小姐說。

“不，十八，我知道，”韋小姐改正道。

“哦。你們可曾勸她离婚？”

“怎么不勸；”韋小姐應道，“她說十八回去吃她表哥的喜酒，要和她的爹去說呢。”

“你們教她的好事，該當何罪！”我笑了。

她們也都笑了。

十九的早上，我正在屋里看書，听見外面有嚷嚷的聲音；這是從來沒有的。我立刻走出來看；只見門外有兩個鄉下人要走進來，卻給阿齊攔住。他們只是央告，阿齊只是不肯。這時韋君已走出院中，向他們道，

“你們回去吧。人在我這里，不要緊的。快回去，不要瞎吵！”

兩個人面面相覷，說不出一句話；俄延了一會，只好走了。我問韋君什么事？他說，

“阿河囉！還不是瞎吵一回子。”

我想他于男女的事向來是懶得說的，還是回頭問他小姐的好；我們便談到別的事情上去。

吃了飯，我赶緊問韋小姐，她說，

“她是告訴娘的，你問娘去。”

我想這件事有些尷尬，便到西間里問韋太太；她正看著李媽收拾碗碟呢。她見我問，便笑著說，

“你要問這些事做什么？她昨天回去，原是借了阿桂的衣裳穿了去的，打扮得嬌滴滴的，也難怪，被她男人看見了，便約了些不相干的人，將她搶回去過了一夜。今天早上，她騙她男人，說要到此地來拿行李。她男人就會信她，派了兩個人跟著。那知她到了這里，便叫阿齊攔著那跟來的人；她自己便跪在我面前哭訴，說死也不愿回她男人家去。你說我有",不愿回她男人家去你說我有,什么,shenme,shen me,TRUE,1:什麼 | 2:甚麼 | 3:神 | 4:沈 | 5:深 | 6:身 | 7:甚 | 8:申 | 9:腎 | 10:伸,FALSE,,,,,
top10_missing,3f7db72d2e3d402262032985,阿河,199,201,我這一回寒假，因為養病，住到一家親戚的別墅里去。那別墅是在鄉下。前面偏左的地方，是一片淡藍的湖水，對岸環擁著不盡的青山。山的影子倒映在水里，越顯得清清朗朗的。水面常如鏡子一般。風起時，微有皺痕；像少女們皺她們的眉頭，過一會子就好了。湖的余勢束成一條小港，緩緩地不聲不響地流過別墅的門前。門前有一條小石橋，橋那邊盡是田畝。這邊沿岸一帶，相間地栽著桃樹和柳樹，春來當有一番熱鬧的夢。別墅外面繚繞著短短的,的夢別墅外面繚繞著短短的,竹篱,zhuli,zhu li,FALSE,1:主力 | 2:助理 | 3:助力 | 4:朱棣 | 5:佇立 | 6:逐利 | 7:朱莉 | 8:竹籬 | 9:竹笠 | 10:宁立,FALSE,,,,,
top10_missing,a7e1a793438a323e87648955,阿河,4773,4775,"我這一回寒假，因為養病，住到一家親戚的別墅里去。那別墅是在鄉下。前面偏左的地方，是一片淡藍的湖水，對岸環擁著不盡的青山。山的影子倒映在水里，越顯得清清朗朗的。水面常如鏡子一般。風起時，微有皺痕；像少女們皺她們的眉頭，過一會子就好了。湖的余勢束成一條小港，緩緩地不聲不響地流過別墅的門前。門前有一條小石橋，橋那邊盡是田畝。這邊沿岸一帶，相間地栽著桃樹和柳樹，春來當有一番熱鬧的夢。別墅外面繚繞著短短的竹篱，篱外是小小的路。里邊一座向南的樓，背后便倚著山。西邊是三間平屋，我便住在這里。院子里有兩塊草地，上面隨便放著兩三塊石頭。另外的隙地上，或羅列著盆栽，或种蒔著花草。篱邊還有几株枝干蟠曲的大樹，有一株几乎要伸到水里去了。

我的親戚韋君只有夫婦二人和一個女儿。她在外邊念書，這時也剛回到家里。她邀來三位同學，同到她家過這個寒假；兩位是親戚，一位是朋友。她們住著樓上的兩間屋子。韋君夫婦也住在樓上。樓下正中是客廳，常是閒著，西間是吃飯的地方；東間便是韋君的書房，我們談天，喝茶，看報，都在這里。我吃了飯，便是一個人，也要到這里來閒坐一回。我來的第二天，韋小姐告訴我，她母親要給她們找一個好好的女用人；長工阿齊說有一個表妹，母親叫他明天就帶來做做看呢。她似乎很高興的樣子，我只是不經意地答應。

平屋与樓屋之間，是一個小小的廚房。我住的是東面的屋子，從窗子里可以看見廚房里人的來往。這一天午飯前，我偶然向外看看，見一個面生的女用人，兩手提著兩把白鐵壺，正往廚房里走；韋家的李媽在她前面領著，不知在和她說甚么話。她的頭髮亂蓬蓬的，像冬天的枯草一樣。身上穿著鑲邊的黑布棉襖和夾褲，黑里已泛出黃色；棉襖長与膝齊，夾褲也直拖到腳背上。腳倒是雙天足，穿著尖頭的黑布鞋，后跟還帶著兩片同色的“葉拔儿”。想這就是阿齊帶來的女用人了；想完了就坐下看書。晚飯后，韋小姐告訴我，女用人來了，她的名字叫“阿河”。我說，“名字很好，只是人土些；還能做么？”她說，“別看她土，很聰明呢。”我說，“哦。”便接著看手中的報了。

以后每天早上，中上，晚上，我常常看見阿河挈著水壺來往；她的眼似乎總是望前看的。兩個禮拜匆匆地過去了。韋小姐忽然和我說，你別看阿河土，她的志气很好，她是個可怜的人。我和娘說，把我前年在家穿的那身棉襖褲給了她吧。我嫌那兩件衣服太花，給了她正好。娘先不肯，說她來了沒有几天；后來也肯了。今天拿出來讓她穿，正合式呢。我們教給她打絨繩鞋，她真聰明，一學就會了。她說拿到工錢，也要打一雙穿呢。我等几天再和娘說去。

“她這樣愛好！怪不得頭髮光得多了，原來都是你們教她的。好！你們盡教她講究，她將來怕不愿回家去呢。”大家都笑了。

舊新年是過去了。因為江浙的兵事，我們的學校一時還不能開學。我們大家都樂得在別墅里多住些日子。這時阿河如換了一個人。她穿著寶藍色挑著小花儿的布棉襖褲；腳下是嫩藍色毛繩鞋，鞋口還綴著兩個半藍半白的小絨球儿。我想這一定是她的小姐們給幫忙的。古語說得好，“人要衣裳馬要鞍”，阿河這一打扮，真有些楚楚可怜了。她的頭髮早已是刷得光光的，覆額的留海也梳得十分伏帖。一張小小的圓臉，如正開的桃李花；臉上并沒有笑，卻隱隱地含著春日的光輝，像花房里充了蜜一般。這在我几乎是一個奇跡；我現在是常站在窗前看她了。我覺得在深山里發見了一粒貓儿眼；這樣精純的貓儿眼，是我生平所僅見！我覺得我們相識已太長久，极愿和她說一句話——极平淡的話，一句也好。但我怎好平白地和她攀談呢？這樣郁郁了一禮拜。

這是元宵節的前一晚上。我吃了飯，在屋里坐了一會，覺得有些無聊，便信步走到那書房里。拿起報來，想再細看一回。忽然門鈕一響，阿河進來了。她手里拿著三四支顏色鉛筆；出乎意料地走近了我。她站在我面前了，靜靜地微笑著說：“白先生，你知道鉛筆刨在哪里？”一面將拿著的鉛筆給我看。我不自主地立起來，匆忙地應道，“在這里；”我用手指著南邊柱子。但我立刻覺得這是不夠的。我領她走近了柱子。這時我像閃電似地躊躇了一下，便說，“我…… 我……”她一聲不響地已將一支鉛筆交給我。我放進刨子里刨給她看。刨了兩下，便想交給她；但終于刨完了一支，交還了她。她接了筆略看一看，仍仰著臉向我。我窘极了。剎那間念頭轉了好几個圈子；到底硬著頭皮搭訕著說，“就這樣刨好了。”我赶緊向門外一瞥，就走回原處看報去。但我的頭剛低下，我的眼已抬起來了。于是遠遠地從容地問道，“你會么？”她不曾掉過頭來，只“嚶”了一聲，也不說話。我看了她背影一會。覺得應該低下頭了。等我再抬起頭來時，她已默默地向外走了。她似乎總是望前看的；我想再問她一句話，但終于不曾出口。我撇下了報，站起來走了一會，便回到自己屋里。

我一直想著些什么，但什么也沒有想出。

第二天早上看見她往廚房里走時，我發愿我的眼將老跟著她的影子！她的影子真好。她那几步路走得又敏捷，又勻稱，又苗條，正如一只可愛的小貓。她兩手各提著一只水壺，又令我想到在一條細細的索儿上抖擻精神走著的女子。這全由于她的腰；她的腰真太軟了，用白水的話說，真是軟到使我如吃蘇州的牛皮糖一樣。不止她的腰，我的日記里說得好：“她有一套和云霞比美，水月爭靈的曲線，織成大大的一張迷惑的网！”而那兩頰的曲線，尤其甜蜜可人。她兩頰是白中透著微紅，潤澤如玉。她的皮膚，嫩得可以掐出水來；我的日記里說，“我很想去掐她一下呀！”她的眼像一雙小燕子，老是在灩灩的春水上打著圈儿。她的笑最使我記住，像一朵花漂浮在我的腦海里。我不是說過，她的小圓臉像正開的桃花么？那么，她微笑的時候，便是盛開的時候了：花房里充滿了蜜，真如要流出來的樣子。她的髮不甚厚，但黑而有光，柔軟而滑，如純絲一般。只可惜我不曾聞著一些儿香。唉！從前我在窗前看她好多次，所得的真太少了；若不是昨晚一見，——雖只几分鐘——我真太對不起這樣一個人儿了。

午飯后，韋君照例地睡午覺去了，只有我，韋小姐和其他三位小姐在書房里。我有意無意地談起阿河的事。我說：

“你們怎知道她的志气好呢？”

“那天我們教給她打絨繩鞋；”一位蔡小姐便答道，“看她很聰明，就問她為甚么不念書？她被我們一問，就傷心起來了。……”

“是的，”韋小姐笑著搶了說，“后來還哭了呢；還有一位傻子陪她淌眼淚呢。”

那邊黃小姐可急了，走過來推了她一下。蔡小姐忙攔住道，“人家說正經話，你們盡鬧著玩儿！讓我說完了呀——”“我代你說啵，”韋小姐仍搶著說，“——她說她只有一個爹，沒有娘。嫁了一個男人，倒有三十多歲，土頭土腦的，臉上滿是包！他是李媽的鄰舍，我還看見過呢。……”“好了，底下我說吧。”蔡小姐接著道，“她男人又不要好，盡愛賭錢；她一气，就住到娘家來，有一年多不回去了。”

“她今年几歲？”我問。

“十七不知十八？前年出嫁的，几個月就回家了，”蔡小姐說。

“不，十八，我知道，”韋小姐改正道。

“哦。你們可曾勸她离婚？”

“怎么不勸；”韋小姐應道，“她說十八回去吃她表哥的喜酒，要和她的爹去說呢。”

“你們教她的好事，該當何罪！”我笑了。

她們也都笑了。

十九的早上，我正在屋里看書，听見外面有嚷嚷的聲音；這是從來沒有的。我立刻走出來看；只見門外有兩個鄉下人要走進來，卻給阿齊攔住。他們只是央告，阿齊只是不肯。這時韋君已走出院中，向他們道，

“你們回去吧。人在我這里，不要緊的。快回去，不要瞎吵！”

兩個人面面相覷，說不出一句話；俄延了一會，只好走了。我問韋君什么事？他說，

“阿河囉！還不是瞎吵一回子。”

我想他于男女的事向來是懶得說的，還是回頭問他小姐的好；我們便談到別的事情上去。

吃了飯，我赶緊問韋小姐，她說，

“她是告訴娘的，你問娘去。”

我想這件事有些尷尬，便到西間里問韋太太；她正看著李媽收拾碗碟呢。她見我問，便笑著說，

“你要問這些事做什么？她昨天回去，原是借了阿桂的衣裳穿了去的，打扮得嬌滴滴的，也難怪，被她男人看見了，便約了些不相干的人，將她搶回去過了一夜。今天早上，她騙她男人，說要到此地來拿行李。她男人就會信她，派了兩個人跟著。那知她到了這里，便叫阿齊攔著那跟來的人；她自己便跪在我面前哭訴，說死也不愿回她男人家去。你說我有什么法子。只好讓那跟來的人先回去再說。好在沒有几天，她們要上學了，我將來交給她的爹吧。唉，現在的人，心眼儿真是越過越大了；一個鄉下女人，也會鬧出這樣惊天動地的事了！”

“可不是，”李媽在旁插嘴道，“太太你不知道；我家三叔前儿來，我還听他說呢。我本不該說的，阿彌陀佛！太太，你想她不愿意回婆家，老愿意住在娘家，是什么道理？家里只有一個單身的老子；你想那該死的老畜生！他舍不得放她回去呀！”

“低些，真的么？”韋太太惊詫地問。

“他們說得千真万确的。我早就想告訴太太了，總有些疑心；今天看她的樣子，真有几分對呢。太太，你想現在還成什么世界！”

“這該不至于吧。”我淡淡地插了一句。

“少爺，你那里知道！”韋太太歎了一口气，“——好在沒有几天了，讓她快些走吧；別將我們的運气帶坏了。她的事，我們以后也別談吧。”

開學的通告來了，我定在二十八走。二十六的晚上，阿河忽然不到廚房里挈水了。韋小姐跑來低低地告訴我，“娘叫阿齊將阿河送回去了；我在樓上，都不知道呢。”我應了一聲，一句話也沒有說。正如每日有三頓飽飯吃的人，忽然絕了糧；卻又不能告訴一個人！而且我覺得她的前面是黑洞洞的，此去不定有什么好歹！那一夜我是沒有好好地睡，只翻來覆去地做夢，醒來卻又一例茫然。這樣昏昏沉沉地到了二十八早上，懶懶地向韋君夫婦和韋小姐告別而行，韋君夫婦堅約春假再來住，我只得含糊答應著。出門時，我很想回望廚房几眼；但許多人都站在門口送我，我怎好回頭呢？

到校一打听，老友陸已來了。我不及料理行李，便找著他，將阿河的事一五一十告訴他。他本是個好事的人；听我說時，時而皺眉，時而歎气，時而擦掌。听到她只十八歲時，他突然將舌頭一伸，跳起來道，

“可惜我早有了我那太太！要不然，我准得想法子娶她！”

“你娶她就好了；現在不知鹿死誰手呢？”

我倆默默相對了一會，陸忽然拍著桌子道，

“有了，老汪不是去年失了戀么？他現在還沒有主儿，何不給他倆撮合一下。”

我正要答說，他已出去了。過了一會子，他和汪來了，進門就嚷著說，

“我和他說，他不信；要問你呢！”

“事是有的，人呢，也真不錯。只是人家的事，我們憑什么去管！”我說。

“想法子呀！”陸嚷著。

“什么法子？你說！”

“好，你們盡和我開玩笑，我才不理會你們呢！”汪笑了。

我們几乎每天都要談到阿河，但誰也不曾認真去“想法子。”

一轉眼已到了春假。我再到韋君別墅的時候，水是綠綠的，桃腮柳眼，著意引人。我卻只惦著阿河，不知她怎么樣了。那時韋小姐已回來兩天。我背地里問她，她說，“奇得很！阿齊告訴我，說她二月間來求娘來了。她說她男人已死了心，不想她回去；只不肯白白地放掉她。他教她的爹拿出八十塊錢來，人就是她的爹的了；他自己也好另娶一房人。可是阿河說她的爹那有這些錢？她求娘可怜可怜她！娘的脾气你知道。她是個古板的人；她數說了阿河一頓，一個錢也不給！我現在和阿齊說，讓他上鎮去時，帶個信儿給她，我可以給她五塊錢。我想你也可以幫她些，我教阿齊一塊儿告訴她吧。只可惜她未必肯再上我們這儿來囉！”

“我拿十塊錢吧，你告訴阿齊就是。”

我看阿齊空閒了，便又去問阿河的事。他說，

“她的爹正給她東找西找地找主儿呢。只怕難吧，八十塊大洋呢！”

我忽然覺得不自在起來，不愿再問下去。

過了兩天，阿齊從鎮上回來，說，

“今天見著阿河了。娘的，齊整起來了。穿起了裙子，做老板娘娘了！据說是自己揀中的；這种年頭！”

我立刻覺得，這一來全完了！只",我立刻覺得這一來全完了只,怔怔,zhengzheng,zheng zheng,FALSE,1:整整 | 2:丁丁 | 3:正正 | 4:蒸蒸 | 5:錚錚 | 6:鄭錚 | 7:烝烝 | 8:正 | 9:整 | 10:證,FALSE,,,,,
top10_missing,974608e1230f0fcf25cad2fd,阿河,4441,4443,"我這一回寒假，因為養病，住到一家親戚的別墅里去。那別墅是在鄉下。前面偏左的地方，是一片淡藍的湖水，對岸環擁著不盡的青山。山的影子倒映在水里，越顯得清清朗朗的。水面常如鏡子一般。風起時，微有皺痕；像少女們皺她們的眉頭，過一會子就好了。湖的余勢束成一條小港，緩緩地不聲不響地流過別墅的門前。門前有一條小石橋，橋那邊盡是田畝。這邊沿岸一帶，相間地栽著桃樹和柳樹，春來當有一番熱鬧的夢。別墅外面繚繞著短短的竹篱，篱外是小小的路。里邊一座向南的樓，背后便倚著山。西邊是三間平屋，我便住在這里。院子里有兩塊草地，上面隨便放著兩三塊石頭。另外的隙地上，或羅列著盆栽，或种蒔著花草。篱邊還有几株枝干蟠曲的大樹，有一株几乎要伸到水里去了。

我的親戚韋君只有夫婦二人和一個女儿。她在外邊念書，這時也剛回到家里。她邀來三位同學，同到她家過這個寒假；兩位是親戚，一位是朋友。她們住著樓上的兩間屋子。韋君夫婦也住在樓上。樓下正中是客廳，常是閒著，西間是吃飯的地方；東間便是韋君的書房，我們談天，喝茶，看報，都在這里。我吃了飯，便是一個人，也要到這里來閒坐一回。我來的第二天，韋小姐告訴我，她母親要給她們找一個好好的女用人；長工阿齊說有一個表妹，母親叫他明天就帶來做做看呢。她似乎很高興的樣子，我只是不經意地答應。

平屋与樓屋之間，是一個小小的廚房。我住的是東面的屋子，從窗子里可以看見廚房里人的來往。這一天午飯前，我偶然向外看看，見一個面生的女用人，兩手提著兩把白鐵壺，正往廚房里走；韋家的李媽在她前面領著，不知在和她說甚么話。她的頭髮亂蓬蓬的，像冬天的枯草一樣。身上穿著鑲邊的黑布棉襖和夾褲，黑里已泛出黃色；棉襖長与膝齊，夾褲也直拖到腳背上。腳倒是雙天足，穿著尖頭的黑布鞋，后跟還帶著兩片同色的“葉拔儿”。想這就是阿齊帶來的女用人了；想完了就坐下看書。晚飯后，韋小姐告訴我，女用人來了，她的名字叫“阿河”。我說，“名字很好，只是人土些；還能做么？”她說，“別看她土，很聰明呢。”我說，“哦。”便接著看手中的報了。

以后每天早上，中上，晚上，我常常看見阿河挈著水壺來往；她的眼似乎總是望前看的。兩個禮拜匆匆地過去了。韋小姐忽然和我說，你別看阿河土，她的志气很好，她是個可怜的人。我和娘說，把我前年在家穿的那身棉襖褲給了她吧。我嫌那兩件衣服太花，給了她正好。娘先不肯，說她來了沒有几天；后來也肯了。今天拿出來讓她穿，正合式呢。我們教給她打絨繩鞋，她真聰明，一學就會了。她說拿到工錢，也要打一雙穿呢。我等几天再和娘說去。

“她這樣愛好！怪不得頭髮光得多了，原來都是你們教她的。好！你們盡教她講究，她將來怕不愿回家去呢。”大家都笑了。

舊新年是過去了。因為江浙的兵事，我們的學校一時還不能開學。我們大家都樂得在別墅里多住些日子。這時阿河如換了一個人。她穿著寶藍色挑著小花儿的布棉襖褲；腳下是嫩藍色毛繩鞋，鞋口還綴著兩個半藍半白的小絨球儿。我想這一定是她的小姐們給幫忙的。古語說得好，“人要衣裳馬要鞍”，阿河這一打扮，真有些楚楚可怜了。她的頭髮早已是刷得光光的，覆額的留海也梳得十分伏帖。一張小小的圓臉，如正開的桃李花；臉上并沒有笑，卻隱隱地含著春日的光輝，像花房里充了蜜一般。這在我几乎是一個奇跡；我現在是常站在窗前看她了。我覺得在深山里發見了一粒貓儿眼；這樣精純的貓儿眼，是我生平所僅見！我覺得我們相識已太長久，极愿和她說一句話——极平淡的話，一句也好。但我怎好平白地和她攀談呢？這樣郁郁了一禮拜。

這是元宵節的前一晚上。我吃了飯，在屋里坐了一會，覺得有些無聊，便信步走到那書房里。拿起報來，想再細看一回。忽然門鈕一響，阿河進來了。她手里拿著三四支顏色鉛筆；出乎意料地走近了我。她站在我面前了，靜靜地微笑著說：“白先生，你知道鉛筆刨在哪里？”一面將拿著的鉛筆給我看。我不自主地立起來，匆忙地應道，“在這里；”我用手指著南邊柱子。但我立刻覺得這是不夠的。我領她走近了柱子。這時我像閃電似地躊躇了一下，便說，“我…… 我……”她一聲不響地已將一支鉛筆交給我。我放進刨子里刨給她看。刨了兩下，便想交給她；但終于刨完了一支，交還了她。她接了筆略看一看，仍仰著臉向我。我窘极了。剎那間念頭轉了好几個圈子；到底硬著頭皮搭訕著說，“就這樣刨好了。”我赶緊向門外一瞥，就走回原處看報去。但我的頭剛低下，我的眼已抬起來了。于是遠遠地從容地問道，“你會么？”她不曾掉過頭來，只“嚶”了一聲，也不說話。我看了她背影一會。覺得應該低下頭了。等我再抬起頭來時，她已默默地向外走了。她似乎總是望前看的；我想再問她一句話，但終于不曾出口。我撇下了報，站起來走了一會，便回到自己屋里。

我一直想著些什么，但什么也沒有想出。

第二天早上看見她往廚房里走時，我發愿我的眼將老跟著她的影子！她的影子真好。她那几步路走得又敏捷，又勻稱，又苗條，正如一只可愛的小貓。她兩手各提著一只水壺，又令我想到在一條細細的索儿上抖擻精神走著的女子。這全由于她的腰；她的腰真太軟了，用白水的話說，真是軟到使我如吃蘇州的牛皮糖一樣。不止她的腰，我的日記里說得好：“她有一套和云霞比美，水月爭靈的曲線，織成大大的一張迷惑的网！”而那兩頰的曲線，尤其甜蜜可人。她兩頰是白中透著微紅，潤澤如玉。她的皮膚，嫩得可以掐出水來；我的日記里說，“我很想去掐她一下呀！”她的眼像一雙小燕子，老是在灩灩的春水上打著圈儿。她的笑最使我記住，像一朵花漂浮在我的腦海里。我不是說過，她的小圓臉像正開的桃花么？那么，她微笑的時候，便是盛開的時候了：花房里充滿了蜜，真如要流出來的樣子。她的髮不甚厚，但黑而有光，柔軟而滑，如純絲一般。只可惜我不曾聞著一些儿香。唉！從前我在窗前看她好多次，所得的真太少了；若不是昨晚一見，——雖只几分鐘——我真太對不起這樣一個人儿了。

午飯后，韋君照例地睡午覺去了，只有我，韋小姐和其他三位小姐在書房里。我有意無意地談起阿河的事。我說：

“你們怎知道她的志气好呢？”

“那天我們教給她打絨繩鞋；”一位蔡小姐便答道，“看她很聰明，就問她為甚么不念書？她被我們一問，就傷心起來了。……”

“是的，”韋小姐笑著搶了說，“后來還哭了呢；還有一位傻子陪她淌眼淚呢。”

那邊黃小姐可急了，走過來推了她一下。蔡小姐忙攔住道，“人家說正經話，你們盡鬧著玩儿！讓我說完了呀——”“我代你說啵，”韋小姐仍搶著說，“——她說她只有一個爹，沒有娘。嫁了一個男人，倒有三十多歲，土頭土腦的，臉上滿是包！他是李媽的鄰舍，我還看見過呢。……”“好了，底下我說吧。”蔡小姐接著道，“她男人又不要好，盡愛賭錢；她一气，就住到娘家來，有一年多不回去了。”

“她今年几歲？”我問。

“十七不知十八？前年出嫁的，几個月就回家了，”蔡小姐說。

“不，十八，我知道，”韋小姐改正道。

“哦。你們可曾勸她离婚？”

“怎么不勸；”韋小姐應道，“她說十八回去吃她表哥的喜酒，要和她的爹去說呢。”

“你們教她的好事，該當何罪！”我笑了。

她們也都笑了。

十九的早上，我正在屋里看書，听見外面有嚷嚷的聲音；這是從來沒有的。我立刻走出來看；只見門外有兩個鄉下人要走進來，卻給阿齊攔住。他們只是央告，阿齊只是不肯。這時韋君已走出院中，向他們道，

“你們回去吧。人在我這里，不要緊的。快回去，不要瞎吵！”

兩個人面面相覷，說不出一句話；俄延了一會，只好走了。我問韋君什么事？他說，

“阿河囉！還不是瞎吵一回子。”

我想他于男女的事向來是懶得說的，還是回頭問他小姐的好；我們便談到別的事情上去。

吃了飯，我赶緊問韋小姐，她說，

“她是告訴娘的，你問娘去。”

我想這件事有些尷尬，便到西間里問韋太太；她正看著李媽收拾碗碟呢。她見我問，便笑著說，

“你要問這些事做什么？她昨天回去，原是借了阿桂的衣裳穿了去的，打扮得嬌滴滴的，也難怪，被她男人看見了，便約了些不相干的人，將她搶回去過了一夜。今天早上，她騙她男人，說要到此地來拿行李。她男人就會信她，派了兩個人跟著。那知她到了這里，便叫阿齊攔著那跟來的人；她自己便跪在我面前哭訴，說死也不愿回她男人家去。你說我有什么法子。只好讓那跟來的人先回去再說。好在沒有几天，她們要上學了，我將來交給她的爹吧。唉，現在的人，心眼儿真是越過越大了；一個鄉下女人，也會鬧出這樣惊天動地的事了！”

“可不是，”李媽在旁插嘴道，“太太你不知道；我家三叔前儿來，我還听他說呢。我本不該說的，阿彌陀佛！太太，你想她不愿意回婆家，老愿意住在娘家，是什么道理？家里只有一個單身的老子；你想那該死的老畜生！他舍不得放她回去呀！”

“低些，真的么？”韋太太惊詫地問。

“他們說得千真万确的。我早就想告訴太太了，總有些疑心；今天看她的樣子，真有几分對呢。太太，你想現在還成什么世界！”

“這該不至于吧。”我淡淡地插了一句。

“少爺，你那里知道！”韋太太歎了一口气，“——好在沒有几天了，讓她快些走吧；別將我們的運气帶坏了。她的事，我們以后也別談吧。”

開學的通告來了，我定在二十八走。二十六的晚上，阿河忽然不到廚房里挈水了。韋小姐跑來低低地告訴我，“娘叫阿齊將阿河送回去了；我在樓上，都不知道呢。”我應了一聲，一句話也沒有說。正如每日有三頓飽飯吃的人，忽然絕了糧；卻又不能告訴一個人！而且我覺得她的前面是黑洞洞的，此去不定有什么好歹！那一夜我是沒有好好地睡，只翻來覆去地做夢，醒來卻又一例茫然。這樣昏昏沉沉地到了二十八早上，懶懶地向韋君夫婦和韋小姐告別而行，韋君夫婦堅約春假再來住，我只得含糊答應著。出門時，我很想回望廚房几眼；但許多人都站在門口送我，我怎好回頭呢？

到校一打听，老友陸已來了。我不及料理行李，便找著他，將阿河的事一五一十告訴他。他本是個好事的人；听我說時，時而皺眉，時而歎气，時而擦掌。听到她只十八歲時，他突然將舌頭一伸，跳起來道，

“可惜我早有了我那太太！要不然，我准得想法子娶她！”

“你娶她就好了；現在不知鹿死誰手呢？”

我倆默默相對了一會，陸忽然拍著桌子道，

“有了，老汪不是去年失了戀么？他現在還沒有主儿，何不給他倆撮合一下。”

我正要答說，他已出去了。過了一會子，他和汪來了，進門就嚷著說，

“我和他說，他不信；要問你呢！”

“事是有的，人呢，也真不錯。只是人家的事，我們憑什么去管！”我說。

“想法子呀！”陸嚷著。

“什么法子？你說！”

“好，你們盡和我開玩笑，我才不理會你們呢！”汪笑了。

我們几乎每天都要談到阿河，但誰也不曾認真去“想法子。”

一轉眼已到了春假。我再到韋君別墅的時候，水是綠綠的，桃腮柳眼，著意引人。我卻只惦著阿河，不知她怎么樣了。那時韋小姐已回來兩天。我背地里問她，她說，“奇得很！阿齊告訴我，說她二月間來求娘來了。她說她男人已死了心，不想她回去；只不肯白白地放掉她。",她回去只不肯白白地放掉她,他教,tajiao,ta jiao,TRUE,1:他叫 | 2:踏腳 | 3:她叫 | 4:蹋腳 | 5:他家 | 6:她家 | 7:塌架 | 8:它既 | 9:獺祭 | 10:他既,FALSE,,,,,
top10_missing,7b18ef8a66b370e5bcef85e6,阿河,4572,4574,"我這一回寒假，因為養病，住到一家親戚的別墅里去。那別墅是在鄉下。前面偏左的地方，是一片淡藍的湖水，對岸環擁著不盡的青山。山的影子倒映在水里，越顯得清清朗朗的。水面常如鏡子一般。風起時，微有皺痕；像少女們皺她們的眉頭，過一會子就好了。湖的余勢束成一條小港，緩緩地不聲不響地流過別墅的門前。門前有一條小石橋，橋那邊盡是田畝。這邊沿岸一帶，相間地栽著桃樹和柳樹，春來當有一番熱鬧的夢。別墅外面繚繞著短短的竹篱，篱外是小小的路。里邊一座向南的樓，背后便倚著山。西邊是三間平屋，我便住在這里。院子里有兩塊草地，上面隨便放著兩三塊石頭。另外的隙地上，或羅列著盆栽，或种蒔著花草。篱邊還有几株枝干蟠曲的大樹，有一株几乎要伸到水里去了。

我的親戚韋君只有夫婦二人和一個女儿。她在外邊念書，這時也剛回到家里。她邀來三位同學，同到她家過這個寒假；兩位是親戚，一位是朋友。她們住著樓上的兩間屋子。韋君夫婦也住在樓上。樓下正中是客廳，常是閒著，西間是吃飯的地方；東間便是韋君的書房，我們談天，喝茶，看報，都在這里。我吃了飯，便是一個人，也要到這里來閒坐一回。我來的第二天，韋小姐告訴我，她母親要給她們找一個好好的女用人；長工阿齊說有一個表妹，母親叫他明天就帶來做做看呢。她似乎很高興的樣子，我只是不經意地答應。

平屋与樓屋之間，是一個小小的廚房。我住的是東面的屋子，從窗子里可以看見廚房里人的來往。這一天午飯前，我偶然向外看看，見一個面生的女用人，兩手提著兩把白鐵壺，正往廚房里走；韋家的李媽在她前面領著，不知在和她說甚么話。她的頭髮亂蓬蓬的，像冬天的枯草一樣。身上穿著鑲邊的黑布棉襖和夾褲，黑里已泛出黃色；棉襖長与膝齊，夾褲也直拖到腳背上。腳倒是雙天足，穿著尖頭的黑布鞋，后跟還帶著兩片同色的“葉拔儿”。想這就是阿齊帶來的女用人了；想完了就坐下看書。晚飯后，韋小姐告訴我，女用人來了，她的名字叫“阿河”。我說，“名字很好，只是人土些；還能做么？”她說，“別看她土，很聰明呢。”我說，“哦。”便接著看手中的報了。

以后每天早上，中上，晚上，我常常看見阿河挈著水壺來往；她的眼似乎總是望前看的。兩個禮拜匆匆地過去了。韋小姐忽然和我說，你別看阿河土，她的志气很好，她是個可怜的人。我和娘說，把我前年在家穿的那身棉襖褲給了她吧。我嫌那兩件衣服太花，給了她正好。娘先不肯，說她來了沒有几天；后來也肯了。今天拿出來讓她穿，正合式呢。我們教給她打絨繩鞋，她真聰明，一學就會了。她說拿到工錢，也要打一雙穿呢。我等几天再和娘說去。

“她這樣愛好！怪不得頭髮光得多了，原來都是你們教她的。好！你們盡教她講究，她將來怕不愿回家去呢。”大家都笑了。

舊新年是過去了。因為江浙的兵事，我們的學校一時還不能開學。我們大家都樂得在別墅里多住些日子。這時阿河如換了一個人。她穿著寶藍色挑著小花儿的布棉襖褲；腳下是嫩藍色毛繩鞋，鞋口還綴著兩個半藍半白的小絨球儿。我想這一定是她的小姐們給幫忙的。古語說得好，“人要衣裳馬要鞍”，阿河這一打扮，真有些楚楚可怜了。她的頭髮早已是刷得光光的，覆額的留海也梳得十分伏帖。一張小小的圓臉，如正開的桃李花；臉上并沒有笑，卻隱隱地含著春日的光輝，像花房里充了蜜一般。這在我几乎是一個奇跡；我現在是常站在窗前看她了。我覺得在深山里發見了一粒貓儿眼；這樣精純的貓儿眼，是我生平所僅見！我覺得我們相識已太長久，极愿和她說一句話——极平淡的話，一句也好。但我怎好平白地和她攀談呢？這樣郁郁了一禮拜。

這是元宵節的前一晚上。我吃了飯，在屋里坐了一會，覺得有些無聊，便信步走到那書房里。拿起報來，想再細看一回。忽然門鈕一響，阿河進來了。她手里拿著三四支顏色鉛筆；出乎意料地走近了我。她站在我面前了，靜靜地微笑著說：“白先生，你知道鉛筆刨在哪里？”一面將拿著的鉛筆給我看。我不自主地立起來，匆忙地應道，“在這里；”我用手指著南邊柱子。但我立刻覺得這是不夠的。我領她走近了柱子。這時我像閃電似地躊躇了一下，便說，“我…… 我……”她一聲不響地已將一支鉛筆交給我。我放進刨子里刨給她看。刨了兩下，便想交給她；但終于刨完了一支，交還了她。她接了筆略看一看，仍仰著臉向我。我窘极了。剎那間念頭轉了好几個圈子；到底硬著頭皮搭訕著說，“就這樣刨好了。”我赶緊向門外一瞥，就走回原處看報去。但我的頭剛低下，我的眼已抬起來了。于是遠遠地從容地問道，“你會么？”她不曾掉過頭來，只“嚶”了一聲，也不說話。我看了她背影一會。覺得應該低下頭了。等我再抬起頭來時，她已默默地向外走了。她似乎總是望前看的；我想再問她一句話，但終于不曾出口。我撇下了報，站起來走了一會，便回到自己屋里。

我一直想著些什么，但什么也沒有想出。

第二天早上看見她往廚房里走時，我發愿我的眼將老跟著她的影子！她的影子真好。她那几步路走得又敏捷，又勻稱，又苗條，正如一只可愛的小貓。她兩手各提著一只水壺，又令我想到在一條細細的索儿上抖擻精神走著的女子。這全由于她的腰；她的腰真太軟了，用白水的話說，真是軟到使我如吃蘇州的牛皮糖一樣。不止她的腰，我的日記里說得好：“她有一套和云霞比美，水月爭靈的曲線，織成大大的一張迷惑的网！”而那兩頰的曲線，尤其甜蜜可人。她兩頰是白中透著微紅，潤澤如玉。她的皮膚，嫩得可以掐出水來；我的日記里說，“我很想去掐她一下呀！”她的眼像一雙小燕子，老是在灩灩的春水上打著圈儿。她的笑最使我記住，像一朵花漂浮在我的腦海里。我不是說過，她的小圓臉像正開的桃花么？那么，她微笑的時候，便是盛開的時候了：花房里充滿了蜜，真如要流出來的樣子。她的髮不甚厚，但黑而有光，柔軟而滑，如純絲一般。只可惜我不曾聞著一些儿香。唉！從前我在窗前看她好多次，所得的真太少了；若不是昨晚一見，——雖只几分鐘——我真太對不起這樣一個人儿了。

午飯后，韋君照例地睡午覺去了，只有我，韋小姐和其他三位小姐在書房里。我有意無意地談起阿河的事。我說：

“你們怎知道她的志气好呢？”

“那天我們教給她打絨繩鞋；”一位蔡小姐便答道，“看她很聰明，就問她為甚么不念書？她被我們一問，就傷心起來了。……”

“是的，”韋小姐笑著搶了說，“后來還哭了呢；還有一位傻子陪她淌眼淚呢。”

那邊黃小姐可急了，走過來推了她一下。蔡小姐忙攔住道，“人家說正經話，你們盡鬧著玩儿！讓我說完了呀——”“我代你說啵，”韋小姐仍搶著說，“——她說她只有一個爹，沒有娘。嫁了一個男人，倒有三十多歲，土頭土腦的，臉上滿是包！他是李媽的鄰舍，我還看見過呢。……”“好了，底下我說吧。”蔡小姐接著道，“她男人又不要好，盡愛賭錢；她一气，就住到娘家來，有一年多不回去了。”

“她今年几歲？”我問。

“十七不知十八？前年出嫁的，几個月就回家了，”蔡小姐說。

“不，十八，我知道，”韋小姐改正道。

“哦。你們可曾勸她离婚？”

“怎么不勸；”韋小姐應道，“她說十八回去吃她表哥的喜酒，要和她的爹去說呢。”

“你們教她的好事，該當何罪！”我笑了。

她們也都笑了。

十九的早上，我正在屋里看書，听見外面有嚷嚷的聲音；這是從來沒有的。我立刻走出來看；只見門外有兩個鄉下人要走進來，卻給阿齊攔住。他們只是央告，阿齊只是不肯。這時韋君已走出院中，向他們道，

“你們回去吧。人在我這里，不要緊的。快回去，不要瞎吵！”

兩個人面面相覷，說不出一句話；俄延了一會，只好走了。我問韋君什么事？他說，

“阿河囉！還不是瞎吵一回子。”

我想他于男女的事向來是懶得說的，還是回頭問他小姐的好；我們便談到別的事情上去。

吃了飯，我赶緊問韋小姐，她說，

“她是告訴娘的，你問娘去。”

我想這件事有些尷尬，便到西間里問韋太太；她正看著李媽收拾碗碟呢。她見我問，便笑著說，

“你要問這些事做什么？她昨天回去，原是借了阿桂的衣裳穿了去的，打扮得嬌滴滴的，也難怪，被她男人看見了，便約了些不相干的人，將她搶回去過了一夜。今天早上，她騙她男人，說要到此地來拿行李。她男人就會信她，派了兩個人跟著。那知她到了這里，便叫阿齊攔著那跟來的人；她自己便跪在我面前哭訴，說死也不愿回她男人家去。你說我有什么法子。只好讓那跟來的人先回去再說。好在沒有几天，她們要上學了，我將來交給她的爹吧。唉，現在的人，心眼儿真是越過越大了；一個鄉下女人，也會鬧出這樣惊天動地的事了！”

“可不是，”李媽在旁插嘴道，“太太你不知道；我家三叔前儿來，我還听他說呢。我本不該說的，阿彌陀佛！太太，你想她不愿意回婆家，老愿意住在娘家，是什么道理？家里只有一個單身的老子；你想那該死的老畜生！他舍不得放她回去呀！”

“低些，真的么？”韋太太惊詫地問。

“他們說得千真万确的。我早就想告訴太太了，總有些疑心；今天看她的樣子，真有几分對呢。太太，你想現在還成什么世界！”

“這該不至于吧。”我淡淡地插了一句。

“少爺，你那里知道！”韋太太歎了一口气，“——好在沒有几天了，讓她快些走吧；別將我們的運气帶坏了。她的事，我們以后也別談吧。”

開學的通告來了，我定在二十八走。二十六的晚上，阿河忽然不到廚房里挈水了。韋小姐跑來低低地告訴我，“娘叫阿齊將阿河送回去了；我在樓上，都不知道呢。”我應了一聲，一句話也沒有說。正如每日有三頓飽飯吃的人，忽然絕了糧；卻又不能告訴一個人！而且我覺得她的前面是黑洞洞的，此去不定有什么好歹！那一夜我是沒有好好地睡，只翻來覆去地做夢，醒來卻又一例茫然。這樣昏昏沉沉地到了二十八早上，懶懶地向韋君夫婦和韋小姐告別而行，韋君夫婦堅約春假再來住，我只得含糊答應著。出門時，我很想回望廚房几眼；但許多人都站在門口送我，我怎好回頭呢？

到校一打听，老友陸已來了。我不及料理行李，便找著他，將阿河的事一五一十告訴他。他本是個好事的人；听我說時，時而皺眉，時而歎气，時而擦掌。听到她只十八歲時，他突然將舌頭一伸，跳起來道，

“可惜我早有了我那太太！要不然，我准得想法子娶她！”

“你娶她就好了；現在不知鹿死誰手呢？”

我倆默默相對了一會，陸忽然拍著桌子道，

“有了，老汪不是去年失了戀么？他現在還沒有主儿，何不給他倆撮合一下。”

我正要答說，他已出去了。過了一會子，他和汪來了，進門就嚷著說，

“我和他說，他不信；要問你呢！”

“事是有的，人呢，也真不錯。只是人家的事，我們憑什么去管！”我說。

“想法子呀！”陸嚷著。

“什么法子？你說！”

“好，你們盡和我開玩笑，我才不理會你們呢！”汪笑了。

我們几乎每天都要談到阿河，但誰也不曾認真去“想法子。”

一轉眼已到了春假。我再到韋君別墅的時候，水是綠綠的，桃腮柳眼，著意引人。我卻只惦著阿河，不知她怎么樣了。那時韋小姐已回來兩天。我背地里問她，她說，“奇得很！阿齊告訴我，說她二月間來求娘來了。她說她男人已死了心，不想她回去；只不肯白白地放掉她。他教她的爹拿出八十塊錢來，人就是她的爹的了；他自己也好另娶一房人。可是阿河說她的爹那有這些錢？她求娘可怜可怜她！娘的脾气你知道。她是個古板的人；她數說了阿河一頓，一個錢也不給！我現在和阿齊說，讓他上鎮去時，帶個信儿給她，我可以給她五塊錢。我想你也可以幫她些，我教",錢我想你也可以幫她些我教,阿齊,aqi,a qi,TRUE,1:呵氣 | 2:阿奇 | 3:啊 | 4:阿 | 5:吖 | 6:錒 | 7:嗄 | 8:呵 | 9:腌 | 10:吁,FALSE,,,,,
top10_missing,dd2f745f144663550c95c321,槳聲燈影裏的秦淮河,1154,1156,"一九二三年八月的一晚，我和平伯同遊秦淮河；平伯是初泛，我是重來了。我們雇了一隻「七板子」，在夕陽已去、皎月方來的時候，便下了船。於是槳聲汩汩，我們開始領略那晃蕩著薔薇色的歷史的秦淮河的滋味了。

秦淮河裏的船，比北京万生園、頤和園的船好，比西湖的船好，比揚州瘦西湖的船也好。這幾處的船不是覺著笨，就是覺著簡陋、局促；都不能引起乘客們的情韻，如秦淮河的船一樣。秦淮河的船約略可分為兩種：一是大船；一是小船，就是所謂「七板子」。大船艙口闊大，可容二三十人。裏面陳設著字畫和光潔的紅木家具，桌上一律嵌著冰涼的大理石面。窗格雕鏤頗細，使人起柔膩之感。窗格里映著紅色藍色的玻璃；玻璃上有精緻的花紋，也頗悅人目。「七板子」規模雖不及大船，但那淡藍色的欄杆，空敞的艙，也足繫人情思。而最出色處卻在它的艙前。艙前是甲板上的一部，上面有弧形的頂，兩邊用疏疏的欄杆支著。裏面通常放著兩張藤的躺椅。躺下，可以談天，可以望遠，可以顧盼兩岸的河房。大船上也有這個，但在小船上更覺清雋罷了。艙前的頂下，一律懸著燈彩；燈的多少、明暗，彩蘇的精粗、艷晦，是不一的，但好歹總還你一個燈彩。這燈彩實在是最能勾人的東西。夜幕垂垂地下來時，大小船上都點起燈火。從兩重玻璃裏映出那輻射著的黃黃的散光，反暈出一片朦朧的煙靄；透過這煙靄，在黯黯的水波里，又逗起縷縷的明漪。在這薄靄和微漪裏，聽著那悠然的間歇的槳聲，誰能不被引入他的美夢去呢？只愁夢太多了，這些大小船兒如何載得起呀？我們這時模模糊糊的談著明末的秦淮河的艷跡，如《桃花扇》及《板橋雜記》裏所載的。我們真神往了。我們彷彿親見那時華燈映水，畫舫凌波的光景了。於是我們的船便成了歷史的重載了。我們終於恍然秦淮河的船所以雅麗過於他處，而又有奇異的吸引力的，實在是許多歷史的影像使然了。

秦淮河的水是碧陰陰的；看起來厚而不膩，或者是六朝金粉所凝麼？我們初上船的時候，天色還未斷黑，那漾漾的柔波是這樣恬靜、委婉，使我們一面有水闊天空之想，一面又憧憬著紙醉金迷之境了。等到燈火明時，陰陰的變為沈沉了：黯淡的水光，像夢一般；那偶然閃爍著的光芒，就是夢的眼睛了。我們坐在艙前，因了那隆起的頂棚，彷彿總是昂著首向前走著似的；於是飄飄然如御風而行的我們，看著那些自在的灣泊著的船，船裏走馬燈般的人物，便像是下界一般，迢迢的遠了，又像在霧裏看花，盡朦朦朧朧的。這時我們已過了利涉橋，望見東關頭了。沿路聽見斷續的歌聲：有從沿河的妓樓飄來的，有從河上船裏渡來的。我們明知那些歌聲，只是些因襲的言詞，從生澀的歌喉裏機械的發出來的；但它們經了夏夜的微風的吹漾和水波的搖拂，嬝娜著到我們耳邊的時候，已經不單是她們的歌聲，而混著微風和河水的密語了。於是我們不得不被牽惹著，震撼著，相與浮沉於這歌聲裏了。從東關頭轉彎，不久就到大",了從東關頭轉彎不久就到大,中橋,zhongqiao,zhong qiao,TRUE,1:鐘敲 | 2:中竅 | 3:中期 | 4:中氣 | 5:重器 | 6:終期 | 7:種起 | 8:種臍 | 9:中起 | 10:中企,FALSE,,,,,
top10_missing,d304c32d7bfbb21c9ed8c944,荷塘月色,1148,1150,"這幾天心裏頗不寧靜。今晚在院子裏坐着乘涼，忽然想起日日走過的荷塘，在這滿月的光裏，總該另有一番樣子吧。月亮漸漸地升高了，牆外馬路上孩子們的歡笑，已經聽不見了；妻在屋裏拍着閏兒，迷迷糊糊地哼着眠歌。我悄悄地披了大衫，帶上門出去。

沿着荷塘，是一條曲折的小煤屑路。這是一條幽僻的路；白天也少人走，夜晚更加寂寞。荷塘四面，長着許多樹，蓊蓊鬱鬱的。路的一旁，是些楊柳，和一些不知道名字的樹。沒有月光的晚上，這路上陰森森的，有些怕人。今晚卻很好，雖然月光也還是淡淡的。

路上只我一個人，背着手踱着。這一片天地好像是我的；我也像超出了平常的自己，到了另一世界裏。我愛熱鬧，也愛冷靜；愛羣居，也愛獨處。像今晚上，一個人在這蒼茫的月下，什麽都可以想，什麽都可以不想，便覺是個自由的人。白天裏一定要做的事，一定要說的話，現在都可不理。這是獨處的妙處，我且受用這無邊的荷香月色好了。

曲曲折折的荷塘上面，彌望的是田田的葉子。葉子出水很高，像亭亭的舞女的裙。層層的葉子中間，零星地點綴着些白花，有嬝娜地開着的，有羞澀地打着朶兒的；正如一粒粒的明珠，又如碧天裏的星星，又如剛出浴的美人。微風過處，送來縷縷清淸香，彷彿遠處高樓上渺茫的歌聲似的。這時候葉子與花也有一絲的顫動，像閃電般，霎時傳過荷塘的那邊去了。葉子本是肩並肩密密地挨着，這便宛然有了一道凝碧的波痕。葉子底下是脈脈的流水，遮住了，不能見一些顏色；而葉子卻更見風致了。

月光如流水一般，靜靜地瀉在這一片葉子和花上。薄薄的靑霧浮起在荷塘裏。葉子和花彷彿在牛乳中洗過一樣；又像籠着輕紗的夢。雖然是滿月，天上卻有一層淡淡的雲，所以不能朗照；但我以爲這恰是到了好處——酣眠固不可少，小睡也別有風味的。月光是隔了樹照過來的，高處叢生的灌木，落下參差的斑駁的黑影，峭楞楞如鬼一般；彎彎的楊柳的稀疏的倩影，卻又像是畫在荷葉上。塘中的月色並不均勻；但光與影有着和諧的旋律，如梵婀玲上奏着的名曲。

荷塘的四面，遠遠近近，高高低低都是樹，而楊柳最多。這些樹將一片荷塘重重圍住；只在小路一旁，漏着幾段空隙，像是特爲月光留下的。樹色一例是陰陰的，乍看像一團煙霧；但楊柳的丰姿，便在煙霧裏也辨得出。樹梢上隱隱約約的是一帶遠山，只有些大意罷了。樹縫裏也漏着一兩點路燈光，沒精打彩的，是渴睡人的眼。這時候最熱鬧的，要數樹上的蟬聲與水裏的蛙聲；但熱鬧是牠們的，我什麽也沒有。

忽然想起采蓮的事情來了。采蓮是江南的舊俗，似乎很早就有，而六朝時爲盛；從詩歌裏可以約略知道。采蓮的是少年的女子，她們是蕩着小船，唱着豔歌去的。采蓮人不用說很多，還有看采蓮的人。那是一個熱鬧的季節，也是一個風流的季節。梁元帝采蓮賦裏說得好：

於是妖童媛女，蕩舟心許；鷁首徐迴，兼傳羽杯；櫂將移而藻挂，船欲動",傳羽杯櫂將移而藻挂船欲動,而萍,erping,er ping,TRUE,1:二平 | 2:耳屏 | 3:而 | 4:二 | 5:兒 | 6:爾 | 7:耳 | 8:貳 | 9:尓 | 10:餌,FALSE,,,,,
top10_missing,c4a6ec0f96d4b8c8ce121d46,阿河,1959,1961,"我這一回寒假，因為養病，住到一家親戚的別墅里去。那別墅是在鄉下。前面偏左的地方，是一片淡藍的湖水，對岸環擁著不盡的青山。山的影子倒映在水里，越顯得清清朗朗的。水面常如鏡子一般。風起時，微有皺痕；像少女們皺她們的眉頭，過一會子就好了。湖的余勢束成一條小港，緩緩地不聲不響地流過別墅的門前。門前有一條小石橋，橋那邊盡是田畝。這邊沿岸一帶，相間地栽著桃樹和柳樹，春來當有一番熱鬧的夢。別墅外面繚繞著短短的竹篱，篱外是小小的路。里邊一座向南的樓，背后便倚著山。西邊是三間平屋，我便住在這里。院子里有兩塊草地，上面隨便放著兩三塊石頭。另外的隙地上，或羅列著盆栽，或种蒔著花草。篱邊還有几株枝干蟠曲的大樹，有一株几乎要伸到水里去了。

我的親戚韋君只有夫婦二人和一個女儿。她在外邊念書，這時也剛回到家里。她邀來三位同學，同到她家過這個寒假；兩位是親戚，一位是朋友。她們住著樓上的兩間屋子。韋君夫婦也住在樓上。樓下正中是客廳，常是閒著，西間是吃飯的地方；東間便是韋君的書房，我們談天，喝茶，看報，都在這里。我吃了飯，便是一個人，也要到這里來閒坐一回。我來的第二天，韋小姐告訴我，她母親要給她們找一個好好的女用人；長工阿齊說有一個表妹，母親叫他明天就帶來做做看呢。她似乎很高興的樣子，我只是不經意地答應。

平屋与樓屋之間，是一個小小的廚房。我住的是東面的屋子，從窗子里可以看見廚房里人的來往。這一天午飯前，我偶然向外看看，見一個面生的女用人，兩手提著兩把白鐵壺，正往廚房里走；韋家的李媽在她前面領著，不知在和她說甚么話。她的頭髮亂蓬蓬的，像冬天的枯草一樣。身上穿著鑲邊的黑布棉襖和夾褲，黑里已泛出黃色；棉襖長与膝齊，夾褲也直拖到腳背上。腳倒是雙天足，穿著尖頭的黑布鞋，后跟還帶著兩片同色的“葉拔儿”。想這就是阿齊帶來的女用人了；想完了就坐下看書。晚飯后，韋小姐告訴我，女用人來了，她的名字叫“阿河”。我說，“名字很好，只是人土些；還能做么？”她說，“別看她土，很聰明呢。”我說，“哦。”便接著看手中的報了。

以后每天早上，中上，晚上，我常常看見阿河挈著水壺來往；她的眼似乎總是望前看的。兩個禮拜匆匆地過去了。韋小姐忽然和我說，你別看阿河土，她的志气很好，她是個可怜的人。我和娘說，把我前年在家穿的那身棉襖褲給了她吧。我嫌那兩件衣服太花，給了她正好。娘先不肯，說她來了沒有几天；后來也肯了。今天拿出來讓她穿，正合式呢。我們教給她打絨繩鞋，她真聰明，一學就會了。她說拿到工錢，也要打一雙穿呢。我等几天再和娘說去。

“她這樣愛好！怪不得頭髮光得多了，原來都是你們教她的。好！你們盡教她講究，她將來怕不愿回家去呢。”大家都笑了。

舊新年是過去了。因為江浙的兵事，我們的學校一時還不能開學。我們大家都樂得在別墅里多住些日子。這時阿河如換了一個人。她穿著寶藍色挑著小花儿的布棉襖褲；腳下是嫩藍色毛繩鞋，鞋口還綴著兩個半藍半白的小絨球儿。我想這一定是她的小姐們給幫忙的。古語說得好，“人要衣裳馬要鞍”，阿河這一打扮，真有些楚楚可怜了。她的頭髮早已是刷得光光的，覆額的留海也梳得十分伏帖。一張小小的圓臉，如正開的桃李花；臉上并沒有笑，卻隱隱地含著春日的光輝，像花房里充了蜜一般。這在我几乎是一個奇跡；我現在是常站在窗前看她了。我覺得在深山里發見了一粒貓儿眼；這樣精純的貓儿眼，是我生平所僅見！我覺得我們相識已太長久，极愿和她說一句話——极平淡的話，一句也好。但我怎好平白地和她攀談呢？這樣郁郁了一禮拜。

這是元宵節的前一晚上。我吃了飯，在屋里坐了一會，覺得有些無聊，便信步走到那書房里。拿起報來，想再細看一回。忽然門鈕一響，阿河進來了。她手里拿著三四支顏色鉛筆；出乎意料地走近了我。她站在我面前了，靜靜地微笑著說：“白先生，你知道鉛筆刨在哪里？”一面將拿著的鉛筆給我看。我不自主地立起來，匆忙地應道，“在這里；”我用手指著南邊柱子。但我立刻覺得這是不夠的。我領她走近了柱子。這時我像閃電似地躊躇了一下，便說，“我…… 我……”她一聲不響地已將一支鉛筆交給我。我放進刨子里刨給她看。刨了兩下，便想交給她；但終于刨完了一支，交還了她。她接了筆略看一看，仍仰著臉向我。我窘极了。剎那間念頭轉了好几個圈子；到底硬著頭皮搭訕著說，“就這樣刨好了。”我赶緊向門外一瞥，就走回原處看報去。但我的頭剛低下，我的眼已抬起來了。于是遠遠地從容地問道，“你會么？”她不曾掉過頭來，只“嚶”了一聲，也不說話。我看了她背影一會。覺得應該低下頭了。等我再抬起頭來時，她已默默地向外走了。她似乎總是望前看的；我想再問她一句話，但終于不曾出口。我撇下了報，站起來走了一會，便回到自己屋里。

我一直想著些什么，但什么也沒有想出。

第二天早上看見她往廚房里走時，我發愿我的",她往廚房里走時我發愿我的,眼將,yanjiang,yan jiang,TRUE,1:演講 | 2:岩漿 | 3:沿江 | 4:雁江 | 5:演技 | 6:延吉 | 7:煙機 | 8:言及 | 9:閹雞 | 10:岩基,FALSE,,,,,
top10_missing,92014caa7e92ab467d22441a,荷塘月色,1242,1244,"這幾天心裏頗不寧靜。今晚在院子裏坐着乘涼，忽然想起日日走過的荷塘，在這滿月的光裏，總該另有一番樣子吧。月亮漸漸地升高了，牆外馬路上孩子們的歡笑，已經聽不見了；妻在屋裏拍着閏兒，迷迷糊糊地哼着眠歌。我悄悄地披了大衫，帶上門出去。

沿着荷塘，是一條曲折的小煤屑路。這是一條幽僻的路；白天也少人走，夜晚更加寂寞。荷塘四面，長着許多樹，蓊蓊鬱鬱的。路的一旁，是些楊柳，和一些不知道名字的樹。沒有月光的晚上，這路上陰森森的，有些怕人。今晚卻很好，雖然月光也還是淡淡的。

路上只我一個人，背着手踱着。這一片天地好像是我的；我也像超出了平常的自己，到了另一世界裏。我愛熱鬧，也愛冷靜；愛羣居，也愛獨處。像今晚上，一個人在這蒼茫的月下，什麽都可以想，什麽都可以不想，便覺是個自由的人。白天裏一定要做的事，一定要說的話，現在都可不理。這是獨處的妙處，我且受用這無邊的荷香月色好了。

曲曲折折的荷塘上面，彌望的是田田的葉子。葉子出水很高，像亭亭的舞女的裙。層層的葉子中間，零星地點綴着些白花，有嬝娜地開着的，有羞澀地打着朶兒的；正如一粒粒的明珠，又如碧天裏的星星，又如剛出浴的美人。微風過處，送來縷縷清淸香，彷彿遠處高樓上渺茫的歌聲似的。這時候葉子與花也有一絲的顫動，像閃電般，霎時傳過荷塘的那邊去了。葉子本是肩並肩密密地挨着，這便宛然有了一道凝碧的波痕。葉子底下是脈脈的流水，遮住了，不能見一些顏色；而葉子卻更見風致了。

月光如流水一般，靜靜地瀉在這一片葉子和花上。薄薄的靑霧浮起在荷塘裏。葉子和花彷彿在牛乳中洗過一樣；又像籠着輕紗的夢。雖然是滿月，天上卻有一層淡淡的雲，所以不能朗照；但我以爲這恰是到了好處——酣眠固不可少，小睡也別有風味的。月光是隔了樹照過來的，高處叢生的灌木，落下參差的斑駁的黑影，峭楞楞如鬼一般；彎彎的楊柳的稀疏的倩影，卻又像是畫在荷葉上。塘中的月色並不均勻；但光與影有着和諧的旋律，如梵婀玲上奏着的名曲。

荷塘的四面，遠遠近近，高高低低都是樹，而楊柳最多。這些樹將一片荷塘重重圍住；只在小路一旁，漏着幾段空隙，像是特爲月光留下的。樹色一例是陰陰的，乍看像一團煙霧；但楊柳的丰姿，便在煙霧裏也辨得出。樹梢上隱隱約約的是一帶遠山，只有些大意罷了。樹縫裏也漏着一兩點路燈光，沒精打彩的，是渴睡人的眼。這時候最熱鬧的，要數樹上的蟬聲與水裏的蛙聲；但熱鬧是牠們的，我什麽也沒有。

忽然想起采蓮的事情來了。采蓮是江南的舊俗，似乎很早就有，而六朝時爲盛；從詩歌裏可以約略知道。采蓮的是少年的女子，她們是蕩着小船，唱着豔歌去的。采蓮人不用說很多，還有看采蓮的人。那是一個熱鬧的季節，也是一個風流的季節。梁元帝采蓮賦裏說得好：

於是妖童媛女，蕩舟心許；鷁首徐迴，兼傳羽杯；櫂將移而藻挂，船欲動而萍開。爾其纖腰束素，遷延顧步；夏始春餘，葉嫩花初，恐沾裳而淺笑，畏傾船而斂裾。

可見當時嬉游的光景了。這眞是有趣的事，可惜我們現在早已無福消受了。

於是又記起西洲曲裏的句子：

采蓮",又記起西洲曲裏的句子采蓮,南塘,nantang,nan tang,TRUE,1:南唐 | 2:南堂 | 3:南糖 | 4:男 | 5:難 | 6:南 | 7:喃 | 8:楠 | 9:囡 | 10:侽,FALSE,,,,,
top10_missing,a5fc3cfaad730e4d5f49ccb9,荷塘月色,1230,1232,"這幾天心裏頗不寧靜。今晚在院子裏坐着乘涼，忽然想起日日走過的荷塘，在這滿月的光裏，總該另有一番樣子吧。月亮漸漸地升高了，牆外馬路上孩子們的歡笑，已經聽不見了；妻在屋裏拍着閏兒，迷迷糊糊地哼着眠歌。我悄悄地披了大衫，帶上門出去。

沿着荷塘，是一條曲折的小煤屑路。這是一條幽僻的路；白天也少人走，夜晚更加寂寞。荷塘四面，長着許多樹，蓊蓊鬱鬱的。路的一旁，是些楊柳，和一些不知道名字的樹。沒有月光的晚上，這路上陰森森的，有些怕人。今晚卻很好，雖然月光也還是淡淡的。

路上只我一個人，背着手踱着。這一片天地好像是我的；我也像超出了平常的自己，到了另一世界裏。我愛熱鬧，也愛冷靜；愛羣居，也愛獨處。像今晚上，一個人在這蒼茫的月下，什麽都可以想，什麽都可以不想，便覺是個自由的人。白天裏一定要做的事，一定要說的話，現在都可不理。這是獨處的妙處，我且受用這無邊的荷香月色好了。

曲曲折折的荷塘上面，彌望的是田田的葉子。葉子出水很高，像亭亭的舞女的裙。層層的葉子中間，零星地點綴着些白花，有嬝娜地開着的，有羞澀地打着朶兒的；正如一粒粒的明珠，又如碧天裏的星星，又如剛出浴的美人。微風過處，送來縷縷清淸香，彷彿遠處高樓上渺茫的歌聲似的。這時候葉子與花也有一絲的顫動，像閃電般，霎時傳過荷塘的那邊去了。葉子本是肩並肩密密地挨着，這便宛然有了一道凝碧的波痕。葉子底下是脈脈的流水，遮住了，不能見一些顏色；而葉子卻更見風致了。

月光如流水一般，靜靜地瀉在這一片葉子和花上。薄薄的靑霧浮起在荷塘裏。葉子和花彷彿在牛乳中洗過一樣；又像籠着輕紗的夢。雖然是滿月，天上卻有一層淡淡的雲，所以不能朗照；但我以爲這恰是到了好處——酣眠固不可少，小睡也別有風味的。月光是隔了樹照過來的，高處叢生的灌木，落下參差的斑駁的黑影，峭楞楞如鬼一般；彎彎的楊柳的稀疏的倩影，卻又像是畫在荷葉上。塘中的月色並不均勻；但光與影有着和諧的旋律，如梵婀玲上奏着的名曲。

荷塘的四面，遠遠近近，高高低低都是樹，而楊柳最多。這些樹將一片荷塘重重圍住；只在小路一旁，漏着幾段空隙，像是特爲月光留下的。樹色一例是陰陰的，乍看像一團煙霧；但楊柳的丰姿，便在煙霧裏也辨得出。樹梢上隱隱約約的是一帶遠山，只有些大意罷了。樹縫裏也漏着一兩點路燈光，沒精打彩的，是渴睡人的眼。這時候最熱鬧的，要數樹上的蟬聲與水裏的蛙聲；但熱鬧是牠們的，我什麽也沒有。

忽然想起采蓮的事情來了。采蓮是江南的舊俗，似乎很早就有，而六朝時爲盛；從詩歌裏可以約略知道。采蓮的是少年的女子，她們是蕩着小船，唱着豔歌去的。采蓮人不用說很多，還有看采蓮的人。那是一個熱鬧的季節，也是一個風流的季節。梁元帝采蓮賦裏說得好：

於是妖童媛女，蕩舟心許；鷁首徐迴，兼傳羽杯；櫂將移而藻挂，船欲動而萍開。爾其纖腰束素，遷延顧步；夏始春餘，葉嫩花初，恐沾裳而淺笑，畏傾船而斂裾。

可見當時嬉游的光景了。這眞是有趣的事，可惜我們現在早已無福消受了。

於是又記起",早已無福消受了於是又記起,西洲,xizhou,xi zhou,FALSE,1:西周 | 2:稀粥 | 3:溪州 | 4:西州 | 5:系 | 6:西 | 7:係 | 8:洗 | 9:戲 | 10:喜,FALSE,,,,,
top10_missing,9ab48b68db1ac79c7b1f1056,阿河,2311,2314,"我這一回寒假，因為養病，住到一家親戚的別墅里去。那別墅是在鄉下。前面偏左的地方，是一片淡藍的湖水，對岸環擁著不盡的青山。山的影子倒映在水里，越顯得清清朗朗的。水面常如鏡子一般。風起時，微有皺痕；像少女們皺她們的眉頭，過一會子就好了。湖的余勢束成一條小港，緩緩地不聲不響地流過別墅的門前。門前有一條小石橋，橋那邊盡是田畝。這邊沿岸一帶，相間地栽著桃樹和柳樹，春來當有一番熱鬧的夢。別墅外面繚繞著短短的竹篱，篱外是小小的路。里邊一座向南的樓，背后便倚著山。西邊是三間平屋，我便住在這里。院子里有兩塊草地，上面隨便放著兩三塊石頭。另外的隙地上，或羅列著盆栽，或种蒔著花草。篱邊還有几株枝干蟠曲的大樹，有一株几乎要伸到水里去了。

我的親戚韋君只有夫婦二人和一個女儿。她在外邊念書，這時也剛回到家里。她邀來三位同學，同到她家過這個寒假；兩位是親戚，一位是朋友。她們住著樓上的兩間屋子。韋君夫婦也住在樓上。樓下正中是客廳，常是閒著，西間是吃飯的地方；東間便是韋君的書房，我們談天，喝茶，看報，都在這里。我吃了飯，便是一個人，也要到這里來閒坐一回。我來的第二天，韋小姐告訴我，她母親要給她們找一個好好的女用人；長工阿齊說有一個表妹，母親叫他明天就帶來做做看呢。她似乎很高興的樣子，我只是不經意地答應。

平屋与樓屋之間，是一個小小的廚房。我住的是東面的屋子，從窗子里可以看見廚房里人的來往。這一天午飯前，我偶然向外看看，見一個面生的女用人，兩手提著兩把白鐵壺，正往廚房里走；韋家的李媽在她前面領著，不知在和她說甚么話。她的頭髮亂蓬蓬的，像冬天的枯草一樣。身上穿著鑲邊的黑布棉襖和夾褲，黑里已泛出黃色；棉襖長与膝齊，夾褲也直拖到腳背上。腳倒是雙天足，穿著尖頭的黑布鞋，后跟還帶著兩片同色的“葉拔儿”。想這就是阿齊帶來的女用人了；想完了就坐下看書。晚飯后，韋小姐告訴我，女用人來了，她的名字叫“阿河”。我說，“名字很好，只是人土些；還能做么？”她說，“別看她土，很聰明呢。”我說，“哦。”便接著看手中的報了。

以后每天早上，中上，晚上，我常常看見阿河挈著水壺來往；她的眼似乎總是望前看的。兩個禮拜匆匆地過去了。韋小姐忽然和我說，你別看阿河土，她的志气很好，她是個可怜的人。我和娘說，把我前年在家穿的那身棉襖褲給了她吧。我嫌那兩件衣服太花，給了她正好。娘先不肯，說她來了沒有几天；后來也肯了。今天拿出來讓她穿，正合式呢。我們教給她打絨繩鞋，她真聰明，一學就會了。她說拿到工錢，也要打一雙穿呢。我等几天再和娘說去。

“她這樣愛好！怪不得頭髮光得多了，原來都是你們教她的。好！你們盡教她講究，她將來怕不愿回家去呢。”大家都笑了。

舊新年是過去了。因為江浙的兵事，我們的學校一時還不能開學。我們大家都樂得在別墅里多住些日子。這時阿河如換了一個人。她穿著寶藍色挑著小花儿的布棉襖褲；腳下是嫩藍色毛繩鞋，鞋口還綴著兩個半藍半白的小絨球儿。我想這一定是她的小姐們給幫忙的。古語說得好，“人要衣裳馬要鞍”，阿河這一打扮，真有些楚楚可怜了。她的頭髮早已是刷得光光的，覆額的留海也梳得十分伏帖。一張小小的圓臉，如正開的桃李花；臉上并沒有笑，卻隱隱地含著春日的光輝，像花房里充了蜜一般。這在我几乎是一個奇跡；我現在是常站在窗前看她了。我覺得在深山里發見了一粒貓儿眼；這樣精純的貓儿眼，是我生平所僅見！我覺得我們相識已太長久，极愿和她說一句話——极平淡的話，一句也好。但我怎好平白地和她攀談呢？這樣郁郁了一禮拜。

這是元宵節的前一晚上。我吃了飯，在屋里坐了一會，覺得有些無聊，便信步走到那書房里。拿起報來，想再細看一回。忽然門鈕一響，阿河進來了。她手里拿著三四支顏色鉛筆；出乎意料地走近了我。她站在我面前了，靜靜地微笑著說：“白先生，你知道鉛筆刨在哪里？”一面將拿著的鉛筆給我看。我不自主地立起來，匆忙地應道，“在這里；”我用手指著南邊柱子。但我立刻覺得這是不夠的。我領她走近了柱子。這時我像閃電似地躊躇了一下，便說，“我…… 我……”她一聲不響地已將一支鉛筆交給我。我放進刨子里刨給她看。刨了兩下，便想交給她；但終于刨完了一支，交還了她。她接了筆略看一看，仍仰著臉向我。我窘极了。剎那間念頭轉了好几個圈子；到底硬著頭皮搭訕著說，“就這樣刨好了。”我赶緊向門外一瞥，就走回原處看報去。但我的頭剛低下，我的眼已抬起來了。于是遠遠地從容地問道，“你會么？”她不曾掉過頭來，只“嚶”了一聲，也不說話。我看了她背影一會。覺得應該低下頭了。等我再抬起頭來時，她已默默地向外走了。她似乎總是望前看的；我想再問她一句話，但終于不曾出口。我撇下了報，站起來走了一會，便回到自己屋里。

我一直想著些什么，但什么也沒有想出。

第二天早上看見她往廚房里走時，我發愿我的眼將老跟著她的影子！她的影子真好。她那几步路走得又敏捷，又勻稱，又苗條，正如一只可愛的小貓。她兩手各提著一只水壺，又令我想到在一條細細的索儿上抖擻精神走著的女子。這全由于她的腰；她的腰真太軟了，用白水的話說，真是軟到使我如吃蘇州的牛皮糖一樣。不止她的腰，我的日記里說得好：“她有一套和云霞比美，水月爭靈的曲線，織成大大的一張迷惑的网！”而那兩頰的曲線，尤其甜蜜可人。她兩頰是白中透著微紅，潤澤如玉。她的皮膚，嫩得可以掐出水來；我的日記里說，“我很想去掐她一下呀！”她的眼像一雙小燕子，老是在灩灩的春水上打著圈儿。她的笑最使我記住，像一朵花漂浮在我的腦海里。我不是說過，她的小圓臉像正開的桃花么？那么，她微笑的時候，便是盛開的時候了：花房里充滿了蜜，真如要流出來的樣子。她的髮不甚厚，但黑而有光，柔軟而滑，",不甚厚但黑而有光柔軟而滑,如純絲,ruchunsi,ru chun si,TRUE,1:入春死 | 2:入春 | 3:如春 | 4:如 | 5:入 | 6:乳 | 7:汝 | 8:儒 | 9:茹 | 10:辱,FALSE,,,,,
top10_missing,f0708344fe125753372fd4c3,阿河,2950,2952,"我這一回寒假，因為養病，住到一家親戚的別墅里去。那別墅是在鄉下。前面偏左的地方，是一片淡藍的湖水，對岸環擁著不盡的青山。山的影子倒映在水里，越顯得清清朗朗的。水面常如鏡子一般。風起時，微有皺痕；像少女們皺她們的眉頭，過一會子就好了。湖的余勢束成一條小港，緩緩地不聲不響地流過別墅的門前。門前有一條小石橋，橋那邊盡是田畝。這邊沿岸一帶，相間地栽著桃樹和柳樹，春來當有一番熱鬧的夢。別墅外面繚繞著短短的竹篱，篱外是小小的路。里邊一座向南的樓，背后便倚著山。西邊是三間平屋，我便住在這里。院子里有兩塊草地，上面隨便放著兩三塊石頭。另外的隙地上，或羅列著盆栽，或种蒔著花草。篱邊還有几株枝干蟠曲的大樹，有一株几乎要伸到水里去了。

我的親戚韋君只有夫婦二人和一個女儿。她在外邊念書，這時也剛回到家里。她邀來三位同學，同到她家過這個寒假；兩位是親戚，一位是朋友。她們住著樓上的兩間屋子。韋君夫婦也住在樓上。樓下正中是客廳，常是閒著，西間是吃飯的地方；東間便是韋君的書房，我們談天，喝茶，看報，都在這里。我吃了飯，便是一個人，也要到這里來閒坐一回。我來的第二天，韋小姐告訴我，她母親要給她們找一個好好的女用人；長工阿齊說有一個表妹，母親叫他明天就帶來做做看呢。她似乎很高興的樣子，我只是不經意地答應。

平屋与樓屋之間，是一個小小的廚房。我住的是東面的屋子，從窗子里可以看見廚房里人的來往。這一天午飯前，我偶然向外看看，見一個面生的女用人，兩手提著兩把白鐵壺，正往廚房里走；韋家的李媽在她前面領著，不知在和她說甚么話。她的頭髮亂蓬蓬的，像冬天的枯草一樣。身上穿著鑲邊的黑布棉襖和夾褲，黑里已泛出黃色；棉襖長与膝齊，夾褲也直拖到腳背上。腳倒是雙天足，穿著尖頭的黑布鞋，后跟還帶著兩片同色的“葉拔儿”。想這就是阿齊帶來的女用人了；想完了就坐下看書。晚飯后，韋小姐告訴我，女用人來了，她的名字叫“阿河”。我說，“名字很好，只是人土些；還能做么？”她說，“別看她土，很聰明呢。”我說，“哦。”便接著看手中的報了。

以后每天早上，中上，晚上，我常常看見阿河挈著水壺來往；她的眼似乎總是望前看的。兩個禮拜匆匆地過去了。韋小姐忽然和我說，你別看阿河土，她的志气很好，她是個可怜的人。我和娘說，把我前年在家穿的那身棉襖褲給了她吧。我嫌那兩件衣服太花，給了她正好。娘先不肯，說她來了沒有几天；后來也肯了。今天拿出來讓她穿，正合式呢。我們教給她打絨繩鞋，她真聰明，一學就會了。她說拿到工錢，也要打一雙穿呢。我等几天再和娘說去。

“她這樣愛好！怪不得頭髮光得多了，原來都是你們教她的。好！你們盡教她講究，她將來怕不愿回家去呢。”大家都笑了。

舊新年是過去了。因為江浙的兵事，我們的學校一時還不能開學。我們大家都樂得在別墅里多住些日子。這時阿河如換了一個人。她穿著寶藍色挑著小花儿的布棉襖褲；腳下是嫩藍色毛繩鞋，鞋口還綴著兩個半藍半白的小絨球儿。我想這一定是她的小姐們給幫忙的。古語說得好，“人要衣裳馬要鞍”，阿河這一打扮，真有些楚楚可怜了。她的頭髮早已是刷得光光的，覆額的留海也梳得十分伏帖。一張小小的圓臉，如正開的桃李花；臉上并沒有笑，卻隱隱地含著春日的光輝，像花房里充了蜜一般。這在我几乎是一個奇跡；我現在是常站在窗前看她了。我覺得在深山里發見了一粒貓儿眼；這樣精純的貓儿眼，是我生平所僅見！我覺得我們相識已太長久，极愿和她說一句話——极平淡的話，一句也好。但我怎好平白地和她攀談呢？這樣郁郁了一禮拜。

這是元宵節的前一晚上。我吃了飯，在屋里坐了一會，覺得有些無聊，便信步走到那書房里。拿起報來，想再細看一回。忽然門鈕一響，阿河進來了。她手里拿著三四支顏色鉛筆；出乎意料地走近了我。她站在我面前了，靜靜地微笑著說：“白先生，你知道鉛筆刨在哪里？”一面將拿著的鉛筆給我看。我不自主地立起來，匆忙地應道，“在這里；”我用手指著南邊柱子。但我立刻覺得這是不夠的。我領她走近了柱子。這時我像閃電似地躊躇了一下，便說，“我…… 我……”她一聲不響地已將一支鉛筆交給我。我放進刨子里刨給她看。刨了兩下，便想交給她；但終于刨完了一支，交還了她。她接了筆略看一看，仍仰著臉向我。我窘极了。剎那間念頭轉了好几個圈子；到底硬著頭皮搭訕著說，“就這樣刨好了。”我赶緊向門外一瞥，就走回原處看報去。但我的頭剛低下，我的眼已抬起來了。于是遠遠地從容地問道，“你會么？”她不曾掉過頭來，只“嚶”了一聲，也不說話。我看了她背影一會。覺得應該低下頭了。等我再抬起頭來時，她已默默地向外走了。她似乎總是望前看的；我想再問她一句話，但終于不曾出口。我撇下了報，站起來走了一會，便回到自己屋里。

我一直想著些什么，但什么也沒有想出。

第二天早上看見她往廚房里走時，我發愿我的眼將老跟著她的影子！她的影子真好。她那几步路走得又敏捷，又勻稱，又苗條，正如一只可愛的小貓。她兩手各提著一只水壺，又令我想到在一條細細的索儿上抖擻精神走著的女子。這全由于她的腰；她的腰真太軟了，用白水的話說，真是軟到使我如吃蘇州的牛皮糖一樣。不止她的腰，我的日記里說得好：“她有一套和云霞比美，水月爭靈的曲線，織成大大的一張迷惑的网！”而那兩頰的曲線，尤其甜蜜可人。她兩頰是白中透著微紅，潤澤如玉。她的皮膚，嫩得可以掐出水來；我的日記里說，“我很想去掐她一下呀！”她的眼像一雙小燕子，老是在灩灩的春水上打著圈儿。她的笑最使我記住，像一朵花漂浮在我的腦海里。我不是說過，她的小圓臉像正開的桃花么？那么，她微笑的時候，便是盛開的時候了：花房里充滿了蜜，真如要流出來的樣子。她的髮不甚厚，但黑而有光，柔軟而滑，如純絲一般。只可惜我不曾聞著一些儿香。唉！從前我在窗前看她好多次，所得的真太少了；若不是昨晚一見，——雖只几分鐘——我真太對不起這樣一個人儿了。

午飯后，韋君照例地睡午覺去了，只有我，韋小姐和其他三位小姐在書房里。我有意無意地談起阿河的事。我說：

“你們怎知道她的志气好呢？”

“那天我們教給她打絨繩鞋；”一位蔡小姐便答道，“看她很聰明，就問她為甚么不念書？她被我們一問，就傷心起來了。……”

“是的，”韋小姐笑著搶了說，“后來還哭了呢；還有一位傻子陪她淌眼淚呢。”

那邊黃小姐可急了，走過來推了她一下。蔡小姐忙攔住道，“人家說正經話，你們盡鬧著玩儿！讓我說完了呀——”“我代你說啵，”韋小姐仍搶著說，“——她說她只有一個爹，沒有娘。嫁了一個男人，倒有三十多歲，土頭土腦的，臉上滿是包！他是李媽的鄰舍，我還看見過呢。……”“好了，底下我說吧。”蔡小姐接著道，“她男人又不要好，盡愛賭錢；她一气，就住到娘家來，有一年多不回去了。”

“她今年几歲？”我問。

“十七不知十八？前年出嫁的，几個月就回家了，”蔡小姐說。

“不，十八，我知道，”韋小姐改正道。

“哦。你們可曾勸她离婚？”

“怎么不勸；”韋小姐應道，“她說十八回去吃她表哥的喜酒，要和她的爹去說呢。”

“你們教她的好事，該當何罪！”我笑了。

她們也都笑了。

十九的早上，我正在屋里看書，听見外面有嚷嚷的聲音；這是從來沒有的。我立刻走出來看；只見門外有兩個鄉下人要走進來，卻給阿齊攔住。他們只是央告，",卻給阿齊攔住他們只是央告,阿齊,aqi,a qi,TRUE,1:呵氣 | 2:阿奇 | 3:啊 | 4:阿 | 5:吖 | 6:錒 | 7:嗄 | 8:呵 | 9:腌 | 10:吁,FALSE,,,,,
top10_missing,0f997e242255cf663445c2b3,阿河,2586,2588,"我這一回寒假，因為養病，住到一家親戚的別墅里去。那別墅是在鄉下。前面偏左的地方，是一片淡藍的湖水，對岸環擁著不盡的青山。山的影子倒映在水里，越顯得清清朗朗的。水面常如鏡子一般。風起時，微有皺痕；像少女們皺她們的眉頭，過一會子就好了。湖的余勢束成一條小港，緩緩地不聲不響地流過別墅的門前。門前有一條小石橋，橋那邊盡是田畝。這邊沿岸一帶，相間地栽著桃樹和柳樹，春來當有一番熱鬧的夢。別墅外面繚繞著短短的竹篱，篱外是小小的路。里邊一座向南的樓，背后便倚著山。西邊是三間平屋，我便住在這里。院子里有兩塊草地，上面隨便放著兩三塊石頭。另外的隙地上，或羅列著盆栽，或种蒔著花草。篱邊還有几株枝干蟠曲的大樹，有一株几乎要伸到水里去了。

我的親戚韋君只有夫婦二人和一個女儿。她在外邊念書，這時也剛回到家里。她邀來三位同學，同到她家過這個寒假；兩位是親戚，一位是朋友。她們住著樓上的兩間屋子。韋君夫婦也住在樓上。樓下正中是客廳，常是閒著，西間是吃飯的地方；東間便是韋君的書房，我們談天，喝茶，看報，都在這里。我吃了飯，便是一個人，也要到這里來閒坐一回。我來的第二天，韋小姐告訴我，她母親要給她們找一個好好的女用人；長工阿齊說有一個表妹，母親叫他明天就帶來做做看呢。她似乎很高興的樣子，我只是不經意地答應。

平屋与樓屋之間，是一個小小的廚房。我住的是東面的屋子，從窗子里可以看見廚房里人的來往。這一天午飯前，我偶然向外看看，見一個面生的女用人，兩手提著兩把白鐵壺，正往廚房里走；韋家的李媽在她前面領著，不知在和她說甚么話。她的頭髮亂蓬蓬的，像冬天的枯草一樣。身上穿著鑲邊的黑布棉襖和夾褲，黑里已泛出黃色；棉襖長与膝齊，夾褲也直拖到腳背上。腳倒是雙天足，穿著尖頭的黑布鞋，后跟還帶著兩片同色的“葉拔儿”。想這就是阿齊帶來的女用人了；想完了就坐下看書。晚飯后，韋小姐告訴我，女用人來了，她的名字叫“阿河”。我說，“名字很好，只是人土些；還能做么？”她說，“別看她土，很聰明呢。”我說，“哦。”便接著看手中的報了。

以后每天早上，中上，晚上，我常常看見阿河挈著水壺來往；她的眼似乎總是望前看的。兩個禮拜匆匆地過去了。韋小姐忽然和我說，你別看阿河土，她的志气很好，她是個可怜的人。我和娘說，把我前年在家穿的那身棉襖褲給了她吧。我嫌那兩件衣服太花，給了她正好。娘先不肯，說她來了沒有几天；后來也肯了。今天拿出來讓她穿，正合式呢。我們教給她打絨繩鞋，她真聰明，一學就會了。她說拿到工錢，也要打一雙穿呢。我等几天再和娘說去。

“她這樣愛好！怪不得頭髮光得多了，原來都是你們教她的。好！你們盡教她講究，她將來怕不愿回家去呢。”大家都笑了。

舊新年是過去了。因為江浙的兵事，我們的學校一時還不能開學。我們大家都樂得在別墅里多住些日子。這時阿河如換了一個人。她穿著寶藍色挑著小花儿的布棉襖褲；腳下是嫩藍色毛繩鞋，鞋口還綴著兩個半藍半白的小絨球儿。我想這一定是她的小姐們給幫忙的。古語說得好，“人要衣裳馬要鞍”，阿河這一打扮，真有些楚楚可怜了。她的頭髮早已是刷得光光的，覆額的留海也梳得十分伏帖。一張小小的圓臉，如正開的桃李花；臉上并沒有笑，卻隱隱地含著春日的光輝，像花房里充了蜜一般。這在我几乎是一個奇跡；我現在是常站在窗前看她了。我覺得在深山里發見了一粒貓儿眼；這樣精純的貓儿眼，是我生平所僅見！我覺得我們相識已太長久，极愿和她說一句話——极平淡的話，一句也好。但我怎好平白地和她攀談呢？這樣郁郁了一禮拜。

這是元宵節的前一晚上。我吃了飯，在屋里坐了一會，覺得有些無聊，便信步走到那書房里。拿起報來，想再細看一回。忽然門鈕一響，阿河進來了。她手里拿著三四支顏色鉛筆；出乎意料地走近了我。她站在我面前了，靜靜地微笑著說：“白先生，你知道鉛筆刨在哪里？”一面將拿著的鉛筆給我看。我不自主地立起來，匆忙地應道，“在這里；”我用手指著南邊柱子。但我立刻覺得這是不夠的。我領她走近了柱子。這時我像閃電似地躊躇了一下，便說，“我…… 我……”她一聲不響地已將一支鉛筆交給我。我放進刨子里刨給她看。刨了兩下，便想交給她；但終于刨完了一支，交還了她。她接了筆略看一看，仍仰著臉向我。我窘极了。剎那間念頭轉了好几個圈子；到底硬著頭皮搭訕著說，“就這樣刨好了。”我赶緊向門外一瞥，就走回原處看報去。但我的頭剛低下，我的眼已抬起來了。于是遠遠地從容地問道，“你會么？”她不曾掉過頭來，只“嚶”了一聲，也不說話。我看了她背影一會。覺得應該低下頭了。等我再抬起頭來時，她已默默地向外走了。她似乎總是望前看的；我想再問她一句話，但終于不曾出口。我撇下了報，站起來走了一會，便回到自己屋里。

我一直想著些什么，但什么也沒有想出。

第二天早上看見她往廚房里走時，我發愿我的眼將老跟著她的影子！她的影子真好。她那几步路走得又敏捷，又勻稱，又苗條，正如一只可愛的小貓。她兩手各提著一只水壺，又令我想到在一條細細的索儿上抖擻精神走著的女子。這全由于她的腰；她的腰真太軟了，用白水的話說，真是軟到使我如吃蘇州的牛皮糖一樣。不止她的腰，我的日記里說得好：“她有一套和云霞比美，水月爭靈的曲線，織成大大的一張迷惑的网！”而那兩頰的曲線，尤其甜蜜可人。她兩頰是白中透著微紅，潤澤如玉。她的皮膚，嫩得可以掐出水來；我的日記里說，“我很想去掐她一下呀！”她的眼像一雙小燕子，老是在灩灩的春水上打著圈儿。她的笑最使我記住，像一朵花漂浮在我的腦海里。我不是說過，她的小圓臉像正開的桃花么？那么，她微笑的時候，便是盛開的時候了：花房里充滿了蜜，真如要流出來的樣子。她的髮不甚厚，但黑而有光，柔軟而滑，如純絲一般。只可惜我不曾聞著一些儿香。唉！從前我在窗前看她好多次，所得的真太少了；若不是昨晚一見，——雖只几分鐘——我真太對不起這樣一個人儿了。

午飯后，韋君照例地睡午覺去了，只有我，韋小姐和其他三位小姐在書房里。我有意無意地談起阿河的事。我說：

“你們怎知道她的志气好呢？”

“那天我們教給她打絨繩鞋；”一位蔡小姐便答道，“看她很聰明，就問她為甚么不念書？她被我們一問，就傷心起來了。……”

“是的，”韋小姐笑著搶了說，“后來還哭了呢；還有一位傻子陪她淌眼淚呢。”

那邊黃小姐可急了，走過來推了她一下。蔡小姐忙攔住道，“人家說正經話，你們",忙攔住道人家說正經話你們,盡鬧,jinnao,jin nao,FALSE,1:進鬧 | 2:進 | 3:金 | 4:近 | 5:僅 | 6:緊 | 7:盡 | 8:今 | 9:斤 | 10:勁,FALSE,,,,,
top10_missing,bf802b66b54216f66ed1b8a9,槳聲燈影裏的秦淮河,3045,3047,"一九二三年八月的一晚，我和平伯同遊秦淮河；平伯是初泛，我是重來了。我們雇了一隻「七板子」，在夕陽已去、皎月方來的時候，便下了船。於是槳聲汩汩，我們開始領略那晃蕩著薔薇色的歷史的秦淮河的滋味了。

秦淮河裏的船，比北京万生園、頤和園的船好，比西湖的船好，比揚州瘦西湖的船也好。這幾處的船不是覺著笨，就是覺著簡陋、局促；都不能引起乘客們的情韻，如秦淮河的船一樣。秦淮河的船約略可分為兩種：一是大船；一是小船，就是所謂「七板子」。大船艙口闊大，可容二三十人。裏面陳設著字畫和光潔的紅木家具，桌上一律嵌著冰涼的大理石面。窗格雕鏤頗細，使人起柔膩之感。窗格里映著紅色藍色的玻璃；玻璃上有精緻的花紋，也頗悅人目。「七板子」規模雖不及大船，但那淡藍色的欄杆，空敞的艙，也足繫人情思。而最出色處卻在它的艙前。艙前是甲板上的一部，上面有弧形的頂，兩邊用疏疏的欄杆支著。裏面通常放著兩張藤的躺椅。躺下，可以談天，可以望遠，可以顧盼兩岸的河房。大船上也有這個，但在小船上更覺清雋罷了。艙前的頂下，一律懸著燈彩；燈的多少、明暗，彩蘇的精粗、艷晦，是不一的，但好歹總還你一個燈彩。這燈彩實在是最能勾人的東西。夜幕垂垂地下來時，大小船上都點起燈火。從兩重玻璃裏映出那輻射著的黃黃的散光，反暈出一片朦朧的煙靄；透過這煙靄，在黯黯的水波里，又逗起縷縷的明漪。在這薄靄和微漪裏，聽著那悠然的間歇的槳聲，誰能不被引入他的美夢去呢？只愁夢太多了，這些大小船兒如何載得起呀？我們這時模模糊糊的談著明末的秦淮河的艷跡，如《桃花扇》及《板橋雜記》裏所載的。我們真神往了。我們彷彿親見那時華燈映水，畫舫凌波的光景了。於是我們的船便成了歷史的重載了。我們終於恍然秦淮河的船所以雅麗過於他處，而又有奇異的吸引力的，實在是許多歷史的影像使然了。

秦淮河的水是碧陰陰的；看起來厚而不膩，或者是六朝金粉所凝麼？我們初上船的時候，天色還未斷黑，那漾漾的柔波是這樣恬靜、委婉，使我們一面有水闊天空之想，一面又憧憬著紙醉金迷之境了。等到燈火明時，陰陰的變為沈沉了：黯淡的水光，像夢一般；那偶然閃爍著的光芒，就是夢的眼睛了。我們坐在艙前，因了那隆起的頂棚，彷彿總是昂著首向前走著似的；於是飄飄然如御風而行的我們，看著那些自在的灣泊著的船，船裏走馬燈般的人物，便像是下界一般，迢迢的遠了，又像在霧裏看花，盡朦朦朧朧的。這時我們已過了利涉橋，望見東關頭了。沿路聽見斷續的歌聲：有從沿河的妓樓飄來的，有從河上船裏渡來的。我們明知那些歌聲，只是些因襲的言詞，從生澀的歌喉裏機械的發出來的；但它們經了夏夜的微風的吹漾和水波的搖拂，嬝娜著到我們耳邊的時候，已經不單是她們的歌聲，而混著微風和河水的密語了。於是我們不得不被牽惹著，震撼著，相與浮沉於這歌聲裏了。從東關頭轉彎，不久就到大中橋。大中橋共有三個橋拱，都很闊大，儼然是三座門兒；使我們覺得我們的船和船裏的我們，在橋下過去時，真是太無顏色了。橋磚是深褐色，表明它的歷史的長久；但都完好無缺，令人太息於古昔工程的堅美。橋上兩旁都是木壁的房子，中間應該有街路。這些房子都破舊了，多年煙熏的跡，遮沒了當年的美麗。我想像秦淮河的極盛時，在這樣宏闊的橋上，特地蓋了房子，必然是髹漆得富富麗麗的；晚間必然是燈火通明的，現在卻只剩下一片黑沉沉！但是橋上造著房子，畢竟使我們多少可以想見往日的繁華；這也慰情聊勝無了。過了大中橋，便到了燈月交輝、笙歌徹夜的秦淮河，這才是秦淮河的真面目哩。

大中橋外，頓然空闊，和橋內兩岸排著密密的人家的景像大異了。一眼望去，疏疏的林，淡淡的月，襯著蔚藍的天，頗像荒江野渡光景；那邊呢，鬱叢叢的，陰森森的，又似乎藏著無邊的黑暗，令人幾乎不信那是繁華的秦淮河了。但是河中眩暈著的燈光，縱橫著的畫舫，悠揚著的笛韻，夾著那吱吱的胡琴聲，終於使我們認識綠如茵陳酒的秦淮水了。此地天裸露著的多些，故覺夜來的獨遲些；從清清的水影裏，我們感到的只是薄薄的夜——這正是秦淮河的夜。大中橋外，本來還有一座復成橋，是船夫口中的我們的遊踪盡處，或也是秦淮河繁華的盡處了。我的腳曾踏過復成橋的脊，在十三四歲的時候。但是兩次遊秦淮河，卻都不曾見著復成橋的面；明知總在前途的，卻常覺得有些虛無縹緲似的。我想，不見倒也好。這時正是盛夏。我們下船後，藉著新生的晚涼和河上的微風，暑氣已漸漸消散；到了此地，豁然開朗，身子頓然輕了——習習的清風荏苒在面上、手上、衣上，這便又感到了一縷新涼了。南京的日光，大概沒有杭州猛烈；西湖的夏夜老是熱蓬蓬的，水像沸著一般，秦淮河的水卻盡是這樣冷冷地綠著。任你人影的憧憧，歌聲的擾擾，總像隔著一層薄薄的綠紗面冪似的；它盡是這樣靜靜的、冷冷的綠著。我們出了大中橋，走不上半里路，船夫便將船劃到一旁，停了槳由它宕著。他以為那裏正是繁華的極點，再過去就是荒涼了；所以讓我們多多賞鑑一會兒。他自己卻靜靜的蹲著。他是看慣這光景的了，大約只是一個無可無不可。這無可無不可，無論是升的沉的，總之，都比我們高了。

那時河裏鬧熱極了；船大半泊著，小半在水上穿梭似的來往。停泊著的都在近市的那一邊，我們的船自然也夾在其中。因為這邊略略的擠，便覺得那邊十分的疏了。在每一隻船從那邊過去時，我們能畫出它的輕輕的影和曲曲的波，在我們的心上；這顯著是空，且顯著是靜了。那時處處都是歌聲和淒厲的胡琴聲，圓潤的喉嚨，確乎是很少的。但那生澀的，尖脆的調子能使人有少年的，粗率不拘的感覺，也正可快我們的意。況且多少隔開些兒聽著，因為想像與渴慕的做美，總覺更有滋味；而竟發的喧囂，抑揚的不齊，遠近的雜沓，和樂器的嘈嘈切切，合成另一意味的諧音，也使我們無所適從，如隨著大風而走。這實在因為我們的心枯澀久了，變為脆弱；故偶然潤澤一下，便瘋狂似的不能自主了，但秦淮河確也膩人。即如船裏的人面，無論是和我們一堆儿泊著的，無論是從我們眼前過去的，總是模模糊糊的，甚至渺渺茫茫的；任你張圓了眼睛，揩淨了眥垢，也是枉然，這真夠人想呢。在我們停泊的地方，燈光原是紛然的；不過這些燈光都是黃而有暈的。黃已經不能明了，再加上了暈，便更不成了。燈愈多，暈就愈甚；在繁星般的黃的交錯裏，秦淮河彷彿籠上了一團光霧。光芒與霧氣騰騰的暈著，什麼都只剩了輪廓了；所以人面的詳細的曲線，便消失於我們的眼底了。但燈光究竟奪不了那邊的月色；燈光是渾的，月色是清的。在渾沌的燈光裏，滲入一派清輝，卻真是奇蹟！那晚月兒已瘦削了兩三分。她晚妝才罷，盈盈的上了柳梢頭。天是藍得可愛，彷彿一汪水似的；月兒便更出落得精神了。岸上原有三株兩株的垂楊樹，淡淡的影子，在水里搖曳著。它們那柔細的枝條浴著月光，就像一支支美人的臂膊，交互的纏著、挽著；又像是月兒披著的髪。而月兒偶爾也從它們的交叉處偷偷窺看我們，大有小姑娘怕羞的樣子。岸上另有幾株不知名的老樹，光光的立著；在月光裏照起來，卻又儼然是精神矍鑠的老人。遠處快到天際線了，才有一兩片白雲，亮得現出異彩，像是美麗的貝殼一般。白雲下便是黑黑的一帶輪廓；是一條隨意畫的不規則的曲線。這一段光景，和河中的風味大異了。但燈與月竟能並存著，交融著，使月成了纏綿的月，燈射著渺渺的靈輝，這正是天之所以厚秦淮河，也正是天之所以厚我們了。

這時卻遇著了難解的糾紛。秦淮河上原有一種歌妓，是以歌為業的。從前都在茶舫上，唱些大曲之類。每日午後一時起；什麼時候止，卻忘記了。晚上照樣也有一回，也在黃暈的燈光裏。我從前過南京時，曾隨著朋友去聽過兩次。因為",曾隨著朋友去聽過兩次因為,茶舫,chafang,cha fang,FALSE,1:查房 | 2:茶坊 | 3:查訪 | 4:茶房 | 5:察訪 | 6:差 | 7:查 | 8:茶 | 9:插 | 10:叉,FALSE,,,,,
top10_missing,bf450f06f3e36c642e0c751d,槳聲燈影裏的秦淮河,597,599,"一九二三年八月的一晚，我和平伯同遊秦淮河；平伯是初泛，我是重來了。我們雇了一隻「七板子」，在夕陽已去、皎月方來的時候，便下了船。於是槳聲汩汩，我們開始領略那晃蕩著薔薇色的歷史的秦淮河的滋味了。

秦淮河裏的船，比北京万生園、頤和園的船好，比西湖的船好，比揚州瘦西湖的船也好。這幾處的船不是覺著笨，就是覺著簡陋、局促；都不能引起乘客們的情韻，如秦淮河的船一樣。秦淮河的船約略可分為兩種：一是大船；一是小船，就是所謂「七板子」。大船艙口闊大，可容二三十人。裏面陳設著字畫和光潔的紅木家具，桌上一律嵌著冰涼的大理石面。窗格雕鏤頗細，使人起柔膩之感。窗格里映著紅色藍色的玻璃；玻璃上有精緻的花紋，也頗悅人目。「七板子」規模雖不及大船，但那淡藍色的欄杆，空敞的艙，也足繫人情思。而最出色處卻在它的艙前。艙前是甲板上的一部，上面有弧形的頂，兩邊用疏疏的欄杆支著。裏面通常放著兩張藤的躺椅。躺下，可以談天，可以望遠，可以顧盼兩岸的河房。大船上也有這個，但在小船上更覺清雋罷了。艙前的頂下，一律懸著燈彩；燈的多少、明暗，彩蘇的精粗、艷晦，是不一的，但好歹總還你一個燈彩。這燈彩實在是最能勾人的東西。夜幕垂垂地下來時，大小船上都點起燈火。從兩重玻璃裏映出那輻射著的黃黃的散光，反暈出一片朦朧的煙靄；透過這煙靄，在黯黯的水波里，又逗起縷縷的明漪。在這薄靄和微漪裏，聽著那悠然的間歇的槳聲，誰能不被引入他的美夢去呢？",誰能不被引入他的美夢去呢,只愁,zhichou,zhi chou,TRUE,1:止臭 | 2:之仇 | 3:紙抽 | 4:執籌 | 5:之 | 6:只 | 7:至 | 8:值 | 9:指 | 10:知,FALSE,,,,,
top10_missing,59ef0c865bd89c1bbd5b0a96,槳聲燈影裏的秦淮河,2381,2383,"一九二三年八月的一晚，我和平伯同遊秦淮河；平伯是初泛，我是重來了。我們雇了一隻「七板子」，在夕陽已去、皎月方來的時候，便下了船。於是槳聲汩汩，我們開始領略那晃蕩著薔薇色的歷史的秦淮河的滋味了。

秦淮河裏的船，比北京万生園、頤和園的船好，比西湖的船好，比揚州瘦西湖的船也好。這幾處的船不是覺著笨，就是覺著簡陋、局促；都不能引起乘客們的情韻，如秦淮河的船一樣。秦淮河的船約略可分為兩種：一是大船；一是小船，就是所謂「七板子」。大船艙口闊大，可容二三十人。裏面陳設著字畫和光潔的紅木家具，桌上一律嵌著冰涼的大理石面。窗格雕鏤頗細，使人起柔膩之感。窗格里映著紅色藍色的玻璃；玻璃上有精緻的花紋，也頗悅人目。「七板子」規模雖不及大船，但那淡藍色的欄杆，空敞的艙，也足繫人情思。而最出色處卻在它的艙前。艙前是甲板上的一部，上面有弧形的頂，兩邊用疏疏的欄杆支著。裏面通常放著兩張藤的躺椅。躺下，可以談天，可以望遠，可以顧盼兩岸的河房。大船上也有這個，但在小船上更覺清雋罷了。艙前的頂下，一律懸著燈彩；燈的多少、明暗，彩蘇的精粗、艷晦，是不一的，但好歹總還你一個燈彩。這燈彩實在是最能勾人的東西。夜幕垂垂地下來時，大小船上都點起燈火。從兩重玻璃裏映出那輻射著的黃黃的散光，反暈出一片朦朧的煙靄；透過這煙靄，在黯黯的水波里，又逗起縷縷的明漪。在這薄靄和微漪裏，聽著那悠然的間歇的槳聲，誰能不被引入他的美夢去呢？只愁夢太多了，這些大小船兒如何載得起呀？我們這時模模糊糊的談著明末的秦淮河的艷跡，如《桃花扇》及《板橋雜記》裏所載的。我們真神往了。我們彷彿親見那時華燈映水，畫舫凌波的光景了。於是我們的船便成了歷史的重載了。我們終於恍然秦淮河的船所以雅麗過於他處，而又有奇異的吸引力的，實在是許多歷史的影像使然了。

秦淮河的水是碧陰陰的；看起來厚而不膩，或者是六朝金粉所凝麼？我們初上船的時候，天色還未斷黑，那漾漾的柔波是這樣恬靜、委婉，使我們一面有水闊天空之想，一面又憧憬著紙醉金迷之境了。等到燈火明時，陰陰的變為沈沉了：黯淡的水光，像夢一般；那偶然閃爍著的光芒，就是夢的眼睛了。我們坐在艙前，因了那隆起的頂棚，彷彿總是昂著首向前走著似的；於是飄飄然如御風而行的我們，看著那些自在的灣泊著的船，船裏走馬燈般的人物，便像是下界一般，迢迢的遠了，又像在霧裏看花，盡朦朦朧朧的。這時我們已過了利涉橋，望見東關頭了。沿路聽見斷續的歌聲：有從沿河的妓樓飄來的，有從河上船裏渡來的。我們明知那些歌聲，只是些因襲的言詞，從生澀的歌喉裏機械的發出來的；但它們經了夏夜的微風的吹漾和水波的搖拂，嬝娜著到我們耳邊的時候，已經不單是她們的歌聲，而混著微風和河水的密語了。於是我們不得不被牽惹著，震撼著，相與浮沉於這歌聲裏了。從東關頭轉彎，不久就到大中橋。大中橋共有三個橋拱，都很闊大，儼然是三座門兒；使我們覺得我們的船和船裏的我們，在橋下過去時，真是太無顏色了。橋磚是深褐色，表明它的歷史的長久；但都完好無缺，令人太息於古昔工程的堅美。橋上兩旁都是木壁的房子，中間應該有街路。這些房子都破舊了，多年煙熏的跡，遮沒了當年的美麗。我想像秦淮河的極盛時，在這樣宏闊的橋上，特地蓋了房子，必然是髹漆得富富麗麗的；晚間必然是燈火通明的，現在卻只剩下一片黑沉沉！但是橋上造著房子，畢竟使我們多少可以想見往日的繁華；這也慰情聊勝無了。過了大中橋，便到了燈月交輝、笙歌徹夜的秦淮河，這才是秦淮河的真面目哩。

大中橋外，頓然空闊，和橋內兩岸排著密密的人家的景像大異了。一眼望去，疏疏的林，淡淡的月，襯著蔚藍的天，頗像荒江野渡光景；那邊呢，鬱叢叢的，陰森森的，又似乎藏著無邊的黑暗，令人幾乎不信那是繁華的秦淮河了。但是河中眩暈著的燈光，縱橫著的畫舫，悠揚著的笛韻，夾著那吱吱的胡琴聲，終於使我們認識綠如茵陳酒的秦淮水了。此地天裸露著的多些，故覺夜來的獨遲些；從清清的水影裏，我們感到的只是薄薄的夜——這正是秦淮河的夜。大中橋外，本來還有一座復成橋，是船夫口中的我們的遊踪盡處，或也是秦淮河繁華的盡處了。我的腳曾踏過復成橋的脊，在十三四歲的時候。但是兩次遊秦淮河，卻都不曾見著復成橋的面；明知總在前途的，卻常覺得有些虛無縹緲似的。我想，不見倒也好。這時正是盛夏。我們下船後，藉著新生的晚涼和河上的微風，暑氣已漸漸消散；到了此地，豁然開朗，身子頓然輕了——習習的清風荏苒在面上、手上、衣上，這便又感到了一縷新涼了。南京的日光，大概沒有杭州猛烈；西湖的夏夜老是熱蓬蓬的，水像沸著一般，秦淮河的水卻盡是這樣冷冷地綠著。任你人影的憧憧，歌聲的擾擾，總像隔著一層薄薄的綠紗面冪似的；它盡是這樣靜靜的、冷冷的綠著。我們出了大中橋，走不上半里路，船夫便將船劃到一旁，停了槳由它宕著。他以為那裏正是繁華的極點，再過去就是荒涼了；所以讓我們多多賞鑑一會兒。他自己卻靜靜的蹲著。他是看慣這光景的了，大約只是一個無可無不可。這無可無不可，無論是升的沉的，總之，都比我們高了。

那時河裏鬧熱極了；船大半泊著，小半在水上穿梭似的來往。停泊著的都在近市的那一邊，我們的船自然也夾在其中。因為這邊略略的擠，便覺得那邊十分的疏了。在每一隻船從那邊過去時，我們能畫出它的輕輕的影和曲曲的波，在我們的心上；這顯著是空，且顯著是靜了。那時處處都是歌聲和淒厲的胡琴聲，圓潤的喉嚨，確乎是很少的。但那生澀的，尖脆的調子能使人有少年的，粗率不拘的感覺，也正可快我們的意。況且多少隔開些兒聽著，因為想像與渴慕的做美，總覺更有滋味；而竟發的喧囂，抑揚的不齊，遠近的雜沓，和樂器的嘈嘈切切，合成另一意味的諧音，也使我們無所適從，如隨著大風而走。這實在因為我們的心枯澀久了，變為脆弱；故偶然潤澤一下，便瘋狂似的不能自主了，但秦淮河確也膩人。即如船裏的人面，無論是和我們一堆",裏的人面無論是和我們一堆,儿泊,erpo,er po,TRUE,1:而破 | 2:而 | 3:二 | 4:兒 | 5:爾 | 6:耳 | 7:貳 | 8:尓 | 9:餌 | 10:邇,FALSE,,,,,
top10_missing,352c6dc01247ecfcf5305466,阿河,3644,3647,"我這一回寒假，因為養病，住到一家親戚的別墅里去。那別墅是在鄉下。前面偏左的地方，是一片淡藍的湖水，對岸環擁著不盡的青山。山的影子倒映在水里，越顯得清清朗朗的。水面常如鏡子一般。風起時，微有皺痕；像少女們皺她們的眉頭，過一會子就好了。湖的余勢束成一條小港，緩緩地不聲不響地流過別墅的門前。門前有一條小石橋，橋那邊盡是田畝。這邊沿岸一帶，相間地栽著桃樹和柳樹，春來當有一番熱鬧的夢。別墅外面繚繞著短短的竹篱，篱外是小小的路。里邊一座向南的樓，背后便倚著山。西邊是三間平屋，我便住在這里。院子里有兩塊草地，上面隨便放著兩三塊石頭。另外的隙地上，或羅列著盆栽，或种蒔著花草。篱邊還有几株枝干蟠曲的大樹，有一株几乎要伸到水里去了。

我的親戚韋君只有夫婦二人和一個女儿。她在外邊念書，這時也剛回到家里。她邀來三位同學，同到她家過這個寒假；兩位是親戚，一位是朋友。她們住著樓上的兩間屋子。韋君夫婦也住在樓上。樓下正中是客廳，常是閒著，西間是吃飯的地方；東間便是韋君的書房，我們談天，喝茶，看報，都在這里。我吃了飯，便是一個人，也要到這里來閒坐一回。我來的第二天，韋小姐告訴我，她母親要給她們找一個好好的女用人；長工阿齊說有一個表妹，母親叫他明天就帶來做做看呢。她似乎很高興的樣子，我只是不經意地答應。

平屋与樓屋之間，是一個小小的廚房。我住的是東面的屋子，從窗子里可以看見廚房里人的來往。這一天午飯前，我偶然向外看看，見一個面生的女用人，兩手提著兩把白鐵壺，正往廚房里走；韋家的李媽在她前面領著，不知在和她說甚么話。她的頭髮亂蓬蓬的，像冬天的枯草一樣。身上穿著鑲邊的黑布棉襖和夾褲，黑里已泛出黃色；棉襖長与膝齊，夾褲也直拖到腳背上。腳倒是雙天足，穿著尖頭的黑布鞋，后跟還帶著兩片同色的“葉拔儿”。想這就是阿齊帶來的女用人了；想完了就坐下看書。晚飯后，韋小姐告訴我，女用人來了，她的名字叫“阿河”。我說，“名字很好，只是人土些；還能做么？”她說，“別看她土，很聰明呢。”我說，“哦。”便接著看手中的報了。

以后每天早上，中上，晚上，我常常看見阿河挈著水壺來往；她的眼似乎總是望前看的。兩個禮拜匆匆地過去了。韋小姐忽然和我說，你別看阿河土，她的志气很好，她是個可怜的人。我和娘說，把我前年在家穿的那身棉襖褲給了她吧。我嫌那兩件衣服太花，給了她正好。娘先不肯，說她來了沒有几天；后來也肯了。今天拿出來讓她穿，正合式呢。我們教給她打絨繩鞋，她真聰明，一學就會了。她說拿到工錢，也要打一雙穿呢。我等几天再和娘說去。

“她這樣愛好！怪不得頭髮光得多了，原來都是你們教她的。好！你們盡教她講究，她將來怕不愿回家去呢。”大家都笑了。

舊新年是過去了。因為江浙的兵事，我們的學校一時還不能開學。我們大家都樂得在別墅里多住些日子。這時阿河如換了一個人。她穿著寶藍色挑著小花儿的布棉襖褲；腳下是嫩藍色毛繩鞋，鞋口還綴著兩個半藍半白的小絨球儿。我想這一定是她的小姐們給幫忙的。古語說得好，“人要衣裳馬要鞍”，阿河這一打扮，真有些楚楚可怜了。她的頭髮早已是刷得光光的，覆額的留海也梳得十分伏帖。一張小小的圓臉，如正開的桃李花；臉上并沒有笑，卻隱隱地含著春日的光輝，像花房里充了蜜一般。這在我几乎是一個奇跡；我現在是常站在窗前看她了。我覺得在深山里發見了一粒貓儿眼；這樣精純的貓儿眼，是我生平所僅見！我覺得我們相識已太長久，极愿和她說一句話——极平淡的話，一句也好。但我怎好平白地和她攀談呢？這樣郁郁了一禮拜。

這是元宵節的前一晚上。我吃了飯，在屋里坐了一會，覺得有些無聊，便信步走到那書房里。拿起報來，想再細看一回。忽然門鈕一響，阿河進來了。她手里拿著三四支顏色鉛筆；出乎意料地走近了我。她站在我面前了，靜靜地微笑著說：“白先生，你知道鉛筆刨在哪里？”一面將拿著的鉛筆給我看。我不自主地立起來，匆忙地應道，“在這里；”我用手指著南邊柱子。但我立刻覺得這是不夠的。我領她走近了柱子。這時我像閃電似地躊躇了一下，便說，“我…… 我……”她一聲不響地已將一支鉛筆交給我。我放進刨子里刨給她看。刨了兩下，便想交給她；但終于刨完了一支，交還了她。她接了筆略看一看，仍仰著臉向我。我窘极了。剎那間念頭轉了好几個圈子；到底硬著頭皮搭訕著說，“就這樣刨好了。”我赶緊向門外一瞥，就走回原處看報去。但我的頭剛低下，我的眼已抬起來了。于是遠遠地從容地問道，“你會么？”她不曾掉過頭來，只“嚶”了一聲，也不說話。我看了她背影一會。覺得應該低下頭了。等我再抬起頭來時，她已默默地向外走了。她似乎總是望前看的；我想再問她一句話，但終于不曾出口。我撇下了報，站起來走了一會，便回到自己屋里。

我一直想著些什么，但什么也沒有想出。

第二天早上看見她往廚房里走時，我發愿我的眼將老跟著她的影子！她的影子真好。她那几步路走得又敏捷，又勻稱，又苗條，正如一只可愛的小貓。她兩手各提著一只水壺，又令我想到在一條細細的索儿上抖擻精神走著的女子。這全由于她的腰；她的腰真太軟了，用白水的話說，真是軟到使我如吃蘇州的牛皮糖一樣。不止她的腰，我的日記里說得好：“她有一套和云霞比美，水月爭靈的曲線，織成大大的一張迷惑的网！”而那兩頰的曲線，尤其甜蜜可人。她兩頰是白中透著微紅，潤澤如玉。她的皮膚，嫩得可以掐出水來；我的日記里說，“我很想去掐她一下呀！”她的眼像一雙小燕子，老是在灩灩的春水上打著圈儿。她的笑最使我記住，像一朵花漂浮在我的腦海里。我不是說過，她的小圓臉像正開的桃花么？那么，她微笑的時候，便是盛開的時候了：花房里充滿了蜜，真如要流出來的樣子。她的髮不甚厚，但黑而有光，柔軟而滑，如純絲一般。只可惜我不曾聞著一些儿香。唉！從前我在窗前看她好多次，所得的真太少了；若不是昨晚一見，——雖只几分鐘——我真太對不起這樣一個人儿了。

午飯后，韋君照例地睡午覺去了，只有我，韋小姐和其他三位小姐在書房里。我有意無意地談起阿河的事。我說：

“你們怎知道她的志气好呢？”

“那天我們教給她打絨繩鞋；”一位蔡小姐便答道，“看她很聰明，就問她為甚么不念書？她被我們一問，就傷心起來了。……”

“是的，”韋小姐笑著搶了說，“后來還哭了呢；還有一位傻子陪她淌眼淚呢。”

那邊黃小姐可急了，走過來推了她一下。蔡小姐忙攔住道，“人家說正經話，你們盡鬧著玩儿！讓我說完了呀——”“我代你說啵，”韋小姐仍搶著說，“——她說她只有一個爹，沒有娘。嫁了一個男人，倒有三十多歲，土頭土腦的，臉上滿是包！他是李媽的鄰舍，我還看見過呢。……”“好了，底下我說吧。”蔡小姐接著道，“她男人又不要好，盡愛賭錢；她一气，就住到娘家來，有一年多不回去了。”

“她今年几歲？”我問。

“十七不知十八？前年出嫁的，几個月就回家了，”蔡小姐說。

“不，十八，我知道，”韋小姐改正道。

“哦。你們可曾勸她离婚？”

“怎么不勸；”韋小姐應道，“她說十八回去吃她表哥的喜酒，要和她的爹去說呢。”

“你們教她的好事，該當何罪！”我笑了。

她們也都笑了。

十九的早上，我正在屋里看書，听見外面有嚷嚷的聲音；這是從來沒有的。我立刻走出來看；只見門外有兩個鄉下人要走進來，卻給阿齊攔住。他們只是央告，阿齊只是不肯。這時韋君已走出院中，向他們道，

“你們回去吧。人在我這里，不要緊的。快回去，不要瞎吵！”

兩個人面面相覷，說不出一句話；俄延了一會，只好走了。我問韋君什么事？他說，

“阿河囉！還不是瞎吵一回子。”

我想他于男女的事向來是懶得說的，還是回頭問他小姐的好；我們便談到別的事情上去。

吃了飯，我赶緊問韋小姐，她說，

“她是告訴娘的，你問娘去。”

我想這件事有些尷尬，便到西間里問韋太太；她正看著李媽收拾碗碟呢。她見我問，便笑著說，

“你要問這些事做什么？她昨天回去，原是借了阿桂的衣裳穿了去的，打扮得嬌滴滴的，也難怪，被她男人看見了，便約了些不相干的人，將她搶回去過了一夜。今天早上，她騙她男人，說要到此地來拿行李。她男人就會信她，派了兩個人跟著。那知她到了這里，便叫阿齊攔著那跟來的人；她自己便跪在我面前哭訴，說死也不愿回她男人家去。你說我有什么法子。只好讓那跟來的人先回去再說。好在沒有几天，她們要上學了，我將來交給她的爹吧。唉，現在的人，心眼儿真是越過越大了；一個鄉下女人，也會鬧出這樣惊天動地的事了！”

“可不是，”李媽在旁插嘴道，“太太你不知道；我家三叔前儿來，我還听他說呢。我本不該說的，阿彌陀佛！太太，你想她不愿意回婆家，老愿意住在娘家，是什么道理？家里只有一個單身的老子；你想那該死的老畜生！他舍不得放她回去呀！”

“低些，真的么？”韋太太惊詫地問。

“他們說得千真万确的。我早就想告訴太太了，總有些疑心；今天看她的樣子，真有几分對呢。太太，你想現在還成什么世界！”

“這該不至于吧。”我淡淡地插了一句。

“少爺，你那里知道！”韋太太歎了",少爺你那里知道韋太太歎了,一口气,yikouqi,yi kou qi,FALSE,1:一口氣 | 2:一口 | 3:一扣 | 4:衣釦 | 5:已扣 | 6:蟻寇 | 7:逸口 | 8:一 | 9:以 | 10:已,FALSE,,,,,
top10_missing,2399c539b3006c22918f7bee,給亡婦,1620,1622,"謙，日子真快，一眨眼你已經死了三個年頭了。這三年裡世事不知變化了多少回，但你未必注意這些個，我知道。你第一惦記的是你幾個孩子，第二便輪著我。孩子和我平分你的世界，你在日如此；你死後若還有知，想來還如此的。告訴你，我夏天回家來著：邁兒長得結實極了，比我高一個頭。閏兒父親說是最乖，可是沒有先前胖了。采芷和轉子都好。五兒全家誇她長得好看；卻在腿上生了濕瘡，整天坐在竹床上不能下來，看了怪可憐的。六兒，我怎麼說好，你明白，你臨終時也和母親談過，這孩子是只可以養著玩兒的，他左挨右挨去年春天，到底沒有挨過去。這孩子生了幾個月，你的肺病就重起來了。我勸你少親近他，只監督著老媽子照管就行。你總是忍不住，一會兒提，一會兒抱的。可是你病中為他操的那一份兒心也夠瞧的。那一個夏天他病的時候多，你成天兒忙著，湯呀，藥呀，冷呀，暖呀，連覺也沒有好好兒睡過。那裡有一分一毫想著你自己。瞧著他硬朗點兒你就樂，乾枯的笑容在黃蠟般的臉上，我只有暗中歎氣而已。

從來想不到做母親的要像你這樣。從邁兒起，你總是自己喂乳，一連四個都這樣。你起初不知道按鐘點兒喂，後來知道了，卻又弄不慣；孩子們每夜裡幾次將你哭醒了，特別是悶熱的夏季。我瞧你的覺老沒睡足。白天裡還得做菜，照料孩子，很少得空兒。你的身子本來壞，四個孩子就累你七八年。到了第五個，你自己實在不成了，又沒乳，只好自己餵奶粉，另雇老媽子專管她。但孩子跟老媽子睡，你就沒有放過心；夜裡一聽見哭，就豎起耳朵聽，工夫一大就得過去看。十六年初，和你到北京來，將邁兒，轉子留在家裡；三年多還不能去接他們，可真把你惦記苦了。你並不常提，我卻明白。你後來說你的病就是惦記出來的；那個自然也有份兒，不過大半還是養育孩子累的。你的短短的十二年結婚生活，有十一年耗費在孩子們身上；而你一點不厭倦，有多少力量用多少，一直到自己毀滅為止。你對孩子一般兒愛，不問男的女的，大的小的。也不想到什麼“養兒防老，積穀防饑”，只拚命的愛去。你對於教育老實說有些外行，孩子們只要吃得好玩得好就成了。這也難怪你，你自己便是這樣長大的。況且孩子們原都還小，吃和玩本來也要緊的。你病重的時候最放不下的還是孩子。病的只剩皮包著骨頭了，總不信自己不會好；老說：“我死了，這一大群孩子可苦了。”後來說送你回家，你想著可以看見邁兒和轉子，也願意；你萬不想到會一走不返的。我送車的時候，你忍不住哭了，說：“還不知能不能再見？”可憐，你的心我知道，你滿想著好好兒帶著六個孩子回來見我的。謙，你那時一定這樣想，一定的。

除了孩子，你心裡只有我。不錯，那時你父親還在；可是你母親死了，他另有個女人，你老早就覺得隔了一層似的。出嫁後第一年你雖還一心一意依戀著他老人家，到第二年上我和孩子可就將你的心占住，你再沒有多少工夫惦記他了。你還記得第一年我在北京，你在家裡。家裡來信說你待不住，常回娘家去。我動氣了，馬上寫信責備你。你教人寫了一封復信，說家裡有事，不能不回去。這是你第一次也可以說第末次的抗議，我從此就沒給你寫信。暑假時帶了一肚子主意回去，但見了面，看你一臉笑，也就拉倒了。打這時候起，你漸漸從你父親的懷裡跑到我這兒。你換了金鐲子幫助我的學費，叫我以後還你；但直到你死，我沒有還你。你在我家受了許多氣，又因為我家的緣故受你家裡的氣，你都忍著。這全為的是我，我知道。那回我從家鄉一個中學半途辭職出走。家裡人諷你也走。哪裡走！只得硬著頭皮往你家去。那時你家像個冰窖子，你們在窖裡足足住了三個月。好容易我才將你們領出來了，一同上外省去。小家庭這樣組織起來了。你雖不是什麼闊小姐，可也是自小嬌生慣養的，做起主婦來，什麼都得幹一兩手；你居然做下去了，而且高高興興地做下去了。菜照例滿是你做，可是吃的都是我們；你至多夾上兩三筷子就算了。你的菜做得不壞，有一位老在行大大地誇獎過你。你洗衣服也不錯，夏天我的綢大褂大概總是你親自動手。你在家老不樂意閑著；坐前幾個“月子”，老是四五天就",坐前幾個月子老是四五天就,起床,qichuang,qi chuang,FALSE,1:起牀 | 2:悽愴 | 3:氣窗 | 4:綺窗 | 5:起初 | 6:期初 | 7:悽楚 | 8:起出 | 9:齊出 | 10:氣出,FALSE,,,,,
top10_missing,aafa2e84a53a2c3167a1ee8e,槳聲燈影裏的秦淮河,4785,4788,"一九二三年八月的一晚，我和平伯同遊秦淮河；平伯是初泛，我是重來了。我們雇了一隻「七板子」，在夕陽已去、皎月方來的時候，便下了船。於是槳聲汩汩，我們開始領略那晃蕩著薔薇色的歷史的秦淮河的滋味了。

秦淮河裏的船，比北京万生園、頤和園的船好，比西湖的船好，比揚州瘦西湖的船也好。這幾處的船不是覺著笨，就是覺著簡陋、局促；都不能引起乘客們的情韻，如秦淮河的船一樣。秦淮河的船約略可分為兩種：一是大船；一是小船，就是所謂「七板子」。大船艙口闊大，可容二三十人。裏面陳設著字畫和光潔的紅木家具，桌上一律嵌著冰涼的大理石面。窗格雕鏤頗細，使人起柔膩之感。窗格里映著紅色藍色的玻璃；玻璃上有精緻的花紋，也頗悅人目。「七板子」規模雖不及大船，但那淡藍色的欄杆，空敞的艙，也足繫人情思。而最出色處卻在它的艙前。艙前是甲板上的一部，上面有弧形的頂，兩邊用疏疏的欄杆支著。裏面通常放著兩張藤的躺椅。躺下，可以談天，可以望遠，可以顧盼兩岸的河房。大船上也有這個，但在小船上更覺清雋罷了。艙前的頂下，一律懸著燈彩；燈的多少、明暗，彩蘇的精粗、艷晦，是不一的，但好歹總還你一個燈彩。這燈彩實在是最能勾人的東西。夜幕垂垂地下來時，大小船上都點起燈火。從兩重玻璃裏映出那輻射著的黃黃的散光，反暈出一片朦朧的煙靄；透過這煙靄，在黯黯的水波里，又逗起縷縷的明漪。在這薄靄和微漪裏，聽著那悠然的間歇的槳聲，誰能不被引入他的美夢去呢？只愁夢太多了，這些大小船兒如何載得起呀？我們這時模模糊糊的談著明末的秦淮河的艷跡，如《桃花扇》及《板橋雜記》裏所載的。我們真神往了。我們彷彿親見那時華燈映水，畫舫凌波的光景了。於是我們的船便成了歷史的重載了。我們終於恍然秦淮河的船所以雅麗過於他處，而又有奇異的吸引力的，實在是許多歷史的影像使然了。

秦淮河的水是碧陰陰的；看起來厚而不膩，或者是六朝金粉所凝麼？我們初上船的時候，天色還未斷黑，那漾漾的柔波是這樣恬靜、委婉，使我們一面有水闊天空之想，一面又憧憬著紙醉金迷之境了。等到燈火明時，陰陰的變為沈沉了：黯淡的水光，像夢一般；那偶然閃爍著的光芒，就是夢的眼睛了。我們坐在艙前，因了那隆起的頂棚，彷彿總是昂著首向前走著似的；於是飄飄然如御風而行的我們，看著那些自在的灣泊著的船，船裏走馬燈般的人物，便像是下界一般，迢迢的遠了，又像在霧裏看花，盡朦朦朧朧的。這時我們已過了利涉橋，望見東關頭了。沿路聽見斷續的歌聲：有從沿河的妓樓飄來的，有從河上船裏渡來的。我們明知那些歌聲，只是些因襲的言詞，從生澀的歌喉裏機械的發出來的；但它們經了夏夜的微風的吹漾和水波的搖拂，嬝娜著到我們耳邊的時候，已經不單是她們的歌聲，而混著微風和河水的密語了。於是我們不得不被牽惹著，震撼著，相與浮沉於這歌聲裏了。從東關頭轉彎，不久就到大中橋。大中橋共有三個橋拱，都很闊大，儼然是三座門兒；使我們覺得我們的船和船裏的我們，在橋下過去時，真是太無顏色了。橋磚是深褐色，表明它的歷史的長久；但都完好無缺，令人太息於古昔工程的堅美。橋上兩旁都是木壁的房子，中間應該有街路。這些房子都破舊了，多年煙熏的跡，遮沒了當年的美麗。我想像秦淮河的極盛時，在這樣宏闊的橋上，特地蓋了房子，必然是髹漆得富富麗麗的；晚間必然是燈火通明的，現在卻只剩下一片黑沉沉！但是橋上造著房子，畢竟使我們多少可以想見往日的繁華；這也慰情聊勝無了。過了大中橋，便到了燈月交輝、笙歌徹夜的秦淮河，這才是秦淮河的真面目哩。

大中橋外，頓然空闊，和橋內兩岸排著密密的人家的景像大異了。一眼望去，疏疏的林，淡淡的月，襯著蔚藍的天，頗像荒江野渡光景；那邊呢，鬱叢叢的，陰森森的，又似乎藏著無邊的黑暗，令人幾乎不信那是繁華的秦淮河了。但是河中眩暈著的燈光，縱橫著的畫舫，悠揚著的笛韻，夾著那吱吱的胡琴聲，終於使我們認識綠如茵陳酒的秦淮水了。此地天裸露著的多些，故覺夜來的獨遲些；從清清的水影裏，我們感到的只是薄薄的夜——這正是秦淮河的夜。大中橋外，本來還有一座復成橋，是船夫口中的我們的遊踪盡處，或也是秦淮河繁華的盡處了。我的腳曾踏過復成橋的脊，在十三四歲的時候。但是兩次遊秦淮河，卻都不曾見著復成橋的面；明知總在前途的，卻常覺得有些虛無縹緲似的。我想，不見倒也好。這時正是盛夏。我們下船後，藉著新生的晚涼和河上的微風，暑氣已漸漸消散；到了此地，豁然開朗，身子頓然輕了——習習的清風荏苒在面上、手上、衣上，這便又感到了一縷新涼了。南京的日光，大概沒有杭州猛烈；西湖的夏夜老是熱蓬蓬的，水像沸著一般，秦淮河的水卻盡是這樣冷冷地綠著。任你人影的憧憧，歌聲的擾擾，總像隔著一層薄薄的綠紗面冪似的；它盡是這樣靜靜的、冷冷的綠著。我們出了大中橋，走不上半里路，船夫便將船劃到一旁，停了槳由它宕著。他以為那裏正是繁華的極點，再過去就是荒涼了；所以讓我們多多賞鑑一會兒。他自己卻靜靜的蹲著。他是看慣這光景的了，大約只是一個無可無不可。這無可無不可，無論是升的沉的，總之，都比我們高了。

那時河裏鬧熱極了；船大半泊著，小半在水上穿梭似的來往。停泊著的都在近市的那一邊，我們的船自然也夾在其中。因為這邊略略的擠，便覺得那邊十分的疏了。在每一隻船從那邊過去時，我們能畫出它的輕輕的影和曲曲的波，在我們的心上；這顯著是空，且顯著是靜了。那時處處都是歌聲和淒厲的胡琴聲，圓潤的喉嚨，確乎是很少的。但那生澀的，尖脆的調子能使人有少年的，粗率不拘的感覺，也正可快我們的意。況且多少隔開些兒聽著，因為想像與渴慕的做美，總覺更有滋味；而竟發的喧囂，抑揚的不齊，遠近的雜沓，和樂器的嘈嘈切切，合成另一意味的諧音，也使我們無所適從，如隨著大風而走。這實在因為我們的心枯澀久了，變為脆弱；故偶然潤澤一下，便瘋狂似的不能自主了，但秦淮河確也膩人。即如船裏的人面，無論是和我們一堆儿泊著的，無論是從我們眼前過去的，總是模模糊糊的，甚至渺渺茫茫的；任你張圓了眼睛，揩淨了眥垢，也是枉然，這真夠人想呢。在我們停泊的地方，燈光原是紛然的；不過這些燈光都是黃而有暈的。黃已經不能明了，再加上了暈，便更不成了。燈愈多，暈就愈甚；在繁星般的黃的交錯裏，秦淮河彷彿籠上了一團光霧。光芒與霧氣騰騰的暈著，什麼都只剩了輪廓了；所以人面的詳細的曲線，便消失於我們的眼底了。但燈光究竟奪不了那邊的月色；燈光是渾的，月色是清的。在渾沌的燈光裏，滲入一派清輝，卻真是奇蹟！那晚月兒已瘦削了兩三分。她晚妝才罷，盈盈的上了柳梢頭。天是藍得可愛，彷彿一汪水似的；月兒便更出落得精神了。岸上原有三株兩株的垂楊樹，淡淡的影子，在水里搖曳著。它們那柔細的枝條浴著月光，就像一支支美人的臂膊，交互的纏著、挽著；又像是月兒披著的髪。而月兒偶爾也從它們的交叉處偷偷窺看我們，大有小姑娘怕羞的樣子。岸上另有幾株不知名的老樹，光光的立著；在月光裏照起來，卻又儼然是精神矍鑠的老人。遠處快到天際線了，才有一兩片白雲，亮得現出異彩，像是美麗的貝殼一般。白雲下便是黑黑的一帶輪廓；是一條隨意畫的不規則的曲線。這一段光景，和河中的風味大異了。但燈與月竟能並存著，交融著，使月成了纏綿的月，燈射著渺渺的靈輝，這正是天之所以厚秦淮河，也正是天之所以厚我們了。

這時卻遇著了難解的糾紛。秦淮河上原有一種歌妓，是以歌為業的。從前都在茶舫上，唱些大曲之類。每日午後一時起；什麼時候止，卻忘記了。晚上照樣也有一回，也在黃暈的燈光裏。我從前過南京時，曾隨著朋友去聽過兩次。因為茶舫裏的人臉太多了，覺得不大適意，終於聽不出所以然。前年聽說歌妓被取締了，不知怎的，頗涉想了幾次卻想不出什麼。這次到南京，先到茶舫上去看看，覺得頗是寂寥，令我無端的悵悵了。不料她們卻仍在秦淮河裏掙扎著，不料她們竟會糾纏到我們，我於是很張皇了，她們也乘著「七板子」，她們總是坐在艙前的。艙前點著石油汽燈，光亮炫人眼目：坐在下面的，自然是纖毫畢見了。引誘客人們的力量，也便在此了。艙裏躲著樂工等人，映著汽燈的餘輝蠕動著；他們是永遠不被注意的。每船的歌妓大約都是二人；天色一黑，她們的船就在大中橋外往來不息的兜生意。無論行著的船，泊著的船，都要來兜攬的。這都是我後來推想出來的。那晚不知怎樣，忽然輪著我們的船了。我們的船好好的停著，一隻歌舫劃向我們來了；漸漸和我們的船並著了。爍爍的燈光逼得我們皺起了眉頭；我們的風塵色全給它托出來了，這使我踧踖不安了。那時一個伙計跨過船來，拿著攤開的歌摺，就近塞向我的手裏，說：「點幾出吧！」他跨過來的時候，我們船上似乎有許多眼光跟著。同時相近的別的船上也似乎有許多眼睛炯炯的向我們船上看著。我真窘了！我也裝出大方的樣子，向歌妓們瞥了一眼，但究竟是不成的！我勉強將那歌摺翻了一翻，卻不曾看清了幾個字；便趕緊遞還那伙計，一面不好意思地說「不要，我們⋯⋯不要。」他便塞給平伯，平伯掉轉頭去，搖手說：「不要！」那人還膩著不走。平伯又回過臉來，搖著頭道「不要！」於是那人重到我處，我窘著再拒絕了他。他這纔有所不屑似的走了。

我的心立刻放下，如釋了重負一般。我們就開始自白了。

我說我受了道德律的壓迫，拒絕了她們；心裏似乎很抱歉的。這所謂抱歉，一面對於她們，一面對於我自己。她們於我們雖然沒有很奢的希望；但總有些希望的。我們拒絕了她們，無論理由如何充足，卻使她們的希望受了傷；這總有幾分不做美了，這是我覺得很悵悵的。至於我自己，更有一種不足之感。我這時被四面的歌聲誘惑了，降伏了；但是遠遠的，遠遠的歌聲總彷彿隔著重衣搔癢似的，越搔越搔不著癢處。我於是憧憬著貼耳的妙音了。在歌舫劃來時，我的憧憬，變為盼望；我固執的盼望著，有如飢渴。雖然從淺薄的經驗裏，也能夠推知，那貼耳的歌聲，將剝去了一切的美妙；但一個平常的人像我的，谁愿憑了理性之力去醜化未來呢？我寧願自己騙著了。不過我的社會感性是很敏銳的；我的思力能拆穿道德律的西洋鏡，而我的感情卻終於被它壓服著。我於是有所顧忌了，尤其是在眾目昭彰的時候。道德律的力，本來是民眾賦予的；在民眾的面前，自然更顯出它的威嚴了。我這時一面盼望，一面卻感到了兩重的禁制：一、在通俗的意義上，接近妓者總算一種不正當的行為；二、妓是一種不健全的職業，我們對於她們，應有哀矜勿喜之心，不應賞玩的去聽她們的歌。在眾目睽睽之下，這兩種思想在我心裏最為旺盛。她們暫時壓倒了我的聽歌的盼望，這便成就了我的灰色的拒絕。那時的心實在異常狀態中，覺得頗是昏亂。歌舫去了，暫時寧靜之後，我的思緒又如潮湧了。兩個相反的意思在我心頭往復：賣歌和賣淫不同，聽歌和狎妓不同，又干道德甚事？但是，但是，她們既被逼的以歌為業，她們的歌必無藝術味的；況她們的身世，我們究竟該同情的，所以拒絕倒也是正辦。但這些意思終於不曾撇開我的聽歌的盼望。它力量異常堅強；它總想將別的思緒踏在腳下。從這重重的爭鬬里，我感到了濃厚的不足之感。這不足之感使我的心盤旋不安，起坐都不安寧了。唉！我承認我是一個自私的人！平伯呢，卻與我不同。他引周啟明先生的詩，「因為我有妻子，所以我愛一切的女人；因為我有子女，所以我愛一切的孩子。」他的意思可以見了。他因為推及的同情，愛著那些歌妓，並且尊重著她們，所以拒絕了她們。在這種情形下，他自然以為聽是對於她們的一種侮辱。但他也是想听歌的，雖然不和我一樣。所以在他的心中，當然也有一番小小的爭鬬；爭鬬的結果，是同情勝了。至於道德律，在他是沒有什麼的：因為他很有蔑視一切的傾向，民眾的力量在他是不大覺著的。這時他的心意的活動比較簡單，又比較鬆弱，故事後還怡然自若；我卻不能了。這里平伯又比我高了。

在我們談話中間，又來了兩隻歌舫。伙計照前一樣的請我們點戲，我們照前一樣的拒絕了。我受了三次窘，心裏的不安更甚了。清豔的夜景也為之減色。船夫大約因為要趕",為之減色船夫大約因為要趕,第二趟,diertang,di er tang,TRUE,1:第二湯 | 2:第二 | 3:地兒 | 4:迪爾 | 5:底兒 | 6:地 | 7:第 | 8:低 | 9:滴 | 10:底,FALSE,,,,,
top10_missing,da0a91e420d3a5faa961fb1c,槳聲燈影裏的秦淮河,3188,3190,"一九二三年八月的一晚，我和平伯同遊秦淮河；平伯是初泛，我是重來了。我們雇了一隻「七板子」，在夕陽已去、皎月方來的時候，便下了船。於是槳聲汩汩，我們開始領略那晃蕩著薔薇色的歷史的秦淮河的滋味了。

秦淮河裏的船，比北京万生園、頤和園的船好，比西湖的船好，比揚州瘦西湖的船也好。這幾處的船不是覺著笨，就是覺著簡陋、局促；都不能引起乘客們的情韻，如秦淮河的船一樣。秦淮河的船約略可分為兩種：一是大船；一是小船，就是所謂「七板子」。大船艙口闊大，可容二三十人。裏面陳設著字畫和光潔的紅木家具，桌上一律嵌著冰涼的大理石面。窗格雕鏤頗細，使人起柔膩之感。窗格里映著紅色藍色的玻璃；玻璃上有精緻的花紋，也頗悅人目。「七板子」規模雖不及大船，但那淡藍色的欄杆，空敞的艙，也足繫人情思。而最出色處卻在它的艙前。艙前是甲板上的一部，上面有弧形的頂，兩邊用疏疏的欄杆支著。裏面通常放著兩張藤的躺椅。躺下，可以談天，可以望遠，可以顧盼兩岸的河房。大船上也有這個，但在小船上更覺清雋罷了。艙前的頂下，一律懸著燈彩；燈的多少、明暗，彩蘇的精粗、艷晦，是不一的，但好歹總還你一個燈彩。這燈彩實在是最能勾人的東西。夜幕垂垂地下來時，大小船上都點起燈火。從兩重玻璃裏映出那輻射著的黃黃的散光，反暈出一片朦朧的煙靄；透過這煙靄，在黯黯的水波里，又逗起縷縷的明漪。在這薄靄和微漪裏，聽著那悠然的間歇的槳聲，誰能不被引入他的美夢去呢？只愁夢太多了，這些大小船兒如何載得起呀？我們這時模模糊糊的談著明末的秦淮河的艷跡，如《桃花扇》及《板橋雜記》裏所載的。我們真神往了。我們彷彿親見那時華燈映水，畫舫凌波的光景了。於是我們的船便成了歷史的重載了。我們終於恍然秦淮河的船所以雅麗過於他處，而又有奇異的吸引力的，實在是許多歷史的影像使然了。

秦淮河的水是碧陰陰的；看起來厚而不膩，或者是六朝金粉所凝麼？我們初上船的時候，天色還未斷黑，那漾漾的柔波是這樣恬靜、委婉，使我們一面有水闊天空之想，一面又憧憬著紙醉金迷之境了。等到燈火明時，陰陰的變為沈沉了：黯淡的水光，像夢一般；那偶然閃爍著的光芒，就是夢的眼睛了。我們坐在艙前，因了那隆起的頂棚，彷彿總是昂著首向前走著似的；於是飄飄然如御風而行的我們，看著那些自在的灣泊著的船，船裏走馬燈般的人物，便像是下界一般，迢迢的遠了，又像在霧裏看花，盡朦朦朧朧的。這時我們已過了利涉橋，望見東關頭了。沿路聽見斷續的歌聲：有從沿河的妓樓飄來的，有從河上船裏渡來的。我們明知那些歌聲，只是些因襲的言詞，從生澀的歌喉裏機械的發出來的；但它們經了夏夜的微風的吹漾和水波的搖拂，嬝娜著到我們耳邊的時候，已經不單是她們的歌聲，而混著微風和河水的密語了。於是我們不得不被牽惹著，震撼著，相與浮沉於這歌聲裏了。從東關頭轉彎，不久就到大中橋。大中橋共有三個橋拱，都很闊大，儼然是三座門兒；使我們覺得我們的船和船裏的我們，在橋下過去時，真是太無顏色了。橋磚是深褐色，表明它的歷史的長久；但都完好無缺，令人太息於古昔工程的堅美。橋上兩旁都是木壁的房子，中間應該有街路。這些房子都破舊了，多年煙熏的跡，遮沒了當年的美麗。我想像秦淮河的極盛時，在這樣宏闊的橋上，特地蓋了房子，必然是髹漆得富富麗麗的；晚間必然是燈火通明的，現在卻只剩下一片黑沉沉！但是橋上造著房子，畢竟使我們多少可以想見往日的繁華；這也慰情聊勝無了。過了大中橋，便到了燈月交輝、笙歌徹夜的秦淮河，這才是秦淮河的真面目哩。

大中橋外，頓然空闊，和橋內兩岸排著密密的人家的景像大異了。一眼望去，疏疏的林，淡淡的月，襯著蔚藍的天，頗像荒江野渡光景；那邊呢，鬱叢叢的，陰森森的，又似乎藏著無邊的黑暗，令人幾乎不信那是繁華的秦淮河了。但是河中眩暈著的燈光，縱橫著的畫舫，悠揚著的笛韻，夾著那吱吱的胡琴聲，終於使我們認識綠如茵陳酒的秦淮水了。此地天裸露著的多些，故覺夜來的獨遲些；從清清的水影裏，我們感到的只是薄薄的夜——這正是秦淮河的夜。大中橋外，本來還有一座復成橋，是船夫口中的我們的遊踪盡處，或也是秦淮河繁華的盡處了。我的腳曾踏過復成橋的脊，在十三四歲的時候。但是兩次遊秦淮河，卻都不曾見著復成橋的面；明知總在前途的，卻常覺得有些虛無縹緲似的。我想，不見倒也好。這時正是盛夏。我們下船後，藉著新生的晚涼和河上的微風，暑氣已漸漸消散；到了此地，豁然開朗，身子頓然輕了——習習的清風荏苒在面上、手上、衣上，這便又感到了一縷新涼了。南京的日光，大概沒有杭州猛烈；西湖的夏夜老是熱蓬蓬的，水像沸著一般，秦淮河的水卻盡是這樣冷冷地綠著。任你人影的憧憧，歌聲的擾擾，總像隔著一層薄薄的綠紗面冪似的；它盡是這樣靜靜的、冷冷的綠著。我們出了大中橋，走不上半里路，船夫便將船劃到一旁，停了槳由它宕著。他以為那裏正是繁華的極點，再過去就是荒涼了；所以讓我們多多賞鑑一會兒。他自己卻靜靜的蹲著。他是看慣這光景的了，大約只是一個無可無不可。這無可無不可，無論是升的沉的，總之，都比我們高了。

那時河裏鬧熱極了；船大半泊著，小半在水上穿梭似的來往。停泊著的都在近市的那一邊，我們的船自然也夾在其中。因為這邊略略的擠，便覺得那邊十分的疏了。在每一隻船從那邊過去時，我們能畫出它的輕輕的影和曲曲的波，在我們的心上；這顯著是空，且顯著是靜了。那時處處都是歌聲和淒厲的胡琴聲，圓潤的喉嚨，確乎是很少的。但那生澀的，尖脆的調子能使人有少年的，粗率不拘的感覺，也正可快我們的意。況且多少隔開些兒聽著，因為想像與渴慕的做美，總覺更有滋味；而竟發的喧囂，抑揚的不齊，遠近的雜沓，和樂器的嘈嘈切切，合成另一意味的諧音，也使我們無所適從，如隨著大風而走。這實在因為我們的心枯澀久了，變為脆弱；故偶然潤澤一下，便瘋狂似的不能自主了，但秦淮河確也膩人。即如船裏的人面，無論是和我們一堆儿泊著的，無論是從我們眼前過去的，總是模模糊糊的，甚至渺渺茫茫的；任你張圓了眼睛，揩淨了眥垢，也是枉然，這真夠人想呢。在我們停泊的地方，燈光原是紛然的；不過這些燈光都是黃而有暈的。黃已經不能明了，再加上了暈，便更不成了。燈愈多，暈就愈甚；在繁星般的黃的交錯裏，秦淮河彷彿籠上了一團光霧。光芒與霧氣騰騰的暈著，什麼都只剩了輪廓了；所以人面的詳細的曲線，便消失於我們的眼底了。但燈光究竟奪不了那邊的月色；燈光是渾的，月色是清的。在渾沌的燈光裏，滲入一派清輝，卻真是奇蹟！那晚月兒已瘦削了兩三分。她晚妝才罷，盈盈的上了柳梢頭。天是藍得可愛，彷彿一汪水似的；月兒便更出落得精神了。岸上原有三株兩株的垂楊樹，淡淡的影子，在水里搖曳著。它們那柔細的枝條浴著月光，就像一支支美人的臂膊，交互的纏著、挽著；又像是月兒披著的髪。而月兒偶爾也從它們的交叉處偷偷窺看我們，大有小姑娘怕羞的樣子。岸上另有幾株不知名的老樹，光光的立著；在月光裏照起來，卻又儼然是精神矍鑠的老人。遠處快到天際線了，才有一兩片白雲，亮得現出異彩，像是美麗的貝殼一般。白雲下便是黑黑的一帶輪廓；是一條隨意畫的不規則的曲線。這一段光景，和河中的風味大異了。但燈與月竟能並存著，交融著，使月成了纏綿的月，燈射著渺渺的靈輝，這正是天之所以厚秦淮河，也正是天之所以厚我們了。

這時卻遇著了難解的糾紛。秦淮河上原有一種歌妓，是以歌為業的。從前都在茶舫上，唱些大曲之類。每日午後一時起；什麼時候止，卻忘記了。晚上照樣也有一回，也在黃暈的燈光裏。我從前過南京時，曾隨著朋友去聽過兩次。因為茶舫裏的人臉太多了，覺得不大適意，終於聽不出所以然。前年聽說歌妓被取締了，不知怎的，頗涉想了幾次卻想不出什麼。這次到南京，先到茶舫上去看看，覺得頗是寂寥，令我無端的悵悵了。不料她們卻仍在秦淮河裏掙扎著，不料她們竟會糾纏到我們，我於是很張皇了，她們也乘著「七板子」，她們總是坐在艙前的。艙",板子她們總是坐在艙前的艙,前點,qiandian,qian dian,TRUE,1:千點 | 2:乾電 | 3:淺淀 | 4:前店 | 5:前殿 | 6:遣奠 | 7:錢坫 | 8:乾地 | 9:前敵 | 10:乾弟,FALSE,,,,,
top10_missing,97670f163170fa8903b48b27,背影,702,705,"我與父親不相見已二年餘了，我最不能忘記的是他的背影。那年冬天，祖母死了，父親的差使也交卸了，正是禍不單行的日子，我從北京到徐州，打算跟着父親奔喪囘家。到徐州見着父親，看見滿院狼藉的東西，又想起祖母，不禁簌簌地流下眼淚。父親說，「事已如此，不必難過，好在天無絕人之路！」

囘家變賣典質，父親還了虧空；又借錢辦了喪事。這些日子，家中光景很是慘澹，一半爲了喪事，一半爲了父親賦閒。喪事完畢，父親要到南京謀事，我也要囘北京念書，我們便同行。

到南京時，有朋友約去游逛，勾留了一日；第二日上午便須渡江到浦口，下午上車北去。父親因爲事忙，本已說定不送我，叫旅館裏一個熟識的茶房陪我同去。他再三囑付茶房，甚是仔細。但他終於不放心，怕茶房不妥帖；頗躊躇了一會。其實我那年已二十歲，北京已來往過兩三次，是沒有甚麽要緊的了。他躊躇了一會，終於決定還是自己送我去。我兩三囘勸他不必去；他只說，「不要緊，他們去不好！」

我們過了江，進了車站。我買票，他忙着照看行李。行李太多了，得向腳夫行些小費，才可過去。他便又忙着和他們講價錢。我那時眞是聰明過分，總覺他說話不大漂亮，非自己插嘴不可。但他終於講定了價錢；就送我上車。他給我揀定了靠車門的一張椅子；我將他給我做的紫毛大衣鋪好坐位。他囑我路上小心，夜裏要警醒些，不要受涼。又囑託茶房好好照應我。我心裏暗笑他的迂；他們只認得錢，託他們直是白託！而且我這樣大年紀的人，難道還不能料理自己麽？唉，我現在想想，那時眞是太聰明了！

我說道，「爸爸，你走吧。」他望車外看了看，說，「我買幾個橘子去。你就在此地，不要走動。」我看那邊月臺的柵欄外有幾個賣東西的等着顧客。走到那邊月臺，須穿",等着顧客走到那邊月臺須穿,過鐵道,guotiedao,guo tie dao,TRUE,1:鍋貼到 | 2:鍋貼 | 3:國體 | 4:過 | 5:國 | 6:果 | 7:郭 | 8:鍋 | 9:裹 | 10:蝸,FALSE,,,,,
top10_missing,c66578eb84938ad0bc05ec4b,阿河,4408,4410,"我這一回寒假，因為養病，住到一家親戚的別墅里去。那別墅是在鄉下。前面偏左的地方，是一片淡藍的湖水，對岸環擁著不盡的青山。山的影子倒映在水里，越顯得清清朗朗的。水面常如鏡子一般。風起時，微有皺痕；像少女們皺她們的眉頭，過一會子就好了。湖的余勢束成一條小港，緩緩地不聲不響地流過別墅的門前。門前有一條小石橋，橋那邊盡是田畝。這邊沿岸一帶，相間地栽著桃樹和柳樹，春來當有一番熱鬧的夢。別墅外面繚繞著短短的竹篱，篱外是小小的路。里邊一座向南的樓，背后便倚著山。西邊是三間平屋，我便住在這里。院子里有兩塊草地，上面隨便放著兩三塊石頭。另外的隙地上，或羅列著盆栽，或种蒔著花草。篱邊還有几株枝干蟠曲的大樹，有一株几乎要伸到水里去了。

我的親戚韋君只有夫婦二人和一個女儿。她在外邊念書，這時也剛回到家里。她邀來三位同學，同到她家過這個寒假；兩位是親戚，一位是朋友。她們住著樓上的兩間屋子。韋君夫婦也住在樓上。樓下正中是客廳，常是閒著，西間是吃飯的地方；東間便是韋君的書房，我們談天，喝茶，看報，都在這里。我吃了飯，便是一個人，也要到這里來閒坐一回。我來的第二天，韋小姐告訴我，她母親要給她們找一個好好的女用人；長工阿齊說有一個表妹，母親叫他明天就帶來做做看呢。她似乎很高興的樣子，我只是不經意地答應。

平屋与樓屋之間，是一個小小的廚房。我住的是東面的屋子，從窗子里可以看見廚房里人的來往。這一天午飯前，我偶然向外看看，見一個面生的女用人，兩手提著兩把白鐵壺，正往廚房里走；韋家的李媽在她前面領著，不知在和她說甚么話。她的頭髮亂蓬蓬的，像冬天的枯草一樣。身上穿著鑲邊的黑布棉襖和夾褲，黑里已泛出黃色；棉襖長与膝齊，夾褲也直拖到腳背上。腳倒是雙天足，穿著尖頭的黑布鞋，后跟還帶著兩片同色的“葉拔儿”。想這就是阿齊帶來的女用人了；想完了就坐下看書。晚飯后，韋小姐告訴我，女用人來了，她的名字叫“阿河”。我說，“名字很好，只是人土些；還能做么？”她說，“別看她土，很聰明呢。”我說，“哦。”便接著看手中的報了。

以后每天早上，中上，晚上，我常常看見阿河挈著水壺來往；她的眼似乎總是望前看的。兩個禮拜匆匆地過去了。韋小姐忽然和我說，你別看阿河土，她的志气很好，她是個可怜的人。我和娘說，把我前年在家穿的那身棉襖褲給了她吧。我嫌那兩件衣服太花，給了她正好。娘先不肯，說她來了沒有几天；后來也肯了。今天拿出來讓她穿，正合式呢。我們教給她打絨繩鞋，她真聰明，一學就會了。她說拿到工錢，也要打一雙穿呢。我等几天再和娘說去。

“她這樣愛好！怪不得頭髮光得多了，原來都是你們教她的。好！你們盡教她講究，她將來怕不愿回家去呢。”大家都笑了。

舊新年是過去了。因為江浙的兵事，我們的學校一時還不能開學。我們大家都樂得在別墅里多住些日子。這時阿河如換了一個人。她穿著寶藍色挑著小花儿的布棉襖褲；腳下是嫩藍色毛繩鞋，鞋口還綴著兩個半藍半白的小絨球儿。我想這一定是她的小姐們給幫忙的。古語說得好，“人要衣裳馬要鞍”，阿河這一打扮，真有些楚楚可怜了。她的頭髮早已是刷得光光的，覆額的留海也梳得十分伏帖。一張小小的圓臉，如正開的桃李花；臉上并沒有笑，卻隱隱地含著春日的光輝，像花房里充了蜜一般。這在我几乎是一個奇跡；我現在是常站在窗前看她了。我覺得在深山里發見了一粒貓儿眼；這樣精純的貓儿眼，是我生平所僅見！我覺得我們相識已太長久，极愿和她說一句話——极平淡的話，一句也好。但我怎好平白地和她攀談呢？這樣郁郁了一禮拜。

這是元宵節的前一晚上。我吃了飯，在屋里坐了一會，覺得有些無聊，便信步走到那書房里。拿起報來，想再細看一回。忽然門鈕一響，阿河進來了。她手里拿著三四支顏色鉛筆；出乎意料地走近了我。她站在我面前了，靜靜地微笑著說：“白先生，你知道鉛筆刨在哪里？”一面將拿著的鉛筆給我看。我不自主地立起來，匆忙地應道，“在這里；”我用手指著南邊柱子。但我立刻覺得這是不夠的。我領她走近了柱子。這時我像閃電似地躊躇了一下，便說，“我…… 我……”她一聲不響地已將一支鉛筆交給我。我放進刨子里刨給她看。刨了兩下，便想交給她；但終于刨完了一支，交還了她。她接了筆略看一看，仍仰著臉向我。我窘极了。剎那間念頭轉了好几個圈子；到底硬著頭皮搭訕著說，“就這樣刨好了。”我赶緊向門外一瞥，就走回原處看報去。但我的頭剛低下，我的眼已抬起來了。于是遠遠地從容地問道，“你會么？”她不曾掉過頭來，只“嚶”了一聲，也不說話。我看了她背影一會。覺得應該低下頭了。等我再抬起頭來時，她已默默地向外走了。她似乎總是望前看的；我想再問她一句話，但終于不曾出口。我撇下了報，站起來走了一會，便回到自己屋里。

我一直想著些什么，但什么也沒有想出。

第二天早上看見她往廚房里走時，我發愿我的眼將老跟著她的影子！她的影子真好。她那几步路走得又敏捷，又勻稱，又苗條，正如一只可愛的小貓。她兩手各提著一只水壺，又令我想到在一條細細的索儿上抖擻精神走著的女子。這全由于她的腰；她的腰真太軟了，用白水的話說，真是軟到使我如吃蘇州的牛皮糖一樣。不止她的腰，我的日記里說得好：“她有一套和云霞比美，水月爭靈的曲線，織成大大的一張迷惑的网！”而那兩頰的曲線，尤其甜蜜可人。她兩頰是白中透著微紅，潤澤如玉。她的皮膚，嫩得可以掐出水來；我的日記里說，“我很想去掐她一下呀！”她的眼像一雙小燕子，老是在灩灩的春水上打著圈儿。她的笑最使我記住，像一朵花漂浮在我的腦海里。我不是說過，她的小圓臉像正開的桃花么？那么，她微笑的時候，便是盛開的時候了：花房里充滿了蜜，真如要流出來的樣子。她的髮不甚厚，但黑而有光，柔軟而滑，如純絲一般。只可惜我不曾聞著一些儿香。唉！從前我在窗前看她好多次，所得的真太少了；若不是昨晚一見，——雖只几分鐘——我真太對不起這樣一個人儿了。

午飯后，韋君照例地睡午覺去了，只有我，韋小姐和其他三位小姐在書房里。我有意無意地談起阿河的事。我說：

“你們怎知道她的志气好呢？”

“那天我們教給她打絨繩鞋；”一位蔡小姐便答道，“看她很聰明，就問她為甚么不念書？她被我們一問，就傷心起來了。……”

“是的，”韋小姐笑著搶了說，“后來還哭了呢；還有一位傻子陪她淌眼淚呢。”

那邊黃小姐可急了，走過來推了她一下。蔡小姐忙攔住道，“人家說正經話，你們盡鬧著玩儿！讓我說完了呀——”“我代你說啵，”韋小姐仍搶著說，“——她說她只有一個爹，沒有娘。嫁了一個男人，倒有三十多歲，土頭土腦的，臉上滿是包！他是李媽的鄰舍，我還看見過呢。……”“好了，底下我說吧。”蔡小姐接著道，“她男人又不要好，盡愛賭錢；她一气，就住到娘家來，有一年多不回去了。”

“她今年几歲？”我問。

“十七不知十八？前年出嫁的，几個月就回家了，”蔡小姐說。

“不，十八，我知道，”韋小姐改正道。

“哦。你們可曾勸她离婚？”

“怎么不勸；”韋小姐應道，“她說十八回去吃她表哥的喜酒，要和她的爹去說呢。”

“你們教她的好事，該當何罪！”我笑了。

她們也都笑了。

十九的早上，我正在屋里看書，听見外面有嚷嚷的聲音；這是從來沒有的。我立刻走出來看；只見門外有兩個鄉下人要走進來，卻給阿齊攔住。他們只是央告，阿齊只是不肯。這時韋君已走出院中，向他們道，

“你們回去吧。人在我這里，不要緊的。快回去，不要瞎吵！”

兩個人面面相覷，說不出一句話；俄延了一會，只好走了。我問韋君什么事？他說，

“阿河囉！還不是瞎吵一回子。”

我想他于男女的事向來是懶得說的，還是回頭問他小姐的好；我們便談到別的事情上去。

吃了飯，我赶緊問韋小姐，她說，

“她是告訴娘的，你問娘去。”

我想這件事有些尷尬，便到西間里問韋太太；她正看著李媽收拾碗碟呢。她見我問，便笑著說，

“你要問這些事做什么？她昨天回去，原是借了阿桂的衣裳穿了去的，打扮得嬌滴滴的，也難怪，被她男人看見了，便約了些不相干的人，將她搶回去過了一夜。今天早上，她騙她男人，說要到此地來拿行李。她男人就會信她，派了兩個人跟著。那知她到了這里，便叫阿齊攔著那跟來的人；她自己便跪在我面前哭訴，說死也不愿回她男人家去。你說我有什么法子。只好讓那跟來的人先回去再說。好在沒有几天，她們要上學了，我將來交給她的爹吧。唉，現在的人，心眼儿真是越過越大了；一個鄉下女人，也會鬧出這樣惊天動地的事了！”

“可不是，”李媽在旁插嘴道，“太太你不知道；我家三叔前儿來，我還听他說呢。我本不該說的，阿彌陀佛！太太，你想她不愿意回婆家，老愿意住在娘家，是什么道理？家里只有一個單身的老子；你想那該死的老畜生！他舍不得放她回去呀！”

“低些，真的么？”韋太太惊詫地問。

“他們說得千真万确的。我早就想告訴太太了，總有些疑心；今天看她的樣子，真有几分對呢。太太，你想現在還成什么世界！”

“這該不至于吧。”我淡淡地插了一句。

“少爺，你那里知道！”韋太太歎了一口气，“——好在沒有几天了，讓她快些走吧；別將我們的運气帶坏了。她的事，我們以后也別談吧。”

開學的通告來了，我定在二十八走。二十六的晚上，阿河忽然不到廚房里挈水了。韋小姐跑來低低地告訴我，“娘叫阿齊將阿河送回去了；我在樓上，都不知道呢。”我應了一聲，一句話也沒有說。正如每日有三頓飽飯吃的人，忽然絕了糧；卻又不能告訴一個人！而且我覺得她的前面是黑洞洞的，此去不定有什么好歹！那一夜我是沒有好好地睡，只翻來覆去地做夢，醒來卻又一例茫然。這樣昏昏沉沉地到了二十八早上，懶懶地向韋君夫婦和韋小姐告別而行，韋君夫婦堅約春假再來住，我只得含糊答應著。出門時，我很想回望廚房几眼；但許多人都站在門口送我，我怎好回頭呢？

到校一打听，老友陸已來了。我不及料理行李，便找著他，將阿河的事一五一十告訴他。他本是個好事的人；听我說時，時而皺眉，時而歎气，時而擦掌。听到她只十八歲時，他突然將舌頭一伸，跳起來道，

“可惜我早有了我那太太！要不然，我准得想法子娶她！”

“你娶她就好了；現在不知鹿死誰手呢？”

我倆默默相對了一會，陸忽然拍著桌子道，

“有了，老汪不是去年失了戀么？他現在還沒有主儿，何不給他倆撮合一下。”

我正要答說，他已出去了。過了一會子，他和汪來了，進門就嚷著說，

“我和他說，他不信；要問你呢！”

“事是有的，人呢，也真不錯。只是人家的事，我們憑什么去管！”我說。

“想法子呀！”陸嚷著。

“什么法子？你說！”

“好，你們盡和我開玩笑，我才不理會你們呢！”汪笑了。

我們几乎每天都要談到阿河，但誰也不曾認真去“想法子。”

一轉眼已到了春假。我再到韋君別墅的時候，水是綠綠的，桃腮柳眼，著意引人。我卻只惦著阿河，不知她怎么樣了。那時韋小姐已回來兩天。我背地里問她，她說，“奇得很！阿齊告訴我，說她二月",奇得很阿齊告訴我說她二月,間來,jianlai,jian lai,FALSE,1:劍來 | 2:撿來 | 3:見來 | 4:見 | 5:間 | 6:建 | 7:件 | 8:劍 | 9:鍵 | 10:兼,FALSE,,,,,
top10_missing,0efc1cfbf0f6df28fc9239cb,阿河,2034,2036,"我這一回寒假，因為養病，住到一家親戚的別墅里去。那別墅是在鄉下。前面偏左的地方，是一片淡藍的湖水，對岸環擁著不盡的青山。山的影子倒映在水里，越顯得清清朗朗的。水面常如鏡子一般。風起時，微有皺痕；像少女們皺她們的眉頭，過一會子就好了。湖的余勢束成一條小港，緩緩地不聲不響地流過別墅的門前。門前有一條小石橋，橋那邊盡是田畝。這邊沿岸一帶，相間地栽著桃樹和柳樹，春來當有一番熱鬧的夢。別墅外面繚繞著短短的竹篱，篱外是小小的路。里邊一座向南的樓，背后便倚著山。西邊是三間平屋，我便住在這里。院子里有兩塊草地，上面隨便放著兩三塊石頭。另外的隙地上，或羅列著盆栽，或种蒔著花草。篱邊還有几株枝干蟠曲的大樹，有一株几乎要伸到水里去了。

我的親戚韋君只有夫婦二人和一個女儿。她在外邊念書，這時也剛回到家里。她邀來三位同學，同到她家過這個寒假；兩位是親戚，一位是朋友。她們住著樓上的兩間屋子。韋君夫婦也住在樓上。樓下正中是客廳，常是閒著，西間是吃飯的地方；東間便是韋君的書房，我們談天，喝茶，看報，都在這里。我吃了飯，便是一個人，也要到這里來閒坐一回。我來的第二天，韋小姐告訴我，她母親要給她們找一個好好的女用人；長工阿齊說有一個表妹，母親叫他明天就帶來做做看呢。她似乎很高興的樣子，我只是不經意地答應。

平屋与樓屋之間，是一個小小的廚房。我住的是東面的屋子，從窗子里可以看見廚房里人的來往。這一天午飯前，我偶然向外看看，見一個面生的女用人，兩手提著兩把白鐵壺，正往廚房里走；韋家的李媽在她前面領著，不知在和她說甚么話。她的頭髮亂蓬蓬的，像冬天的枯草一樣。身上穿著鑲邊的黑布棉襖和夾褲，黑里已泛出黃色；棉襖長与膝齊，夾褲也直拖到腳背上。腳倒是雙天足，穿著尖頭的黑布鞋，后跟還帶著兩片同色的“葉拔儿”。想這就是阿齊帶來的女用人了；想完了就坐下看書。晚飯后，韋小姐告訴我，女用人來了，她的名字叫“阿河”。我說，“名字很好，只是人土些；還能做么？”她說，“別看她土，很聰明呢。”我說，“哦。”便接著看手中的報了。

以后每天早上，中上，晚上，我常常看見阿河挈著水壺來往；她的眼似乎總是望前看的。兩個禮拜匆匆地過去了。韋小姐忽然和我說，你別看阿河土，她的志气很好，她是個可怜的人。我和娘說，把我前年在家穿的那身棉襖褲給了她吧。我嫌那兩件衣服太花，給了她正好。娘先不肯，說她來了沒有几天；后來也肯了。今天拿出來讓她穿，正合式呢。我們教給她打絨繩鞋，她真聰明，一學就會了。她說拿到工錢，也要打一雙穿呢。我等几天再和娘說去。

“她這樣愛好！怪不得頭髮光得多了，原來都是你們教她的。好！你們盡教她講究，她將來怕不愿回家去呢。”大家都笑了。

舊新年是過去了。因為江浙的兵事，我們的學校一時還不能開學。我們大家都樂得在別墅里多住些日子。這時阿河如換了一個人。她穿著寶藍色挑著小花儿的布棉襖褲；腳下是嫩藍色毛繩鞋，鞋口還綴著兩個半藍半白的小絨球儿。我想這一定是她的小姐們給幫忙的。古語說得好，“人要衣裳馬要鞍”，阿河這一打扮，真有些楚楚可怜了。她的頭髮早已是刷得光光的，覆額的留海也梳得十分伏帖。一張小小的圓臉，如正開的桃李花；臉上并沒有笑，卻隱隱地含著春日的光輝，像花房里充了蜜一般。這在我几乎是一個奇跡；我現在是常站在窗前看她了。我覺得在深山里發見了一粒貓儿眼；這樣精純的貓儿眼，是我生平所僅見！我覺得我們相識已太長久，极愿和她說一句話——极平淡的話，一句也好。但我怎好平白地和她攀談呢？這樣郁郁了一禮拜。

這是元宵節的前一晚上。我吃了飯，在屋里坐了一會，覺得有些無聊，便信步走到那書房里。拿起報來，想再細看一回。忽然門鈕一響，阿河進來了。她手里拿著三四支顏色鉛筆；出乎意料地走近了我。她站在我面前了，靜靜地微笑著說：“白先生，你知道鉛筆刨在哪里？”一面將拿著的鉛筆給我看。我不自主地立起來，匆忙地應道，“在這里；”我用手指著南邊柱子。但我立刻覺得這是不夠的。我領她走近了柱子。這時我像閃電似地躊躇了一下，便說，“我…… 我……”她一聲不響地已將一支鉛筆交給我。我放進刨子里刨給她看。刨了兩下，便想交給她；但終于刨完了一支，交還了她。她接了筆略看一看，仍仰著臉向我。我窘极了。剎那間念頭轉了好几個圈子；到底硬著頭皮搭訕著說，“就這樣刨好了。”我赶緊向門外一瞥，就走回原處看報去。但我的頭剛低下，我的眼已抬起來了。于是遠遠地從容地問道，“你會么？”她不曾掉過頭來，只“嚶”了一聲，也不說話。我看了她背影一會。覺得應該低下頭了。等我再抬起頭來時，她已默默地向外走了。她似乎總是望前看的；我想再問她一句話，但終于不曾出口。我撇下了報，站起來走了一會，便回到自己屋里。

我一直想著些什么，但什么也沒有想出。

第二天早上看見她往廚房里走時，我發愿我的眼將老跟著她的影子！她的影子真好。她那几步路走得又敏捷，又勻稱，又苗條，正如一只可愛的小貓。她兩手各提著一只水壺，又令我想到在一條細細的索儿上抖擻精神",一條細細的索儿上抖擻精神,走著,zouzhu,zou zhu,TRUE,1:走住 | 2:走 | 3:鄒 | 4:揍 | 5:奏 | 6:驟 | 7:赱 | 8:諏 | 9:鄹 | 10:謅,FALSE,,,,,
top10_missing,93f6761defa53fb7b1cfd496,阿河,2889,2891,"我這一回寒假，因為養病，住到一家親戚的別墅里去。那別墅是在鄉下。前面偏左的地方，是一片淡藍的湖水，對岸環擁著不盡的青山。山的影子倒映在水里，越顯得清清朗朗的。水面常如鏡子一般。風起時，微有皺痕；像少女們皺她們的眉頭，過一會子就好了。湖的余勢束成一條小港，緩緩地不聲不響地流過別墅的門前。門前有一條小石橋，橋那邊盡是田畝。這邊沿岸一帶，相間地栽著桃樹和柳樹，春來當有一番熱鬧的夢。別墅外面繚繞著短短的竹篱，篱外是小小的路。里邊一座向南的樓，背后便倚著山。西邊是三間平屋，我便住在這里。院子里有兩塊草地，上面隨便放著兩三塊石頭。另外的隙地上，或羅列著盆栽，或种蒔著花草。篱邊還有几株枝干蟠曲的大樹，有一株几乎要伸到水里去了。

我的親戚韋君只有夫婦二人和一個女儿。她在外邊念書，這時也剛回到家里。她邀來三位同學，同到她家過這個寒假；兩位是親戚，一位是朋友。她們住著樓上的兩間屋子。韋君夫婦也住在樓上。樓下正中是客廳，常是閒著，西間是吃飯的地方；東間便是韋君的書房，我們談天，喝茶，看報，都在這里。我吃了飯，便是一個人，也要到這里來閒坐一回。我來的第二天，韋小姐告訴我，她母親要給她們找一個好好的女用人；長工阿齊說有一個表妹，母親叫他明天就帶來做做看呢。她似乎很高興的樣子，我只是不經意地答應。

平屋与樓屋之間，是一個小小的廚房。我住的是東面的屋子，從窗子里可以看見廚房里人的來往。這一天午飯前，我偶然向外看看，見一個面生的女用人，兩手提著兩把白鐵壺，正往廚房里走；韋家的李媽在她前面領著，不知在和她說甚么話。她的頭髮亂蓬蓬的，像冬天的枯草一樣。身上穿著鑲邊的黑布棉襖和夾褲，黑里已泛出黃色；棉襖長与膝齊，夾褲也直拖到腳背上。腳倒是雙天足，穿著尖頭的黑布鞋，后跟還帶著兩片同色的“葉拔儿”。想這就是阿齊帶來的女用人了；想完了就坐下看書。晚飯后，韋小姐告訴我，女用人來了，她的名字叫“阿河”。我說，“名字很好，只是人土些；還能做么？”她說，“別看她土，很聰明呢。”我說，“哦。”便接著看手中的報了。

以后每天早上，中上，晚上，我常常看見阿河挈著水壺來往；她的眼似乎總是望前看的。兩個禮拜匆匆地過去了。韋小姐忽然和我說，你別看阿河土，她的志气很好，她是個可怜的人。我和娘說，把我前年在家穿的那身棉襖褲給了她吧。我嫌那兩件衣服太花，給了她正好。娘先不肯，說她來了沒有几天；后來也肯了。今天拿出來讓她穿，正合式呢。我們教給她打絨繩鞋，她真聰明，一學就會了。她說拿到工錢，也要打一雙穿呢。我等几天再和娘說去。

“她這樣愛好！怪不得頭髮光得多了，原來都是你們教她的。好！你們盡教她講究，她將來怕不愿回家去呢。”大家都笑了。

舊新年是過去了。因為江浙的兵事，我們的學校一時還不能開學。我們大家都樂得在別墅里多住些日子。這時阿河如換了一個人。她穿著寶藍色挑著小花儿的布棉襖褲；腳下是嫩藍色毛繩鞋，鞋口還綴著兩個半藍半白的小絨球儿。我想這一定是她的小姐們給幫忙的。古語說得好，“人要衣裳馬要鞍”，阿河這一打扮，真有些楚楚可怜了。她的頭髮早已是刷得光光的，覆額的留海也梳得十分伏帖。一張小小的圓臉，如正開的桃李花；臉上并沒有笑，卻隱隱地含著春日的光輝，像花房里充了蜜一般。這在我几乎是一個奇跡；我現在是常站在窗前看她了。我覺得在深山里發見了一粒貓儿眼；這樣精純的貓儿眼，是我生平所僅見！我覺得我們相識已太長久，极愿和她說一句話——极平淡的話，一句也好。但我怎好平白地和她攀談呢？這樣郁郁了一禮拜。

這是元宵節的前一晚上。我吃了飯，在屋里坐了一會，覺得有些無聊，便信步走到那書房里。拿起報來，想再細看一回。忽然門鈕一響，阿河進來了。她手里拿著三四支顏色鉛筆；出乎意料地走近了我。她站在我面前了，靜靜地微笑著說：“白先生，你知道鉛筆刨在哪里？”一面將拿著的鉛筆給我看。我不自主地立起來，匆忙地應道，“在這里；”我用手指著南邊柱子。但我立刻覺得這是不夠的。我領她走近了柱子。這時我像閃電似地躊躇了一下，便說，“我…… 我……”她一聲不響地已將一支鉛筆交給我。我放進刨子里刨給她看。刨了兩下，便想交給她；但終于刨完了一支，交還了她。她接了筆略看一看，仍仰著臉向我。我窘极了。剎那間念頭轉了好几個圈子；到底硬著頭皮搭訕著說，“就這樣刨好了。”我赶緊向門外一瞥，就走回原處看報去。但我的頭剛低下，我的眼已抬起來了。于是遠遠地從容地問道，“你會么？”她不曾掉過頭來，只“嚶”了一聲，也不說話。我看了她背影一會。覺得應該低下頭了。等我再抬起頭來時，她已默默地向外走了。她似乎總是望前看的；我想再問她一句話，但終于不曾出口。我撇下了報，站起來走了一會，便回到自己屋里。

我一直想著些什么，但什么也沒有想出。

第二天早上看見她往廚房里走時，我發愿我的眼將老跟著她的影子！她的影子真好。她那几步路走得又敏捷，又勻稱，又苗條，正如一只可愛的小貓。她兩手各提著一只水壺，又令我想到在一條細細的索儿上抖擻精神走著的女子。這全由于她的腰；她的腰真太軟了，用白水的話說，真是軟到使我如吃蘇州的牛皮糖一樣。不止她的腰，我的日記里說得好：“她有一套和云霞比美，水月爭靈的曲線，織成大大的一張迷惑的网！”而那兩頰的曲線，尤其甜蜜可人。她兩頰是白中透著微紅，潤澤如玉。她的皮膚，嫩得可以掐出水來；我的日記里說，“我很想去掐她一下呀！”她的眼像一雙小燕子，老是在灩灩的春水上打著圈儿。她的笑最使我記住，像一朵花漂浮在我的腦海里。我不是說過，她的小圓臉像正開的桃花么？那么，她微笑的時候，便是盛開的時候了：花房里充滿了蜜，真如要流出來的樣子。她的髮不甚厚，但黑而有光，柔軟而滑，如純絲一般。只可惜我不曾聞著一些儿香。唉！從前我在窗前看她好多次，所得的真太少了；若不是昨晚一見，——雖只几分鐘——我真太對不起這樣一個人儿了。

午飯后，韋君照例地睡午覺去了，只有我，韋小姐和其他三位小姐在書房里。我有意無意地談起阿河的事。我說：

“你們怎知道她的志气好呢？”

“那天我們教給她打絨繩鞋；”一位蔡小姐便答道，“看她很聰明，就問她為甚么不念書？她被我們一問，就傷心起來了。……”

“是的，”韋小姐笑著搶了說，“后來還哭了呢；還有一位傻子陪她淌眼淚呢。”

那邊黃小姐可急了，走過來推了她一下。蔡小姐忙攔住道，“人家說正經話，你們盡鬧著玩儿！讓我說完了呀——”“我代你說啵，”韋小姐仍搶著說，“——她說她只有一個爹，沒有娘。嫁了一個男人，倒有三十多歲，土頭土腦的，臉上滿是包！他是李媽的鄰舍，我還看見過呢。……”“好了，底下我說吧。”蔡小姐接著道，“她男人又不要好，盡愛賭錢；她一气，就住到娘家來，有一年多不回去了。”

“她今年几歲？”我問。

“十七不知十八？前年出嫁的，几個月就回家了，”蔡小姐說。

“不，十八，我知道，”韋小姐改正道。

“哦。你們可曾勸她离婚？”

“怎么不勸；”韋小姐應道，“她說十八回去吃她表哥的喜酒，要和她的爹去說呢。”

“你們教她的好事，該當何罪！”我笑了。

她們也都笑了。

十九的早上，我正在",也都笑了十九的早上我正在,屋里,wuli,wu li,FALSE,1:物理 | 2:無力 | 3:武力 | 4:屋裏 | 5:無理 | 6:物力 | 7:無禮 | 8:霧裏 | 9:五里 | 10:無棣,FALSE,,,,,
top10_missing,e625c1db4db39aef3bf17162,槳聲燈影裏的秦淮河,4312,4314,"一九二三年八月的一晚，我和平伯同遊秦淮河；平伯是初泛，我是重來了。我們雇了一隻「七板子」，在夕陽已去、皎月方來的時候，便下了船。於是槳聲汩汩，我們開始領略那晃蕩著薔薇色的歷史的秦淮河的滋味了。

秦淮河裏的船，比北京万生園、頤和園的船好，比西湖的船好，比揚州瘦西湖的船也好。這幾處的船不是覺著笨，就是覺著簡陋、局促；都不能引起乘客們的情韻，如秦淮河的船一樣。秦淮河的船約略可分為兩種：一是大船；一是小船，就是所謂「七板子」。大船艙口闊大，可容二三十人。裏面陳設著字畫和光潔的紅木家具，桌上一律嵌著冰涼的大理石面。窗格雕鏤頗細，使人起柔膩之感。窗格里映著紅色藍色的玻璃；玻璃上有精緻的花紋，也頗悅人目。「七板子」規模雖不及大船，但那淡藍色的欄杆，空敞的艙，也足繫人情思。而最出色處卻在它的艙前。艙前是甲板上的一部，上面有弧形的頂，兩邊用疏疏的欄杆支著。裏面通常放著兩張藤的躺椅。躺下，可以談天，可以望遠，可以顧盼兩岸的河房。大船上也有這個，但在小船上更覺清雋罷了。艙前的頂下，一律懸著燈彩；燈的多少、明暗，彩蘇的精粗、艷晦，是不一的，但好歹總還你一個燈彩。這燈彩實在是最能勾人的東西。夜幕垂垂地下來時，大小船上都點起燈火。從兩重玻璃裏映出那輻射著的黃黃的散光，反暈出一片朦朧的煙靄；透過這煙靄，在黯黯的水波里，又逗起縷縷的明漪。在這薄靄和微漪裏，聽著那悠然的間歇的槳聲，誰能不被引入他的美夢去呢？只愁夢太多了，這些大小船兒如何載得起呀？我們這時模模糊糊的談著明末的秦淮河的艷跡，如《桃花扇》及《板橋雜記》裏所載的。我們真神往了。我們彷彿親見那時華燈映水，畫舫凌波的光景了。於是我們的船便成了歷史的重載了。我們終於恍然秦淮河的船所以雅麗過於他處，而又有奇異的吸引力的，實在是許多歷史的影像使然了。

秦淮河的水是碧陰陰的；看起來厚而不膩，或者是六朝金粉所凝麼？我們初上船的時候，天色還未斷黑，那漾漾的柔波是這樣恬靜、委婉，使我們一面有水闊天空之想，一面又憧憬著紙醉金迷之境了。等到燈火明時，陰陰的變為沈沉了：黯淡的水光，像夢一般；那偶然閃爍著的光芒，就是夢的眼睛了。我們坐在艙前，因了那隆起的頂棚，彷彿總是昂著首向前走著似的；於是飄飄然如御風而行的我們，看著那些自在的灣泊著的船，船裏走馬燈般的人物，便像是下界一般，迢迢的遠了，又像在霧裏看花，盡朦朦朧朧的。這時我們已過了利涉橋，望見東關頭了。沿路聽見斷續的歌聲：有從沿河的妓樓飄來的，有從河上船裏渡來的。我們明知那些歌聲，只是些因襲的言詞，從生澀的歌喉裏機械的發出來的；但它們經了夏夜的微風的吹漾和水波的搖拂，嬝娜著到我們耳邊的時候，已經不單是她們的歌聲，而混著微風和河水的密語了。於是我們不得不被牽惹著，震撼著，相與浮沉於這歌聲裏了。從東關頭轉彎，不久就到大中橋。大中橋共有三個橋拱，都很闊大，儼然是三座門兒；使我們覺得我們的船和船裏的我們，在橋下過去時，真是太無顏色了。橋磚是深褐色，表明它的歷史的長久；但都完好無缺，令人太息於古昔工程的堅美。橋上兩旁都是木壁的房子，中間應該有街路。這些房子都破舊了，多年煙熏的跡，遮沒了當年的美麗。我想像秦淮河的極盛時，在這樣宏闊的橋上，特地蓋了房子，必然是髹漆得富富麗麗的；晚間必然是燈火通明的，現在卻只剩下一片黑沉沉！但是橋上造著房子，畢竟使我們多少可以想見往日的繁華；這也慰情聊勝無了。過了大中橋，便到了燈月交輝、笙歌徹夜的秦淮河，這才是秦淮河的真面目哩。

大中橋外，頓然空闊，和橋內兩岸排著密密的人家的景像大異了。一眼望去，疏疏的林，淡淡的月，襯著蔚藍的天，頗像荒江野渡光景；那邊呢，鬱叢叢的，陰森森的，又似乎藏著無邊的黑暗，令人幾乎不信那是繁華的秦淮河了。但是河中眩暈著的燈光，縱橫著的畫舫，悠揚著的笛韻，夾著那吱吱的胡琴聲，終於使我們認識綠如茵陳酒的秦淮水了。此地天裸露著的多些，故覺夜來的獨遲些；從清清的水影裏，我們感到的只是薄薄的夜——這正是秦淮河的夜。大中橋外，本來還有一座復成橋，是船夫口中的我們的遊踪盡處，或也是秦淮河繁華的盡處了。我的腳曾踏過復成橋的脊，在十三四歲的時候。但是兩次遊秦淮河，卻都不曾見著復成橋的面；明知總在前途的，卻常覺得有些虛無縹緲似的。我想，不見倒也好。這時正是盛夏。我們下船後，藉著新生的晚涼和河上的微風，暑氣已漸漸消散；到了此地，豁然開朗，身子頓然輕了——習習的清風荏苒在面上、手上、衣上，這便又感到了一縷新涼了。南京的日光，大概沒有杭州猛烈；西湖的夏夜老是熱蓬蓬的，水像沸著一般，秦淮河的水卻盡是這樣冷冷地綠著。任你人影的憧憧，歌聲的擾擾，總像隔著一層薄薄的綠紗面冪似的；它盡是這樣靜靜的、冷冷的綠著。我們出了大中橋，走不上半里路，船夫便將船劃到一旁，停了槳由它宕著。他以為那裏正是繁華的極點，再過去就是荒涼了；所以讓我們多多賞鑑一會兒。他自己卻靜靜的蹲著。他是看慣這光景的了，大約只是一個無可無不可。這無可無不可，無論是升的沉的，總之，都比我們高了。

那時河裏鬧熱極了；船大半泊著，小半在水上穿梭似的來往。停泊著的都在近市的那一邊，我們的船自然也夾在其中。因為這邊略略的擠，便覺得那邊十分的疏了。在每一隻船從那邊過去時，我們能畫出它的輕輕的影和曲曲的波，在我們的心上；這顯著是空，且顯著是靜了。那時處處都是歌聲和淒厲的胡琴聲，圓潤的喉嚨，確乎是很少的。但那生澀的，尖脆的調子能使人有少年的，粗率不拘的感覺，也正可快我們的意。況且多少隔開些兒聽著，因為想像與渴慕的做美，總覺更有滋味；而竟發的喧囂，抑揚的不齊，遠近的雜沓，和樂器的嘈嘈切切，合成另一意味的諧音，也使我們無所適從，如隨著大風而走。這實在因為我們的心枯澀久了，變為脆弱；故偶然潤澤一下，便瘋狂似的不能自主了，但秦淮河確也膩人。即如船裏的人面，無論是和我們一堆儿泊著的，無論是從我們眼前過去的，總是模模糊糊的，甚至渺渺茫茫的；任你張圓了眼睛，揩淨了眥垢，也是枉然，這真夠人想呢。在我們停泊的地方，燈光原是紛然的；不過這些燈光都是黃而有暈的。黃已經不能明了，再加上了暈，便更不成了。燈愈多，暈就愈甚；在繁星般的黃的交錯裏，秦淮河彷彿籠上了一團光霧。光芒與霧氣騰騰的暈著，什麼都只剩了輪廓了；所以人面的詳細的曲線，便消失於我們的眼底了。但燈光究竟奪不了那邊的月色；燈光是渾的，月色是清的。在渾沌的燈光裏，滲入一派清輝，卻真是奇蹟！那晚月兒已瘦削了兩三分。她晚妝才罷，盈盈的上了柳梢頭。天是藍得可愛，彷彿一汪水似的；月兒便更出落得精神了。岸上原有三株兩株的垂楊樹，淡淡的影子，在水里搖曳著。它們那柔細的枝條浴著月光，就像一支支美人的臂膊，交互的纏著、挽著；又像是月兒披著的髪。而月兒偶爾也從它們的交叉處偷偷窺看我們，大有小姑娘怕羞的樣子。岸上另有幾株不知名的老樹，光光的立著；在月光裏照起來，卻又儼然是精神矍鑠的老人。遠處快到天際線了，才有一兩片白雲，亮得現出異彩，像是美麗的貝殼一般。白雲下便是黑黑的一帶輪廓；是一條隨意畫的不規則的曲線。這一段光景，和河中的風味大異了。但燈與月竟能並存著，交融著，使月成了纏綿的月，燈射著渺渺的靈輝，這正是天之所以厚秦淮河，也正是天之所以厚我們了。

這時卻遇著了難解的糾紛。秦淮河上原有一種歌妓，是以歌為業的。從前都在茶舫上，唱些大曲之類。每日午後一時起；什麼時候止，卻忘記了。晚上照樣也有一回，也在黃暈的燈光裏。我從前過南京時，曾隨著朋友去聽過兩次。因為茶舫裏的人臉太多了，覺得不大適意，終於聽不出所以然。前年聽說歌妓被取締了，不知怎的，頗涉想了幾次卻想不出什麼。這次到南京，先到茶舫上去看看，覺得頗是寂寥，令我無端的悵悵了。不料她們卻仍在秦淮河裏掙扎著，不料她們竟會糾纏到我們，我於是很張皇了，她們也乘著「七板子」，她們總是坐在艙前的。艙前點著石油汽燈，光亮炫人眼目：坐在下面的，自然是纖毫畢見了。引誘客人們的力量，也便在此了。艙裏躲著樂工等人，映著汽燈的餘輝蠕動著；他們是永遠不被注意的。每船的歌妓大約都是二人；天色一黑，她們的船就在大中橋外往來不息的兜生意。無論行著的船，泊著的船，都要來兜攬的。這都是我後來推想出來的。那晚不知怎樣，忽然輪著我們的船了。我們的船好好的停著，一隻歌舫劃向我們來了；漸漸和我們的船並著了。爍爍的燈光逼得我們皺起了眉頭；我們的風塵色全給它托出來了，這使我踧踖不安了。那時一個伙計跨過船來，拿著攤開的歌摺，就近塞向我的手裏，說：「點幾出吧！」他跨過來的時候，我們船上似乎有許多眼光跟著。同時相近的別的船上也似乎有許多眼睛炯炯的向我們船上看著。我真窘了！我也裝出大方的樣子，向歌妓們瞥了一眼，但究竟是不成的！我勉強將那歌摺翻了一翻，卻不曾看清了幾個字；便趕緊遞還那伙計，一面不好意思地說「不要，我們⋯⋯不要。」他便塞給平伯，平伯掉轉頭去，搖手說：「不要！」那人還膩著不走。平伯又回過臉來，搖著頭道「不要！」於是那人重到我處，我窘著再拒絕了他。他這纔有所不屑似的走了。

我的心立刻放下，如釋了重負一般。我們就開始自白了。

我說我受了道德律的壓迫，拒絕了她們；心裏似乎很抱歉的。這所謂抱歉，一面對於她們，一面對於我自己。她們於我們雖然沒有很奢的希望；但總有些希望的。我們拒絕了她們，無論理由如何充足，卻使她們的希望受了傷；這總有幾分不做美了，這是我覺得很悵悵的。至於我自己，更有一種不足之感。我這時被四面的歌聲誘惑了，降伏了；但是遠遠的，遠遠的歌聲總彷彿隔著重衣搔癢似的，越搔越搔不著癢處。我於是憧憬著貼耳的妙音了。在歌舫劃來時，我的憧憬，變為盼望；我固執的盼望著，有如飢渴。雖然從淺薄的經驗裏，也能夠推知，那貼耳的歌聲，將剝去了一切的美妙；但一個平常的人像我的，谁愿憑了理性之力去醜化未來呢？我寧願自己騙著了。不過我的社會感性是很敏銳的；我的思力能拆穿道德律的西洋鏡，而我的感情卻終於被它壓服著。我於是有所顧忌了，尤其是在眾目昭彰的時候。道德律的力，本來是民眾賦予的；在民眾的面前，自然更顯出它的威嚴了。我這時一面盼望，一面卻感到了兩重的禁制：一、在通俗的意義上，接近妓者總算一種不正當的行為；二、妓是一種不健全的職業，我們對於她們，應有哀矜勿喜之心，不應賞玩的去聽她們的歌。在眾目睽睽之下，這兩種思想在我心裏最為旺盛。她們暫時壓倒了我的聽歌的盼望，這便成就了我的灰色的拒絕。那時的心實在異常狀態中，覺得頗是昏亂。歌舫去了，暫時寧靜之後，我的思緒又如潮湧了。兩個相反的意思在我心頭往復：賣歌和賣淫不同，聽歌和狎妓不同，又干道德甚事？但是，但是，她們既被逼的",甚事但是但是她們既被逼的,以歌,yige,yi ge,TRUE,1:一個 | 2:一哥 | 3:一格 | 4:億個 | 5:一隔 | 6:一割 | 7:伊格 | 8:倚歌 | 9:夷歌 | 10:抑割,FALSE,,,,,
top10_missing,a4c26ed588f39bdf17d7232c,給亡婦,1323,1325,"謙，日子真快，一眨眼你已經死了三個年頭了。這三年裡世事不知變化了多少回，但你未必注意這些個，我知道。你第一惦記的是你幾個孩子，第二便輪著我。孩子和我平分你的世界，你在日如此；你死後若還有知，想來還如此的。告訴你，我夏天回家來著：邁兒長得結實極了，比我高一個頭。閏兒父親說是最乖，可是沒有先前胖了。采芷和轉子都好。五兒全家誇她長得好看；卻在腿上生了濕瘡，整天坐在竹床上不能下來，看了怪可憐的。六兒，我怎麼說好，你明白，你臨終時也和母親談過，這孩子是只可以養著玩兒的，他左挨右挨去年春天，到底沒有挨過去。這孩子生了幾個月，你的肺病就重起來了。我勸你少親近他，只監督著老媽子照管就行。你總是忍不住，一會兒提，一會兒抱的。可是你病中為他操的那一份兒心也夠瞧的。那一個夏天他病的時候多，你成天兒忙著，湯呀，藥呀，冷呀，暖呀，連覺也沒有好好兒睡過。那裡有一分一毫想著你自己。瞧著他硬朗點兒你就樂，乾枯的笑容在黃蠟般的臉上，我只有暗中歎氣而已。

從來想不到做母親的要像你這樣。從邁兒起，你總是自己喂乳，一連四個都這樣。你起初不知道按鐘點兒喂，後來知道了，卻又弄不慣；孩子們每夜裡幾次將你哭醒了，特別是悶熱的夏季。我瞧你的覺老沒睡足。白天裡還得做菜，照料孩子，很少得空兒。你的身子本來壞，四個孩子就累你七八年。到了第五個，你自己實在不成了，又沒乳，只好自己餵奶粉，另雇老媽子專管她。但孩子跟老媽子睡，你就沒有放過心；夜裡一聽見哭，就豎起耳朵聽，工夫一大就得過去看。十六年初，和你到北京來，將邁兒，轉子留在家裡；三年多還不能去接他們，可真把你惦記苦了。你並不常提，我卻明白。你後來說你的病就是惦記出來的；那個自然也有份兒，不過大半還是養育孩子累的。你的短短的十二年結婚生活，有十一年耗費在孩子們身上；而你一點不厭倦，有多少力量用多少，一直到自己毀滅為止。你對孩子一般兒愛，不問男的女的，大的小的。也不想到什麼“養兒防老，積穀防饑”，只拚命的愛去。你對於教育老實說有些外行，孩子們只要吃得好玩得好就成了。這也難怪你，你自己便是這樣長大的。況且孩子們原都還小，吃和玩本來也要緊的。你病重的時候最放不下的還是孩子。病的只剩皮包著骨頭了，總不信自己不會好；老說：“我死了，這一大群孩子可苦了。”後來說送你回家，你想著可以看見邁兒和轉子，也願意；你萬不想到會一走不返的。我送車的時候，你忍不住哭了，說：“還不知能不能再見？”可憐，你的心我知道，你滿想著好好兒帶著六個孩子回來見我的。謙，你那時一定這樣想，一定的。

除了孩子，你心裡只有我。不錯，那時你父親還在；可是你母親死了，他另有個女人，你老早就覺得隔了一層似的。出嫁後第一年你雖還一心一意依戀著他老人家，到第二年上我和孩子可就將你的心占住，你再沒有多少工夫惦記他了。你還記得第一年我在北京，你在家裡。家裡來信說你待不住，常回娘家去。我動氣了，馬上寫信責備你。你教人寫了一封復信，說家裡有事，不能不回去。這是你第一次也可以說第末次的抗議，我從此就沒給你寫信。暑假時帶了一肚子主意回去，但見了面，看你一臉笑，也就拉倒了。打這時候起，你漸漸從你父親的懷裡跑到我這兒。你換了金鐲子幫助我的學費，叫我以後還你；但直到你死，我沒",我以後還你但直到你死我沒,有還,youhai,you hai,TRUE,1:有害 | 2:有 | 3:又 | 4:由 | 5:油 | 6:友 | 7:右 | 8:遊 | 9:游 | 10:優,FALSE,,,,,
top10_missing,d7e8b07a1589bd8c311288be,槳聲燈影裏的秦淮河,4462,4464,"一九二三年八月的一晚，我和平伯同遊秦淮河；平伯是初泛，我是重來了。我們雇了一隻「七板子」，在夕陽已去、皎月方來的時候，便下了船。於是槳聲汩汩，我們開始領略那晃蕩著薔薇色的歷史的秦淮河的滋味了。

秦淮河裏的船，比北京万生園、頤和園的船好，比西湖的船好，比揚州瘦西湖的船也好。這幾處的船不是覺著笨，就是覺著簡陋、局促；都不能引起乘客們的情韻，如秦淮河的船一樣。秦淮河的船約略可分為兩種：一是大船；一是小船，就是所謂「七板子」。大船艙口闊大，可容二三十人。裏面陳設著字畫和光潔的紅木家具，桌上一律嵌著冰涼的大理石面。窗格雕鏤頗細，使人起柔膩之感。窗格里映著紅色藍色的玻璃；玻璃上有精緻的花紋，也頗悅人目。「七板子」規模雖不及大船，但那淡藍色的欄杆，空敞的艙，也足繫人情思。而最出色處卻在它的艙前。艙前是甲板上的一部，上面有弧形的頂，兩邊用疏疏的欄杆支著。裏面通常放著兩張藤的躺椅。躺下，可以談天，可以望遠，可以顧盼兩岸的河房。大船上也有這個，但在小船上更覺清雋罷了。艙前的頂下，一律懸著燈彩；燈的多少、明暗，彩蘇的精粗、艷晦，是不一的，但好歹總還你一個燈彩。這燈彩實在是最能勾人的東西。夜幕垂垂地下來時，大小船上都點起燈火。從兩重玻璃裏映出那輻射著的黃黃的散光，反暈出一片朦朧的煙靄；透過這煙靄，在黯黯的水波里，又逗起縷縷的明漪。在這薄靄和微漪裏，聽著那悠然的間歇的槳聲，誰能不被引入他的美夢去呢？只愁夢太多了，這些大小船兒如何載得起呀？我們這時模模糊糊的談著明末的秦淮河的艷跡，如《桃花扇》及《板橋雜記》裏所載的。我們真神往了。我們彷彿親見那時華燈映水，畫舫凌波的光景了。於是我們的船便成了歷史的重載了。我們終於恍然秦淮河的船所以雅麗過於他處，而又有奇異的吸引力的，實在是許多歷史的影像使然了。

秦淮河的水是碧陰陰的；看起來厚而不膩，或者是六朝金粉所凝麼？我們初上船的時候，天色還未斷黑，那漾漾的柔波是這樣恬靜、委婉，使我們一面有水闊天空之想，一面又憧憬著紙醉金迷之境了。等到燈火明時，陰陰的變為沈沉了：黯淡的水光，像夢一般；那偶然閃爍著的光芒，就是夢的眼睛了。我們坐在艙前，因了那隆起的頂棚，彷彿總是昂著首向前走著似的；於是飄飄然如御風而行的我們，看著那些自在的灣泊著的船，船裏走馬燈般的人物，便像是下界一般，迢迢的遠了，又像在霧裏看花，盡朦朦朧朧的。這時我們已過了利涉橋，望見東關頭了。沿路聽見斷續的歌聲：有從沿河的妓樓飄來的，有從河上船裏渡來的。我們明知那些歌聲，只是些因襲的言詞，從生澀的歌喉裏機械的發出來的；但它們經了夏夜的微風的吹漾和水波的搖拂，嬝娜著到我們耳邊的時候，已經不單是她們的歌聲，而混著微風和河水的密語了。於是我們不得不被牽惹著，震撼著，相與浮沉於這歌聲裏了。從東關頭轉彎，不久就到大中橋。大中橋共有三個橋拱，都很闊大，儼然是三座門兒；使我們覺得我們的船和船裏的我們，在橋下過去時，真是太無顏色了。橋磚是深褐色，表明它的歷史的長久；但都完好無缺，令人太息於古昔工程的堅美。橋上兩旁都是木壁的房子，中間應該有街路。這些房子都破舊了，多年煙熏的跡，遮沒了當年的美麗。我想像秦淮河的極盛時，在這樣宏闊的橋上，特地蓋了房子，必然是髹漆得富富麗麗的；晚間必然是燈火通明的，現在卻只剩下一片黑沉沉！但是橋上造著房子，畢竟使我們多少可以想見往日的繁華；這也慰情聊勝無了。過了大中橋，便到了燈月交輝、笙歌徹夜的秦淮河，這才是秦淮河的真面目哩。

大中橋外，頓然空闊，和橋內兩岸排著密密的人家的景像大異了。一眼望去，疏疏的林，淡淡的月，襯著蔚藍的天，頗像荒江野渡光景；那邊呢，鬱叢叢的，陰森森的，又似乎藏著無邊的黑暗，令人幾乎不信那是繁華的秦淮河了。但是河中眩暈著的燈光，縱橫著的畫舫，悠揚著的笛韻，夾著那吱吱的胡琴聲，終於使我們認識綠如茵陳酒的秦淮水了。此地天裸露著的多些，故覺夜來的獨遲些；從清清的水影裏，我們感到的只是薄薄的夜——這正是秦淮河的夜。大中橋外，本來還有一座復成橋，是船夫口中的我們的遊踪盡處，或也是秦淮河繁華的盡處了。我的腳曾踏過復成橋的脊，在十三四歲的時候。但是兩次遊秦淮河，卻都不曾見著復成橋的面；明知總在前途的，卻常覺得有些虛無縹緲似的。我想，不見倒也好。這時正是盛夏。我們下船後，藉著新生的晚涼和河上的微風，暑氣已漸漸消散；到了此地，豁然開朗，身子頓然輕了——習習的清風荏苒在面上、手上、衣上，這便又感到了一縷新涼了。南京的日光，大概沒有杭州猛烈；西湖的夏夜老是熱蓬蓬的，水像沸著一般，秦淮河的水卻盡是這樣冷冷地綠著。任你人影的憧憧，歌聲的擾擾，總像隔著一層薄薄的綠紗面冪似的；它盡是這樣靜靜的、冷冷的綠著。我們出了大中橋，走不上半里路，船夫便將船劃到一旁，停了槳由它宕著。他以為那裏正是繁華的極點，再過去就是荒涼了；所以讓我們多多賞鑑一會兒。他自己卻靜靜的蹲著。他是看慣這光景的了，大約只是一個無可無不可。這無可無不可，無論是升的沉的，總之，都比我們高了。

那時河裏鬧熱極了；船大半泊著，小半在水上穿梭似的來往。停泊著的都在近市的那一邊，我們的船自然也夾在其中。因為這邊略略的擠，便覺得那邊十分的疏了。在每一隻船從那邊過去時，我們能畫出它的輕輕的影和曲曲的波，在我們的心上；這顯著是空，且顯著是靜了。那時處處都是歌聲和淒厲的胡琴聲，圓潤的喉嚨，確乎是很少的。但那生澀的，尖脆的調子能使人有少年的，粗率不拘的感覺，也正可快我們的意。況且多少隔開些兒聽著，因為想像與渴慕的做美，總覺更有滋味；而竟發的喧囂，抑揚的不齊，遠近的雜沓，和樂器的嘈嘈切切，合成另一意味的諧音，也使我們無所適從，如隨著大風而走。這實在因為我們的心枯澀久了，變為脆弱；故偶然潤澤一下，便瘋狂似的不能自主了，但秦淮河確也膩人。即如船裏的人面，無論是和我們一堆儿泊著的，無論是從我們眼前過去的，總是模模糊糊的，甚至渺渺茫茫的；任你張圓了眼睛，揩淨了眥垢，也是枉然，這真夠人想呢。在我們停泊的地方，燈光原是紛然的；不過這些燈光都是黃而有暈的。黃已經不能明了，再加上了暈，便更不成了。燈愈多，暈就愈甚；在繁星般的黃的交錯裏，秦淮河彷彿籠上了一團光霧。光芒與霧氣騰騰的暈著，什麼都只剩了輪廓了；所以人面的詳細的曲線，便消失於我們的眼底了。但燈光究竟奪不了那邊的月色；燈光是渾的，月色是清的。在渾沌的燈光裏，滲入一派清輝，卻真是奇蹟！那晚月兒已瘦削了兩三分。她晚妝才罷，盈盈的上了柳梢頭。天是藍得可愛，彷彿一汪水似的；月兒便更出落得精神了。岸上原有三株兩株的垂楊樹，淡淡的影子，在水里搖曳著。它們那柔細的枝條浴著月光，就像一支支美人的臂膊，交互的纏著、挽著；又像是月兒披著的髪。而月兒偶爾也從它們的交叉處偷偷窺看我們，大有小姑娘怕羞的樣子。岸上另有幾株不知名的老樹，光光的立著；在月光裏照起來，卻又儼然是精神矍鑠的老人。遠處快到天際線了，才有一兩片白雲，亮得現出異彩，像是美麗的貝殼一般。白雲下便是黑黑的一帶輪廓；是一條隨意畫的不規則的曲線。這一段光景，和河中的風味大異了。但燈與月竟能並存著，交融著，使月成了纏綿的月，燈射著渺渺的靈輝，這正是天之所以厚秦淮河，也正是天之所以厚我們了。

這時卻遇著了難解的糾紛。秦淮河上原有一種歌妓，是以歌為業的。從前都在茶舫上，唱些大曲之類。每日午後一時起；什麼時候止，卻忘記了。晚上照樣也有一回，也在黃暈的燈光裏。我從前過南京時，曾隨著朋友去聽過兩次。因為茶舫裏的人臉太多了，覺得不大適意，終於聽不出所以然。前年聽說歌妓被取締了，不知怎的，頗涉想了幾次卻想不出什麼。這次到南京，先到茶舫上去看看，覺得頗是寂寥，令我無端的悵悵了。不料她們卻仍在秦淮河裏掙扎著，不料她們竟會糾纏到我們，我於是很張皇了，她們也乘著「七板子」，她們總是坐在艙前的。艙前點著石油汽燈，光亮炫人眼目：坐在下面的，自然是纖毫畢見了。引誘客人們的力量，也便在此了。艙裏躲著樂工等人，映著汽燈的餘輝蠕動著；他們是永遠不被注意的。每船的歌妓大約都是二人；天色一黑，她們的船就在大中橋外往來不息的兜生意。無論行著的船，泊著的船，都要來兜攬的。這都是我後來推想出來的。那晚不知怎樣，忽然輪著我們的船了。我們的船好好的停著，一隻歌舫劃向我們來了；漸漸和我們的船並著了。爍爍的燈光逼得我們皺起了眉頭；我們的風塵色全給它托出來了，這使我踧踖不安了。那時一個伙計跨過船來，拿著攤開的歌摺，就近塞向我的手裏，說：「點幾出吧！」他跨過來的時候，我們船上似乎有許多眼光跟著。同時相近的別的船上也似乎有許多眼睛炯炯的向我們船上看著。我真窘了！我也裝出大方的樣子，向歌妓們瞥了一眼，但究竟是不成的！我勉強將那歌摺翻了一翻，卻不曾看清了幾個字；便趕緊遞還那伙計，一面不好意思地說「不要，我們⋯⋯不要。」他便塞給平伯，平伯掉轉頭去，搖手說：「不要！」那人還膩著不走。平伯又回過臉來，搖著頭道「不要！」於是那人重到我處，我窘著再拒絕了他。他這纔有所不屑似的走了。

我的心立刻放下，如釋了重負一般。我們就開始自白了。

我說我受了道德律的壓迫，拒絕了她們；心裏似乎很抱歉的。這所謂抱歉，一面對於她們，一面對於我自己。她們於我們雖然沒有很奢的希望；但總有些希望的。我們拒絕了她們，無論理由如何充足，卻使她們的希望受了傷；這總有幾分不做美了，這是我覺得很悵悵的。至於我自己，更有一種不足之感。我這時被四面的歌聲誘惑了，降伏了；但是遠遠的，遠遠的歌聲總彷彿隔著重衣搔癢似的，越搔越搔不著癢處。我於是憧憬著貼耳的妙音了。在歌舫劃來時，我的憧憬，變為盼望；我固執的盼望著，有如飢渴。雖然從淺薄的經驗裏，也能夠推知，那貼耳的歌聲，將剝去了一切的美妙；但一個平常的人像我的，谁愿憑了理性之力去醜化未來呢？我寧願自己騙著了。不過我的社會感性是很敏銳的；我的思力能拆穿道德律的西洋鏡，而我的感情卻終於被它壓服著。我於是有所顧忌了，尤其是在眾目昭彰的時候。道德律的力，本來是民眾賦予的；在民眾的面前，自然更顯出它的威嚴了。我這時一面盼望，一面卻感到了兩重的禁制：一、在通俗的意義上，接近妓者總算一種不正當的行為；二、妓是一種不健全的職業，我們對於她們，應有哀矜勿喜之心，不應賞玩的去聽她們的歌。在眾目睽睽之下，這兩種思想在我心裏最為旺盛。她們暫時壓倒了我的聽歌的盼望，這便成就了我的灰色的拒絕。那時的心實在異常狀態中，覺得頗是昏亂。歌舫去了，暫時寧靜之後，我的思緒又如潮湧了。兩個相反的意思在我心頭往復：賣歌和賣淫不同，聽歌和狎妓不同，又干道德甚事？但是，但是，她們既被逼的以歌為業，她們的歌必無藝術味的；況她們的身世，我們究竟該同情的，所以拒絕倒也是正辦。但這些意思終於不曾撇開我的聽歌的盼望。它力量異常堅強；它總想將別的思緒踏在腳下。從這重重的爭鬬里，我感到了濃厚的不足之感。這不足之感使我的心盤旋不安，起坐都不安寧了。唉！我承認我是一個自私的人！平伯呢，卻與我不同。他",私的人平伯呢卻與我不同他,引周,yinzhou,yin zhou,FALSE,1:鄞州 | 2:銀州 | 3:因 | 4:引 | 5:銀 | 6:音 | 7:印 | 8:陰 | 9:飲 | 10:尹,FALSE,,,,,
top10_missing,8cd1a7d2f9f5565dfd622f0f,阿河,1925,1927,"我這一回寒假，因為養病，住到一家親戚的別墅里去。那別墅是在鄉下。前面偏左的地方，是一片淡藍的湖水，對岸環擁著不盡的青山。山的影子倒映在水里，越顯得清清朗朗的。水面常如鏡子一般。風起時，微有皺痕；像少女們皺她們的眉頭，過一會子就好了。湖的余勢束成一條小港，緩緩地不聲不響地流過別墅的門前。門前有一條小石橋，橋那邊盡是田畝。這邊沿岸一帶，相間地栽著桃樹和柳樹，春來當有一番熱鬧的夢。別墅外面繚繞著短短的竹篱，篱外是小小的路。里邊一座向南的樓，背后便倚著山。西邊是三間平屋，我便住在這里。院子里有兩塊草地，上面隨便放著兩三塊石頭。另外的隙地上，或羅列著盆栽，或种蒔著花草。篱邊還有几株枝干蟠曲的大樹，有一株几乎要伸到水里去了。

我的親戚韋君只有夫婦二人和一個女儿。她在外邊念書，這時也剛回到家里。她邀來三位同學，同到她家過這個寒假；兩位是親戚，一位是朋友。她們住著樓上的兩間屋子。韋君夫婦也住在樓上。樓下正中是客廳，常是閒著，西間是吃飯的地方；東間便是韋君的書房，我們談天，喝茶，看報，都在這里。我吃了飯，便是一個人，也要到這里來閒坐一回。我來的第二天，韋小姐告訴我，她母親要給她們找一個好好的女用人；長工阿齊說有一個表妹，母親叫他明天就帶來做做看呢。她似乎很高興的樣子，我只是不經意地答應。

平屋与樓屋之間，是一個小小的廚房。我住的是東面的屋子，從窗子里可以看見廚房里人的來往。這一天午飯前，我偶然向外看看，見一個面生的女用人，兩手提著兩把白鐵壺，正往廚房里走；韋家的李媽在她前面領著，不知在和她說甚么話。她的頭髮亂蓬蓬的，像冬天的枯草一樣。身上穿著鑲邊的黑布棉襖和夾褲，黑里已泛出黃色；棉襖長与膝齊，夾褲也直拖到腳背上。腳倒是雙天足，穿著尖頭的黑布鞋，后跟還帶著兩片同色的“葉拔儿”。想這就是阿齊帶來的女用人了；想完了就坐下看書。晚飯后，韋小姐告訴我，女用人來了，她的名字叫“阿河”。我說，“名字很好，只是人土些；還能做么？”她說，“別看她土，很聰明呢。”我說，“哦。”便接著看手中的報了。

以后每天早上，中上，晚上，我常常看見阿河挈著水壺來往；她的眼似乎總是望前看的。兩個禮拜匆匆地過去了。韋小姐忽然和我說，你別看阿河土，她的志气很好，她是個可怜的人。我和娘說，把我前年在家穿的那身棉襖褲給了她吧。我嫌那兩件衣服太花，給了她正好。娘先不肯，說她來了沒有几天；后來也肯了。今天拿出來讓她穿，正合式呢。我們教給她打絨繩鞋，她真聰明，一學就會了。她說拿到工錢，也要打一雙穿呢。我等几天再和娘說去。

“她這樣愛好！怪不得頭髮光得多了，原來都是你們教她的。好！你們盡教她講究，她將來怕不愿回家去呢。”大家都笑了。

舊新年是過去了。因為江浙的兵事，我們的學校一時還不能開學。我們大家都樂得在別墅里多住些日子。這時阿河如換了一個人。她穿著寶藍色挑著小花儿的布棉襖褲；腳下是嫩藍色毛繩鞋，鞋口還綴著兩個半藍半白的小絨球儿。我想這一定是她的小姐們給幫忙的。古語說得好，“人要衣裳馬要鞍”，阿河這一打扮，真有些楚楚可怜了。她的頭髮早已是刷得光光的，覆額的留海也梳得十分伏帖。一張小小的圓臉，如正開的桃李花；臉上并沒有笑，卻隱隱地含著春日的光輝，像花房里充了蜜一般。這在我几乎是一個奇跡；我現在是常站在窗前看她了。我覺得在深山里發見了一粒貓儿眼；這樣精純的貓儿眼，是我生平所僅見！我覺得我們相識已太長久，极愿和她說一句話——极平淡的話，一句也好。但我怎好平白地和她攀談呢？這樣郁郁了一禮拜。

這是元宵節的前一晚上。我吃了飯，在屋里坐了一會，覺得有些無聊，便信步走到那書房里。拿起報來，想再細看一回。忽然門鈕一響，阿河進來了。她手里拿著三四支顏色鉛筆；出乎意料地走近了我。她站在我面前了，靜靜地微笑著說：“白先生，你知道鉛筆刨在哪里？”一面將拿著的鉛筆給我看。我不自主地立起來，匆忙地應道，“在這里；”我用手指著南邊柱子。但我立刻覺得這是不夠的。我領她走近了柱子。這時我像閃電似地躊躇了一下，便說，“我…… 我……”她一聲不響地已將一支鉛筆交給我。我放進刨子里刨給她看。刨了兩下，便想交給她；但終于刨完了一支，交還了她。她接了筆略看一看，仍仰著臉向我。我窘极了。剎那間念頭轉了好几個圈子；到底硬著頭皮搭訕著說，“就這樣刨好了。”我赶緊向門外一瞥，就走回原處看報去。但我的頭剛低下，我的眼已抬起來了。于是遠遠地從容地問道，“你會么？”她不曾掉過頭來，只“嚶”了一聲，也不說話。我看了她背影一會。覺得應該低下頭了。等我再抬起頭來時，她已默默地向外走了。她似乎總是望前看的；我想再問她一句話，但終于不曾出口。我撇下了報，站起來走了一會，便回到自己屋里。

我一直想著些",回到自己屋里我一直想著些,什么,shenme,shen me,TRUE,1:什麼 | 2:甚麼 | 3:神 | 4:沈 | 5:深 | 6:身 | 7:甚 | 8:申 | 9:腎 | 10:伸,FALSE,,,,,
top10_missing,2acb9fd6f7bbaf5e69609639,槳聲燈影裏的秦淮河,4687,4691,"一九二三年八月的一晚，我和平伯同遊秦淮河；平伯是初泛，我是重來了。我們雇了一隻「七板子」，在夕陽已去、皎月方來的時候，便下了船。於是槳聲汩汩，我們開始領略那晃蕩著薔薇色的歷史的秦淮河的滋味了。

秦淮河裏的船，比北京万生園、頤和園的船好，比西湖的船好，比揚州瘦西湖的船也好。這幾處的船不是覺著笨，就是覺著簡陋、局促；都不能引起乘客們的情韻，如秦淮河的船一樣。秦淮河的船約略可分為兩種：一是大船；一是小船，就是所謂「七板子」。大船艙口闊大，可容二三十人。裏面陳設著字畫和光潔的紅木家具，桌上一律嵌著冰涼的大理石面。窗格雕鏤頗細，使人起柔膩之感。窗格里映著紅色藍色的玻璃；玻璃上有精緻的花紋，也頗悅人目。「七板子」規模雖不及大船，但那淡藍色的欄杆，空敞的艙，也足繫人情思。而最出色處卻在它的艙前。艙前是甲板上的一部，上面有弧形的頂，兩邊用疏疏的欄杆支著。裏面通常放著兩張藤的躺椅。躺下，可以談天，可以望遠，可以顧盼兩岸的河房。大船上也有這個，但在小船上更覺清雋罷了。艙前的頂下，一律懸著燈彩；燈的多少、明暗，彩蘇的精粗、艷晦，是不一的，但好歹總還你一個燈彩。這燈彩實在是最能勾人的東西。夜幕垂垂地下來時，大小船上都點起燈火。從兩重玻璃裏映出那輻射著的黃黃的散光，反暈出一片朦朧的煙靄；透過這煙靄，在黯黯的水波里，又逗起縷縷的明漪。在這薄靄和微漪裏，聽著那悠然的間歇的槳聲，誰能不被引入他的美夢去呢？只愁夢太多了，這些大小船兒如何載得起呀？我們這時模模糊糊的談著明末的秦淮河的艷跡，如《桃花扇》及《板橋雜記》裏所載的。我們真神往了。我們彷彿親見那時華燈映水，畫舫凌波的光景了。於是我們的船便成了歷史的重載了。我們終於恍然秦淮河的船所以雅麗過於他處，而又有奇異的吸引力的，實在是許多歷史的影像使然了。

秦淮河的水是碧陰陰的；看起來厚而不膩，或者是六朝金粉所凝麼？我們初上船的時候，天色還未斷黑，那漾漾的柔波是這樣恬靜、委婉，使我們一面有水闊天空之想，一面又憧憬著紙醉金迷之境了。等到燈火明時，陰陰的變為沈沉了：黯淡的水光，像夢一般；那偶然閃爍著的光芒，就是夢的眼睛了。我們坐在艙前，因了那隆起的頂棚，彷彿總是昂著首向前走著似的；於是飄飄然如御風而行的我們，看著那些自在的灣泊著的船，船裏走馬燈般的人物，便像是下界一般，迢迢的遠了，又像在霧裏看花，盡朦朦朧朧的。這時我們已過了利涉橋，望見東關頭了。沿路聽見斷續的歌聲：有從沿河的妓樓飄來的，有從河上船裏渡來的。我們明知那些歌聲，只是些因襲的言詞，從生澀的歌喉裏機械的發出來的；但它們經了夏夜的微風的吹漾和水波的搖拂，嬝娜著到我們耳邊的時候，已經不單是她們的歌聲，而混著微風和河水的密語了。於是我們不得不被牽惹著，震撼著，相與浮沉於這歌聲裏了。從東關頭轉彎，不久就到大中橋。大中橋共有三個橋拱，都很闊大，儼然是三座門兒；使我們覺得我們的船和船裏的我們，在橋下過去時，真是太無顏色了。橋磚是深褐色，表明它的歷史的長久；但都完好無缺，令人太息於古昔工程的堅美。橋上兩旁都是木壁的房子，中間應該有街路。這些房子都破舊了，多年煙熏的跡，遮沒了當年的美麗。我想像秦淮河的極盛時，在這樣宏闊的橋上，特地蓋了房子，必然是髹漆得富富麗麗的；晚間必然是燈火通明的，現在卻只剩下一片黑沉沉！但是橋上造著房子，畢竟使我們多少可以想見往日的繁華；這也慰情聊勝無了。過了大中橋，便到了燈月交輝、笙歌徹夜的秦淮河，這才是秦淮河的真面目哩。

大中橋外，頓然空闊，和橋內兩岸排著密密的人家的景像大異了。一眼望去，疏疏的林，淡淡的月，襯著蔚藍的天，頗像荒江野渡光景；那邊呢，鬱叢叢的，陰森森的，又似乎藏著無邊的黑暗，令人幾乎不信那是繁華的秦淮河了。但是河中眩暈著的燈光，縱橫著的畫舫，悠揚著的笛韻，夾著那吱吱的胡琴聲，終於使我們認識綠如茵陳酒的秦淮水了。此地天裸露著的多些，故覺夜來的獨遲些；從清清的水影裏，我們感到的只是薄薄的夜——這正是秦淮河的夜。大中橋外，本來還有一座復成橋，是船夫口中的我們的遊踪盡處，或也是秦淮河繁華的盡處了。我的腳曾踏過復成橋的脊，在十三四歲的時候。但是兩次遊秦淮河，卻都不曾見著復成橋的面；明知總在前途的，卻常覺得有些虛無縹緲似的。我想，不見倒也好。這時正是盛夏。我們下船後，藉著新生的晚涼和河上的微風，暑氣已漸漸消散；到了此地，豁然開朗，身子頓然輕了——習習的清風荏苒在面上、手上、衣上，這便又感到了一縷新涼了。南京的日光，大概沒有杭州猛烈；西湖的夏夜老是熱蓬蓬的，水像沸著一般，秦淮河的水卻盡是這樣冷冷地綠著。任你人影的憧憧，歌聲的擾擾，總像隔著一層薄薄的綠紗面冪似的；它盡是這樣靜靜的、冷冷的綠著。我們出了大中橋，走不上半里路，船夫便將船劃到一旁，停了槳由它宕著。他以為那裏正是繁華的極點，再過去就是荒涼了；所以讓我們多多賞鑑一會兒。他自己卻靜靜的蹲著。他是看慣這光景的了，大約只是一個無可無不可。這無可無不可，無論是升的沉的，總之，都比我們高了。

那時河裏鬧熱極了；船大半泊著，小半在水上穿梭似的來往。停泊著的都在近市的那一邊，我們的船自然也夾在其中。因為這邊略略的擠，便覺得那邊十分的疏了。在每一隻船從那邊過去時，我們能畫出它的輕輕的影和曲曲的波，在我們的心上；這顯著是空，且顯著是靜了。那時處處都是歌聲和淒厲的胡琴聲，圓潤的喉嚨，確乎是很少的。但那生澀的，尖脆的調子能使人有少年的，粗率不拘的感覺，也正可快我們的意。況且多少隔開些兒聽著，因為想像與渴慕的做美，總覺更有滋味；而竟發的喧囂，抑揚的不齊，遠近的雜沓，和樂器的嘈嘈切切，合成另一意味的諧音，也使我們無所適從，如隨著大風而走。這實在因為我們的心枯澀久了，變為脆弱；故偶然潤澤一下，便瘋狂似的不能自主了，但秦淮河確也膩人。即如船裏的人面，無論是和我們一堆儿泊著的，無論是從我們眼前過去的，總是模模糊糊的，甚至渺渺茫茫的；任你張圓了眼睛，揩淨了眥垢，也是枉然，這真夠人想呢。在我們停泊的地方，燈光原是紛然的；不過這些燈光都是黃而有暈的。黃已經不能明了，再加上了暈，便更不成了。燈愈多，暈就愈甚；在繁星般的黃的交錯裏，秦淮河彷彿籠上了一團光霧。光芒與霧氣騰騰的暈著，什麼都只剩了輪廓了；所以人面的詳細的曲線，便消失於我們的眼底了。但燈光究竟奪不了那邊的月色；燈光是渾的，月色是清的。在渾沌的燈光裏，滲入一派清輝，卻真是奇蹟！那晚月兒已瘦削了兩三分。她晚妝才罷，盈盈的上了柳梢頭。天是藍得可愛，彷彿一汪水似的；月兒便更出落得精神了。岸上原有三株兩株的垂楊樹，淡淡的影子，在水里搖曳著。它們那柔細的枝條浴著月光，就像一支支美人的臂膊，交互的纏著、挽著；又像是月兒披著的髪。而月兒偶爾也從它們的交叉處偷偷窺看我們，大有小姑娘怕羞的樣子。岸上另有幾株不知名的老樹，光光的立著；在月光裏照起來，卻又儼然是精神矍鑠的老人。遠處快到天際線了，才有一兩片白雲，亮得現出異彩，像是美麗的貝殼一般。白雲下便是黑黑的一帶輪廓；是一條隨意畫的不規則的曲線。這一段光景，和河中的風味大異了。但燈與月竟能並存著，交融著，使月成了纏綿的月，燈射著渺渺的靈輝，這正是天之所以厚秦淮河，也正是天之所以厚我們了。

這時卻遇著了難解的糾紛。秦淮河上原有一種歌妓，是以歌為業的。從前都在茶舫上，唱些大曲之類。每日午後一時起；什麼時候止，卻忘記了。晚上照樣也有一回，也在黃暈的燈光裏。我從前過南京時，曾隨著朋友去聽過兩次。因為茶舫裏的人臉太多了，覺得不大適意，終於聽不出所以然。前年聽說歌妓被取締了，不知怎的，頗涉想了幾次卻想不出什麼。這次到南京，先到茶舫上去看看，覺得頗是寂寥，令我無端的悵悵了。不料她們卻仍在秦淮河裏掙扎著，不料她們竟會糾纏到我們，我於是很張皇了，她們也乘著「七板子」，她們總是坐在艙前的。艙前點著石油汽燈，光亮炫人眼目：坐在下面的，自然是纖毫畢見了。引誘客人們的力量，也便在此了。艙裏躲著樂工等人，映著汽燈的餘輝蠕動著；他們是永遠不被注意的。每船的歌妓大約都是二人；天色一黑，她們的船就在大中橋外往來不息的兜生意。無論行著的船，泊著的船，都要來兜攬的。這都是我後來推想出來的。那晚不知怎樣，忽然輪著我們的船了。我們的船好好的停著，一隻歌舫劃向我們來了；漸漸和我們的船並著了。爍爍的燈光逼得我們皺起了眉頭；我們的風塵色全給它托出來了，這使我踧踖不安了。那時一個伙計跨過船來，拿著攤開的歌摺，就近塞向我的手裏，說：「點幾出吧！」他跨過來的時候，我們船上似乎有許多眼光跟著。同時相近的別的船上也似乎有許多眼睛炯炯的向我們船上看著。我真窘了！我也裝出大方的樣子，向歌妓們瞥了一眼，但究竟是不成的！我勉強將那歌摺翻了一翻，卻不曾看清了幾個字；便趕緊遞還那伙計，一面不好意思地說「不要，我們⋯⋯不要。」他便塞給平伯，平伯掉轉頭去，搖手說：「不要！」那人還膩著不走。平伯又回過臉來，搖著頭道「不要！」於是那人重到我處，我窘著再拒絕了他。他這纔有所不屑似的走了。

我的心立刻放下，如釋了重負一般。我們就開始自白了。

我說我受了道德律的壓迫，拒絕了她們；心裏似乎很抱歉的。這所謂抱歉，一面對於她們，一面對於我自己。她們於我們雖然沒有很奢的希望；但總有些希望的。我們拒絕了她們，無論理由如何充足，卻使她們的希望受了傷；這總有幾分不做美了，這是我覺得很悵悵的。至於我自己，更有一種不足之感。我這時被四面的歌聲誘惑了，降伏了；但是遠遠的，遠遠的歌聲總彷彿隔著重衣搔癢似的，越搔越搔不著癢處。我於是憧憬著貼耳的妙音了。在歌舫劃來時，我的憧憬，變為盼望；我固執的盼望著，有如飢渴。雖然從淺薄的經驗裏，也能夠推知，那貼耳的歌聲，將剝去了一切的美妙；但一個平常的人像我的，谁愿憑了理性之力去醜化未來呢？我寧願自己騙著了。不過我的社會感性是很敏銳的；我的思力能拆穿道德律的西洋鏡，而我的感情卻終於被它壓服著。我於是有所顧忌了，尤其是在眾目昭彰的時候。道德律的力，本來是民眾賦予的；在民眾的面前，自然更顯出它的威嚴了。我這時一面盼望，一面卻感到了兩重的禁制：一、在通俗的意義上，接近妓者總算一種不正當的行為；二、妓是一種不健全的職業，我們對於她們，應有哀矜勿喜之心，不應賞玩的去聽她們的歌。在眾目睽睽之下，這兩種思想在我心裏最為旺盛。她們暫時壓倒了我的聽歌的盼望，這便成就了我的灰色的拒絕。那時的心實在異常狀態中，覺得頗是昏亂。歌舫去了，暫時寧靜之後，我的思緒又如潮湧了。兩個相反的意思在我心頭往復：賣歌和賣淫不同，聽歌和狎妓不同，又干道德甚事？但是，但是，她們既被逼的以歌為業，她們的歌必無藝術味的；況她們的身世，我們究竟該同情的，所以拒絕倒也是正辦。但這些意思終於不曾撇開我的聽歌的盼望。它力量異常堅強；它總想將別的思緒踏在腳下。從這重重的爭鬬里，我感到了濃厚的不足之感。這不足之感使我的心盤旋不安，起坐都不安寧了。唉！我承認我是一個自私的人！平伯呢，卻與我不同。他引周啟明先生的詩，「因為我有妻子，所以我愛一切的女人；因為我有子女，所以我愛一切的孩子。」他的意思可以見了。他因為推及的同情，愛著那些歌妓，並且尊重著她們，所以拒絕了她們。在這種情形下，他自然以為聽是對於她們的一種侮辱。但他也是想听歌的，雖然不和我一樣。所以在他的心中，當然也有一番小小的爭鬬；爭鬬的結果，是同情勝了。至於道德律，在他是沒有什麼的：因為他很有蔑視一切的傾向，民眾的力量在他是不大覺著的。這時他的心意的活動比較簡單，又比較鬆弱，故事後還",較簡單又比較鬆弱故事後還,怡然自若,yiranziruo,yi ran zi ruo,TRUE,1:依然自若 | 2:依然 | 3:已然 | 4:毅然 | 5:亦然 | 6:怡然 | 7:易燃 | 8:屹然 | 9:夷然 | 10:宜然,FALSE,,,,,
top10_missing,bdc79e168ebf9223a8564c15,槳聲燈影裏的秦淮河,4322,4326,"一九二三年八月的一晚，我和平伯同遊秦淮河；平伯是初泛，我是重來了。我們雇了一隻「七板子」，在夕陽已去、皎月方來的時候，便下了船。於是槳聲汩汩，我們開始領略那晃蕩著薔薇色的歷史的秦淮河的滋味了。

秦淮河裏的船，比北京万生園、頤和園的船好，比西湖的船好，比揚州瘦西湖的船也好。這幾處的船不是覺著笨，就是覺著簡陋、局促；都不能引起乘客們的情韻，如秦淮河的船一樣。秦淮河的船約略可分為兩種：一是大船；一是小船，就是所謂「七板子」。大船艙口闊大，可容二三十人。裏面陳設著字畫和光潔的紅木家具，桌上一律嵌著冰涼的大理石面。窗格雕鏤頗細，使人起柔膩之感。窗格里映著紅色藍色的玻璃；玻璃上有精緻的花紋，也頗悅人目。「七板子」規模雖不及大船，但那淡藍色的欄杆，空敞的艙，也足繫人情思。而最出色處卻在它的艙前。艙前是甲板上的一部，上面有弧形的頂，兩邊用疏疏的欄杆支著。裏面通常放著兩張藤的躺椅。躺下，可以談天，可以望遠，可以顧盼兩岸的河房。大船上也有這個，但在小船上更覺清雋罷了。艙前的頂下，一律懸著燈彩；燈的多少、明暗，彩蘇的精粗、艷晦，是不一的，但好歹總還你一個燈彩。這燈彩實在是最能勾人的東西。夜幕垂垂地下來時，大小船上都點起燈火。從兩重玻璃裏映出那輻射著的黃黃的散光，反暈出一片朦朧的煙靄；透過這煙靄，在黯黯的水波里，又逗起縷縷的明漪。在這薄靄和微漪裏，聽著那悠然的間歇的槳聲，誰能不被引入他的美夢去呢？只愁夢太多了，這些大小船兒如何載得起呀？我們這時模模糊糊的談著明末的秦淮河的艷跡，如《桃花扇》及《板橋雜記》裏所載的。我們真神往了。我們彷彿親見那時華燈映水，畫舫凌波的光景了。於是我們的船便成了歷史的重載了。我們終於恍然秦淮河的船所以雅麗過於他處，而又有奇異的吸引力的，實在是許多歷史的影像使然了。

秦淮河的水是碧陰陰的；看起來厚而不膩，或者是六朝金粉所凝麼？我們初上船的時候，天色還未斷黑，那漾漾的柔波是這樣恬靜、委婉，使我們一面有水闊天空之想，一面又憧憬著紙醉金迷之境了。等到燈火明時，陰陰的變為沈沉了：黯淡的水光，像夢一般；那偶然閃爍著的光芒，就是夢的眼睛了。我們坐在艙前，因了那隆起的頂棚，彷彿總是昂著首向前走著似的；於是飄飄然如御風而行的我們，看著那些自在的灣泊著的船，船裏走馬燈般的人物，便像是下界一般，迢迢的遠了，又像在霧裏看花，盡朦朦朧朧的。這時我們已過了利涉橋，望見東關頭了。沿路聽見斷續的歌聲：有從沿河的妓樓飄來的，有從河上船裏渡來的。我們明知那些歌聲，只是些因襲的言詞，從生澀的歌喉裏機械的發出來的；但它們經了夏夜的微風的吹漾和水波的搖拂，嬝娜著到我們耳邊的時候，已經不單是她們的歌聲，而混著微風和河水的密語了。於是我們不得不被牽惹著，震撼著，相與浮沉於這歌聲裏了。從東關頭轉彎，不久就到大中橋。大中橋共有三個橋拱，都很闊大，儼然是三座門兒；使我們覺得我們的船和船裏的我們，在橋下過去時，真是太無顏色了。橋磚是深褐色，表明它的歷史的長久；但都完好無缺，令人太息於古昔工程的堅美。橋上兩旁都是木壁的房子，中間應該有街路。這些房子都破舊了，多年煙熏的跡，遮沒了當年的美麗。我想像秦淮河的極盛時，在這樣宏闊的橋上，特地蓋了房子，必然是髹漆得富富麗麗的；晚間必然是燈火通明的，現在卻只剩下一片黑沉沉！但是橋上造著房子，畢竟使我們多少可以想見往日的繁華；這也慰情聊勝無了。過了大中橋，便到了燈月交輝、笙歌徹夜的秦淮河，這才是秦淮河的真面目哩。

大中橋外，頓然空闊，和橋內兩岸排著密密的人家的景像大異了。一眼望去，疏疏的林，淡淡的月，襯著蔚藍的天，頗像荒江野渡光景；那邊呢，鬱叢叢的，陰森森的，又似乎藏著無邊的黑暗，令人幾乎不信那是繁華的秦淮河了。但是河中眩暈著的燈光，縱橫著的畫舫，悠揚著的笛韻，夾著那吱吱的胡琴聲，終於使我們認識綠如茵陳酒的秦淮水了。此地天裸露著的多些，故覺夜來的獨遲些；從清清的水影裏，我們感到的只是薄薄的夜——這正是秦淮河的夜。大中橋外，本來還有一座復成橋，是船夫口中的我們的遊踪盡處，或也是秦淮河繁華的盡處了。我的腳曾踏過復成橋的脊，在十三四歲的時候。但是兩次遊秦淮河，卻都不曾見著復成橋的面；明知總在前途的，卻常覺得有些虛無縹緲似的。我想，不見倒也好。這時正是盛夏。我們下船後，藉著新生的晚涼和河上的微風，暑氣已漸漸消散；到了此地，豁然開朗，身子頓然輕了——習習的清風荏苒在面上、手上、衣上，這便又感到了一縷新涼了。南京的日光，大概沒有杭州猛烈；西湖的夏夜老是熱蓬蓬的，水像沸著一般，秦淮河的水卻盡是這樣冷冷地綠著。任你人影的憧憧，歌聲的擾擾，總像隔著一層薄薄的綠紗面冪似的；它盡是這樣靜靜的、冷冷的綠著。我們出了大中橋，走不上半里路，船夫便將船劃到一旁，停了槳由它宕著。他以為那裏正是繁華的極點，再過去就是荒涼了；所以讓我們多多賞鑑一會兒。他自己卻靜靜的蹲著。他是看慣這光景的了，大約只是一個無可無不可。這無可無不可，無論是升的沉的，總之，都比我們高了。

那時河裏鬧熱極了；船大半泊著，小半在水上穿梭似的來往。停泊著的都在近市的那一邊，我們的船自然也夾在其中。因為這邊略略的擠，便覺得那邊十分的疏了。在每一隻船從那邊過去時，我們能畫出它的輕輕的影和曲曲的波，在我們的心上；這顯著是空，且顯著是靜了。那時處處都是歌聲和淒厲的胡琴聲，圓潤的喉嚨，確乎是很少的。但那生澀的，尖脆的調子能使人有少年的，粗率不拘的感覺，也正可快我們的意。況且多少隔開些兒聽著，因為想像與渴慕的做美，總覺更有滋味；而竟發的喧囂，抑揚的不齊，遠近的雜沓，和樂器的嘈嘈切切，合成另一意味的諧音，也使我們無所適從，如隨著大風而走。這實在因為我們的心枯澀久了，變為脆弱；故偶然潤澤一下，便瘋狂似的不能自主了，但秦淮河確也膩人。即如船裏的人面，無論是和我們一堆儿泊著的，無論是從我們眼前過去的，總是模模糊糊的，甚至渺渺茫茫的；任你張圓了眼睛，揩淨了眥垢，也是枉然，這真夠人想呢。在我們停泊的地方，燈光原是紛然的；不過這些燈光都是黃而有暈的。黃已經不能明了，再加上了暈，便更不成了。燈愈多，暈就愈甚；在繁星般的黃的交錯裏，秦淮河彷彿籠上了一團光霧。光芒與霧氣騰騰的暈著，什麼都只剩了輪廓了；所以人面的詳細的曲線，便消失於我們的眼底了。但燈光究竟奪不了那邊的月色；燈光是渾的，月色是清的。在渾沌的燈光裏，滲入一派清輝，卻真是奇蹟！那晚月兒已瘦削了兩三分。她晚妝才罷，盈盈的上了柳梢頭。天是藍得可愛，彷彿一汪水似的；月兒便更出落得精神了。岸上原有三株兩株的垂楊樹，淡淡的影子，在水里搖曳著。它們那柔細的枝條浴著月光，就像一支支美人的臂膊，交互的纏著、挽著；又像是月兒披著的髪。而月兒偶爾也從它們的交叉處偷偷窺看我們，大有小姑娘怕羞的樣子。岸上另有幾株不知名的老樹，光光的立著；在月光裏照起來，卻又儼然是精神矍鑠的老人。遠處快到天際線了，才有一兩片白雲，亮得現出異彩，像是美麗的貝殼一般。白雲下便是黑黑的一帶輪廓；是一條隨意畫的不規則的曲線。這一段光景，和河中的風味大異了。但燈與月竟能並存著，交融著，使月成了纏綿的月，燈射著渺渺的靈輝，這正是天之所以厚秦淮河，也正是天之所以厚我們了。

這時卻遇著了難解的糾紛。秦淮河上原有一種歌妓，是以歌為業的。從前都在茶舫上，唱些大曲之類。每日午後一時起；什麼時候止，卻忘記了。晚上照樣也有一回，也在黃暈的燈光裏。我從前過南京時，曾隨著朋友去聽過兩次。因為茶舫裏的人臉太多了，覺得不大適意，終於聽不出所以然。前年聽說歌妓被取締了，不知怎的，頗涉想了幾次卻想不出什麼。這次到南京，先到茶舫上去看看，覺得頗是寂寥，令我無端的悵悵了。不料她們卻仍在秦淮河裏掙扎著，不料她們竟會糾纏到我們，我於是很張皇了，她們也乘著「七板子」，她們總是坐在艙前的。艙前點著石油汽燈，光亮炫人眼目：坐在下面的，自然是纖毫畢見了。引誘客人們的力量，也便在此了。艙裏躲著樂工等人，映著汽燈的餘輝蠕動著；他們是永遠不被注意的。每船的歌妓大約都是二人；天色一黑，她們的船就在大中橋外往來不息的兜生意。無論行著的船，泊著的船，都要來兜攬的。這都是我後來推想出來的。那晚不知怎樣，忽然輪著我們的船了。我們的船好好的停著，一隻歌舫劃向我們來了；漸漸和我們的船並著了。爍爍的燈光逼得我們皺起了眉頭；我們的風塵色全給它托出來了，這使我踧踖不安了。那時一個伙計跨過船來，拿著攤開的歌摺，就近塞向我的手裏，說：「點幾出吧！」他跨過來的時候，我們船上似乎有許多眼光跟著。同時相近的別的船上也似乎有許多眼睛炯炯的向我們船上看著。我真窘了！我也裝出大方的樣子，向歌妓們瞥了一眼，但究竟是不成的！我勉強將那歌摺翻了一翻，卻不曾看清了幾個字；便趕緊遞還那伙計，一面不好意思地說「不要，我們⋯⋯不要。」他便塞給平伯，平伯掉轉頭去，搖手說：「不要！」那人還膩著不走。平伯又回過臉來，搖著頭道「不要！」於是那人重到我處，我窘著再拒絕了他。他這纔有所不屑似的走了。

我的心立刻放下，如釋了重負一般。我們就開始自白了。

我說我受了道德律的壓迫，拒絕了她們；心裏似乎很抱歉的。這所謂抱歉，一面對於她們，一面對於我自己。她們於我們雖然沒有很奢的希望；但總有些希望的。我們拒絕了她們，無論理由如何充足，卻使她們的希望受了傷；這總有幾分不做美了，這是我覺得很悵悵的。至於我自己，更有一種不足之感。我這時被四面的歌聲誘惑了，降伏了；但是遠遠的，遠遠的歌聲總彷彿隔著重衣搔癢似的，越搔越搔不著癢處。我於是憧憬著貼耳的妙音了。在歌舫劃來時，我的憧憬，變為盼望；我固執的盼望著，有如飢渴。雖然從淺薄的經驗裏，也能夠推知，那貼耳的歌聲，將剝去了一切的美妙；但一個平常的人像我的，谁愿憑了理性之力去醜化未來呢？我寧願自己騙著了。不過我的社會感性是很敏銳的；我的思力能拆穿道德律的西洋鏡，而我的感情卻終於被它壓服著。我於是有所顧忌了，尤其是在眾目昭彰的時候。道德律的力，本來是民眾賦予的；在民眾的面前，自然更顯出它的威嚴了。我這時一面盼望，一面卻感到了兩重的禁制：一、在通俗的意義上，接近妓者總算一種不正當的行為；二、妓是一種不健全的職業，我們對於她們，應有哀矜勿喜之心，不應賞玩的去聽她們的歌。在眾目睽睽之下，這兩種思想在我心裏最為旺盛。她們暫時壓倒了我的聽歌的盼望，這便成就了我的灰色的拒絕。那時的心實在異常狀態中，覺得頗是昏亂。歌舫去了，暫時寧靜之後，我的思緒又如潮湧了。兩個相反的意思在我心頭往復：賣歌和賣淫不同，聽歌和狎妓不同，又干道德甚事？但是，但是，她們既被逼的以歌為業，她們的歌必",被逼的以歌為業她們的歌必,無藝術味,wuyishuwei,wu yi shu wei,TRUE,1:無疑數位 | 2:無疑 | 3:五一 | 4:惡意 | 5:無意 | 6:無一 | 7:無異 | 8:無以 | 9:武夷 | 10:無益,FALSE,,,,,
top10_missing,540e21225f93b86bef33df13,荷塘月色,1041,1043,"這幾天心裏頗不寧靜。今晚在院子裏坐着乘涼，忽然想起日日走過的荷塘，在這滿月的光裏，總該另有一番樣子吧。月亮漸漸地升高了，牆外馬路上孩子們的歡笑，已經聽不見了；妻在屋裏拍着閏兒，迷迷糊糊地哼着眠歌。我悄悄地披了大衫，帶上門出去。

沿着荷塘，是一條曲折的小煤屑路。這是一條幽僻的路；白天也少人走，夜晚更加寂寞。荷塘四面，長着許多樹，蓊蓊鬱鬱的。路的一旁，是些楊柳，和一些不知道名字的樹。沒有月光的晚上，這路上陰森森的，有些怕人。今晚卻很好，雖然月光也還是淡淡的。

路上只我一個人，背着手踱着。這一片天地好像是我的；我也像超出了平常的自己，到了另一世界裏。我愛熱鬧，也愛冷靜；愛羣居，也愛獨處。像今晚上，一個人在這蒼茫的月下，什麽都可以想，什麽都可以不想，便覺是個自由的人。白天裏一定要做的事，一定要說的話，現在都可不理。這是獨處的妙處，我且受用這無邊的荷香月色好了。

曲曲折折的荷塘上面，彌望的是田田的葉子。葉子出水很高，像亭亭的舞女的裙。層層的葉子中間，零星地點綴着些白花，有嬝娜地開着的，有羞澀地打着朶兒的；正如一粒粒的明珠，又如碧天裏的星星，又如剛出浴的美人。微風過處，送來縷縷清淸香，彷彿遠處高樓上渺茫的歌聲似的。這時候葉子與花也有一絲的顫動，像閃電般，霎時傳過荷塘的那邊去了。葉子本是肩並肩密密地挨着，這便宛然有了一道凝碧的波痕。葉子底下是脈脈的流水，遮住了，不能見一些顏色；而葉子卻更見風致了。

月光如流水一般，靜靜地瀉在這一片葉子和花上。薄薄的靑霧浮起在荷塘裏。葉子和花彷彿在牛乳中洗過一樣；又像籠着輕紗的夢。雖然是滿月，天上卻有一層淡淡的雲，所以不能朗照；但我以爲這恰是到了好處——酣眠固不可少，小睡也別有風味的。月光是隔了樹照過來的，高處叢生的灌木，落下參差的斑駁的黑影，峭楞楞如鬼一般；彎彎的楊柳的稀疏的倩影，卻又像是畫在荷葉上。塘中的月色並不均勻；但光與影有着和諧的旋律，如梵婀玲上奏着的名曲。

荷塘的四面，遠遠近近，高高低低都是樹，而楊柳最多。這些樹將一片荷塘重重圍住；只在小路一旁，漏着幾段空隙，像是特爲月光留下的。樹色一例是陰陰的，乍看像一團煙霧；但楊柳的丰姿，便在煙霧裏也辨得出。樹梢上隱隱約約的是一帶遠山，只有些大意罷了。樹縫裏也漏着一兩點路燈光，沒精打彩的，是渴睡人的眼。這時候最熱鬧的，要數樹上的蟬聲與水裏的蛙聲；但熱鬧是牠們的，我什麽也沒有。

忽然想起采蓮的事情來了。采蓮是江南的舊俗，似乎很早就有，而六朝時爲盛；從詩歌裏可以約略知道。",爲盛從詩歌裏可以約略知道,采蓮,cailian,cai lian,FALSE,1:採蓮 | 2:彩練 | 3:財力 | 4:彩禮 | 5:財利 | 6:才力 | 7:財禮 | 8:才 | 9:菜 | 10:猜,FALSE,,,,,
top10_missing,a2d97d066b1e0b98bea37bbf,背影,1148,1150,"我與父親不相見已二年餘了，我最不能忘記的是他的背影。那年冬天，祖母死了，父親的差使也交卸了，正是禍不單行的日子，我從北京到徐州，打算跟着父親奔喪囘家。到徐州見着父親，看見滿院狼藉的東西，又想起祖母，不禁簌簌地流下眼淚。父親說，「事已如此，不必難過，好在天無絕人之路！」

囘家變賣典質，父親還了虧空；又借錢辦了喪事。這些日子，家中光景很是慘澹，一半爲了喪事，一半爲了父親賦閒。喪事完畢，父親要到南京謀事，我也要囘北京念書，我們便同行。

到南京時，有朋友約去游逛，勾留了一日；第二日上午便須渡江到浦口，下午上車北去。父親因爲事忙，本已說定不送我，叫旅館裏一個熟識的茶房陪我同去。他再三囑付茶房，甚是仔細。但他終於不放心，怕茶房不妥帖；頗躊躇了一會。其實我那年已二十歲，北京已來往過兩三次，是沒有甚麽要緊的了。他躊躇了一會，終於決定還是自己送我去。我兩三囘勸他不必去；他只說，「不要緊，他們去不好！」

我們過了江，進了車站。我買票，他忙着照看行李。行李太多了，得向腳夫行些小費，才可過去。他便又忙着和他們講價錢。我那時眞是聰明過分，總覺他說話不大漂亮，非自己插嘴不可。但他終於講定了價錢；就送我上車。他給我揀定了靠車門的一張椅子；我將他給我做的紫毛大衣鋪好坐位。他囑我路上小心，夜裏要警醒些，不要受涼。又囑託茶房好好照應我。我心裏暗笑他的迂；他們只認得錢，託他們直是白託！而且我這樣大年紀的人，難道還不能料理自己麽？唉，我現在想想，那時眞是太聰明了！

我說道，「爸爸，你走吧。」他望車外看了看，說，「我買幾個橘子去。你就在此地，不要走動。」我看那邊月臺的柵欄外有幾個賣東西的等着顧客。走到那邊月臺，須穿過鐵道，須跳下去又爬上去。父親是一個胖子，走過去自然要費事些。我本來要去的，他不肯，只好讓他去。我看見他戴着黑布小帽，穿着黑布大馬褂，深靑布棉袍，蹣跚地走到鐵道邊，慢慢探身下去，尚不大難。可是他穿過鐵道，要爬上那邊月臺，就不容易了。他用兩手攀着上面，兩腳再向上縮；他肥胖的身子向左微傾，顯出努力的樣子。這時我看見他的背影，我的淚很快地流下來了。我趕緊拭乾了淚，怕他看見，也怕別人看見。我再向外看時，他已抱了朱紅的橘子望囘走了。過鐵道時，他先將橘子散放在地上，自己慢慢爬下，再抱起橘子走。到這邊時，我趕緊去攙他。他和我走到車上，將橘子一股腦兒放在我的皮大衣上。於是撲撲衣上的泥土，心裏狠輕鬆似的，過一會說，「我走了；到那邊來信！」我望着他走出去。他走了幾步，囘過頭看見我，說，「進去吧，裏邊沒人。」等他的背影混入來來往往的人裏，再找不着了，我便進來坐下，我的眼淚又來了。

近幾年來，父親和我都是東奔西走，家中光景是一日不如一日。他少年出外謀生，獨立支持，做了許多大事。那知老境却如此頹唐！他觸",事那知老境却如此頹唐他觸,目傷,mushang,mu shang,FALSE,1:慕尚 | 2:幕上 | 3:木 | 4:唔 | 5:母 | 6:目 | 7:畝 | 8:穆 | 9:墓 | 10:牧,FALSE,,,,,
top10_missing,8cf139ae905a7b9f02d546b0,槳聲燈影裏的秦淮河,918,921,"一九二三年八月的一晚，我和平伯同遊秦淮河；平伯是初泛，我是重來了。我們雇了一隻「七板子」，在夕陽已去、皎月方來的時候，便下了船。於是槳聲汩汩，我們開始領略那晃蕩著薔薇色的歷史的秦淮河的滋味了。

秦淮河裏的船，比北京万生園、頤和園的船好，比西湖的船好，比揚州瘦西湖的船也好。這幾處的船不是覺著笨，就是覺著簡陋、局促；都不能引起乘客們的情韻，如秦淮河的船一樣。秦淮河的船約略可分為兩種：一是大船；一是小船，就是所謂「七板子」。大船艙口闊大，可容二三十人。裏面陳設著字畫和光潔的紅木家具，桌上一律嵌著冰涼的大理石面。窗格雕鏤頗細，使人起柔膩之感。窗格里映著紅色藍色的玻璃；玻璃上有精緻的花紋，也頗悅人目。「七板子」規模雖不及大船，但那淡藍色的欄杆，空敞的艙，也足繫人情思。而最出色處卻在它的艙前。艙前是甲板上的一部，上面有弧形的頂，兩邊用疏疏的欄杆支著。裏面通常放著兩張藤的躺椅。躺下，可以談天，可以望遠，可以顧盼兩岸的河房。大船上也有這個，但在小船上更覺清雋罷了。艙前的頂下，一律懸著燈彩；燈的多少、明暗，彩蘇的精粗、艷晦，是不一的，但好歹總還你一個燈彩。這燈彩實在是最能勾人的東西。夜幕垂垂地下來時，大小船上都點起燈火。從兩重玻璃裏映出那輻射著的黃黃的散光，反暈出一片朦朧的煙靄；透過這煙靄，在黯黯的水波里，又逗起縷縷的明漪。在這薄靄和微漪裏，聽著那悠然的間歇的槳聲，誰能不被引入他的美夢去呢？只愁夢太多了，這些大小船兒如何載得起呀？我們這時模模糊糊的談著明末的秦淮河的艷跡，如《桃花扇》及《板橋雜記》裏所載的。我們真神往了。我們彷彿親見那時華燈映水，畫舫凌波的光景了。於是我們的船便成了歷史的重載了。我們終於恍然秦淮河的船所以雅麗過於他處，而又有奇異的吸引力的，實在是許多歷史的影像使然了。

秦淮河的水是碧陰陰的；看起來厚而不膩，或者是六朝金粉所凝麼？我們初上船的時候，天色還未斷黑，那漾漾的柔波是這樣恬靜、委婉，使我們一面有水闊天空之想，一面又憧憬著紙醉金迷之境了。等到燈火明時，陰陰的變為沈沉了：黯淡的水光，像夢一般；那偶然閃爍著的光芒，就是夢的眼睛了。我們坐在艙前，因了那隆起的頂棚，彷彿總是昂著首向前走著似的；於是飄飄然如御",前走著似的於是飄飄然如御,風而行,fengerxing,feng er xing,TRUE,1:風兒行 | 2:風兒 | 3:封二 | 4:縫兒 | 5:封兒 | 6:風 | 7:封 | 8:峯 | 9:瘋 | 10:馮,FALSE,,,,,
top10_missing,269b80b5d2ed846eb76c0837,槳聲燈影裏的秦淮河,5083,5085,"一九二三年八月的一晚，我和平伯同遊秦淮河；平伯是初泛，我是重來了。我們雇了一隻「七板子」，在夕陽已去、皎月方來的時候，便下了船。於是槳聲汩汩，我們開始領略那晃蕩著薔薇色的歷史的秦淮河的滋味了。

秦淮河裏的船，比北京万生園、頤和園的船好，比西湖的船好，比揚州瘦西湖的船也好。這幾處的船不是覺著笨，就是覺著簡陋、局促；都不能引起乘客們的情韻，如秦淮河的船一樣。秦淮河的船約略可分為兩種：一是大船；一是小船，就是所謂「七板子」。大船艙口闊大，可容二三十人。裏面陳設著字畫和光潔的紅木家具，桌上一律嵌著冰涼的大理石面。窗格雕鏤頗細，使人起柔膩之感。窗格里映著紅色藍色的玻璃；玻璃上有精緻的花紋，也頗悅人目。「七板子」規模雖不及大船，但那淡藍色的欄杆，空敞的艙，也足繫人情思。而最出色處卻在它的艙前。艙前是甲板上的一部，上面有弧形的頂，兩邊用疏疏的欄杆支著。裏面通常放著兩張藤的躺椅。躺下，可以談天，可以望遠，可以顧盼兩岸的河房。大船上也有這個，但在小船上更覺清雋罷了。艙前的頂下，一律懸著燈彩；燈的多少、明暗，彩蘇的精粗、艷晦，是不一的，但好歹總還你一個燈彩。這燈彩實在是最能勾人的東西。夜幕垂垂地下來時，大小船上都點起燈火。從兩重玻璃裏映出那輻射著的黃黃的散光，反暈出一片朦朧的煙靄；透過這煙靄，在黯黯的水波里，又逗起縷縷的明漪。在這薄靄和微漪裏，聽著那悠然的間歇的槳聲，誰能不被引入他的美夢去呢？只愁夢太多了，這些大小船兒如何載得起呀？我們這時模模糊糊的談著明末的秦淮河的艷跡，如《桃花扇》及《板橋雜記》裏所載的。我們真神往了。我們彷彿親見那時華燈映水，畫舫凌波的光景了。於是我們的船便成了歷史的重載了。我們終於恍然秦淮河的船所以雅麗過於他處，而又有奇異的吸引力的，實在是許多歷史的影像使然了。

秦淮河的水是碧陰陰的；看起來厚而不膩，或者是六朝金粉所凝麼？我們初上船的時候，天色還未斷黑，那漾漾的柔波是這樣恬靜、委婉，使我們一面有水闊天空之想，一面又憧憬著紙醉金迷之境了。等到燈火明時，陰陰的變為沈沉了：黯淡的水光，像夢一般；那偶然閃爍著的光芒，就是夢的眼睛了。我們坐在艙前，因了那隆起的頂棚，彷彿總是昂著首向前走著似的；於是飄飄然如御風而行的我們，看著那些自在的灣泊著的船，船裏走馬燈般的人物，便像是下界一般，迢迢的遠了，又像在霧裏看花，盡朦朦朧朧的。這時我們已過了利涉橋，望見東關頭了。沿路聽見斷續的歌聲：有從沿河的妓樓飄來的，有從河上船裏渡來的。我們明知那些歌聲，只是些因襲的言詞，從生澀的歌喉裏機械的發出來的；但它們經了夏夜的微風的吹漾和水波的搖拂，嬝娜著到我們耳邊的時候，已經不單是她們的歌聲，而混著微風和河水的密語了。於是我們不得不被牽惹著，震撼著，相與浮沉於這歌聲裏了。從東關頭轉彎，不久就到大中橋。大中橋共有三個橋拱，都很闊大，儼然是三座門兒；使我們覺得我們的船和船裏的我們，在橋下過去時，真是太無顏色了。橋磚是深褐色，表明它的歷史的長久；但都完好無缺，令人太息於古昔工程的堅美。橋上兩旁都是木壁的房子，中間應該有街路。這些房子都破舊了，多年煙熏的跡，遮沒了當年的美麗。我想像秦淮河的極盛時，在這樣宏闊的橋上，特地蓋了房子，必然是髹漆得富富麗麗的；晚間必然是燈火通明的，現在卻只剩下一片黑沉沉！但是橋上造著房子，畢竟使我們多少可以想見往日的繁華；這也慰情聊勝無了。過了大中橋，便到了燈月交輝、笙歌徹夜的秦淮河，這才是秦淮河的真面目哩。

大中橋外，頓然空闊，和橋內兩岸排著密密的人家的景像大異了。一眼望去，疏疏的林，淡淡的月，襯著蔚藍的天，頗像荒江野渡光景；那邊呢，鬱叢叢的，陰森森的，又似乎藏著無邊的黑暗，令人幾乎不信那是繁華的秦淮河了。但是河中眩暈著的燈光，縱橫著的畫舫，悠揚著的笛韻，夾著那吱吱的胡琴聲，終於使我們認識綠如茵陳酒的秦淮水了。此地天裸露著的多些，故覺夜來的獨遲些；從清清的水影裏，我們感到的只是薄薄的夜——這正是秦淮河的夜。大中橋外，本來還有一座復成橋，是船夫口中的我們的遊踪盡處，或也是秦淮河繁華的盡處了。我的腳曾踏過復成橋的脊，在十三四歲的時候。但是兩次遊秦淮河，卻都不曾見著復成橋的面；明知總在前途的，卻常覺得有些虛無縹緲似的。我想，不見倒也好。這時正是盛夏。我們下船後，藉著新生的晚涼和河上的微風，暑氣已漸漸消散；到了此地，豁然開朗，身子頓然輕了——習習的清風荏苒在面上、手上、衣上，這便又感到了一縷新涼了。南京的日光，大概沒有杭州猛烈；西湖的夏夜老是熱蓬蓬的，水像沸著一般，秦淮河的水卻盡是這樣冷冷地綠著。任你人影的憧憧，歌聲的擾擾，總像隔著一層薄薄的綠紗面冪似的；它盡是這樣靜靜的、冷冷的綠著。我們出了大中橋，走不上半里路，船夫便將船劃到一旁，停了槳由它宕著。他以為那裏正是繁華的極點，再過去就是荒涼了；所以讓我們多多賞鑑一會兒。他自己卻靜靜的蹲著。他是看慣這光景的了，大約只是一個無可無不可。這無可無不可，無論是升的沉的，總之，都比我們高了。

那時河裏鬧熱極了；船大半泊著，小半在水上穿梭似的來往。停泊著的都在近市的那一邊，我們的船自然也夾在其中。因為這邊略略的擠，便覺得那邊十分的疏了。在每一隻船從那邊過去時，我們能畫出它的輕輕的影和曲曲的波，在我們的心上；這顯著是空，且顯著是靜了。那時處處都是歌聲和淒厲的胡琴聲，圓潤的喉嚨，確乎是很少的。但那生澀的，尖脆的調子能使人有少年的，粗率不拘的感覺，也正可快我們的意。況且多少隔開些兒聽著，因為想像與渴慕的做美，總覺更有滋味；而竟發的喧囂，抑揚的不齊，遠近的雜沓，和樂器的嘈嘈切切，合成另一意味的諧音，也使我們無所適從，如隨著大風而走。這實在因為我們的心枯澀久了，變為脆弱；故偶然潤澤一下，便瘋狂似的不能自主了，但秦淮河確也膩人。即如船裏的人面，無論是和我們一堆儿泊著的，無論是從我們眼前過去的，總是模模糊糊的，甚至渺渺茫茫的；任你張圓了眼睛，揩淨了眥垢，也是枉然，這真夠人想呢。在我們停泊的地方，燈光原是紛然的；不過這些燈光都是黃而有暈的。黃已經不能明了，再加上了暈，便更不成了。燈愈多，暈就愈甚；在繁星般的黃的交錯裏，秦淮河彷彿籠上了一團光霧。光芒與霧氣騰騰的暈著，什麼都只剩了輪廓了；所以人面的詳細的曲線，便消失於我們的眼底了。但燈光究竟奪不了那邊的月色；燈光是渾的，月色是清的。在渾沌的燈光裏，滲入一派清輝，卻真是奇蹟！那晚月兒已瘦削了兩三分。她晚妝才罷，盈盈的上了柳梢頭。天是藍得可愛，彷彿一汪水似的；月兒便更出落得精神了。岸上原有三株兩株的垂楊樹，淡淡的影子，在水里搖曳著。它們那柔細的枝條浴著月光，就像一支支美人的臂膊，交互的纏著、挽著；又像是月兒披著的髪。而月兒偶爾也從它們的交叉處偷偷窺看我們，大有小姑娘怕羞的樣子。岸上另有幾株不知名的老樹，光光的立著；在月光裏照起來，卻又儼然是精神矍鑠的老人。遠處快到天際線了，才有一兩片白雲，亮得現出異彩，像是美麗的貝殼一般。白雲下便是黑黑的一帶輪廓；是一條隨意畫的不規則的曲線。這一段光景，和河中的風味大異了。但燈與月竟能並存著，交融著，使月成了纏綿的月，燈射著渺渺的靈輝，這正是天之所以厚秦淮河，也正是天之所以厚我們了。

這時卻遇著了難解的糾紛。秦淮河上原有一種歌妓，是以歌為業的。從前都在茶舫上，唱些大曲之類。每日午後一時起；什麼時候止，卻忘記了。晚上照樣也有一回，也在黃暈的燈光裏。我從前過南京時，曾隨著朋友去聽過兩次。因為茶舫裏的人臉太多了，覺得不大適意，終於聽不出所以然。前年聽說歌妓被取締了，不知怎的，頗涉想了幾次卻想不出什麼。這次到南京，先到茶舫上去看看，覺得頗是寂寥，令我無端的悵悵了。不料她們卻仍在秦淮河裏掙扎著，不料她們竟會糾纏到我們，我於是很張皇了，她們也乘著「七板子」，她們總是坐在艙前的。艙前點著石油汽燈，光亮炫人眼目：坐在下面的，自然是纖毫畢見了。引誘客人們的力量，也便在此了。艙裏躲著樂工等人，映著汽燈的餘輝蠕動著；他們是永遠不被注意的。每船的歌妓大約都是二人；天色一黑，她們的船就在大中橋外往來不息的兜生意。無論行著的船，泊著的船，都要來兜攬的。這都是我後來推想出來的。那晚不知怎樣，忽然輪著我們的船了。我們的船好好的停著，一隻歌舫劃向我們來了；漸漸和我們的船並著了。爍爍的燈光逼得我們皺起了眉頭；我們的風塵色全給它托出來了，這使我踧踖不安了。那時一個伙計跨過船來，拿著攤開的歌摺，就近塞向我的手裏，說：「點幾出吧！」他跨過來的時候，我們船上似乎有許多眼光跟著。同時相近的別的船上也似乎有許多眼睛炯炯的向我們船上看著。我真窘了！我也裝出大方的樣子，向歌妓們瞥了一眼，但究竟是不成的！我勉強將那歌摺翻了一翻，卻不曾看清了幾個字；便趕緊遞還那伙計，一面不好意思地說「不要，我們⋯⋯不要。」他便塞給平伯，平伯掉轉頭去，搖手說：「不要！」那人還膩著不走。平伯又回過臉來，搖著頭道「不要！」於是那人重到我處，我窘著再拒絕了他。他這纔有所不屑似的走了。

我的心立刻放下，如釋了重負一般。我們就開始自白了。

我說我受了道德律的壓迫，拒絕了她們；心裏似乎很抱歉的。這所謂抱歉，一面對於她們，一面對於我自己。她們於我們雖然沒有很奢的希望；但總有些希望的。我們拒絕了她們，無論理由如何充足，卻使她們的希望受了傷；這總有幾分不做美了，這是我覺得很悵悵的。至於我自己，更有一種不足之感。我這時被四面的歌聲誘惑了，降伏了；但是遠遠的，遠遠的歌聲總彷彿隔著重衣搔癢似的，越搔越搔不著癢處。我於是憧憬著貼耳的妙音了。在歌舫劃來時，我的憧憬，變為盼望；我固執的盼望著，有如飢渴。雖然從淺薄的經驗裏，也能夠推知，那貼耳的歌聲，將剝去了一切的美妙；但一個平常的人像我的，谁愿憑了理性之力去醜化未來呢？我寧願自己騙著了。不過我的社會感性是很敏銳的；我的思力能拆穿道德律的西洋鏡，而我的感情卻終於被它壓服著。我於是有所顧忌了，尤其是在眾目昭彰的時候。道德律的力，本來是民眾賦予的；在民眾的面前，自然更顯出它的威嚴了。我這時一面盼望，一面卻感到了兩重的禁制：一、在通俗的意義上，接近妓者總算一種不正當的行為；二、妓是一種不健全的職業，我們對於她們，應有哀矜勿喜之心，不應賞玩的去聽她們的歌。在眾目睽睽之下，這兩種思想在我心裏最為旺盛。她們暫時壓倒了我的聽歌的盼望，這便成就了我的灰色的拒絕。那時的心實在異常狀態中，覺得頗是昏亂。歌舫去了，暫時寧靜之後，我的思緒又如潮湧了。兩個相反的意思在我心頭往復：賣歌和賣淫不同，聽歌和狎妓不同，又干道德甚事？但是，但是，她們既被逼的以歌為業，她們的歌必無藝術味的；況她們的身世，我們究竟該同情的，所以拒絕倒也是正辦。但這些意思終於不曾撇開我的聽歌的盼望。它力量異常堅強；它總想將別的思緒踏在腳下。從這重重的爭鬬里，我感到了濃厚的不足之感。這不足之感使我的心盤旋不安，起坐都不安寧了。唉！我承認我是一個自私的人！平伯呢，卻與我不同。他引周啟明先生的詩，「因為我有妻子，所以我愛一切的女人；因為我有子女，所以我愛一切的孩子。」他的意思可以見了。他因為推及的同情，愛著那些歌妓，並且尊重著她們，所以拒絕了她們。在這種情形下，他自然以為聽是對於她們的一種侮辱。但他也是想听歌的，雖然不和我一樣。所以在他的心中，當然也有一番小小的爭鬬；爭鬬的結果，是同情勝了。至於道德律，在他是沒有什麼的：因為他很有蔑視一切的傾向，民眾的力量在他是不大覺著的。這時他的心意的活動比較簡單，又比較鬆弱，故事後還怡然自若；我卻不能了。這里平伯又比我高了。

在我們談話中間，又來了兩隻歌舫。伙計照前一樣的請我們點戲，我們照前一樣的拒絕了。我受了三次窘，心裏的不安更甚了。清豔的夜景也為之減色。船夫大約因為要趕第二趟生意，催著我們回去；我們無可無不可的答應了。我們漸漸和那些暈黃的燈光遠了，只有些月色冷清清的隨著我們的歸舟。我們的船竟沒個伴兒，秦淮河的夜正長哩！到大中橋近處，才遇著一隻來船。這是一隻載妓的板船，黑漆漆的沒有一點光。船頭上坐著一個妓女；暗裏看出，白地小花的衫子，黑的下衣。她手里拉著胡琴，口裏唱著青衫的調子。她唱得響亮而圓轉；當她的船箭一般駛過去時，餘音還裊裊的在我們耳際，使我們傾聽而嚮往。想不到在弩末的遊踪裏，還能領略到這樣的清歌！這時船過大中橋了，森森的水影，如黑暗張著巨口，要將我們的船吞了下去。我們回顧那渺渺的黃光，不勝依戀之情；我們感到了寂寞了！這一段地方夜色甚濃，又有兩頭的燈",地方夜色甚濃又有兩頭的燈,火招,huozhao,huo zhao,TRUE,1:活着 | 2:或 | 3:活 | 4:貨 | 5:火 | 6:獲 | 7:霍 | 8:禍 | 9:惑 | 10:穫,FALSE,,,,,
top10_missing,fba5e00852ad10d11502105c,槳聲燈影裏的秦淮河,1442,1444,"一九二三年八月的一晚，我和平伯同遊秦淮河；平伯是初泛，我是重來了。我們雇了一隻「七板子」，在夕陽已去、皎月方來的時候，便下了船。於是槳聲汩汩，我們開始領略那晃蕩著薔薇色的歷史的秦淮河的滋味了。

秦淮河裏的船，比北京万生園、頤和園的船好，比西湖的船好，比揚州瘦西湖的船也好。這幾處的船不是覺著笨，就是覺著簡陋、局促；都不能引起乘客們的情韻，如秦淮河的船一樣。秦淮河的船約略可分為兩種：一是大船；一是小船，就是所謂「七板子」。大船艙口闊大，可容二三十人。裏面陳設著字畫和光潔的紅木家具，桌上一律嵌著冰涼的大理石面。窗格雕鏤頗細，使人起柔膩之感。窗格里映著紅色藍色的玻璃；玻璃上有精緻的花紋，也頗悅人目。「七板子」規模雖不及大船，但那淡藍色的欄杆，空敞的艙，也足繫人情思。而最出色處卻在它的艙前。艙前是甲板上的一部，上面有弧形的頂，兩邊用疏疏的欄杆支著。裏面通常放著兩張藤的躺椅。躺下，可以談天，可以望遠，可以顧盼兩岸的河房。大船上也有這個，但在小船上更覺清雋罷了。艙前的頂下，一律懸著燈彩；燈的多少、明暗，彩蘇的精粗、艷晦，是不一的，但好歹總還你一個燈彩。這燈彩實在是最能勾人的東西。夜幕垂垂地下來時，大小船上都點起燈火。從兩重玻璃裏映出那輻射著的黃黃的散光，反暈出一片朦朧的煙靄；透過這煙靄，在黯黯的水波里，又逗起縷縷的明漪。在這薄靄和微漪裏，聽著那悠然的間歇的槳聲，誰能不被引入他的美夢去呢？只愁夢太多了，這些大小船兒如何載得起呀？我們這時模模糊糊的談著明末的秦淮河的艷跡，如《桃花扇》及《板橋雜記》裏所載的。我們真神往了。我們彷彿親見那時華燈映水，畫舫凌波的光景了。於是我們的船便成了歷史的重載了。我們終於恍然秦淮河的船所以雅麗過於他處，而又有奇異的吸引力的，實在是許多歷史的影像使然了。

秦淮河的水是碧陰陰的；看起來厚而不膩，或者是六朝金粉所凝麼？我們初上船的時候，天色還未斷黑，那漾漾的柔波是這樣恬靜、委婉，使我們一面有水闊天空之想，一面又憧憬著紙醉金迷之境了。等到燈火明時，陰陰的變為沈沉了：黯淡的水光，像夢一般；那偶然閃爍著的光芒，就是夢的眼睛了。我們坐在艙前，因了那隆起的頂棚，彷彿總是昂著首向前走著似的；於是飄飄然如御風而行的我們，看著那些自在的灣泊著的船，船裏走馬燈般的人物，便像是下界一般，迢迢的遠了，又像在霧裏看花，盡朦朦朧朧的。這時我們已過了利涉橋，望見東關頭了。沿路聽見斷續的歌聲：有從沿河的妓樓飄來的，有從河上船裏渡來的。我們明知那些歌聲，只是些因襲的言詞，從生澀的歌喉裏機械的發出來的；但它們經了夏夜的微風的吹漾和水波的搖拂，嬝娜著到我們耳邊的時候，已經不單是她們的歌聲，而混著微風和河水的密語了。於是我們不得不被牽惹著，震撼著，相與浮沉於這歌聲裏了。從東關頭轉彎，不久就到大中橋。大中橋共有三個橋拱，都很闊大，儼然是三座門兒；使我們覺得我們的船和船裏的我們，在橋下過去時，真是太無顏色了。橋磚是深褐色，表明它的歷史的長久；但都完好無缺，令人太息於古昔工程的堅美。橋上兩旁都是木壁的房子，中間應該有街路。這些房子都破舊了，多年煙熏的跡，遮沒了當年的美麗。我想像秦淮河的極盛時，在這樣宏闊的橋上，特地蓋了房子，必然是髹漆得富富麗麗的；晚間必然是燈火通明的，現在卻只剩下一片黑沉沉！但是橋上造著房子，畢竟使我們多少可以想見往日的繁華；這也慰情聊勝無了。過了大中橋，便到了燈月交輝、笙歌徹夜的秦淮河，這才是秦淮河的真面目哩。

大中橋外，頓然空闊，和橋內兩岸",中橋外頓然空闊和橋內兩岸,排著,paizhu,pai zhu,TRUE,1:派駐 | 2:拍 | 3:派 | 4:排 | 5:牌 | 6:哌 | 7:湃 | 8:徘 | 9:俳 | 10:蒎,FALSE,,,,,
top10_missing,00afef9f51f3c9fa275ec7b7,槳聲燈影裏的秦淮河,4834,4836,"一九二三年八月的一晚，我和平伯同遊秦淮河；平伯是初泛，我是重來了。我們雇了一隻「七板子」，在夕陽已去、皎月方來的時候，便下了船。於是槳聲汩汩，我們開始領略那晃蕩著薔薇色的歷史的秦淮河的滋味了。

秦淮河裏的船，比北京万生園、頤和園的船好，比西湖的船好，比揚州瘦西湖的船也好。這幾處的船不是覺著笨，就是覺著簡陋、局促；都不能引起乘客們的情韻，如秦淮河的船一樣。秦淮河的船約略可分為兩種：一是大船；一是小船，就是所謂「七板子」。大船艙口闊大，可容二三十人。裏面陳設著字畫和光潔的紅木家具，桌上一律嵌著冰涼的大理石面。窗格雕鏤頗細，使人起柔膩之感。窗格里映著紅色藍色的玻璃；玻璃上有精緻的花紋，也頗悅人目。「七板子」規模雖不及大船，但那淡藍色的欄杆，空敞的艙，也足繫人情思。而最出色處卻在它的艙前。艙前是甲板上的一部，上面有弧形的頂，兩邊用疏疏的欄杆支著。裏面通常放著兩張藤的躺椅。躺下，可以談天，可以望遠，可以顧盼兩岸的河房。大船上也有這個，但在小船上更覺清雋罷了。艙前的頂下，一律懸著燈彩；燈的多少、明暗，彩蘇的精粗、艷晦，是不一的，但好歹總還你一個燈彩。這燈彩實在是最能勾人的東西。夜幕垂垂地下來時，大小船上都點起燈火。從兩重玻璃裏映出那輻射著的黃黃的散光，反暈出一片朦朧的煙靄；透過這煙靄，在黯黯的水波里，又逗起縷縷的明漪。在這薄靄和微漪裏，聽著那悠然的間歇的槳聲，誰能不被引入他的美夢去呢？只愁夢太多了，這些大小船兒如何載得起呀？我們這時模模糊糊的談著明末的秦淮河的艷跡，如《桃花扇》及《板橋雜記》裏所載的。我們真神往了。我們彷彿親見那時華燈映水，畫舫凌波的光景了。於是我們的船便成了歷史的重載了。我們終於恍然秦淮河的船所以雅麗過於他處，而又有奇異的吸引力的，實在是許多歷史的影像使然了。

秦淮河的水是碧陰陰的；看起來厚而不膩，或者是六朝金粉所凝麼？我們初上船的時候，天色還未斷黑，那漾漾的柔波是這樣恬靜、委婉，使我們一面有水闊天空之想，一面又憧憬著紙醉金迷之境了。等到燈火明時，陰陰的變為沈沉了：黯淡的水光，像夢一般；那偶然閃爍著的光芒，就是夢的眼睛了。我們坐在艙前，因了那隆起的頂棚，彷彿總是昂著首向前走著似的；於是飄飄然如御風而行的我們，看著那些自在的灣泊著的船，船裏走馬燈般的人物，便像是下界一般，迢迢的遠了，又像在霧裏看花，盡朦朦朧朧的。這時我們已過了利涉橋，望見東關頭了。沿路聽見斷續的歌聲：有從沿河的妓樓飄來的，有從河上船裏渡來的。我們明知那些歌聲，只是些因襲的言詞，從生澀的歌喉裏機械的發出來的；但它們經了夏夜的微風的吹漾和水波的搖拂，嬝娜著到我們耳邊的時候，已經不單是她們的歌聲，而混著微風和河水的密語了。於是我們不得不被牽惹著，震撼著，相與浮沉於這歌聲裏了。從東關頭轉彎，不久就到大中橋。大中橋共有三個橋拱，都很闊大，儼然是三座門兒；使我們覺得我們的船和船裏的我們，在橋下過去時，真是太無顏色了。橋磚是深褐色，表明它的歷史的長久；但都完好無缺，令人太息於古昔工程的堅美。橋上兩旁都是木壁的房子，中間應該有街路。這些房子都破舊了，多年煙熏的跡，遮沒了當年的美麗。我想像秦淮河的極盛時，在這樣宏闊的橋上，特地蓋了房子，必然是髹漆得富富麗麗的；晚間必然是燈火通明的，現在卻只剩下一片黑沉沉！但是橋上造著房子，畢竟使我們多少可以想見往日的繁華；這也慰情聊勝無了。過了大中橋，便到了燈月交輝、笙歌徹夜的秦淮河，這才是秦淮河的真面目哩。

大中橋外，頓然空闊，和橋內兩岸排著密密的人家的景像大異了。一眼望去，疏疏的林，淡淡的月，襯著蔚藍的天，頗像荒江野渡光景；那邊呢，鬱叢叢的，陰森森的，又似乎藏著無邊的黑暗，令人幾乎不信那是繁華的秦淮河了。但是河中眩暈著的燈光，縱橫著的畫舫，悠揚著的笛韻，夾著那吱吱的胡琴聲，終於使我們認識綠如茵陳酒的秦淮水了。此地天裸露著的多些，故覺夜來的獨遲些；從清清的水影裏，我們感到的只是薄薄的夜——這正是秦淮河的夜。大中橋外，本來還有一座復成橋，是船夫口中的我們的遊踪盡處，或也是秦淮河繁華的盡處了。我的腳曾踏過復成橋的脊，在十三四歲的時候。但是兩次遊秦淮河，卻都不曾見著復成橋的面；明知總在前途的，卻常覺得有些虛無縹緲似的。我想，不見倒也好。這時正是盛夏。我們下船後，藉著新生的晚涼和河上的微風，暑氣已漸漸消散；到了此地，豁然開朗，身子頓然輕了——習習的清風荏苒在面上、手上、衣上，這便又感到了一縷新涼了。南京的日光，大概沒有杭州猛烈；西湖的夏夜老是熱蓬蓬的，水像沸著一般，秦淮河的水卻盡是這樣冷冷地綠著。任你人影的憧憧，歌聲的擾擾，總像隔著一層薄薄的綠紗面冪似的；它盡是這樣靜靜的、冷冷的綠著。我們出了大中橋，走不上半里路，船夫便將船劃到一旁，停了槳由它宕著。他以為那裏正是繁華的極點，再過去就是荒涼了；所以讓我們多多賞鑑一會兒。他自己卻靜靜的蹲著。他是看慣這光景的了，大約只是一個無可無不可。這無可無不可，無論是升的沉的，總之，都比我們高了。

那時河裏鬧熱極了；船大半泊著，小半在水上穿梭似的來往。停泊著的都在近市的那一邊，我們的船自然也夾在其中。因為這邊略略的擠，便覺得那邊十分的疏了。在每一隻船從那邊過去時，我們能畫出它的輕輕的影和曲曲的波，在我們的心上；這顯著是空，且顯著是靜了。那時處處都是歌聲和淒厲的胡琴聲，圓潤的喉嚨，確乎是很少的。但那生澀的，尖脆的調子能使人有少年的，粗率不拘的感覺，也正可快我們的意。況且多少隔開些兒聽著，因為想像與渴慕的做美，總覺更有滋味；而竟發的喧囂，抑揚的不齊，遠近的雜沓，和樂器的嘈嘈切切，合成另一意味的諧音，也使我們無所適從，如隨著大風而走。這實在因為我們的心枯澀久了，變為脆弱；故偶然潤澤一下，便瘋狂似的不能自主了，但秦淮河確也膩人。即如船裏的人面，無論是和我們一堆儿泊著的，無論是從我們眼前過去的，總是模模糊糊的，甚至渺渺茫茫的；任你張圓了眼睛，揩淨了眥垢，也是枉然，這真夠人想呢。在我們停泊的地方，燈光原是紛然的；不過這些燈光都是黃而有暈的。黃已經不能明了，再加上了暈，便更不成了。燈愈多，暈就愈甚；在繁星般的黃的交錯裏，秦淮河彷彿籠上了一團光霧。光芒與霧氣騰騰的暈著，什麼都只剩了輪廓了；所以人面的詳細的曲線，便消失於我們的眼底了。但燈光究竟奪不了那邊的月色；燈光是渾的，月色是清的。在渾沌的燈光裏，滲入一派清輝，卻真是奇蹟！那晚月兒已瘦削了兩三分。她晚妝才罷，盈盈的上了柳梢頭。天是藍得可愛，彷彿一汪水似的；月兒便更出落得精神了。岸上原有三株兩株的垂楊樹，淡淡的影子，在水里搖曳著。它們那柔細的枝條浴著月光，就像一支支美人的臂膊，交互的纏著、挽著；又像是月兒披著的髪。而月兒偶爾也從它們的交叉處偷偷窺看我們，大有小姑娘怕羞的樣子。岸上另有幾株不知名的老樹，光光的立著；在月光裏照起來，卻又儼然是精神矍鑠的老人。遠處快到天際線了，才有一兩片白雲，亮得現出異彩，像是美麗的貝殼一般。白雲下便是黑黑的一帶輪廓；是一條隨意畫的不規則的曲線。這一段光景，和河中的風味大異了。但燈與月竟能並存著，交融著，使月成了纏綿的月，燈射著渺渺的靈輝，這正是天之所以厚秦淮河，也正是天之所以厚我們了。

這時卻遇著了難解的糾紛。秦淮河上原有一種歌妓，是以歌為業的。從前都在茶舫上，唱些大曲之類。每日午後一時起；什麼時候止，卻忘記了。晚上照樣也有一回，也在黃暈的燈光裏。我從前過南京時，曾隨著朋友去聽過兩次。因為茶舫裏的人臉太多了，覺得不大適意，終於聽不出所以然。前年聽說歌妓被取締了，不知怎的，頗涉想了幾次卻想不出什麼。這次到南京，先到茶舫上去看看，覺得頗是寂寥，令我無端的悵悵了。不料她們卻仍在秦淮河裏掙扎著，不料她們竟會糾纏到我們，我於是很張皇了，她們也乘著「七板子」，她們總是坐在艙前的。艙前點著石油汽燈，光亮炫人眼目：坐在下面的，自然是纖毫畢見了。引誘客人們的力量，也便在此了。艙裏躲著樂工等人，映著汽燈的餘輝蠕動著；他們是永遠不被注意的。每船的歌妓大約都是二人；天色一黑，她們的船就在大中橋外往來不息的兜生意。無論行著的船，泊著的船，都要來兜攬的。這都是我後來推想出來的。那晚不知怎樣，忽然輪著我們的船了。我們的船好好的停著，一隻歌舫劃向我們來了；漸漸和我們的船並著了。爍爍的燈光逼得我們皺起了眉頭；我們的風塵色全給它托出來了，這使我踧踖不安了。那時一個伙計跨過船來，拿著攤開的歌摺，就近塞向我的手裏，說：「點幾出吧！」他跨過來的時候，我們船上似乎有許多眼光跟著。同時相近的別的船上也似乎有許多眼睛炯炯的向我們船上看著。我真窘了！我也裝出大方的樣子，向歌妓們瞥了一眼，但究竟是不成的！我勉強將那歌摺翻了一翻，卻不曾看清了幾個字；便趕緊遞還那伙計，一面不好意思地說「不要，我們⋯⋯不要。」他便塞給平伯，平伯掉轉頭去，搖手說：「不要！」那人還膩著不走。平伯又回過臉來，搖著頭道「不要！」於是那人重到我處，我窘著再拒絕了他。他這纔有所不屑似的走了。

我的心立刻放下，如釋了重負一般。我們就開始自白了。

我說我受了道德律的壓迫，拒絕了她們；心裏似乎很抱歉的。這所謂抱歉，一面對於她們，一面對於我自己。她們於我們雖然沒有很奢的希望；但總有些希望的。我們拒絕了她們，無論理由如何充足，卻使她們的希望受了傷；這總有幾分不做美了，這是我覺得很悵悵的。至於我自己，更有一種不足之感。我這時被四面的歌聲誘惑了，降伏了；但是遠遠的，遠遠的歌聲總彷彿隔著重衣搔癢似的，越搔越搔不著癢處。我於是憧憬著貼耳的妙音了。在歌舫劃來時，我的憧憬，變為盼望；我固執的盼望著，有如飢渴。雖然從淺薄的經驗裏，也能夠推知，那貼耳的歌聲，將剝去了一切的美妙；但一個平常的人像我的，谁愿憑了理性之力去醜化未來呢？我寧願自己騙著了。不過我的社會感性是很敏銳的；我的思力能拆穿道德律的西洋鏡，而我的感情卻終於被它壓服著。我於是有所顧忌了，尤其是在眾目昭彰的時候。道德律的力，本來是民眾賦予的；在民眾的面前，自然更顯出它的威嚴了。我這時一面盼望，一面卻感到了兩重的禁制：一、在通俗的意義上，接近妓者總算一種不正當的行為；二、妓是一種不健全的職業，我們對於她們，應有哀矜勿喜之心，不應賞玩的去聽她們的歌。在眾目睽睽之下，這兩種思想在我心裏最為旺盛。她們暫時壓倒了我的聽歌的盼望，這便成就了我的灰色的拒絕。那時的心實在異常狀態中，覺得頗是昏亂。歌舫去了，暫時寧靜之後，我的思緒又如潮湧了。兩個相反的意思在我心頭往復：賣歌和賣淫不同，聽歌和狎妓不同，又干道德甚事？但是，但是，她們既被逼的以歌為業，她們的歌必無藝術味的；況她們的身世，我們究竟該同情的，所以拒絕倒也是正辦。但這些意思終於不曾撇開我的聽歌的盼望。它力量異常堅強；它總想將別的思緒踏在腳下。從這重重的爭鬬里，我感到了濃厚的不足之感。這不足之感使我的心盤旋不安，起坐都不安寧了。唉！我承認我是一個自私的人！平伯呢，卻與我不同。他引周啟明先生的詩，「因為我有妻子，所以我愛一切的女人；因為我有子女，所以我愛一切的孩子。」他的意思可以見了。他因為推及的同情，愛著那些歌妓，並且尊重著她們，所以拒絕了她們。在這種情形下，他自然以為聽是對於她們的一種侮辱。但他也是想听歌的，雖然不和我一樣。所以在他的心中，當然也有一番小小的爭鬬；爭鬬的結果，是同情勝了。至於道德律，在他是沒有什麼的：因為他很有蔑視一切的傾向，民眾的力量在他是不大覺著的。這時他的心意的活動比較簡單，又比較鬆弱，故事後還怡然自若；我卻不能了。這里平伯又比我高了。

在我們談話中間，又來了兩隻歌舫。伙計照前一樣的請我們點戲，我們照前一樣的拒絕了。我受了三次窘，心裏的不安更甚了。清豔的夜景也為之減色。船夫大約因為要趕第二趟生意，催著我們回去；我們無可無不可的答應了。我們漸漸和那些暈黃的燈光遠了，只有些月色冷清清的",光遠了只有些月色冷清清的,隨著,suizhu,sui zhu,TRUE,1:隋珠 | 2:歲 | 3:隨 | 4:雖 | 5:遂 | 6:碎 | 7:穗 | 8:隋 | 9:髓 | 10:綏,FALSE,,,,,
top10_missing,3ac5cb034f09ed2b58b850d8,阿河,3896,3900,"我這一回寒假，因為養病，住到一家親戚的別墅里去。那別墅是在鄉下。前面偏左的地方，是一片淡藍的湖水，對岸環擁著不盡的青山。山的影子倒映在水里，越顯得清清朗朗的。水面常如鏡子一般。風起時，微有皺痕；像少女們皺她們的眉頭，過一會子就好了。湖的余勢束成一條小港，緩緩地不聲不響地流過別墅的門前。門前有一條小石橋，橋那邊盡是田畝。這邊沿岸一帶，相間地栽著桃樹和柳樹，春來當有一番熱鬧的夢。別墅外面繚繞著短短的竹篱，篱外是小小的路。里邊一座向南的樓，背后便倚著山。西邊是三間平屋，我便住在這里。院子里有兩塊草地，上面隨便放著兩三塊石頭。另外的隙地上，或羅列著盆栽，或种蒔著花草。篱邊還有几株枝干蟠曲的大樹，有一株几乎要伸到水里去了。

我的親戚韋君只有夫婦二人和一個女儿。她在外邊念書，這時也剛回到家里。她邀來三位同學，同到她家過這個寒假；兩位是親戚，一位是朋友。她們住著樓上的兩間屋子。韋君夫婦也住在樓上。樓下正中是客廳，常是閒著，西間是吃飯的地方；東間便是韋君的書房，我們談天，喝茶，看報，都在這里。我吃了飯，便是一個人，也要到這里來閒坐一回。我來的第二天，韋小姐告訴我，她母親要給她們找一個好好的女用人；長工阿齊說有一個表妹，母親叫他明天就帶來做做看呢。她似乎很高興的樣子，我只是不經意地答應。

平屋与樓屋之間，是一個小小的廚房。我住的是東面的屋子，從窗子里可以看見廚房里人的來往。這一天午飯前，我偶然向外看看，見一個面生的女用人，兩手提著兩把白鐵壺，正往廚房里走；韋家的李媽在她前面領著，不知在和她說甚么話。她的頭髮亂蓬蓬的，像冬天的枯草一樣。身上穿著鑲邊的黑布棉襖和夾褲，黑里已泛出黃色；棉襖長与膝齊，夾褲也直拖到腳背上。腳倒是雙天足，穿著尖頭的黑布鞋，后跟還帶著兩片同色的“葉拔儿”。想這就是阿齊帶來的女用人了；想完了就坐下看書。晚飯后，韋小姐告訴我，女用人來了，她的名字叫“阿河”。我說，“名字很好，只是人土些；還能做么？”她說，“別看她土，很聰明呢。”我說，“哦。”便接著看手中的報了。

以后每天早上，中上，晚上，我常常看見阿河挈著水壺來往；她的眼似乎總是望前看的。兩個禮拜匆匆地過去了。韋小姐忽然和我說，你別看阿河土，她的志气很好，她是個可怜的人。我和娘說，把我前年在家穿的那身棉襖褲給了她吧。我嫌那兩件衣服太花，給了她正好。娘先不肯，說她來了沒有几天；后來也肯了。今天拿出來讓她穿，正合式呢。我們教給她打絨繩鞋，她真聰明，一學就會了。她說拿到工錢，也要打一雙穿呢。我等几天再和娘說去。

“她這樣愛好！怪不得頭髮光得多了，原來都是你們教她的。好！你們盡教她講究，她將來怕不愿回家去呢。”大家都笑了。

舊新年是過去了。因為江浙的兵事，我們的學校一時還不能開學。我們大家都樂得在別墅里多住些日子。這時阿河如換了一個人。她穿著寶藍色挑著小花儿的布棉襖褲；腳下是嫩藍色毛繩鞋，鞋口還綴著兩個半藍半白的小絨球儿。我想這一定是她的小姐們給幫忙的。古語說得好，“人要衣裳馬要鞍”，阿河這一打扮，真有些楚楚可怜了。她的頭髮早已是刷得光光的，覆額的留海也梳得十分伏帖。一張小小的圓臉，如正開的桃李花；臉上并沒有笑，卻隱隱地含著春日的光輝，像花房里充了蜜一般。這在我几乎是一個奇跡；我現在是常站在窗前看她了。我覺得在深山里發見了一粒貓儿眼；這樣精純的貓儿眼，是我生平所僅見！我覺得我們相識已太長久，极愿和她說一句話——极平淡的話，一句也好。但我怎好平白地和她攀談呢？這樣郁郁了一禮拜。

這是元宵節的前一晚上。我吃了飯，在屋里坐了一會，覺得有些無聊，便信步走到那書房里。拿起報來，想再細看一回。忽然門鈕一響，阿河進來了。她手里拿著三四支顏色鉛筆；出乎意料地走近了我。她站在我面前了，靜靜地微笑著說：“白先生，你知道鉛筆刨在哪里？”一面將拿著的鉛筆給我看。我不自主地立起來，匆忙地應道，“在這里；”我用手指著南邊柱子。但我立刻覺得這是不夠的。我領她走近了柱子。這時我像閃電似地躊躇了一下，便說，“我…… 我……”她一聲不響地已將一支鉛筆交給我。我放進刨子里刨給她看。刨了兩下，便想交給她；但終于刨完了一支，交還了她。她接了筆略看一看，仍仰著臉向我。我窘极了。剎那間念頭轉了好几個圈子；到底硬著頭皮搭訕著說，“就這樣刨好了。”我赶緊向門外一瞥，就走回原處看報去。但我的頭剛低下，我的眼已抬起來了。于是遠遠地從容地問道，“你會么？”她不曾掉過頭來，只“嚶”了一聲，也不說話。我看了她背影一會。覺得應該低下頭了。等我再抬起頭來時，她已默默地向外走了。她似乎總是望前看的；我想再問她一句話，但終于不曾出口。我撇下了報，站起來走了一會，便回到自己屋里。

我一直想著些什么，但什么也沒有想出。

第二天早上看見她往廚房里走時，我發愿我的眼將老跟著她的影子！她的影子真好。她那几步路走得又敏捷，又勻稱，又苗條，正如一只可愛的小貓。她兩手各提著一只水壺，又令我想到在一條細細的索儿上抖擻精神走著的女子。這全由于她的腰；她的腰真太軟了，用白水的話說，真是軟到使我如吃蘇州的牛皮糖一樣。不止她的腰，我的日記里說得好：“她有一套和云霞比美，水月爭靈的曲線，織成大大的一張迷惑的网！”而那兩頰的曲線，尤其甜蜜可人。她兩頰是白中透著微紅，潤澤如玉。她的皮膚，嫩得可以掐出水來；我的日記里說，“我很想去掐她一下呀！”她的眼像一雙小燕子，老是在灩灩的春水上打著圈儿。她的笑最使我記住，像一朵花漂浮在我的腦海里。我不是說過，她的小圓臉像正開的桃花么？那么，她微笑的時候，便是盛開的時候了：花房里充滿了蜜，真如要流出來的樣子。她的髮不甚厚，但黑而有光，柔軟而滑，如純絲一般。只可惜我不曾聞著一些儿香。唉！從前我在窗前看她好多次，所得的真太少了；若不是昨晚一見，——雖只几分鐘——我真太對不起這樣一個人儿了。

午飯后，韋君照例地睡午覺去了，只有我，韋小姐和其他三位小姐在書房里。我有意無意地談起阿河的事。我說：

“你們怎知道她的志气好呢？”

“那天我們教給她打絨繩鞋；”一位蔡小姐便答道，“看她很聰明，就問她為甚么不念書？她被我們一問，就傷心起來了。……”

“是的，”韋小姐笑著搶了說，“后來還哭了呢；還有一位傻子陪她淌眼淚呢。”

那邊黃小姐可急了，走過來推了她一下。蔡小姐忙攔住道，“人家說正經話，你們盡鬧著玩儿！讓我說完了呀——”“我代你說啵，”韋小姐仍搶著說，“——她說她只有一個爹，沒有娘。嫁了一個男人，倒有三十多歲，土頭土腦的，臉上滿是包！他是李媽的鄰舍，我還看見過呢。……”“好了，底下我說吧。”蔡小姐接著道，“她男人又不要好，盡愛賭錢；她一气，就住到娘家來，有一年多不回去了。”

“她今年几歲？”我問。

“十七不知十八？前年出嫁的，几個月就回家了，”蔡小姐說。

“不，十八，我知道，”韋小姐改正道。

“哦。你們可曾勸她离婚？”

“怎么不勸；”韋小姐應道，“她說十八回去吃她表哥的喜酒，要和她的爹去說呢。”

“你們教她的好事，該當何罪！”我笑了。

她們也都笑了。

十九的早上，我正在屋里看書，听見外面有嚷嚷的聲音；這是從來沒有的。我立刻走出來看；只見門外有兩個鄉下人要走進來，卻給阿齊攔住。他們只是央告，阿齊只是不肯。這時韋君已走出院中，向他們道，

“你們回去吧。人在我這里，不要緊的。快回去，不要瞎吵！”

兩個人面面相覷，說不出一句話；俄延了一會，只好走了。我問韋君什么事？他說，

“阿河囉！還不是瞎吵一回子。”

我想他于男女的事向來是懶得說的，還是回頭問他小姐的好；我們便談到別的事情上去。

吃了飯，我赶緊問韋小姐，她說，

“她是告訴娘的，你問娘去。”

我想這件事有些尷尬，便到西間里問韋太太；她正看著李媽收拾碗碟呢。她見我問，便笑著說，

“你要問這些事做什么？她昨天回去，原是借了阿桂的衣裳穿了去的，打扮得嬌滴滴的，也難怪，被她男人看見了，便約了些不相干的人，將她搶回去過了一夜。今天早上，她騙她男人，說要到此地來拿行李。她男人就會信她，派了兩個人跟著。那知她到了這里，便叫阿齊攔著那跟來的人；她自己便跪在我面前哭訴，說死也不愿回她男人家去。你說我有什么法子。只好讓那跟來的人先回去再說。好在沒有几天，她們要上學了，我將來交給她的爹吧。唉，現在的人，心眼儿真是越過越大了；一個鄉下女人，也會鬧出這樣惊天動地的事了！”

“可不是，”李媽在旁插嘴道，“太太你不知道；我家三叔前儿來，我還听他說呢。我本不該說的，阿彌陀佛！太太，你想她不愿意回婆家，老愿意住在娘家，是什么道理？家里只有一個單身的老子；你想那該死的老畜生！他舍不得放她回去呀！”

“低些，真的么？”韋太太惊詫地問。

“他們說得千真万确的。我早就想告訴太太了，總有些疑心；今天看她的樣子，真有几分對呢。太太，你想現在還成什么世界！”

“這該不至于吧。”我淡淡地插了一句。

“少爺，你那里知道！”韋太太歎了一口气，“——好在沒有几天了，讓她快些走吧；別將我們的運气帶坏了。她的事，我們以后也別談吧。”

開學的通告來了，我定在二十八走。二十六的晚上，阿河忽然不到廚房里挈水了。韋小姐跑來低低地告訴我，“娘叫阿齊將阿河送回去了；我在樓上，都不知道呢。”我應了一聲，一句話也沒有說。正如每日有三頓飽飯吃的人，忽然絕了糧；卻又不能告訴一個人！而且我覺得她的前面是黑洞洞的，此去不定有什么好歹！那一夜我是沒有好好地睡，只翻來覆去地做夢，醒來卻又一例茫然。這樣昏昏沉沉地到了二十八早上，懶懶地向韋君夫婦和韋小姐告別而行，",韋君夫婦和韋小姐告別而行,韋君夫婦,weijunfufu,wei jun fu fu,TRUE,1:魏軍夫婦 | 2:魏軍 | 3:爲君 | 4:僞軍 | 5:微菌 | 6:衛軍 | 7:爲 | 8:未 | 9:位 | 10:味,FALSE,,,,,
top10_missing,f1d5104047fa4558c3791239,阿河,3482,3484,"我這一回寒假，因為養病，住到一家親戚的別墅里去。那別墅是在鄉下。前面偏左的地方，是一片淡藍的湖水，對岸環擁著不盡的青山。山的影子倒映在水里，越顯得清清朗朗的。水面常如鏡子一般。風起時，微有皺痕；像少女們皺她們的眉頭，過一會子就好了。湖的余勢束成一條小港，緩緩地不聲不響地流過別墅的門前。門前有一條小石橋，橋那邊盡是田畝。這邊沿岸一帶，相間地栽著桃樹和柳樹，春來當有一番熱鬧的夢。別墅外面繚繞著短短的竹篱，篱外是小小的路。里邊一座向南的樓，背后便倚著山。西邊是三間平屋，我便住在這里。院子里有兩塊草地，上面隨便放著兩三塊石頭。另外的隙地上，或羅列著盆栽，或种蒔著花草。篱邊還有几株枝干蟠曲的大樹，有一株几乎要伸到水里去了。

我的親戚韋君只有夫婦二人和一個女儿。她在外邊念書，這時也剛回到家里。她邀來三位同學，同到她家過這個寒假；兩位是親戚，一位是朋友。她們住著樓上的兩間屋子。韋君夫婦也住在樓上。樓下正中是客廳，常是閒著，西間是吃飯的地方；東間便是韋君的書房，我們談天，喝茶，看報，都在這里。我吃了飯，便是一個人，也要到這里來閒坐一回。我來的第二天，韋小姐告訴我，她母親要給她們找一個好好的女用人；長工阿齊說有一個表妹，母親叫他明天就帶來做做看呢。她似乎很高興的樣子，我只是不經意地答應。

平屋与樓屋之間，是一個小小的廚房。我住的是東面的屋子，從窗子里可以看見廚房里人的來往。這一天午飯前，我偶然向外看看，見一個面生的女用人，兩手提著兩把白鐵壺，正往廚房里走；韋家的李媽在她前面領著，不知在和她說甚么話。她的頭髮亂蓬蓬的，像冬天的枯草一樣。身上穿著鑲邊的黑布棉襖和夾褲，黑里已泛出黃色；棉襖長与膝齊，夾褲也直拖到腳背上。腳倒是雙天足，穿著尖頭的黑布鞋，后跟還帶著兩片同色的“葉拔儿”。想這就是阿齊帶來的女用人了；想完了就坐下看書。晚飯后，韋小姐告訴我，女用人來了，她的名字叫“阿河”。我說，“名字很好，只是人土些；還能做么？”她說，“別看她土，很聰明呢。”我說，“哦。”便接著看手中的報了。

以后每天早上，中上，晚上，我常常看見阿河挈著水壺來往；她的眼似乎總是望前看的。兩個禮拜匆匆地過去了。韋小姐忽然和我說，你別看阿河土，她的志气很好，她是個可怜的人。我和娘說，把我前年在家穿的那身棉襖褲給了她吧。我嫌那兩件衣服太花，給了她正好。娘先不肯，說她來了沒有几天；后來也肯了。今天拿出來讓她穿，正合式呢。我們教給她打絨繩鞋，她真聰明，一學就會了。她說拿到工錢，也要打一雙穿呢。我等几天再和娘說去。

“她這樣愛好！怪不得頭髮光得多了，原來都是你們教她的。好！你們盡教她講究，她將來怕不愿回家去呢。”大家都笑了。

舊新年是過去了。因為江浙的兵事，我們的學校一時還不能開學。我們大家都樂得在別墅里多住些日子。這時阿河如換了一個人。她穿著寶藍色挑著小花儿的布棉襖褲；腳下是嫩藍色毛繩鞋，鞋口還綴著兩個半藍半白的小絨球儿。我想這一定是她的小姐們給幫忙的。古語說得好，“人要衣裳馬要鞍”，阿河這一打扮，真有些楚楚可怜了。她的頭髮早已是刷得光光的，覆額的留海也梳得十分伏帖。一張小小的圓臉，如正開的桃李花；臉上并沒有笑，卻隱隱地含著春日的光輝，像花房里充了蜜一般。這在我几乎是一個奇跡；我現在是常站在窗前看她了。我覺得在深山里發見了一粒貓儿眼；這樣精純的貓儿眼，是我生平所僅見！我覺得我們相識已太長久，极愿和她說一句話——极平淡的話，一句也好。但我怎好平白地和她攀談呢？這樣郁郁了一禮拜。

這是元宵節的前一晚上。我吃了飯，在屋里坐了一會，覺得有些無聊，便信步走到那書房里。拿起報來，想再細看一回。忽然門鈕一響，阿河進來了。她手里拿著三四支顏色鉛筆；出乎意料地走近了我。她站在我面前了，靜靜地微笑著說：“白先生，你知道鉛筆刨在哪里？”一面將拿著的鉛筆給我看。我不自主地立起來，匆忙地應道，“在這里；”我用手指著南邊柱子。但我立刻覺得這是不夠的。我領她走近了柱子。這時我像閃電似地躊躇了一下，便說，“我…… 我……”她一聲不響地已將一支鉛筆交給我。我放進刨子里刨給她看。刨了兩下，便想交給她；但終于刨完了一支，交還了她。她接了筆略看一看，仍仰著臉向我。我窘极了。剎那間念頭轉了好几個圈子；到底硬著頭皮搭訕著說，“就這樣刨好了。”我赶緊向門外一瞥，就走回原處看報去。但我的頭剛低下，我的眼已抬起來了。于是遠遠地從容地問道，“你會么？”她不曾掉過頭來，只“嚶”了一聲，也不說話。我看了她背影一會。覺得應該低下頭了。等我再抬起頭來時，她已默默地向外走了。她似乎總是望前看的；我想再問她一句話，但終于不曾出口。我撇下了報，站起來走了一會，便回到自己屋里。

我一直想著些什么，但什么也沒有想出。

第二天早上看見她往廚房里走時，我發愿我的眼將老跟著她的影子！她的影子真好。她那几步路走得又敏捷，又勻稱，又苗條，正如一只可愛的小貓。她兩手各提著一只水壺，又令我想到在一條細細的索儿上抖擻精神走著的女子。這全由于她的腰；她的腰真太軟了，用白水的話說，真是軟到使我如吃蘇州的牛皮糖一樣。不止她的腰，我的日記里說得好：“她有一套和云霞比美，水月爭靈的曲線，織成大大的一張迷惑的网！”而那兩頰的曲線，尤其甜蜜可人。她兩頰是白中透著微紅，潤澤如玉。她的皮膚，嫩得可以掐出水來；我的日記里說，“我很想去掐她一下呀！”她的眼像一雙小燕子，老是在灩灩的春水上打著圈儿。她的笑最使我記住，像一朵花漂浮在我的腦海里。我不是說過，她的小圓臉像正開的桃花么？那么，她微笑的時候，便是盛開的時候了：花房里充滿了蜜，真如要流出來的樣子。她的髮不甚厚，但黑而有光，柔軟而滑，如純絲一般。只可惜我不曾聞著一些儿香。唉！從前我在窗前看她好多次，所得的真太少了；若不是昨晚一見，——雖只几分鐘——我真太對不起這樣一個人儿了。

午飯后，韋君照例地睡午覺去了，只有我，韋小姐和其他三位小姐在書房里。我有意無意地談起阿河的事。我說：

“你們怎知道她的志气好呢？”

“那天我們教給她打絨繩鞋；”一位蔡小姐便答道，“看她很聰明，就問她為甚么不念書？她被我們一問，就傷心起來了。……”

“是的，”韋小姐笑著搶了說，“后來還哭了呢；還有一位傻子陪她淌眼淚呢。”

那邊黃小姐可急了，走過來推了她一下。蔡小姐忙攔住道，“人家說正經話，你們盡鬧著玩儿！讓我說完了呀——”“我代你說啵，”韋小姐仍搶著說，“——她說她只有一個爹，沒有娘。嫁了一個男人，倒有三十多歲，土頭土腦的，臉上滿是包！他是李媽的鄰舍，我還看見過呢。……”“好了，底下我說吧。”蔡小姐接著道，“她男人又不要好，盡愛賭錢；她一气，就住到娘家來，有一年多不回去了。”

“她今年几歲？”我問。

“十七不知十八？前年出嫁的，几個月就回家了，”蔡小姐說。

“不，十八，我知道，”韋小姐改正道。

“哦。你們可曾勸她离婚？”

“怎么不勸；”韋小姐應道，“她說十八回去吃她表哥的喜酒，要和她的爹去說呢。”

“你們教她的好事，該當何罪！”我笑了。

她們也都笑了。

十九的早上，我正在屋里看書，听見外面有嚷嚷的聲音；這是從來沒有的。我立刻走出來看；只見門外有兩個鄉下人要走進來，卻給阿齊攔住。他們只是央告，阿齊只是不肯。這時韋君已走出院中，向他們道，

“你們回去吧。人在我這里，不要緊的。快回去，不要瞎吵！”

兩個人面面相覷，說不出一句話；俄延了一會，只好走了。我問韋君什么事？他說，

“阿河囉！還不是瞎吵一回子。”

我想他于男女的事向來是懶得說的，還是回頭問他小姐的好；我們便談到別的事情上去。

吃了飯，我赶緊問韋小姐，她說，

“她是告訴娘的，你問娘去。”

我想這件事有些尷尬，便到西間里問韋太太；她正看著李媽收拾碗碟呢。她見我問，便笑著說，

“你要問這些事做什么？她昨天回去，原是借了阿桂的衣裳穿了去的，打扮得嬌滴滴的，也難怪，被她男人看見了，便約了些不相干的人，將她搶回去過了一夜。今天早上，她騙她男人，說要到此地來拿行李。她男人就會信她，派了兩個人跟著。那知她到了這里，便叫阿齊攔著那跟來的人；她自己便跪在我面前哭訴，說死也不愿回她男人家去。你說我有什么法子。只好讓那跟來的人先回去再說。好在沒有几天，她們要上學了，我將來交給她的爹吧。唉，現在的人，心眼儿真是越過越大了；一個鄉下女人，也會鬧出這樣惊天動地的事了！”

“可不是，”李媽在旁插嘴道，“太太你不知道；我家三叔前儿來，我還听他說呢。我本不該說的，阿彌陀佛！太太，你想她不愿意回婆家，老",太太你想她不愿意回婆家老,愿意,yuanyi,yuan yi,FALSE,1:願意 | 2:園藝 | 3:原意 | 4:原液 | 5:原義 | 6:原以 | 7:怨艾 | 8:冤抑 | 9:垣衣 | 10:願以,FALSE,,,,,
top10_missing,8833002e5347fae1745e6ca6,給亡婦,12,14,謙，日子真快，一眨眼你已,謙日子真快一眨眼你已,經死,jingsi,jing si,FALSE,1:警司 | 2:靜思 | 3:竟似 | 4:敬思 | 5:經笥 | 6:經 | 7:靜 | 8:竟 | 9:精 | 10:景,FALSE,,,,,
top10_missing,09cd449694e543d7ef3137c2,背影,678,680,"我與父親不相見已二年餘了，我最不能忘記的是他的背影。那年冬天，祖母死了，父親的差使也交卸了，正是禍不單行的日子，我從北京到徐州，打算跟着父親奔喪囘家。到徐州見着父親，看見滿院狼藉的東西，又想起祖母，不禁簌簌地流下眼淚。父親說，「事已如此，不必難過，好在天無絕人之路！」

囘家變賣典質，父親還了虧空；又借錢辦了喪事。這些日子，家中光景很是慘澹，一半爲了喪事，一半爲了父親賦閒。喪事完畢，父親要到南京謀事，我也要囘北京念書，我們便同行。

到南京時，有朋友約去游逛，勾留了一日；第二日上午便須渡江到浦口，下午上車北去。父親因爲事忙，本已說定不送我，叫旅館裏一個熟識的茶房陪我同去。他再三囑付茶房，甚是仔細。但他終於不放心，怕茶房不妥帖；頗躊躇了一會。其實我那年已二十歲，北京已來往過兩三次，是沒有甚麽要緊的了。他躊躇了一會，終於決定還是自己送我去。我兩三囘勸他不必去；他只說，「不要緊，他們去不好！」

我們過了江，進了車站。我買票，他忙着照看行李。行李太多了，得向腳夫行些小費，才可過去。他便又忙着和他們講價錢。我那時眞是聰明過分，總覺他說話不大漂亮，非自己插嘴不可。但他終於講定了價錢；就送我上車。他給我揀定了靠車門的一張椅子；我將他給我做的紫毛大衣鋪好坐位。他囑我路上小心，夜裏要警醒些，不要受涼。又囑託茶房好好照應我。我心裏暗笑他的迂；他們只認得錢，託他們直是白託！而且我這樣大年紀的人，難道還不能料理自己麽？唉，我現在想想，那時眞是太聰明了！

我說道，「爸爸，你走吧。」他望車外看了看，說，「我買幾個橘子去。你就在此地，不要走動。」我看那邊月臺的",地不要走動我看那邊月臺的,柵欄,shanlan,shan lan,TRUE,1:山嵐 | 2:山 | 3:刪 | 4:閃 | 5:善 | 6:衫 | 7:扇 | 8:珊 | 9:杉 | 10:陝,FALSE,,,,,
top10_missing,1a84ec5c9f3ff6c6e6bf0189,槳聲燈影裏的秦淮河,2467,2469,"一九二三年八月的一晚，我和平伯同遊秦淮河；平伯是初泛，我是重來了。我們雇了一隻「七板子」，在夕陽已去、皎月方來的時候，便下了船。於是槳聲汩汩，我們開始領略那晃蕩著薔薇色的歷史的秦淮河的滋味了。

秦淮河裏的船，比北京万生園、頤和園的船好，比西湖的船好，比揚州瘦西湖的船也好。這幾處的船不是覺著笨，就是覺著簡陋、局促；都不能引起乘客們的情韻，如秦淮河的船一樣。秦淮河的船約略可分為兩種：一是大船；一是小船，就是所謂「七板子」。大船艙口闊大，可容二三十人。裏面陳設著字畫和光潔的紅木家具，桌上一律嵌著冰涼的大理石面。窗格雕鏤頗細，使人起柔膩之感。窗格里映著紅色藍色的玻璃；玻璃上有精緻的花紋，也頗悅人目。「七板子」規模雖不及大船，但那淡藍色的欄杆，空敞的艙，也足繫人情思。而最出色處卻在它的艙前。艙前是甲板上的一部，上面有弧形的頂，兩邊用疏疏的欄杆支著。裏面通常放著兩張藤的躺椅。躺下，可以談天，可以望遠，可以顧盼兩岸的河房。大船上也有這個，但在小船上更覺清雋罷了。艙前的頂下，一律懸著燈彩；燈的多少、明暗，彩蘇的精粗、艷晦，是不一的，但好歹總還你一個燈彩。這燈彩實在是最能勾人的東西。夜幕垂垂地下來時，大小船上都點起燈火。從兩重玻璃裏映出那輻射著的黃黃的散光，反暈出一片朦朧的煙靄；透過這煙靄，在黯黯的水波里，又逗起縷縷的明漪。在這薄靄和微漪裏，聽著那悠然的間歇的槳聲，誰能不被引入他的美夢去呢？只愁夢太多了，這些大小船兒如何載得起呀？我們這時模模糊糊的談著明末的秦淮河的艷跡，如《桃花扇》及《板橋雜記》裏所載的。我們真神往了。我們彷彿親見那時華燈映水，畫舫凌波的光景了。於是我們的船便成了歷史的重載了。我們終於恍然秦淮河的船所以雅麗過於他處，而又有奇異的吸引力的，實在是許多歷史的影像使然了。

秦淮河的水是碧陰陰的；看起來厚而不膩，或者是六朝金粉所凝麼？我們初上船的時候，天色還未斷黑，那漾漾的柔波是這樣恬靜、委婉，使我們一面有水闊天空之想，一面又憧憬著紙醉金迷之境了。等到燈火明時，陰陰的變為沈沉了：黯淡的水光，像夢一般；那偶然閃爍著的光芒，就是夢的眼睛了。我們坐在艙前，因了那隆起的頂棚，彷彿總是昂著首向前走著似的；於是飄飄然如御風而行的我們，看著那些自在的灣泊著的船，船裏走馬燈般的人物，便像是下界一般，迢迢的遠了，又像在霧裏看花，盡朦朦朧朧的。這時我們已過了利涉橋，望見東關頭了。沿路聽見斷續的歌聲：有從沿河的妓樓飄來的，有從河上船裏渡來的。我們明知那些歌聲，只是些因襲的言詞，從生澀的歌喉裏機械的發出來的；但它們經了夏夜的微風的吹漾和水波的搖拂，嬝娜著到我們耳邊的時候，已經不單是她們的歌聲，而混著微風和河水的密語了。於是我們不得不被牽惹著，震撼著，相與浮沉於這歌聲裏了。從東關頭轉彎，不久就到大中橋。大中橋共有三個橋拱，都很闊大，儼然是三座門兒；使我們覺得我們的船和船裏的我們，在橋下過去時，真是太無顏色了。橋磚是深褐色，表明它的歷史的長久；但都完好無缺，令人太息於古昔工程的堅美。橋上兩旁都是木壁的房子，中間應該有街路。這些房子都破舊了，多年煙熏的跡，遮沒了當年的美麗。我想像秦淮河的極盛時，在這樣宏闊的橋上，特地蓋了房子，必然是髹漆得富富麗麗的；晚間必然是燈火通明的，現在卻只剩下一片黑沉沉！但是橋上造著房子，畢竟使我們多少可以想見往日的繁華；這也慰情聊勝無了。過了大中橋，便到了燈月交輝、笙歌徹夜的秦淮河，這才是秦淮河的真面目哩。

大中橋外，頓然空闊，和橋內兩岸排著密密的人家的景像大異了。一眼望去，疏疏的林，淡淡的月，襯著蔚藍的天，頗像荒江野渡光景；那邊呢，鬱叢叢的，陰森森的，又似乎藏著無邊的黑暗，令人幾乎不信那是繁華的秦淮河了。但是河中眩暈著的燈光，縱橫著的畫舫，悠揚著的笛韻，夾著那吱吱的胡琴聲，終於使我們認識綠如茵陳酒的秦淮水了。此地天裸露著的多些，故覺夜來的獨遲些；從清清的水影裏，我們感到的只是薄薄的夜——這正是秦淮河的夜。大中橋外，本來還有一座復成橋，是船夫口中的我們的遊踪盡處，或也是秦淮河繁華的盡處了。我的腳曾踏過復成橋的脊，在十三四歲的時候。但是兩次遊秦淮河，卻都不曾見著復成橋的面；明知總在前途的，卻常覺得有些虛無縹緲似的。我想，不見倒也好。這時正是盛夏。我們下船後，藉著新生的晚涼和河上的微風，暑氣已漸漸消散；到了此地，豁然開朗，身子頓然輕了——習習的清風荏苒在面上、手上、衣上，這便又感到了一縷新涼了。南京的日光，大概沒有杭州猛烈；西湖的夏夜老是熱蓬蓬的，水像沸著一般，秦淮河的水卻盡是這樣冷冷地綠著。任你人影的憧憧，歌聲的擾擾，總像隔著一層薄薄的綠紗面冪似的；它盡是這樣靜靜的、冷冷的綠著。我們出了大中橋，走不上半里路，船夫便將船劃到一旁，停了槳由它宕著。他以為那裏正是繁華的極點，再過去就是荒涼了；所以讓我們多多賞鑑一會兒。他自己卻靜靜的蹲著。他是看慣這光景的了，大約只是一個無可無不可。這無可無不可，無論是升的沉的，總之，都比我們高了。

那時河裏鬧熱極了；船大半泊著，小半在水上穿梭似的來往。停泊著的都在近市的那一邊，我們的船自然也夾在其中。因為這邊略略的擠，便覺得那邊十分的疏了。在每一隻船從那邊過去時，我們能畫出它的輕輕的影和曲曲的波，在我們的心上；這顯著是空，且顯著是靜了。那時處處都是歌聲和淒厲的胡琴聲，圓潤的喉嚨，確乎是很少的。但那生澀的，尖脆的調子能使人有少年的，粗率不拘的感覺，也正可快我們的意。況且多少隔開些兒聽著，因為想像與渴慕的做美，總覺更有滋味；而竟發的喧囂，抑揚的不齊，遠近的雜沓，和樂器的嘈嘈切切，合成另一意味的諧音，也使我們無所適從，如隨著大風而走。這實在因為我們的心枯澀久了，變為脆弱；故偶然潤澤一下，便瘋狂似的不能自主了，但秦淮河確也膩人。即如船裏的人面，無論是和我們一堆儿泊著的，無論是從我們眼前過去的，總是模模糊糊的，甚至渺渺茫茫的；任你張圓了眼睛，揩淨了眥垢，也是枉然，這真夠人想呢。在我們停泊的地方，燈光原是紛然的；不過這些燈光都是黃而",然的不過這些燈光都是黃而,有暈,youyun,you yun,TRUE,1:有云 | 2:有孕 | 3:又云 | 4:有 | 5:又 | 6:由 | 7:油 | 8:友 | 9:右 | 10:遊,FALSE,,,,,
top10_missing,0565b5a77c22111e773b5288,槳聲燈影裏的秦淮河,1550,1552,"一九二三年八月的一晚，我和平伯同遊秦淮河；平伯是初泛，我是重來了。我們雇了一隻「七板子」，在夕陽已去、皎月方來的時候，便下了船。於是槳聲汩汩，我們開始領略那晃蕩著薔薇色的歷史的秦淮河的滋味了。

秦淮河裏的船，比北京万生園、頤和園的船好，比西湖的船好，比揚州瘦西湖的船也好。這幾處的船不是覺著笨，就是覺著簡陋、局促；都不能引起乘客們的情韻，如秦淮河的船一樣。秦淮河的船約略可分為兩種：一是大船；一是小船，就是所謂「七板子」。大船艙口闊大，可容二三十人。裏面陳設著字畫和光潔的紅木家具，桌上一律嵌著冰涼的大理石面。窗格雕鏤頗細，使人起柔膩之感。窗格里映著紅色藍色的玻璃；玻璃上有精緻的花紋，也頗悅人目。「七板子」規模雖不及大船，但那淡藍色的欄杆，空敞的艙，也足繫人情思。而最出色處卻在它的艙前。艙前是甲板上的一部，上面有弧形的頂，兩邊用疏疏的欄杆支著。裏面通常放著兩張藤的躺椅。躺下，可以談天，可以望遠，可以顧盼兩岸的河房。大船上也有這個，但在小船上更覺清雋罷了。艙前的頂下，一律懸著燈彩；燈的多少、明暗，彩蘇的精粗、艷晦，是不一的，但好歹總還你一個燈彩。這燈彩實在是最能勾人的東西。夜幕垂垂地下來時，大小船上都點起燈火。從兩重玻璃裏映出那輻射著的黃黃的散光，反暈出一片朦朧的煙靄；透過這煙靄，在黯黯的水波里，又逗起縷縷的明漪。在這薄靄和微漪裏，聽著那悠然的間歇的槳聲，誰能不被引入他的美夢去呢？只愁夢太多了，這些大小船兒如何載得起呀？我們這時模模糊糊的談著明末的秦淮河的艷跡，如《桃花扇》及《板橋雜記》裏所載的。我們真神往了。我們彷彿親見那時華燈映水，畫舫凌波的光景了。於是我們的船便成了歷史的重載了。我們終於恍然秦淮河的船所以雅麗過於他處，而又有奇異的吸引力的，實在是許多歷史的影像使然了。

秦淮河的水是碧陰陰的；看起來厚而不膩，或者是六朝金粉所凝麼？我們初上船的時候，天色還未斷黑，那漾漾的柔波是這樣恬靜、委婉，使我們一面有水闊天空之想，一面又憧憬著紙醉金迷之境了。等到燈火明時，陰陰的變為沈沉了：黯淡的水光，像夢一般；那偶然閃爍著的光芒，就是夢的眼睛了。我們坐在艙前，因了那隆起的頂棚，彷彿總是昂著首向前走著似的；於是飄飄然如御風而行的我們，看著那些自在的灣泊著的船，船裏走馬燈般的人物，便像是下界一般，迢迢的遠了，又像在霧裏看花，盡朦朦朧朧的。這時我們已過了利涉橋，望見東關頭了。沿路聽見斷續的歌聲：有從沿河的妓樓飄來的，有從河上船裏渡來的。我們明知那些歌聲，只是些因襲的言詞，從生澀的歌喉裏機械的發出來的；但它們經了夏夜的微風的吹漾和水波的搖拂，嬝娜著到我們耳邊的時候，已經不單是她們的歌聲，而混著微風和河水的密語了。於是我們不得不被牽惹著，震撼著，相與浮沉於這歌聲裏了。從東關頭轉彎，不久就到大中橋。大中橋共有三個橋拱，都很闊大，儼然是三座門兒；使我們覺得我們的船和船裏的我們，在橋下過去時，真是太無顏色了。橋磚是深褐色，表明它的歷史的長久；但都完好無缺，令人太息於古昔工程的堅美。橋上兩旁都是木壁的房子，中間應該有街路。這些房子都破舊了，多年煙熏的跡，遮沒了當年的美麗。我想像秦淮河的極盛時，在這樣宏闊的橋上，特地蓋了房子，必然是髹漆得富富麗麗的；晚間必然是燈火通明的，現在卻只剩下一片黑沉沉！但是橋上造著房子，畢竟使我們多少可以想見往日的繁華；這也慰情聊勝無了。過了大中橋，便到了燈月交輝、笙歌徹夜的秦淮河，這才是秦淮河的真面目哩。

大中橋外，頓然空闊，和橋內兩岸排著密密的人家的景像大異了。一眼望去，疏疏的林，淡淡的月，襯著蔚藍的天，頗像荒江野渡光景；那邊呢，鬱叢叢的，陰森森的，又似乎藏著無邊的黑暗，令人幾乎不信那是繁華的秦淮河了。但是河中眩暈著的燈光，縱橫著的畫舫，悠揚著的",燈光縱橫著的畫舫悠揚著的,笛韻,diyun,di yun,FALSE,1:底蘊 | 2:低雲 | 3:地 | 4:第 | 5:低 | 6:滴 | 7:底 | 8:睇 | 9:抵 | 10:帝,FALSE,,,,,
top10_missing,4b27d066520ae63265bbd79f,阿河,4685,4687,"我這一回寒假，因為養病，住到一家親戚的別墅里去。那別墅是在鄉下。前面偏左的地方，是一片淡藍的湖水，對岸環擁著不盡的青山。山的影子倒映在水里，越顯得清清朗朗的。水面常如鏡子一般。風起時，微有皺痕；像少女們皺她們的眉頭，過一會子就好了。湖的余勢束成一條小港，緩緩地不聲不響地流過別墅的門前。門前有一條小石橋，橋那邊盡是田畝。這邊沿岸一帶，相間地栽著桃樹和柳樹，春來當有一番熱鬧的夢。別墅外面繚繞著短短的竹篱，篱外是小小的路。里邊一座向南的樓，背后便倚著山。西邊是三間平屋，我便住在這里。院子里有兩塊草地，上面隨便放著兩三塊石頭。另外的隙地上，或羅列著盆栽，或种蒔著花草。篱邊還有几株枝干蟠曲的大樹，有一株几乎要伸到水里去了。

我的親戚韋君只有夫婦二人和一個女儿。她在外邊念書，這時也剛回到家里。她邀來三位同學，同到她家過這個寒假；兩位是親戚，一位是朋友。她們住著樓上的兩間屋子。韋君夫婦也住在樓上。樓下正中是客廳，常是閒著，西間是吃飯的地方；東間便是韋君的書房，我們談天，喝茶，看報，都在這里。我吃了飯，便是一個人，也要到這里來閒坐一回。我來的第二天，韋小姐告訴我，她母親要給她們找一個好好的女用人；長工阿齊說有一個表妹，母親叫他明天就帶來做做看呢。她似乎很高興的樣子，我只是不經意地答應。

平屋与樓屋之間，是一個小小的廚房。我住的是東面的屋子，從窗子里可以看見廚房里人的來往。這一天午飯前，我偶然向外看看，見一個面生的女用人，兩手提著兩把白鐵壺，正往廚房里走；韋家的李媽在她前面領著，不知在和她說甚么話。她的頭髮亂蓬蓬的，像冬天的枯草一樣。身上穿著鑲邊的黑布棉襖和夾褲，黑里已泛出黃色；棉襖長与膝齊，夾褲也直拖到腳背上。腳倒是雙天足，穿著尖頭的黑布鞋，后跟還帶著兩片同色的“葉拔儿”。想這就是阿齊帶來的女用人了；想完了就坐下看書。晚飯后，韋小姐告訴我，女用人來了，她的名字叫“阿河”。我說，“名字很好，只是人土些；還能做么？”她說，“別看她土，很聰明呢。”我說，“哦。”便接著看手中的報了。

以后每天早上，中上，晚上，我常常看見阿河挈著水壺來往；她的眼似乎總是望前看的。兩個禮拜匆匆地過去了。韋小姐忽然和我說，你別看阿河土，她的志气很好，她是個可怜的人。我和娘說，把我前年在家穿的那身棉襖褲給了她吧。我嫌那兩件衣服太花，給了她正好。娘先不肯，說她來了沒有几天；后來也肯了。今天拿出來讓她穿，正合式呢。我們教給她打絨繩鞋，她真聰明，一學就會了。她說拿到工錢，也要打一雙穿呢。我等几天再和娘說去。

“她這樣愛好！怪不得頭髮光得多了，原來都是你們教她的。好！你們盡教她講究，她將來怕不愿回家去呢。”大家都笑了。

舊新年是過去了。因為江浙的兵事，我們的學校一時還不能開學。我們大家都樂得在別墅里多住些日子。這時阿河如換了一個人。她穿著寶藍色挑著小花儿的布棉襖褲；腳下是嫩藍色毛繩鞋，鞋口還綴著兩個半藍半白的小絨球儿。我想這一定是她的小姐們給幫忙的。古語說得好，“人要衣裳馬要鞍”，阿河這一打扮，真有些楚楚可怜了。她的頭髮早已是刷得光光的，覆額的留海也梳得十分伏帖。一張小小的圓臉，如正開的桃李花；臉上并沒有笑，卻隱隱地含著春日的光輝，像花房里充了蜜一般。這在我几乎是一個奇跡；我現在是常站在窗前看她了。我覺得在深山里發見了一粒貓儿眼；這樣精純的貓儿眼，是我生平所僅見！我覺得我們相識已太長久，极愿和她說一句話——极平淡的話，一句也好。但我怎好平白地和她攀談呢？這樣郁郁了一禮拜。

這是元宵節的前一晚上。我吃了飯，在屋里坐了一會，覺得有些無聊，便信步走到那書房里。拿起報來，想再細看一回。忽然門鈕一響，阿河進來了。她手里拿著三四支顏色鉛筆；出乎意料地走近了我。她站在我面前了，靜靜地微笑著說：“白先生，你知道鉛筆刨在哪里？”一面將拿著的鉛筆給我看。我不自主地立起來，匆忙地應道，“在這里；”我用手指著南邊柱子。但我立刻覺得這是不夠的。我領她走近了柱子。這時我像閃電似地躊躇了一下，便說，“我…… 我……”她一聲不響地已將一支鉛筆交給我。我放進刨子里刨給她看。刨了兩下，便想交給她；但終于刨完了一支，交還了她。她接了筆略看一看，仍仰著臉向我。我窘极了。剎那間念頭轉了好几個圈子；到底硬著頭皮搭訕著說，“就這樣刨好了。”我赶緊向門外一瞥，就走回原處看報去。但我的頭剛低下，我的眼已抬起來了。于是遠遠地從容地問道，“你會么？”她不曾掉過頭來，只“嚶”了一聲，也不說話。我看了她背影一會。覺得應該低下頭了。等我再抬起頭來時，她已默默地向外走了。她似乎總是望前看的；我想再問她一句話，但終于不曾出口。我撇下了報，站起來走了一會，便回到自己屋里。

我一直想著些什么，但什么也沒有想出。

第二天早上看見她往廚房里走時，我發愿我的眼將老跟著她的影子！她的影子真好。她那几步路走得又敏捷，又勻稱，又苗條，正如一只可愛的小貓。她兩手各提著一只水壺，又令我想到在一條細細的索儿上抖擻精神走著的女子。這全由于她的腰；她的腰真太軟了，用白水的話說，真是軟到使我如吃蘇州的牛皮糖一樣。不止她的腰，我的日記里說得好：“她有一套和云霞比美，水月爭靈的曲線，織成大大的一張迷惑的网！”而那兩頰的曲線，尤其甜蜜可人。她兩頰是白中透著微紅，潤澤如玉。她的皮膚，嫩得可以掐出水來；我的日記里說，“我很想去掐她一下呀！”她的眼像一雙小燕子，老是在灩灩的春水上打著圈儿。她的笑最使我記住，像一朵花漂浮在我的腦海里。我不是說過，她的小圓臉像正開的桃花么？那么，她微笑的時候，便是盛開的時候了：花房里充滿了蜜，真如要流出來的樣子。她的髮不甚厚，但黑而有光，柔軟而滑，如純絲一般。只可惜我不曾聞著一些儿香。唉！從前我在窗前看她好多次，所得的真太少了；若不是昨晚一見，——雖只几分鐘——我真太對不起這樣一個人儿了。

午飯后，韋君照例地睡午覺去了，只有我，韋小姐和其他三位小姐在書房里。我有意無意地談起阿河的事。我說：

“你們怎知道她的志气好呢？”

“那天我們教給她打絨繩鞋；”一位蔡小姐便答道，“看她很聰明，就問她為甚么不念書？她被我們一問，就傷心起來了。……”

“是的，”韋小姐笑著搶了說，“后來還哭了呢；還有一位傻子陪她淌眼淚呢。”

那邊黃小姐可急了，走過來推了她一下。蔡小姐忙攔住道，“人家說正經話，你們盡鬧著玩儿！讓我說完了呀——”“我代你說啵，”韋小姐仍搶著說，“——她說她只有一個爹，沒有娘。嫁了一個男人，倒有三十多歲，土頭土腦的，臉上滿是包！他是李媽的鄰舍，我還看見過呢。……”“好了，底下我說吧。”蔡小姐接著道，“她男人又不要好，盡愛賭錢；她一气，就住到娘家來，有一年多不回去了。”

“她今年几歲？”我問。

“十七不知十八？前年出嫁的，几個月就回家了，”蔡小姐說。

“不，十八，我知道，”韋小姐改正道。

“哦。你們可曾勸她离婚？”

“怎么不勸；”韋小姐應道，“她說十八回去吃她表哥的喜酒，要和她的爹去說呢。”

“你們教她的好事，該當何罪！”我笑了。

她們也都笑了。

十九的早上，我正在屋里看書，听見外面有嚷嚷的聲音；這是從來沒有的。我立刻走出來看；只見門外有兩個鄉下人要走進來，卻給阿齊攔住。他們只是央告，阿齊只是不肯。這時韋君已走出院中，向他們道，

“你們回去吧。人在我這里，不要緊的。快回去，不要瞎吵！”

兩個人面面相覷，說不出一句話；俄延了一會，只好走了。我問韋君什么事？他說，

“阿河囉！還不是瞎吵一回子。”

我想他于男女的事向來是懶得說的，還是回頭問他小姐的好；我們便談到別的事情上去。

吃了飯，我赶緊問韋小姐，她說，

“她是告訴娘的，你問娘去。”

我想這件事有些尷尬，便到西間里問韋太太；她正看著李媽收拾碗碟呢。她見我問，便笑著說，

“你要問這些事做什么？她昨天回去，原是借了阿桂的衣裳穿了去的，打扮得嬌滴滴的，也難怪，被她男人看見了，便約了些不相干的人，將她搶回去過了一夜。今天早上，她騙她男人，說要到此地來拿行李。她男人就會信她，派了兩個人跟著。那知她到了這里，便叫阿齊攔著那跟來的人；她自己便跪在我面前哭訴，說死也不愿回她男人家去。你說我有什么法子。只好讓那跟來的人先回去再說。好在沒有几天，她們要上學了，我將來交給她的爹吧。唉，現在的人，心眼儿真是越過越大了；一個鄉下女人，也會鬧出這樣惊天動地的事了！”

“可不是，”李媽在旁插嘴道，“太太你不知道；我家三叔前儿來，我還听他說呢。我本不該說的，阿彌陀佛！太太，你想她不愿意回婆家，老愿意住在娘家，是什么道理？家里只有一個單身的老子；你想那該死的老畜生！他舍不得放她回去呀！”

“低些，真的么？”韋太太惊詫地問。

“他們說得千真万确的。我早就想告訴太太了，總有些疑心；今天看她的樣子，真有几分對呢。太太，你想現在還成什么世界！”

“這該不至于吧。”我淡淡地插了一句。

“少爺，你那里知道！”韋太太歎了一口气，“——好在沒有几天了，讓她快些走吧；別將我們的運气帶坏了。她的事，我們以后也別談吧。”

開學的通告來了，我定在二十八走。二十六的晚上，阿河忽然不到廚房里挈水了。韋小姐跑來低低地告訴我，“娘叫阿齊將阿河送回去了；我在樓上，都不知道呢。”我應了一聲，一句話也沒有說。正如每日有三頓飽飯吃的人，忽然絕了糧；卻又不能告訴一個人！而且我覺得她的前面是黑洞洞的，此去不定有什么好歹！那一夜我是沒有好好地睡，只翻來覆去地做夢，醒來卻又一例茫然。這樣昏昏沉沉地到了二十八早上，懶懶地向韋君夫婦和韋小姐告別而行，韋君夫婦堅約春假再來住，我只得含糊答應著。出門時，我很想回望廚房几眼；但許多人都站在門口送我，我怎好回頭呢？

到校一打听，老友陸已來了。我不及料理行李，便找著他，將阿河的事一五一十告訴他。他本是個好事的人；听我說時，時而皺眉，時而歎气，時而擦掌。听到她只十八歲時，他突然將舌頭一伸，跳起來道，

“可惜我早有了我那太太！要不然，我准得想法子娶她！”

“你娶她就好了；現在不知鹿死誰手呢？”

我倆默默相對了一會，陸忽然拍著桌子道，

“有了，老汪不是去年失了戀么？他現在還沒有主儿，何不給他倆撮合一下。”

我正要答說，他已出去了。過了一會子，他和汪來了，進門就嚷著說，

“我和他說，他不信；要問你呢！”

“事是有的，人呢，也真不錯。只是人家的事，我們憑什么去管！”我說。

“想法子呀！”陸嚷著。

“什么法子？你說！”

“好，你們盡和我開玩笑，我才不理會你們呢！”汪笑了。

我們几乎每天都要談到阿河，但誰也不曾認真去“想法子。”

一轉眼已到了春假。我再到韋君別墅的時候，水是綠綠的，桃腮柳眼，著意引人。我卻只惦著阿河，不知她怎么樣了。那時韋小姐已回來兩天。我背地里問她，她說，“奇得很！阿齊告訴我，說她二月間來求娘來了。她說她男人已死了心，不想她回去；只不肯白白地放掉她。他教她的爹拿出八十塊錢來，人就是她的爹的了；他自己也好另娶一房人。可是阿河說她的爹那有這些錢？她求娘可怜可怜她！娘的脾气你知道。她是個古板的人；她數說了阿河一頓，一個錢也不給！我現在和阿齊說，讓他上鎮去時，帶個信儿給她，我可以給她五塊錢。我想你也可以幫她些，我教阿齊一塊儿告訴她吧。只可惜她未必肯再上我們這儿來囉！”

“我拿十塊錢吧，你告訴阿齊就是。”

我看阿齊空閒了，便又去問阿河的事。他說，

“她的爹正給她東找西找地找主儿呢。只怕難吧，八十塊大洋呢！”

我忽然覺得不自在起來，",洋呢我忽然覺得不自在起來,不愿,buyuan,bu yuan,TRUE,1:不願 | 2:不遠 | 3:部員 | 4:部院 | 5:不冤 | 6:不怨 | 7:不圓 | 8:補員 | 9:不予 | 10:不語,FALSE,,,,,
top10_missing,84f7f8d6ebcf1e81613b23bd,槳聲燈影裏的秦淮河,1601,1604,"一九二三年八月的一晚，我和平伯同遊秦淮河；平伯是初泛，我是重來了。我們雇了一隻「七板子」，在夕陽已去、皎月方來的時候，便下了船。於是槳聲汩汩，我們開始領略那晃蕩著薔薇色的歷史的秦淮河的滋味了。

秦淮河裏的船，比北京万生園、頤和園的船好，比西湖的船好，比揚州瘦西湖的船也好。這幾處的船不是覺著笨，就是覺著簡陋、局促；都不能引起乘客們的情韻，如秦淮河的船一樣。秦淮河的船約略可分為兩種：一是大船；一是小船，就是所謂「七板子」。大船艙口闊大，可容二三十人。裏面陳設著字畫和光潔的紅木家具，桌上一律嵌著冰涼的大理石面。窗格雕鏤頗細，使人起柔膩之感。窗格里映著紅色藍色的玻璃；玻璃上有精緻的花紋，也頗悅人目。「七板子」規模雖不及大船，但那淡藍色的欄杆，空敞的艙，也足繫人情思。而最出色處卻在它的艙前。艙前是甲板上的一部，上面有弧形的頂，兩邊用疏疏的欄杆支著。裏面通常放著兩張藤的躺椅。躺下，可以談天，可以望遠，可以顧盼兩岸的河房。大船上也有這個，但在小船上更覺清雋罷了。艙前的頂下，一律懸著燈彩；燈的多少、明暗，彩蘇的精粗、艷晦，是不一的，但好歹總還你一個燈彩。這燈彩實在是最能勾人的東西。夜幕垂垂地下來時，大小船上都點起燈火。從兩重玻璃裏映出那輻射著的黃黃的散光，反暈出一片朦朧的煙靄；透過這煙靄，在黯黯的水波里，又逗起縷縷的明漪。在這薄靄和微漪裏，聽著那悠然的間歇的槳聲，誰能不被引入他的美夢去呢？只愁夢太多了，這些大小船兒如何載得起呀？我們這時模模糊糊的談著明末的秦淮河的艷跡，如《桃花扇》及《板橋雜記》裏所載的。我們真神往了。我們彷彿親見那時華燈映水，畫舫凌波的光景了。於是我們的船便成了歷史的重載了。我們終於恍然秦淮河的船所以雅麗過於他處，而又有奇異的吸引力的，實在是許多歷史的影像使然了。

秦淮河的水是碧陰陰的；看起來厚而不膩，或者是六朝金粉所凝麼？我們初上船的時候，天色還未斷黑，那漾漾的柔波是這樣恬靜、委婉，使我們一面有水闊天空之想，一面又憧憬著紙醉金迷之境了。等到燈火明時，陰陰的變為沈沉了：黯淡的水光，像夢一般；那偶然閃爍著的光芒，就是夢的眼睛了。我們坐在艙前，因了那隆起的頂棚，彷彿總是昂著首向前走著似的；於是飄飄然如御風而行的我們，看著那些自在的灣泊著的船，船裏走馬燈般的人物，便像是下界一般，迢迢的遠了，又像在霧裏看花，盡朦朦朧朧的。這時我們已過了利涉橋，望見東關頭了。沿路聽見斷續的歌聲：有從沿河的妓樓飄來的，有從河上船裏渡來的。我們明知那些歌聲，只是些因襲的言詞，從生澀的歌喉裏機械的發出來的；但它們經了夏夜的微風的吹漾和水波的搖拂，嬝娜著到我們耳邊的時候，已經不單是她們的歌聲，而混著微風和河水的密語了。於是我們不得不被牽惹著，震撼著，相與浮沉於這歌聲裏了。從東關頭轉彎，不久就到大中橋。大中橋共有三個橋拱，都很闊大，儼然是三座門兒；使我們覺得我們的船和船裏的我們，在橋下過去時，真是太無顏色了。橋磚是深褐色，表明它的歷史的長久；但都完好無缺，令人太息於古昔工程的堅美。橋上兩旁都是木壁的房子，中間應該有街路。這些房子都破舊了，多年煙熏的跡，遮沒了當年的美麗。我想像秦淮河的極盛時，在這樣宏闊的橋上，特地蓋了房子，必然是髹漆得富富麗麗的；晚間必然是燈火通明的，現在卻只剩下一片黑沉沉！但是橋上造著房子，畢竟使我們多少可以想見往日的繁華；這也慰情聊勝無了。過了大中橋，便到了燈月交輝、笙歌徹夜的秦淮河，這才是秦淮河的真面目哩。

大中橋外，頓然空闊，和橋內兩岸排著密密的人家的景像大異了。一眼望去，疏疏的林，淡淡的月，襯著蔚藍的天，頗像荒江野渡光景；那邊呢，鬱叢叢的，陰森森的，又似乎藏著無邊的黑暗，令人幾乎不信那是繁華的秦淮河了。但是河中眩暈著的燈光，縱橫著的畫舫，悠揚著的笛韻，夾著那吱吱的胡琴聲，終於使我們認識綠如茵陳酒的秦淮水了。此地天裸露著的多些，故覺夜來的獨遲些；從",的多些故覺夜來的獨遲些從,清清的,qingqingde,qing qing de,TRUE,1:輕輕的 | 2:輕輕地 | 3:輕輕 | 4:青青 | 5:清清 | 6:傾情 | 7:卿卿 | 8:請請 | 9:請 | 10:清,FALSE,,,,,
top10_missing,39264606afd9cd3b58680e55,背影,1167,1169,"我與父親不相見已二年餘了，我最不能忘記的是他的背影。那年冬天，祖母死了，父親的差使也交卸了，正是禍不單行的日子，我從北京到徐州，打算跟着父親奔喪囘家。到徐州見着父親，看見滿院狼藉的東西，又想起祖母，不禁簌簌地流下眼淚。父親說，「事已如此，不必難過，好在天無絕人之路！」

囘家變賣典質，父親還了虧空；又借錢辦了喪事。這些日子，家中光景很是慘澹，一半爲了喪事，一半爲了父親賦閒。喪事完畢，父親要到南京謀事，我也要囘北京念書，我們便同行。

到南京時，有朋友約去游逛，勾留了一日；第二日上午便須渡江到浦口，下午上車北去。父親因爲事忙，本已說定不送我，叫旅館裏一個熟識的茶房陪我同去。他再三囑付茶房，甚是仔細。但他終於不放心，怕茶房不妥帖；頗躊躇了一會。其實我那年已二十歲，北京已來往過兩三次，是沒有甚麽要緊的了。他躊躇了一會，終於決定還是自己送我去。我兩三囘勸他不必去；他只說，「不要緊，他們去不好！」

我們過了江，進了車站。我買票，他忙着照看行李。行李太多了，得向腳夫行些小費，才可過去。他便又忙着和他們講價錢。我那時眞是聰明過分，總覺他說話不大漂亮，非自己插嘴不可。但他終於講定了價錢；就送我上車。他給我揀定了靠車門的一張椅子；我將他給我做的紫毛大衣鋪好坐位。他囑我路上小心，夜裏要警醒些，不要受涼。又囑託茶房好好照應我。我心裏暗笑他的迂；他們只認得錢，託他們直是白託！而且我這樣大年紀的人，難道還不能料理自己麽？唉，我現在想想，那時眞是太聰明了！

我說道，「爸爸，你走吧。」他望車外看了看，說，「我買幾個橘子去。你就在此地，不要走動。」我看那邊月臺的柵欄外有幾個賣東西的等着顧客。走到那邊月臺，須穿過鐵道，須跳下去又爬上去。父親是一個胖子，走過去自然要費事些。我本來要去的，他不肯，只好讓他去。我看見他戴着黑布小帽，穿着黑布大馬褂，深靑布棉袍，蹣跚地走到鐵道邊，慢慢探身下去，尚不大難。可是他穿過鐵道，要爬上那邊月臺，就不容易了。他用兩手攀着上面，兩腳再向上縮；他肥胖的身子向左微傾，顯出努力的樣子。這時我看見他的背影，我的淚很快地流下來了。我趕緊拭乾了淚，怕他看見，也怕別人看見。我再向外看時，他已抱了朱紅的橘子望囘走了。過鐵道時，他先將橘子散放在地上，自己慢慢爬下，再抱起橘子走。到這邊時，我趕緊去攙他。他和我走到車上，將橘子一股腦兒放在我的皮大衣上。於是撲撲衣上的泥土，心裏狠輕鬆似的，過一會說，「我走了；到那邊來信！」我望着他走出去。他走了幾步，囘過頭看見我，說，「進去吧，裏邊沒人。」等他的背影混入來來往往的人裏，再找不着了，我便進來坐下，我的眼淚又來了。

近幾年來，父親和我都是東奔西走，家中光景是一日不如一日。他少年出外謀生，獨立支持，做了許多大事。那知老境却如此頹唐！他觸目傷懷，自然情不能自已。情鬱於中，自然",然情不能自已情鬱於中自然,要發,yaofa,yao fa,TRUE,1:妖法 | 2:藥法 | 3:要 | 4:么 | 5:藥 | 6:咬 | 7:腰 | 8:姚 | 9:妖 | 10:搖,FALSE,,,,,
top10_missing,a99c4748227653d33c5e4607,阿河,1632,1634,"我這一回寒假，因為養病，住到一家親戚的別墅里去。那別墅是在鄉下。前面偏左的地方，是一片淡藍的湖水，對岸環擁著不盡的青山。山的影子倒映在水里，越顯得清清朗朗的。水面常如鏡子一般。風起時，微有皺痕；像少女們皺她們的眉頭，過一會子就好了。湖的余勢束成一條小港，緩緩地不聲不響地流過別墅的門前。門前有一條小石橋，橋那邊盡是田畝。這邊沿岸一帶，相間地栽著桃樹和柳樹，春來當有一番熱鬧的夢。別墅外面繚繞著短短的竹篱，篱外是小小的路。里邊一座向南的樓，背后便倚著山。西邊是三間平屋，我便住在這里。院子里有兩塊草地，上面隨便放著兩三塊石頭。另外的隙地上，或羅列著盆栽，或种蒔著花草。篱邊還有几株枝干蟠曲的大樹，有一株几乎要伸到水里去了。

我的親戚韋君只有夫婦二人和一個女儿。她在外邊念書，這時也剛回到家里。她邀來三位同學，同到她家過這個寒假；兩位是親戚，一位是朋友。她們住著樓上的兩間屋子。韋君夫婦也住在樓上。樓下正中是客廳，常是閒著，西間是吃飯的地方；東間便是韋君的書房，我們談天，喝茶，看報，都在這里。我吃了飯，便是一個人，也要到這里來閒坐一回。我來的第二天，韋小姐告訴我，她母親要給她們找一個好好的女用人；長工阿齊說有一個表妹，母親叫他明天就帶來做做看呢。她似乎很高興的樣子，我只是不經意地答應。

平屋与樓屋之間，是一個小小的廚房。我住的是東面的屋子，從窗子里可以看見廚房里人的來往。這一天午飯前，我偶然向外看看，見一個面生的女用人，兩手提著兩把白鐵壺，正往廚房里走；韋家的李媽在她前面領著，不知在和她說甚么話。她的頭髮亂蓬蓬的，像冬天的枯草一樣。身上穿著鑲邊的黑布棉襖和夾褲，黑里已泛出黃色；棉襖長与膝齊，夾褲也直拖到腳背上。腳倒是雙天足，穿著尖頭的黑布鞋，后跟還帶著兩片同色的“葉拔儿”。想這就是阿齊帶來的女用人了；想完了就坐下看書。晚飯后，韋小姐告訴我，女用人來了，她的名字叫“阿河”。我說，“名字很好，只是人土些；還能做么？”她說，“別看她土，很聰明呢。”我說，“哦。”便接著看手中的報了。

以后每天早上，中上，晚上，我常常看見阿河挈著水壺來往；她的眼似乎總是望前看的。兩個禮拜匆匆地過去了。韋小姐忽然和我說，你別看阿河土，她的志气很好，她是個可怜的人。我和娘說，把我前年在家穿的那身棉襖褲給了她吧。我嫌那兩件衣服太花，給了她正好。娘先不肯，說她來了沒有几天；后來也肯了。今天拿出來讓她穿，正合式呢。我們教給她打絨繩鞋，她真聰明，一學就會了。她說拿到工錢，也要打一雙穿呢。我等几天再和娘說去。

“她這樣愛好！怪不得頭髮光得多了，原來都是你們教她的。好！你們盡教她講究，她將來怕不愿回家去呢。”大家都笑了。

舊新年是過去了。因為江浙的兵事，我們的學校一時還不能開學。我們大家都樂得在別墅里多住些日子。這時阿河如換了一個人。她穿著寶藍色挑著小花儿的布棉襖褲；腳下是嫩藍色毛繩鞋，鞋口還綴著兩個半藍半白的小絨球儿。我想這一定是她的小姐們給幫忙的。古語說得好，“人要衣裳馬要鞍”，阿河這一打扮，真有些楚楚可怜了。她的頭髮早已是刷得光光的，覆額的留海也梳得十分伏帖。一張小小的圓臉，如正開的桃李花；臉上并沒有笑，卻隱隱地含著春日的光輝，像花房里充了蜜一般。這在我几乎是一個奇跡；我現在是常站在窗前看她了。我覺得在深山里發見了一粒貓儿眼；這樣精純的貓儿眼，是我生平所僅見！我覺得我們相識已太長久，极愿和她說一句話——极平淡的話，一句也好。但我怎好平白地和她攀談呢？這樣郁郁了一禮拜。

這是元宵節的前一晚上。我吃了飯，在屋里坐了一會，覺得有些無聊，便信步走到那書房里。拿起報來，想再細看一回。忽然門鈕一響，阿河進來了。她手里拿著三四支顏色鉛筆；出乎意料地走近了我。她站在我面前了，靜靜地微笑著說：“白先生，你知道鉛筆刨在哪里？”一面將拿著的鉛筆給我看。我不自主地立起來，匆忙地應道，“在這里；”我用手指著南邊柱子。但我立刻覺得這是不夠的。我領她走近了柱子。這時我像閃電",她走近了柱子這時我像閃電,似地,shidi,shi di,TRUE,1:實地 | 2:溼地 | 3:師弟 | 4:失地 | 5:市地 | 6:駛抵 | 7:十滴 | 8:世弟 | 9:世敵 | 10:是滴,FALSE,,,,,
top10_missing,aed660a50e55b134c91bc72e,阿河,1978,1980,"我這一回寒假，因為養病，住到一家親戚的別墅里去。那別墅是在鄉下。前面偏左的地方，是一片淡藍的湖水，對岸環擁著不盡的青山。山的影子倒映在水里，越顯得清清朗朗的。水面常如鏡子一般。風起時，微有皺痕；像少女們皺她們的眉頭，過一會子就好了。湖的余勢束成一條小港，緩緩地不聲不響地流過別墅的門前。門前有一條小石橋，橋那邊盡是田畝。這邊沿岸一帶，相間地栽著桃樹和柳樹，春來當有一番熱鬧的夢。別墅外面繚繞著短短的竹篱，篱外是小小的路。里邊一座向南的樓，背后便倚著山。西邊是三間平屋，我便住在這里。院子里有兩塊草地，上面隨便放著兩三塊石頭。另外的隙地上，或羅列著盆栽，或种蒔著花草。篱邊還有几株枝干蟠曲的大樹，有一株几乎要伸到水里去了。

我的親戚韋君只有夫婦二人和一個女儿。她在外邊念書，這時也剛回到家里。她邀來三位同學，同到她家過這個寒假；兩位是親戚，一位是朋友。她們住著樓上的兩間屋子。韋君夫婦也住在樓上。樓下正中是客廳，常是閒著，西間是吃飯的地方；東間便是韋君的書房，我們談天，喝茶，看報，都在這里。我吃了飯，便是一個人，也要到這里來閒坐一回。我來的第二天，韋小姐告訴我，她母親要給她們找一個好好的女用人；長工阿齊說有一個表妹，母親叫他明天就帶來做做看呢。她似乎很高興的樣子，我只是不經意地答應。

平屋与樓屋之間，是一個小小的廚房。我住的是東面的屋子，從窗子里可以看見廚房里人的來往。這一天午飯前，我偶然向外看看，見一個面生的女用人，兩手提著兩把白鐵壺，正往廚房里走；韋家的李媽在她前面領著，不知在和她說甚么話。她的頭髮亂蓬蓬的，像冬天的枯草一樣。身上穿著鑲邊的黑布棉襖和夾褲，黑里已泛出黃色；棉襖長与膝齊，夾褲也直拖到腳背上。腳倒是雙天足，穿著尖頭的黑布鞋，后跟還帶著兩片同色的“葉拔儿”。想這就是阿齊帶來的女用人了；想完了就坐下看書。晚飯后，韋小姐告訴我，女用人來了，她的名字叫“阿河”。我說，“名字很好，只是人土些；還能做么？”她說，“別看她土，很聰明呢。”我說，“哦。”便接著看手中的報了。

以后每天早上，中上，晚上，我常常看見阿河挈著水壺來往；她的眼似乎總是望前看的。兩個禮拜匆匆地過去了。韋小姐忽然和我說，你別看阿河土，她的志气很好，她是個可怜的人。我和娘說，把我前年在家穿的那身棉襖褲給了她吧。我嫌那兩件衣服太花，給了她正好。娘先不肯，說她來了沒有几天；后來也肯了。今天拿出來讓她穿，正合式呢。我們教給她打絨繩鞋，她真聰明，一學就會了。她說拿到工錢，也要打一雙穿呢。我等几天再和娘說去。

“她這樣愛好！怪不得頭髮光得多了，原來都是你們教她的。好！你們盡教她講究，她將來怕不愿回家去呢。”大家都笑了。

舊新年是過去了。因為江浙的兵事，我們的學校一時還不能開學。我們大家都樂得在別墅里多住些日子。這時阿河如換了一個人。她穿著寶藍色挑著小花儿的布棉襖褲；腳下是嫩藍色毛繩鞋，鞋口還綴著兩個半藍半白的小絨球儿。我想這一定是她的小姐們給幫忙的。古語說得好，“人要衣裳馬要鞍”，阿河這一打扮，真有些楚楚可怜了。她的頭髮早已是刷得光光的，覆額的留海也梳得十分伏帖。一張小小的圓臉，如正開的桃李花；臉上并沒有笑，卻隱隱地含著春日的光輝，像花房里充了蜜一般。這在我几乎是一個奇跡；我現在是常站在窗前看她了。我覺得在深山里發見了一粒貓儿眼；這樣精純的貓儿眼，是我生平所僅見！我覺得我們相識已太長久，极愿和她說一句話——极平淡的話，一句也好。但我怎好平白地和她攀談呢？這樣郁郁了一禮拜。

這是元宵節的前一晚上。我吃了飯，在屋里坐了一會，覺得有些無聊，便信步走到那書房里。拿起報來，想再細看一回。忽然門鈕一響，阿河進來了。她手里拿著三四支顏色鉛筆；出乎意料地走近了我。她站在我面前了，靜靜地微笑著說：“白先生，你知道鉛筆刨在哪里？”一面將拿著的鉛筆給我看。我不自主地立起來，匆忙地應道，“在這里；”我用手指著南邊柱子。但我立刻覺得這是不夠的。我領她走近了柱子。這時我像閃電似地躊躇了一下，便說，“我…… 我……”她一聲不響地已將一支鉛筆交給我。我放進刨子里刨給她看。刨了兩下，便想交給她；但終于刨完了一支，交還了她。她接了筆略看一看，仍仰著臉向我。我窘极了。剎那間念頭轉了好几個圈子；到底硬著頭皮搭訕著說，“就這樣刨好了。”我赶緊向門外一瞥，就走回原處看報去。但我的頭剛低下，我的眼已抬起來了。于是遠遠地從容地問道，“你會么？”她不曾掉過頭來，只“嚶”了一聲，也不說話。我看了她背影一會。覺得應該低下頭了。等我再抬起頭來時，她已默默地向外走了。她似乎總是望前看的；我想再問她一句話，但終于不曾出口。我撇下了報，站起來走了一會，便回到自己屋里。

我一直想著些什么，但什么也沒有想出。

第二天早上看見她往廚房里走時，我發愿我的眼將老跟著她的影子！她的影子真好。她那",她的影子她的影子真好她那,几步,jibu,ji bu,FALSE,1:既不 | 2:幾部 | 3:幾步 | 4:記不 | 5:基部 | 6:極不 | 7:疾步 | 8:緝捕 | 9:急步 | 10:集部,FALSE,,,,,
top10_missing,500a0714a763f73306b4bfb2,阿河,3211,3213,"我這一回寒假，因為養病，住到一家親戚的別墅里去。那別墅是在鄉下。前面偏左的地方，是一片淡藍的湖水，對岸環擁著不盡的青山。山的影子倒映在水里，越顯得清清朗朗的。水面常如鏡子一般。風起時，微有皺痕；像少女們皺她們的眉頭，過一會子就好了。湖的余勢束成一條小港，緩緩地不聲不響地流過別墅的門前。門前有一條小石橋，橋那邊盡是田畝。這邊沿岸一帶，相間地栽著桃樹和柳樹，春來當有一番熱鬧的夢。別墅外面繚繞著短短的竹篱，篱外是小小的路。里邊一座向南的樓，背后便倚著山。西邊是三間平屋，我便住在這里。院子里有兩塊草地，上面隨便放著兩三塊石頭。另外的隙地上，或羅列著盆栽，或种蒔著花草。篱邊還有几株枝干蟠曲的大樹，有一株几乎要伸到水里去了。

我的親戚韋君只有夫婦二人和一個女儿。她在外邊念書，這時也剛回到家里。她邀來三位同學，同到她家過這個寒假；兩位是親戚，一位是朋友。她們住著樓上的兩間屋子。韋君夫婦也住在樓上。樓下正中是客廳，常是閒著，西間是吃飯的地方；東間便是韋君的書房，我們談天，喝茶，看報，都在這里。我吃了飯，便是一個人，也要到這里來閒坐一回。我來的第二天，韋小姐告訴我，她母親要給她們找一個好好的女用人；長工阿齊說有一個表妹，母親叫他明天就帶來做做看呢。她似乎很高興的樣子，我只是不經意地答應。

平屋与樓屋之間，是一個小小的廚房。我住的是東面的屋子，從窗子里可以看見廚房里人的來往。這一天午飯前，我偶然向外看看，見一個面生的女用人，兩手提著兩把白鐵壺，正往廚房里走；韋家的李媽在她前面領著，不知在和她說甚么話。她的頭髮亂蓬蓬的，像冬天的枯草一樣。身上穿著鑲邊的黑布棉襖和夾褲，黑里已泛出黃色；棉襖長与膝齊，夾褲也直拖到腳背上。腳倒是雙天足，穿著尖頭的黑布鞋，后跟還帶著兩片同色的“葉拔儿”。想這就是阿齊帶來的女用人了；想完了就坐下看書。晚飯后，韋小姐告訴我，女用人來了，她的名字叫“阿河”。我說，“名字很好，只是人土些；還能做么？”她說，“別看她土，很聰明呢。”我說，“哦。”便接著看手中的報了。

以后每天早上，中上，晚上，我常常看見阿河挈著水壺來往；她的眼似乎總是望前看的。兩個禮拜匆匆地過去了。韋小姐忽然和我說，你別看阿河土，她的志气很好，她是個可怜的人。我和娘說，把我前年在家穿的那身棉襖褲給了她吧。我嫌那兩件衣服太花，給了她正好。娘先不肯，說她來了沒有几天；后來也肯了。今天拿出來讓她穿，正合式呢。我們教給她打絨繩鞋，她真聰明，一學就會了。她說拿到工錢，也要打一雙穿呢。我等几天再和娘說去。

“她這樣愛好！怪不得頭髮光得多了，原來都是你們教她的。好！你們盡教她講究，她將來怕不愿回家去呢。”大家都笑了。

舊新年是過去了。因為江浙的兵事，我們的學校一時還不能開學。我們大家都樂得在別墅里多住些日子。這時阿河如換了一個人。她穿著寶藍色挑著小花儿的布棉襖褲；腳下是嫩藍色毛繩鞋，鞋口還綴著兩個半藍半白的小絨球儿。我想這一定是她的小姐們給幫忙的。古語說得好，“人要衣裳馬要鞍”，阿河這一打扮，真有些楚楚可怜了。她的頭髮早已是刷得光光的，覆額的留海也梳得十分伏帖。一張小小的圓臉，如正開的桃李花；臉上并沒有笑，卻隱隱地含著春日的光輝，像花房里充了蜜一般。這在我几乎是一個奇跡；我現在是常站在窗前看她了。我覺得在深山里發見了一粒貓儿眼；這樣精純的貓儿眼，是我生平所僅見！我覺得我們相識已太長久，极愿和她說一句話——极平淡的話，一句也好。但我怎好平白地和她攀談呢？這樣郁郁了一禮拜。

這是元宵節的前一晚上。我吃了飯，在屋里坐了一會，覺得有些無聊，便信步走到那書房里。拿起報來，想再細看一回。忽然門鈕一響，阿河進來了。她手里拿著三四支顏色鉛筆；出乎意料地走近了我。她站在我面前了，靜靜地微笑著說：“白先生，你知道鉛筆刨在哪里？”一面將拿著的鉛筆給我看。我不自主地立起來，匆忙地應道，“在這里；”我用手指著南邊柱子。但我立刻覺得這是不夠的。我領她走近了柱子。這時我像閃電似地躊躇了一下，便說，“我…… 我……”她一聲不響地已將一支鉛筆交給我。我放進刨子里刨給她看。刨了兩下，便想交給她；但終于刨完了一支，交還了她。她接了筆略看一看，仍仰著臉向我。我窘极了。剎那間念頭轉了好几個圈子；到底硬著頭皮搭訕著說，“就這樣刨好了。”我赶緊向門外一瞥，就走回原處看報去。但我的頭剛低下，我的眼已抬起來了。于是遠遠地從容地問道，“你會么？”她不曾掉過頭來，只“嚶”了一聲，也不說話。我看了她背影一會。覺得應該低下頭了。等我再抬起頭來時，她已默默地向外走了。她似乎總是望前看的；我想再問她一句話，但終于不曾出口。我撇下了報，站起來走了一會，便回到自己屋里。

我一直想著些什么，但什么也沒有想出。

第二天早上看見她往廚房里走時，我發愿我的眼將老跟著她的影子！她的影子真好。她那几步路走得又敏捷，又勻稱，又苗條，正如一只可愛的小貓。她兩手各提著一只水壺，又令我想到在一條細細的索儿上抖擻精神走著的女子。這全由于她的腰；她的腰真太軟了，用白水的話說，真是軟到使我如吃蘇州的牛皮糖一樣。不止她的腰，我的日記里說得好：“她有一套和云霞比美，水月爭靈的曲線，織成大大的一張迷惑的网！”而那兩頰的曲線，尤其甜蜜可人。她兩頰是白中透著微紅，潤澤如玉。她的皮膚，嫩得可以掐出水來；我的日記里說，“我很想去掐她一下呀！”她的眼像一雙小燕子，老是在灩灩的春水上打著圈儿。她的笑最使我記住，像一朵花漂浮在我的腦海里。我不是說過，她的小圓臉像正開的桃花么？那么，她微笑的時候，便是盛開的時候了：花房里充滿了蜜，真如要流出來的樣子。她的髮不甚厚，但黑而有光，柔軟而滑，如純絲一般。只可惜我不曾聞著一些儿香。唉！從前我在窗前看她好多次，所得的真太少了；若不是昨晚一見，——雖只几分鐘——我真太對不起這樣一個人儿了。

午飯后，韋君照例地睡午覺去了，只有我，韋小姐和其他三位小姐在書房里。我有意無意地談起阿河的事。我說：

“你們怎知道她的志气好呢？”

“那天我們教給她打絨繩鞋；”一位蔡小姐便答道，“看她很聰明，就問她為甚么不念書？她被我們一問，就傷心起來了。……”

“是的，”韋小姐笑著搶了說，“后來還哭了呢；還有一位傻子陪她淌眼淚呢。”

那邊黃小姐可急了，走過來推了她一下。蔡小姐忙攔住道，“人家說正經話，你們盡鬧著玩儿！讓我說完了呀——”“我代你說啵，”韋小姐仍搶著說，“——她說她只有一個爹，沒有娘。嫁了一個男人，倒有三十多歲，土頭土腦的，臉上滿是包！他是李媽的鄰舍，我還看見過呢。……”“好了，底下我說吧。”蔡小姐接著道，“她男人又不要好，盡愛賭錢；她一气，就住到娘家來，有一年多不回去了。”

“她今年几歲？”我問。

“十七不知十八？前年出嫁的，几個月就回家了，”蔡小姐說。

“不，十八，我知道，”韋小姐改正道。

“哦。你們可曾勸她离婚？”

“怎么不勸；”韋小姐應道，“她說十八回去吃她表哥的喜酒，要和她的爹去說呢。”

“你們教她的好事，該當何罪！”我笑了。

她們也都笑了。

十九的早上，我正在屋里看書，听見外面有嚷嚷的聲音；這是從來沒有的。我立刻走出來看；只見門外有兩個鄉下人要走進來，卻給阿齊攔住。他們只是央告，阿齊只是不肯。這時韋君已走出院中，向他們道，

“你們回去吧。人在我這里，不要緊的。快回去，不要瞎吵！”

兩個人面面相覷，說不出一句話；俄延了一會，只好走了。我問韋君什么事？他說，

“阿河囉！還不是瞎吵一回子。”

我想他于男女的事向來是懶得說的，還是回頭問他小姐的好；我們便談到別的事情上去。

吃了飯，我赶緊問韋小姐，她說，

“她是告訴娘的，你問娘去。”

我想這件事有些尷尬，便到西間里問韋太太；她正看著李媽收拾碗碟呢。她見我問，便笑著說，

“你要問這些事做什么？她昨天回去，原是借了阿桂的衣裳穿了去的，打扮",了阿桂的衣裳穿了去的打扮,得嬌,dejiao,de jiao,TRUE,1:地叫 | 2:地膠 | 3:的腳 | 4:德甲 | 5:的家 | 6:地岬 | 7:地級 | 8:得計 | 9:得濟 | 10:的,FALSE,,,,,
top10_missing,2203f5e6edf1b17101d1cf02,阿河,1203,1205,"我這一回寒假，因為養病，住到一家親戚的別墅里去。那別墅是在鄉下。前面偏左的地方，是一片淡藍的湖水，對岸環擁著不盡的青山。山的影子倒映在水里，越顯得清清朗朗的。水面常如鏡子一般。風起時，微有皺痕；像少女們皺她們的眉頭，過一會子就好了。湖的余勢束成一條小港，緩緩地不聲不響地流過別墅的門前。門前有一條小石橋，橋那邊盡是田畝。這邊沿岸一帶，相間地栽著桃樹和柳樹，春來當有一番熱鬧的夢。別墅外面繚繞著短短的竹篱，篱外是小小的路。里邊一座向南的樓，背后便倚著山。西邊是三間平屋，我便住在這里。院子里有兩塊草地，上面隨便放著兩三塊石頭。另外的隙地上，或羅列著盆栽，或种蒔著花草。篱邊還有几株枝干蟠曲的大樹，有一株几乎要伸到水里去了。

我的親戚韋君只有夫婦二人和一個女儿。她在外邊念書，這時也剛回到家里。她邀來三位同學，同到她家過這個寒假；兩位是親戚，一位是朋友。她們住著樓上的兩間屋子。韋君夫婦也住在樓上。樓下正中是客廳，常是閒著，西間是吃飯的地方；東間便是韋君的書房，我們談天，喝茶，看報，都在這里。我吃了飯，便是一個人，也要到這里來閒坐一回。我來的第二天，韋小姐告訴我，她母親要給她們找一個好好的女用人；長工阿齊說有一個表妹，母親叫他明天就帶來做做看呢。她似乎很高興的樣子，我只是不經意地答應。

平屋与樓屋之間，是一個小小的廚房。我住的是東面的屋子，從窗子里可以看見廚房里人的來往。這一天午飯前，我偶然向外看看，見一個面生的女用人，兩手提著兩把白鐵壺，正往廚房里走；韋家的李媽在她前面領著，不知在和她說甚么話。她的頭髮亂蓬蓬的，像冬天的枯草一樣。身上穿著鑲邊的黑布棉襖和夾褲，黑里已泛出黃色；棉襖長与膝齊，夾褲也直拖到腳背上。腳倒是雙天足，穿著尖頭的黑布鞋，后跟還帶著兩片同色的“葉拔儿”。想這就是阿齊帶來的女用人了；想完了就坐下看書。晚飯后，韋小姐告訴我，女用人來了，她的名字叫“阿河”。我說，“名字很好，只是人土些；還能做么？”她說，“別看她土，很聰明呢。”我說，“哦。”便接著看手中的報了。

以后每天早上，中上，晚上，我常常看見阿河挈著水壺來往；她的眼似乎總是望前看的。兩個禮拜匆匆地過去了。韋小姐忽然和我說，你別看阿河土，她的志气很好，她是個可怜的人。我和娘說，把我前年在家穿的那身棉襖褲給了她吧。我嫌那兩件衣服太花，給了她正好。娘先不肯，說她來了沒有几天；后來也肯了。今天拿出來讓她穿，正合式呢。我們教給她打絨繩鞋，她真聰明，一學就會了。她說拿到工錢，也要打一雙穿呢。我等几天再和娘說去。

“她這樣愛好！怪不得頭髮光得多了，原來都是你們教她的。好！你們盡教她講究，她將來怕不愿回家去呢。”大家都笑了。

舊新年是過去了。因為江浙的兵事，我們的學校一時還不能開學。我們大家都樂得在別墅里多住些日子。這時阿河如換了一個人。她穿著寶藍色挑著小花儿的布棉襖褲；腳下是嫩藍色毛繩鞋，鞋口還綴著兩個半藍半白的",鞋口還綴著兩個半藍半白的,小絨,xiaorong,xiao rong,FALSE,1:笑容 | 2:消融 | 3:銷鎔 | 4:小榮 | 5:小戎 | 6:小 | 7:笑 | 8:曉 | 9:肖 | 10:校,FALSE,,,,,
top10_missing,20ca5f2f8a24b949cb5a7086,背影,700,702,"我與父親不相見已二年餘了，我最不能忘記的是他的背影。那年冬天，祖母死了，父親的差使也交卸了，正是禍不單行的日子，我從北京到徐州，打算跟着父親奔喪囘家。到徐州見着父親，看見滿院狼藉的東西，又想起祖母，不禁簌簌地流下眼淚。父親說，「事已如此，不必難過，好在天無絕人之路！」

囘家變賣典質，父親還了虧空；又借錢辦了喪事。這些日子，家中光景很是慘澹，一半爲了喪事，一半爲了父親賦閒。喪事完畢，父親要到南京謀事，我也要囘北京念書，我們便同行。

到南京時，有朋友約去游逛，勾留了一日；第二日上午便須渡江到浦口，下午上車北去。父親因爲事忙，本已說定不送我，叫旅館裏一個熟識的茶房陪我同去。他再三囑付茶房，甚是仔細。但他終於不放心，怕茶房不妥帖；頗躊躇了一會。其實我那年已二十歲，北京已來往過兩三次，是沒有甚麽要緊的了。他躊躇了一會，終於決定還是自己送我去。我兩三囘勸他不必去；他只說，「不要緊，他們去不好！」

我們過了江，進了車站。我買票，他忙着照看行李。行李太多了，得向腳夫行些小費，才可過去。他便又忙着和他們講價錢。我那時眞是聰明過分，總覺他說話不大漂亮，非自己插嘴不可。但他終於講定了價錢；就送我上車。他給我揀定了靠車門的一張椅子；我將他給我做的紫毛大衣鋪好坐位。他囑我路上小心，夜裏要警醒些，不要受涼。又囑託茶房好好照應我。我心裏暗笑他的迂；他們只認得錢，託他們直是白託！而且我這樣大年紀的人，難道還不能料理自己麽？唉，我現在想想，那時眞是太聰明了！

我說道，「爸爸，你走吧。」他望車外看了看，說，「我買幾個橘子去。你就在此地，不要走動。」我看那邊月臺的柵欄外有幾個賣東西的等着顧客。走到那邊月臺，",西的等着顧客走到那邊月臺,須穿,xuchuan,xu chuan,TRUE,1:續傳 | 2:旭川 | 3:虛船 | 4:許褚 | 5:需 | 6:須 | 7:徐 | 8:許 | 9:虛 | 10:續,FALSE,,,,,
top10_missing,5ae75688d4b9aec0790fe136,槳聲燈影裏的秦淮河,4781,4783,"一九二三年八月的一晚，我和平伯同遊秦淮河；平伯是初泛，我是重來了。我們雇了一隻「七板子」，在夕陽已去、皎月方來的時候，便下了船。於是槳聲汩汩，我們開始領略那晃蕩著薔薇色的歷史的秦淮河的滋味了。

秦淮河裏的船，比北京万生園、頤和園的船好，比西湖的船好，比揚州瘦西湖的船也好。這幾處的船不是覺著笨，就是覺著簡陋、局促；都不能引起乘客們的情韻，如秦淮河的船一樣。秦淮河的船約略可分為兩種：一是大船；一是小船，就是所謂「七板子」。大船艙口闊大，可容二三十人。裏面陳設著字畫和光潔的紅木家具，桌上一律嵌著冰涼的大理石面。窗格雕鏤頗細，使人起柔膩之感。窗格里映著紅色藍色的玻璃；玻璃上有精緻的花紋，也頗悅人目。「七板子」規模雖不及大船，但那淡藍色的欄杆，空敞的艙，也足繫人情思。而最出色處卻在它的艙前。艙前是甲板上的一部，上面有弧形的頂，兩邊用疏疏的欄杆支著。裏面通常放著兩張藤的躺椅。躺下，可以談天，可以望遠，可以顧盼兩岸的河房。大船上也有這個，但在小船上更覺清雋罷了。艙前的頂下，一律懸著燈彩；燈的多少、明暗，彩蘇的精粗、艷晦，是不一的，但好歹總還你一個燈彩。這燈彩實在是最能勾人的東西。夜幕垂垂地下來時，大小船上都點起燈火。從兩重玻璃裏映出那輻射著的黃黃的散光，反暈出一片朦朧的煙靄；透過這煙靄，在黯黯的水波里，又逗起縷縷的明漪。在這薄靄和微漪裏，聽著那悠然的間歇的槳聲，誰能不被引入他的美夢去呢？只愁夢太多了，這些大小船兒如何載得起呀？我們這時模模糊糊的談著明末的秦淮河的艷跡，如《桃花扇》及《板橋雜記》裏所載的。我們真神往了。我們彷彿親見那時華燈映水，畫舫凌波的光景了。於是我們的船便成了歷史的重載了。我們終於恍然秦淮河的船所以雅麗過於他處，而又有奇異的吸引力的，實在是許多歷史的影像使然了。

秦淮河的水是碧陰陰的；看起來厚而不膩，或者是六朝金粉所凝麼？我們初上船的時候，天色還未斷黑，那漾漾的柔波是這樣恬靜、委婉，使我們一面有水闊天空之想，一面又憧憬著紙醉金迷之境了。等到燈火明時，陰陰的變為沈沉了：黯淡的水光，像夢一般；那偶然閃爍著的光芒，就是夢的眼睛了。我們坐在艙前，因了那隆起的頂棚，彷彿總是昂著首向前走著似的；於是飄飄然如御風而行的我們，看著那些自在的灣泊著的船，船裏走馬燈般的人物，便像是下界一般，迢迢的遠了，又像在霧裏看花，盡朦朦朧朧的。這時我們已過了利涉橋，望見東關頭了。沿路聽見斷續的歌聲：有從沿河的妓樓飄來的，有從河上船裏渡來的。我們明知那些歌聲，只是些因襲的言詞，從生澀的歌喉裏機械的發出來的；但它們經了夏夜的微風的吹漾和水波的搖拂，嬝娜著到我們耳邊的時候，已經不單是她們的歌聲，而混著微風和河水的密語了。於是我們不得不被牽惹著，震撼著，相與浮沉於這歌聲裏了。從東關頭轉彎，不久就到大中橋。大中橋共有三個橋拱，都很闊大，儼然是三座門兒；使我們覺得我們的船和船裏的我們，在橋下過去時，真是太無顏色了。橋磚是深褐色，表明它的歷史的長久；但都完好無缺，令人太息於古昔工程的堅美。橋上兩旁都是木壁的房子，中間應該有街路。這些房子都破舊了，多年煙熏的跡，遮沒了當年的美麗。我想像秦淮河的極盛時，在這樣宏闊的橋上，特地蓋了房子，必然是髹漆得富富麗麗的；晚間必然是燈火通明的，現在卻只剩下一片黑沉沉！但是橋上造著房子，畢竟使我們多少可以想見往日的繁華；這也慰情聊勝無了。過了大中橋，便到了燈月交輝、笙歌徹夜的秦淮河，這才是秦淮河的真面目哩。

大中橋外，頓然空闊，和橋內兩岸排著密密的人家的景像大異了。一眼望去，疏疏的林，淡淡的月，襯著蔚藍的天，頗像荒江野渡光景；那邊呢，鬱叢叢的，陰森森的，又似乎藏著無邊的黑暗，令人幾乎不信那是繁華的秦淮河了。但是河中眩暈著的燈光，縱橫著的畫舫，悠揚著的笛韻，夾著那吱吱的胡琴聲，終於使我們認識綠如茵陳酒的秦淮水了。此地天裸露著的多些，故覺夜來的獨遲些；從清清的水影裏，我們感到的只是薄薄的夜——這正是秦淮河的夜。大中橋外，本來還有一座復成橋，是船夫口中的我們的遊踪盡處，或也是秦淮河繁華的盡處了。我的腳曾踏過復成橋的脊，在十三四歲的時候。但是兩次遊秦淮河，卻都不曾見著復成橋的面；明知總在前途的，卻常覺得有些虛無縹緲似的。我想，不見倒也好。這時正是盛夏。我們下船後，藉著新生的晚涼和河上的微風，暑氣已漸漸消散；到了此地，豁然開朗，身子頓然輕了——習習的清風荏苒在面上、手上、衣上，這便又感到了一縷新涼了。南京的日光，大概沒有杭州猛烈；西湖的夏夜老是熱蓬蓬的，水像沸著一般，秦淮河的水卻盡是這樣冷冷地綠著。任你人影的憧憧，歌聲的擾擾，總像隔著一層薄薄的綠紗面冪似的；它盡是這樣靜靜的、冷冷的綠著。我們出了大中橋，走不上半里路，船夫便將船劃到一旁，停了槳由它宕著。他以為那裏正是繁華的極點，再過去就是荒涼了；所以讓我們多多賞鑑一會兒。他自己卻靜靜的蹲著。他是看慣這光景的了，大約只是一個無可無不可。這無可無不可，無論是升的沉的，總之，都比我們高了。

那時河裏鬧熱極了；船大半泊著，小半在水上穿梭似的來往。停泊著的都在近市的那一邊，我們的船自然也夾在其中。因為這邊略略的擠，便覺得那邊十分的疏了。在每一隻船從那邊過去時，我們能畫出它的輕輕的影和曲曲的波，在我們的心上；這顯著是空，且顯著是靜了。那時處處都是歌聲和淒厲的胡琴聲，圓潤的喉嚨，確乎是很少的。但那生澀的，尖脆的調子能使人有少年的，粗率不拘的感覺，也正可快我們的意。況且多少隔開些兒聽著，因為想像與渴慕的做美，總覺更有滋味；而竟發的喧囂，抑揚的不齊，遠近的雜沓，和樂器的嘈嘈切切，合成另一意味的諧音，也使我們無所適從，如隨著大風而走。這實在因為我們的心枯澀久了，變為脆弱；故偶然潤澤一下，便瘋狂似的不能自主了，但秦淮河確也膩人。即如船裏的人面，無論是和我們一堆儿泊著的，無論是從我們眼前過去的，總是模模糊糊的，甚至渺渺茫茫的；任你張圓了眼睛，揩淨了眥垢，也是枉然，這真夠人想呢。在我們停泊的地方，燈光原是紛然的；不過這些燈光都是黃而有暈的。黃已經不能明了，再加上了暈，便更不成了。燈愈多，暈就愈甚；在繁星般的黃的交錯裏，秦淮河彷彿籠上了一團光霧。光芒與霧氣騰騰的暈著，什麼都只剩了輪廓了；所以人面的詳細的曲線，便消失於我們的眼底了。但燈光究竟奪不了那邊的月色；燈光是渾的，月色是清的。在渾沌的燈光裏，滲入一派清輝，卻真是奇蹟！那晚月兒已瘦削了兩三分。她晚妝才罷，盈盈的上了柳梢頭。天是藍得可愛，彷彿一汪水似的；月兒便更出落得精神了。岸上原有三株兩株的垂楊樹，淡淡的影子，在水里搖曳著。它們那柔細的枝條浴著月光，就像一支支美人的臂膊，交互的纏著、挽著；又像是月兒披著的髪。而月兒偶爾也從它們的交叉處偷偷窺看我們，大有小姑娘怕羞的樣子。岸上另有幾株不知名的老樹，光光的立著；在月光裏照起來，卻又儼然是精神矍鑠的老人。遠處快到天際線了，才有一兩片白雲，亮得現出異彩，像是美麗的貝殼一般。白雲下便是黑黑的一帶輪廓；是一條隨意畫的不規則的曲線。這一段光景，和河中的風味大異了。但燈與月竟能並存著，交融著，使月成了纏綿的月，燈射著渺渺的靈輝，這正是天之所以厚秦淮河，也正是天之所以厚我們了。

這時卻遇著了難解的糾紛。秦淮河上原有一種歌妓，是以歌為業的。從前都在茶舫上，唱些大曲之類。每日午後一時起；什麼時候止，卻忘記了。晚上照樣也有一回，也在黃暈的燈光裏。我從前過南京時，曾隨著朋友去聽過兩次。因為茶舫裏的人臉太多了，覺得不大適意，終於聽不出所以然。前年聽說歌妓被取締了，不知怎的，頗涉想了幾次卻想不出什麼。這次到南京，先到茶舫上去看看，覺得頗是寂寥，令我無端的悵悵了。不料她們卻仍在秦淮河裏掙扎著，不料她們竟會糾纏到我們，我於是很張皇了，她們也乘著「七板子」，她們總是坐在艙前的。艙前點著石油汽燈，光亮炫人眼目：坐在下面的，自然是纖毫畢見了。引誘客人們的力量，也便在此了。艙裏躲著樂工等人，映著汽燈的餘輝蠕動著；他們是永遠不被注意的。每船的歌妓大約都是二人；天色一黑，她們的船就在大中橋外往來不息的兜生意。無論行著的船，泊著的船，都要來兜攬的。這都是我後來推想出來的。那晚不知怎樣，忽然輪著我們的船了。我們的船好好的停著，一隻歌舫劃向我們來了；漸漸和我們的船並著了。爍爍的燈光逼得我們皺起了眉頭；我們的風塵色全給它托出來了，這使我踧踖不安了。那時一個伙計跨過船來，拿著攤開的歌摺，就近塞向我的手裏，說：「點幾出吧！」他跨過來的時候，我們船上似乎有許多眼光跟著。同時相近的別的船上也似乎有許多眼睛炯炯的向我們船上看著。我真窘了！我也裝出大方的樣子，向歌妓們瞥了一眼，但究竟是不成的！我勉強將那歌摺翻了一翻，卻不曾看清了幾個字；便趕緊遞還那伙計，一面不好意思地說「不要，我們⋯⋯不要。」他便塞給平伯，平伯掉轉頭去，搖手說：「不要！」那人還膩著不走。平伯又回過臉來，搖著頭道「不要！」於是那人重到我處，我窘著再拒絕了他。他這纔有所不屑似的走了。

我的心立刻放下，如釋了重負一般。我們就開始自白了。

我說我受了道德律的壓迫，拒絕了她們；心裏似乎很抱歉的。這所謂抱歉，一面對於她們，一面對於我自己。她們於我們雖然沒有很奢的希望；但總有些希望的。我們拒絕了她們，無論理由如何充足，卻使她們的希望受了傷；這總有幾分不做美了，這是我覺得很悵悵的。至於我自己，更有一種不足之感。我這時被四面的歌聲誘惑了，降伏了；但是遠遠的，遠遠的歌聲總彷彿隔著重衣搔癢似的，越搔越搔不著癢處。我於是憧憬著貼耳的妙音了。在歌舫劃來時，我的憧憬，變為盼望；我固執的盼望著，有如飢渴。雖然從淺薄的經驗裏，也能夠推知，那貼耳的歌聲，將剝去了一切的美妙；但一個平常的人像我的，谁愿憑了理性之力去醜化未來呢？我寧願自己騙著了。不過我的社會感性是很敏銳的；我的思力能拆穿道德律的西洋鏡，而我的感情卻終於被它壓服著。我於是有所顧忌了，尤其是在眾目昭彰的時候。道德律的力，本來是民眾賦予的；在民眾的面前，自然更顯出它的威嚴了。我這時一面盼望，一面卻感到了兩重的禁制：一、在通俗的意義上，接近妓者總算一種不正當的行為；二、妓是一種不健全的職業，我們對於她們，應有哀矜勿喜之心，不應賞玩的去聽她們的歌。在眾目睽睽之下，這兩種思想在我心裏最為旺盛。她們暫時壓倒了我的聽歌的盼望，這便成就了我的灰色的拒絕。那時的心實在異常狀態中，覺得頗是昏亂。歌舫去了，暫時寧靜之後，我的思緒又如潮湧了。兩個相反的意思在我心頭往復：賣歌和賣淫不同，聽歌和狎妓不同，又干道德甚事？但是，但是，她們既被逼的以歌為業，她們的歌必無藝術味的；況她們的身世，我們究竟該同情的，所以拒絕倒也是正辦。但這些意思終於不曾撇開我的聽歌的盼望。它力量異常堅強；它總想將別的思緒踏在腳下。從這重重的爭鬬里，我感到了濃厚的不足之感。這不足之感使我的心盤旋不安，起坐都不安寧了。唉！我承認我是一個自私的人！平伯呢，卻與我不同。他引周啟明先生的詩，「因為我有妻子，所以我愛一切的女人；因為我有子女，所以我愛一切的孩子。」他的意思可以見了。他因為推及的同情，愛著那些歌妓，並且尊重著她們，所以拒絕了她們。在這種情形下，他自然以為聽是對於她們的一種侮辱。但他也是想听歌的，雖然不和我一樣。所以在他的心中，當然也有一番小小的爭鬬；爭鬬的結果，是同情勝了。至於道德律，在他是沒有什麼的：因為他很有蔑視一切的傾向，民眾的力量在他是不大覺著的。這時他的心意的活動比較簡單，又比較鬆弱，故事後還怡然自若；我卻不能了。這里平伯又比我高了。

在我們談話中間，又來了兩隻歌舫。伙計照前一樣的請我們點戲，我們照前一樣的拒絕了。我受了三次窘，心裏的不安更甚了。清豔的夜景也為之減色。船夫大約",的夜景也為之減色船夫大約,因為,yinwei,yin wei,FALSE,1:因爲 | 2:淫威 | 3:引爲 | 4:音位 | 5:淫猥 | 6:吟味 | 7:隱位 | 8:寅畏 | 9:隱微 | 10:因,FALSE,,,,,
top10_missing,e6a452c62a1a0fd59eff2497,阿河,219,221,我這一回寒假，因為養病，住到一家親戚的別墅里去。那別墅是在鄉下。前面偏左的地方，是一片淡藍的湖水，對岸環擁著不盡的青山。山的影子倒映在水里，越顯得清清朗朗的。水面常如鏡子一般。風起時，微有皺痕；像少女們皺她們的眉頭，過一會子就好了。湖的余勢束成一條小港，緩緩地不聲不響地流過別墅的門前。門前有一條小石橋，橋那邊盡是田畝。這邊沿岸一帶，相間地栽著桃樹和柳樹，春來當有一番熱鬧的夢。別墅外面繚繞著短短的竹篱，篱外是小小的路。里邊一座向南的樓，,小小的路里邊一座向南的樓,背后,beihou,bei hou,FALSE,1:背後 | 2:杯後 | 3:被 | 4:北 | 5:背 | 6:倍 | 7:唄 | 8:貝 | 9:備 | 10:俾,FALSE,,,,,
top10_missing,fbda7b05fbb4e3695340fa0b,阿河,2938,2940,"我這一回寒假，因為養病，住到一家親戚的別墅里去。那別墅是在鄉下。前面偏左的地方，是一片淡藍的湖水，對岸環擁著不盡的青山。山的影子倒映在水里，越顯得清清朗朗的。水面常如鏡子一般。風起時，微有皺痕；像少女們皺她們的眉頭，過一會子就好了。湖的余勢束成一條小港，緩緩地不聲不響地流過別墅的門前。門前有一條小石橋，橋那邊盡是田畝。這邊沿岸一帶，相間地栽著桃樹和柳樹，春來當有一番熱鬧的夢。別墅外面繚繞著短短的竹篱，篱外是小小的路。里邊一座向南的樓，背后便倚著山。西邊是三間平屋，我便住在這里。院子里有兩塊草地，上面隨便放著兩三塊石頭。另外的隙地上，或羅列著盆栽，或种蒔著花草。篱邊還有几株枝干蟠曲的大樹，有一株几乎要伸到水里去了。

我的親戚韋君只有夫婦二人和一個女儿。她在外邊念書，這時也剛回到家里。她邀來三位同學，同到她家過這個寒假；兩位是親戚，一位是朋友。她們住著樓上的兩間屋子。韋君夫婦也住在樓上。樓下正中是客廳，常是閒著，西間是吃飯的地方；東間便是韋君的書房，我們談天，喝茶，看報，都在這里。我吃了飯，便是一個人，也要到這里來閒坐一回。我來的第二天，韋小姐告訴我，她母親要給她們找一個好好的女用人；長工阿齊說有一個表妹，母親叫他明天就帶來做做看呢。她似乎很高興的樣子，我只是不經意地答應。

平屋与樓屋之間，是一個小小的廚房。我住的是東面的屋子，從窗子里可以看見廚房里人的來往。這一天午飯前，我偶然向外看看，見一個面生的女用人，兩手提著兩把白鐵壺，正往廚房里走；韋家的李媽在她前面領著，不知在和她說甚么話。她的頭髮亂蓬蓬的，像冬天的枯草一樣。身上穿著鑲邊的黑布棉襖和夾褲，黑里已泛出黃色；棉襖長与膝齊，夾褲也直拖到腳背上。腳倒是雙天足，穿著尖頭的黑布鞋，后跟還帶著兩片同色的“葉拔儿”。想這就是阿齊帶來的女用人了；想完了就坐下看書。晚飯后，韋小姐告訴我，女用人來了，她的名字叫“阿河”。我說，“名字很好，只是人土些；還能做么？”她說，“別看她土，很聰明呢。”我說，“哦。”便接著看手中的報了。

以后每天早上，中上，晚上，我常常看見阿河挈著水壺來往；她的眼似乎總是望前看的。兩個禮拜匆匆地過去了。韋小姐忽然和我說，你別看阿河土，她的志气很好，她是個可怜的人。我和娘說，把我前年在家穿的那身棉襖褲給了她吧。我嫌那兩件衣服太花，給了她正好。娘先不肯，說她來了沒有几天；后來也肯了。今天拿出來讓她穿，正合式呢。我們教給她打絨繩鞋，她真聰明，一學就會了。她說拿到工錢，也要打一雙穿呢。我等几天再和娘說去。

“她這樣愛好！怪不得頭髮光得多了，原來都是你們教她的。好！你們盡教她講究，她將來怕不愿回家去呢。”大家都笑了。

舊新年是過去了。因為江浙的兵事，我們的學校一時還不能開學。我們大家都樂得在別墅里多住些日子。這時阿河如換了一個人。她穿著寶藍色挑著小花儿的布棉襖褲；腳下是嫩藍色毛繩鞋，鞋口還綴著兩個半藍半白的小絨球儿。我想這一定是她的小姐們給幫忙的。古語說得好，“人要衣裳馬要鞍”，阿河這一打扮，真有些楚楚可怜了。她的頭髮早已是刷得光光的，覆額的留海也梳得十分伏帖。一張小小的圓臉，如正開的桃李花；臉上并沒有笑，卻隱隱地含著春日的光輝，像花房里充了蜜一般。這在我几乎是一個奇跡；我現在是常站在窗前看她了。我覺得在深山里發見了一粒貓儿眼；這樣精純的貓儿眼，是我生平所僅見！我覺得我們相識已太長久，极愿和她說一句話——极平淡的話，一句也好。但我怎好平白地和她攀談呢？這樣郁郁了一禮拜。

這是元宵節的前一晚上。我吃了飯，在屋里坐了一會，覺得有些無聊，便信步走到那書房里。拿起報來，想再細看一回。忽然門鈕一響，阿河進來了。她手里拿著三四支顏色鉛筆；出乎意料地走近了我。她站在我面前了，靜靜地微笑著說：“白先生，你知道鉛筆刨在哪里？”一面將拿著的鉛筆給我看。我不自主地立起來，匆忙地應道，“在這里；”我用手指著南邊柱子。但我立刻覺得這是不夠的。我領她走近了柱子。這時我像閃電似地躊躇了一下，便說，“我…… 我……”她一聲不響地已將一支鉛筆交給我。我放進刨子里刨給她看。刨了兩下，便想交給她；但終于刨完了一支，交還了她。她接了筆略看一看，仍仰著臉向我。我窘极了。剎那間念頭轉了好几個圈子；到底硬著頭皮搭訕著說，“就這樣刨好了。”我赶緊向門外一瞥，就走回原處看報去。但我的頭剛低下，我的眼已抬起來了。于是遠遠地從容地問道，“你會么？”她不曾掉過頭來，只“嚶”了一聲，也不說話。我看了她背影一會。覺得應該低下頭了。等我再抬起頭來時，她已默默地向外走了。她似乎總是望前看的；我想再問她一句話，但終于不曾出口。我撇下了報，站起來走了一會，便回到自己屋里。

我一直想著些什么，但什么也沒有想出。

第二天早上看見她往廚房里走時，我發愿我的眼將老跟著她的影子！她的影子真好。她那几步路走得又敏捷，又勻稱，又苗條，正如一只可愛的小貓。她兩手各提著一只水壺，又令我想到在一條細細的索儿上抖擻精神走著的女子。這全由于她的腰；她的腰真太軟了，用白水的話說，真是軟到使我如吃蘇州的牛皮糖一樣。不止她的腰，我的日記里說得好：“她有一套和云霞比美，水月爭靈的曲線，織成大大的一張迷惑的网！”而那兩頰的曲線，尤其甜蜜可人。她兩頰是白中透著微紅，潤澤如玉。她的皮膚，嫩得可以掐出水來；我的日記里說，“我很想去掐她一下呀！”她的眼像一雙小燕子，老是在灩灩的春水上打著圈儿。她的笑最使我記住，像一朵花漂浮在我的腦海里。我不是說過，她的小圓臉像正開的桃花么？那么，她微笑的時候，便是盛開的時候了：花房里充滿了蜜，真如要流出來的樣子。她的髮不甚厚，但黑而有光，柔軟而滑，如純絲一般。只可惜我不曾聞著一些儿香。唉！從前我在窗前看她好多次，所得的真太少了；若不是昨晚一見，——雖只几分鐘——我真太對不起這樣一個人儿了。

午飯后，韋君照例地睡午覺去了，只有我，韋小姐和其他三位小姐在書房里。我有意無意地談起阿河的事。我說：

“你們怎知道她的志气好呢？”

“那天我們教給她打絨繩鞋；”一位蔡小姐便答道，“看她很聰明，就問她為甚么不念書？她被我們一問，就傷心起來了。……”

“是的，”韋小姐笑著搶了說，“后來還哭了呢；還有一位傻子陪她淌眼淚呢。”

那邊黃小姐可急了，走過來推了她一下。蔡小姐忙攔住道，“人家說正經話，你們盡鬧著玩儿！讓我說完了呀——”“我代你說啵，”韋小姐仍搶著說，“——她說她只有一個爹，沒有娘。嫁了一個男人，倒有三十多歲，土頭土腦的，臉上滿是包！他是李媽的鄰舍，我還看見過呢。……”“好了，底下我說吧。”蔡小姐接著道，“她男人又不要好，盡愛賭錢；她一气，就住到娘家來，有一年多不回去了。”

“她今年几歲？”我問。

“十七不知十八？前年出嫁的，几個月就回家了，”蔡小姐說。

“不，十八，我知道，”韋小姐改正道。

“哦。你們可曾勸她离婚？”

“怎么不勸；”韋小姐應道，“她說十八回去吃她表哥的喜酒，要和她的爹去說呢。”

“你們教她的好事，該當何罪！”我笑了。

她們也都笑了。

十九的早上，我正在屋里看書，听見外面有嚷嚷的聲音；這是從來沒有的。我立刻走出來看；只見門外有兩個鄉下人要走進來，卻給",有兩個鄉下人要走進來卻給,阿齊,aqi,a qi,TRUE,1:呵氣 | 2:阿奇 | 3:啊 | 4:阿 | 5:吖 | 6:錒 | 7:嗄 | 8:呵 | 9:腌 | 10:吁,FALSE,,,,,
top10_missing,2281ea32118a29ad84c76737,給亡婦,156,158,謙，日子真快，一眨眼你已經死了三個年頭了。這三年裡世事不知變化了多少回，但你未必注意這些個，我知道。你第一惦記的是你幾個孩子，第二便輪著我。孩子和我平分你的世界，你在日如此；你死後若還有知，想來還如此的。告訴你，我夏天回家來著：邁兒長得結實極了，比我高一個頭。閏兒父親說是最乖，可是沒有先前胖了。采芷和轉子都好。,有先前胖了采芷和轉子都好,五兒,wuer,wu er,TRUE,1:烏爾 | 2:五二 | 3:無二 | 4:忤耳 | 5:無 | 6:五 | 7:唔 | 8:吳 | 9:物 | 10:吾,FALSE,,,,,
top10_missing,d71008efef2278a4b24ca725,槳聲燈影裏的秦淮河,714,717,"一九二三年八月的一晚，我和平伯同遊秦淮河；平伯是初泛，我是重來了。我們雇了一隻「七板子」，在夕陽已去、皎月方來的時候，便下了船。於是槳聲汩汩，我們開始領略那晃蕩著薔薇色的歷史的秦淮河的滋味了。

秦淮河裏的船，比北京万生園、頤和園的船好，比西湖的船好，比揚州瘦西湖的船也好。這幾處的船不是覺著笨，就是覺著簡陋、局促；都不能引起乘客們的情韻，如秦淮河的船一樣。秦淮河的船約略可分為兩種：一是大船；一是小船，就是所謂「七板子」。大船艙口闊大，可容二三十人。裏面陳設著字畫和光潔的紅木家具，桌上一律嵌著冰涼的大理石面。窗格雕鏤頗細，使人起柔膩之感。窗格里映著紅色藍色的玻璃；玻璃上有精緻的花紋，也頗悅人目。「七板子」規模雖不及大船，但那淡藍色的欄杆，空敞的艙，也足繫人情思。而最出色處卻在它的艙前。艙前是甲板上的一部，上面有弧形的頂，兩邊用疏疏的欄杆支著。裏面通常放著兩張藤的躺椅。躺下，可以談天，可以望遠，可以顧盼兩岸的河房。大船上也有這個，但在小船上更覺清雋罷了。艙前的頂下，一律懸著燈彩；燈的多少、明暗，彩蘇的精粗、艷晦，是不一的，但好歹總還你一個燈彩。這燈彩實在是最能勾人的東西。夜幕垂垂地下來時，大小船上都點起燈火。從兩重玻璃裏映出那輻射著的黃黃的散光，反暈出一片朦朧的煙靄；透過這煙靄，在黯黯的水波里，又逗起縷縷的明漪。在這薄靄和微漪裏，聽著那悠然的間歇的槳聲，誰能不被引入他的美夢去呢？只愁夢太多了，這些大小船兒如何載得起呀？我們這時模模糊糊的談著明末的秦淮河的艷跡，如《桃花扇》及《板橋雜記》裏所載的。我們真神往了。我們彷彿親見那時華燈映水，畫舫凌波的光景了。於是我們的船便成了歷史的重載了。我們終於恍然秦淮河的船所以",們終於恍然秦淮河的船所以,雅麗過,yaliguo,ya li guo,TRUE,1:壓力鍋 | 2:壓力 | 3:雅麗 | 4:鴨梨 | 5:亞歷 | 6:亞里 | 7:亞利 | 8:雅莉 | 9:軋轢 | 10:呀,FALSE,,,,,
top10_missing,7800023cf5425a498c88c956,給亡婦,766,768,"謙，日子真快，一眨眼你已經死了三個年頭了。這三年裡世事不知變化了多少回，但你未必注意這些個，我知道。你第一惦記的是你幾個孩子，第二便輪著我。孩子和我平分你的世界，你在日如此；你死後若還有知，想來還如此的。告訴你，我夏天回家來著：邁兒長得結實極了，比我高一個頭。閏兒父親說是最乖，可是沒有先前胖了。采芷和轉子都好。五兒全家誇她長得好看；卻在腿上生了濕瘡，整天坐在竹床上不能下來，看了怪可憐的。六兒，我怎麼說好，你明白，你臨終時也和母親談過，這孩子是只可以養著玩兒的，他左挨右挨去年春天，到底沒有挨過去。這孩子生了幾個月，你的肺病就重起來了。我勸你少親近他，只監督著老媽子照管就行。你總是忍不住，一會兒提，一會兒抱的。可是你病中為他操的那一份兒心也夠瞧的。那一個夏天他病的時候多，你成天兒忙著，湯呀，藥呀，冷呀，暖呀，連覺也沒有好好兒睡過。那裡有一分一毫想著你自己。瞧著他硬朗點兒你就樂，乾枯的笑容在黃蠟般的臉上，我只有暗中歎氣而已。

從來想不到做母親的要像你這樣。從邁兒起，你總是自己喂乳，一連四個都這樣。你起初不知道按鐘點兒喂，後來知道了，卻又弄不慣；孩子們每夜裡幾次將你哭醒了，特別是悶熱的夏季。我瞧你的覺老沒睡足。白天裡還得做菜，照料孩子，很少得空兒。你的身子本來壞，四個孩子就累你七八年。到了第五個，你自己實在不成了，又沒乳，只好自己餵奶粉，另雇老媽子專管她。但孩子跟老媽子睡，你就沒有放過心；夜裡一聽見哭，就豎起耳朵聽，工夫一大就得過去看。十六年初，和你到北京來，將邁兒，轉子留在家裡；三年多還不能去接他們，可真把你惦記苦了。你並不常提，我卻明白。你後來說你的病就是惦記出來的；那個自然也有份兒，不過大半還是養育孩子累的。你的短短的十二年結婚生活，有十一年耗費在孩子們身上；而你一點不厭倦，有多少力量用多少，一直到自己毀滅",力量用多少一直到自己毀滅,為止,weizhi,wei zhi,FALSE,1:位置 | 2:未知 | 3:爲止 | 4:爲之 | 5:謂之 | 6:位址 | 7:未置 | 8:未至 | 9:位值 | 10:委質,FALSE,,,,,
top10_missing,693ea817b341adc6dbe6ff5b,槳聲燈影裏的秦淮河,5163,5165,"一九二三年八月的一晚，我和平伯同遊秦淮河；平伯是初泛，我是重來了。我們雇了一隻「七板子」，在夕陽已去、皎月方來的時候，便下了船。於是槳聲汩汩，我們開始領略那晃蕩著薔薇色的歷史的秦淮河的滋味了。

秦淮河裏的船，比北京万生園、頤和園的船好，比西湖的船好，比揚州瘦西湖的船也好。這幾處的船不是覺著笨，就是覺著簡陋、局促；都不能引起乘客們的情韻，如秦淮河的船一樣。秦淮河的船約略可分為兩種：一是大船；一是小船，就是所謂「七板子」。大船艙口闊大，可容二三十人。裏面陳設著字畫和光潔的紅木家具，桌上一律嵌著冰涼的大理石面。窗格雕鏤頗細，使人起柔膩之感。窗格里映著紅色藍色的玻璃；玻璃上有精緻的花紋，也頗悅人目。「七板子」規模雖不及大船，但那淡藍色的欄杆，空敞的艙，也足繫人情思。而最出色處卻在它的艙前。艙前是甲板上的一部，上面有弧形的頂，兩邊用疏疏的欄杆支著。裏面通常放著兩張藤的躺椅。躺下，可以談天，可以望遠，可以顧盼兩岸的河房。大船上也有這個，但在小船上更覺清雋罷了。艙前的頂下，一律懸著燈彩；燈的多少、明暗，彩蘇的精粗、艷晦，是不一的，但好歹總還你一個燈彩。這燈彩實在是最能勾人的東西。夜幕垂垂地下來時，大小船上都點起燈火。從兩重玻璃裏映出那輻射著的黃黃的散光，反暈出一片朦朧的煙靄；透過這煙靄，在黯黯的水波里，又逗起縷縷的明漪。在這薄靄和微漪裏，聽著那悠然的間歇的槳聲，誰能不被引入他的美夢去呢？只愁夢太多了，這些大小船兒如何載得起呀？我們這時模模糊糊的談著明末的秦淮河的艷跡，如《桃花扇》及《板橋雜記》裏所載的。我們真神往了。我們彷彿親見那時華燈映水，畫舫凌波的光景了。於是我們的船便成了歷史的重載了。我們終於恍然秦淮河的船所以雅麗過於他處，而又有奇異的吸引力的，實在是許多歷史的影像使然了。

秦淮河的水是碧陰陰的；看起來厚而不膩，或者是六朝金粉所凝麼？我們初上船的時候，天色還未斷黑，那漾漾的柔波是這樣恬靜、委婉，使我們一面有水闊天空之想，一面又憧憬著紙醉金迷之境了。等到燈火明時，陰陰的變為沈沉了：黯淡的水光，像夢一般；那偶然閃爍著的光芒，就是夢的眼睛了。我們坐在艙前，因了那隆起的頂棚，彷彿總是昂著首向前走著似的；於是飄飄然如御風而行的我們，看著那些自在的灣泊著的船，船裏走馬燈般的人物，便像是下界一般，迢迢的遠了，又像在霧裏看花，盡朦朦朧朧的。這時我們已過了利涉橋，望見東關頭了。沿路聽見斷續的歌聲：有從沿河的妓樓飄來的，有從河上船裏渡來的。我們明知那些歌聲，只是些因襲的言詞，從生澀的歌喉裏機械的發出來的；但它們經了夏夜的微風的吹漾和水波的搖拂，嬝娜著到我們耳邊的時候，已經不單是她們的歌聲，而混著微風和河水的密語了。於是我們不得不被牽惹著，震撼著，相與浮沉於這歌聲裏了。從東關頭轉彎，不久就到大中橋。大中橋共有三個橋拱，都很闊大，儼然是三座門兒；使我們覺得我們的船和船裏的我們，在橋下過去時，真是太無顏色了。橋磚是深褐色，表明它的歷史的長久；但都完好無缺，令人太息於古昔工程的堅美。橋上兩旁都是木壁的房子，中間應該有街路。這些房子都破舊了，多年煙熏的跡，遮沒了當年的美麗。我想像秦淮河的極盛時，在這樣宏闊的橋上，特地蓋了房子，必然是髹漆得富富麗麗的；晚間必然是燈火通明的，現在卻只剩下一片黑沉沉！但是橋上造著房子，畢竟使我們多少可以想見往日的繁華；這也慰情聊勝無了。過了大中橋，便到了燈月交輝、笙歌徹夜的秦淮河，這才是秦淮河的真面目哩。

大中橋外，頓然空闊，和橋內兩岸排著密密的人家的景像大異了。一眼望去，疏疏的林，淡淡的月，襯著蔚藍的天，頗像荒江野渡光景；那邊呢，鬱叢叢的，陰森森的，又似乎藏著無邊的黑暗，令人幾乎不信那是繁華的秦淮河了。但是河中眩暈著的燈光，縱橫著的畫舫，悠揚著的笛韻，夾著那吱吱的胡琴聲，終於使我們認識綠如茵陳酒的秦淮水了。此地天裸露著的多些，故覺夜來的獨遲些；從清清的水影裏，我們感到的只是薄薄的夜——這正是秦淮河的夜。大中橋外，本來還有一座復成橋，是船夫口中的我們的遊踪盡處，或也是秦淮河繁華的盡處了。我的腳曾踏過復成橋的脊，在十三四歲的時候。但是兩次遊秦淮河，卻都不曾見著復成橋的面；明知總在前途的，卻常覺得有些虛無縹緲似的。我想，不見倒也好。這時正是盛夏。我們下船後，藉著新生的晚涼和河上的微風，暑氣已漸漸消散；到了此地，豁然開朗，身子頓然輕了——習習的清風荏苒在面上、手上、衣上，這便又感到了一縷新涼了。南京的日光，大概沒有杭州猛烈；西湖的夏夜老是熱蓬蓬的，水像沸著一般，秦淮河的水卻盡是這樣冷冷地綠著。任你人影的憧憧，歌聲的擾擾，總像隔著一層薄薄的綠紗面冪似的；它盡是這樣靜靜的、冷冷的綠著。我們出了大中橋，走不上半里路，船夫便將船劃到一旁，停了槳由它宕著。他以為那裏正是繁華的極點，再過去就是荒涼了；所以讓我們多多賞鑑一會兒。他自己卻靜靜的蹲著。他是看慣這光景的了，大約只是一個無可無不可。這無可無不可，無論是升的沉的，總之，都比我們高了。

那時河裏鬧熱極了；船大半泊著，小半在水上穿梭似的來往。停泊著的都在近市的那一邊，我們的船自然也夾在其中。因為這邊略略的擠，便覺得那邊十分的疏了。在每一隻船從那邊過去時，我們能畫出它的輕輕的影和曲曲的波，在我們的心上；這顯著是空，且顯著是靜了。那時處處都是歌聲和淒厲的胡琴聲，圓潤的喉嚨，確乎是很少的。但那生澀的，尖脆的調子能使人有少年的，粗率不拘的感覺，也正可快我們的意。況且多少隔開些兒聽著，因為想像與渴慕的做美，總覺更有滋味；而竟發的喧囂，抑揚的不齊，遠近的雜沓，和樂器的嘈嘈切切，合成另一意味的諧音，也使我們無所適從，如隨著大風而走。這實在因為我們的心枯澀久了，變為脆弱；故偶然潤澤一下，便瘋狂似的不能自主了，但秦淮河確也膩人。即如船裏的人面，無論是和我們一堆儿泊著的，無論是從我們眼前過去的，總是模模糊糊的，甚至渺渺茫茫的；任你張圓了眼睛，揩淨了眥垢，也是枉然，這真夠人想呢。在我們停泊的地方，燈光原是紛然的；不過這些燈光都是黃而有暈的。黃已經不能明了，再加上了暈，便更不成了。燈愈多，暈就愈甚；在繁星般的黃的交錯裏，秦淮河彷彿籠上了一團光霧。光芒與霧氣騰騰的暈著，什麼都只剩了輪廓了；所以人面的詳細的曲線，便消失於我們的眼底了。但燈光究竟奪不了那邊的月色；燈光是渾的，月色是清的。在渾沌的燈光裏，滲入一派清輝，卻真是奇蹟！那晚月兒已瘦削了兩三分。她晚妝才罷，盈盈的上了柳梢頭。天是藍得可愛，彷彿一汪水似的；月兒便更出落得精神了。岸上原有三株兩株的垂楊樹，淡淡的影子，在水里搖曳著。它們那柔細的枝條浴著月光，就像一支支美人的臂膊，交互的纏著、挽著；又像是月兒披著的髪。而月兒偶爾也從它們的交叉處偷偷窺看我們，大有小姑娘怕羞的樣子。岸上另有幾株不知名的老樹，光光的立著；在月光裏照起來，卻又儼然是精神矍鑠的老人。遠處快到天際線了，才有一兩片白雲，亮得現出異彩，像是美麗的貝殼一般。白雲下便是黑黑的一帶輪廓；是一條隨意畫的不規則的曲線。這一段光景，和河中的風味大異了。但燈與月竟能並存著，交融著，使月成了纏綿的月，燈射著渺渺的靈輝，這正是天之所以厚秦淮河，也正是天之所以厚我們了。

這時卻遇著了難解的糾紛。秦淮河上原有一種歌妓，是以歌為業的。從前都在茶舫上，唱些大曲之類。每日午後一時起；什麼時候止，卻忘記了。晚上照樣也有一回，也在黃暈的燈光裏。我從前過南京時，曾隨著朋友去聽過兩次。因為茶舫裏的人臉太多了，覺得不大適意，終於聽不出所以然。前年聽說歌妓被取締了，不知怎的，頗涉想了幾次卻想不出什麼。這次到南京，先到茶舫上去看看，覺得頗是寂寥，令我無端的悵悵了。不料她們卻仍在秦淮河裏掙扎著，不料她們竟會糾纏到我們，我於是很張皇了，她們也乘著「七板子」，她們總是坐在艙前的。艙前點著石油汽燈，光亮炫人眼目：坐在下面的，自然是纖毫畢見了。引誘客人們的力量，也便在此了。艙裏躲著樂工等人，映著汽燈的餘輝蠕動著；他們是永遠不被注意的。每船的歌妓大約都是二人；天色一黑，她們的船就在大中橋外往來不息的兜生意。無論行著的船，泊著的船，都要來兜攬的。這都是我後來推想出來的。那晚不知怎樣，忽然輪著我們的船了。我們的船好好的停著，一隻歌舫劃向我們來了；漸漸和我們的船並著了。爍爍的燈光逼得我們皺起了眉頭；我們的風塵色全給它托出來了，這使我踧踖不安了。那時一個伙計跨過船來，拿著攤開的歌摺，就近塞向我的手裏，說：「點幾出吧！」他跨過來的時候，我們船上似乎有許多眼光跟著。同時相近的別的船上也似乎有許多眼睛炯炯的向我們船上看著。我真窘了！我也裝出大方的樣子，向歌妓們瞥了一眼，但究竟是不成的！我勉強將那歌摺翻了一翻，卻不曾看清了幾個字；便趕緊遞還那伙計，一面不好意思地說「不要，我們⋯⋯不要。」他便塞給平伯，平伯掉轉頭去，搖手說：「不要！」那人還膩著不走。平伯又回過臉來，搖著頭道「不要！」於是那人重到我處，我窘著再拒絕了他。他這纔有所不屑似的走了。

我的心立刻放下，如釋了重負一般。我們就開始自白了。

我說我受了道德律的壓迫，拒絕了她們；心裏似乎很抱歉的。這所謂抱歉，一面對於她們，一面對於我自己。她們於我們雖然沒有很奢的希望；但總有些希望的。我們拒絕了她們，無論理由如何充足，卻使她們的希望受了傷；這總有幾分不做美了，這是我覺得很悵悵的。至於我自己，更有一種不足之感。我這時被四面的歌聲誘惑了，降伏了；但是遠遠的，遠遠的歌聲總彷彿隔著重衣搔癢似的，越搔越搔不著癢處。我於是憧憬著貼耳的妙音了。在歌舫劃來時，我的憧憬，變為盼望；我固執的盼望著，有如飢渴。雖然從淺薄的經驗裏，也能夠推知，那貼耳的歌聲，將剝去了一切的美妙；但一個平常的人像我的，谁愿憑了理性之力去醜化未來呢？我寧願自己騙著了。不過我的社會感性是很敏銳的；我的思力能拆穿道德律的西洋鏡，而我的感情卻終於被它壓服著。我於是有所顧忌了，尤其是在眾目昭彰的時候。道德律的力，本來是民眾賦予的；在民眾的面前，自然更顯出它的威嚴了。我這時一面盼望，一面卻感到了兩重的禁制：一、在通俗的意義上，接近妓者總算一種不正當的行為；二、妓是一種不健全的職業，我們對於她們，應有哀矜勿喜之心，不應賞玩的去聽她們的歌。在眾目睽睽之下，這兩種思想在我心裏最為旺盛。她們暫時壓倒了我的聽歌的盼望，這便成就了我的灰色的拒絕。那時的心實在異常狀態中，覺得頗是昏亂。歌舫去了，暫時寧靜之後，我的思緒又如潮湧了。兩個相反的意思在我心頭往復：賣歌和賣淫不同，聽歌和狎妓不同，又干道德甚事？但是，但是，她們既被逼的以歌為業，她們的歌必無藝術味的；況她們的身世，我們究竟該同情的，所以拒絕倒也是正辦。但這些意思終於不曾撇開我的聽歌的盼望。它力量異常堅強；它總想將別的思緒踏在腳下。從這重重的爭鬬里，我感到了濃厚的不足之感。這不足之感使我的心盤旋不安，起坐都不安寧了。唉！我承認我是一個自私的人！平伯呢，卻與我不同。他引周啟明先生的詩，「因為我有妻子，所以我愛一切的女人；因為我有子女，所以我愛一切的孩子。」他的意思可以見了。他因為推及的同情，愛著那些歌妓，並且尊重著她們，所以拒絕了她們。在這種情形下，他自然以為聽是對於她們的一種侮辱。但他也是想听歌的，雖然不和我一樣。所以在他的心中，當然也有一番小小的爭鬬；爭鬬的結果，是同情勝了。至於道德律，在他是沒有什麼的：因為他很有蔑視一切的傾向，民眾的力量在他是不大覺著的。這時他的心意的活動比較簡單，又比較鬆弱，故事後還怡然自若；我卻不能了。這里平伯又比我高了。

在我們談話中間，又來了兩隻歌舫。伙計照前一樣的請我們點戲，我們照前一樣的拒絕了。我受了三次窘，心裏的不安更甚了。清豔的夜景也為之減色。船夫大約因為要趕第二趟生意，催著我們回去；我們無可無不可的答應了。我們漸漸和那些暈黃的燈光遠了，只有些月色冷清清的隨著我們的歸舟。我們的船竟沒個伴兒，秦淮河的夜正長哩！到大中橋近處，才遇著一隻來船。這是一隻載妓的板船，黑漆漆的沒有一點光。船頭上坐著一個妓女；暗裏看出，白地小花的衫子，黑的下衣。她手里拉著胡琴，口裏唱著青衫的調子。她唱得響亮而圓轉；當她的船箭一般駛過去時，餘音還裊裊的在我們耳際，使我們傾聽而嚮往。想不到在弩末的遊踪裏，還能領略到這樣的清歌！這時船過大中橋了，森森的水影，如黑暗張著巨口，要將我們的船吞了下去。我們回顧那渺渺的黃光，不勝依戀之情；我們感到了寂寞了！這一段地方夜色甚濃，又有兩頭的燈火招邀著；橋外的燈火不用說了，過了橋另有東關頭疏疏的燈火。我們忽然仰頭看見依人的素月，不覺深悔歸來之早了！走過東關頭，有一兩隻大船灣泊著，又有幾隻船向我們來著。",泊著又有幾隻船向我們來著,囂囂,xiaoxiao,xiao xiao,TRUE,1:小小 | 2:笑笑 | 3:蕭蕭 | 4:瀟瀟 | 5:曉曉 | 6:蕭瀟 | 7:宵小 | 8:嘵嘵 | 9:削削 | 10:銷銷,FALSE,,,,,
top10_missing,b04ee3c0eecd9714f0ef98ff,給亡婦,1204,1207,"謙，日子真快，一眨眼你已經死了三個年頭了。這三年裡世事不知變化了多少回，但你未必注意這些個，我知道。你第一惦記的是你幾個孩子，第二便輪著我。孩子和我平分你的世界，你在日如此；你死後若還有知，想來還如此的。告訴你，我夏天回家來著：邁兒長得結實極了，比我高一個頭。閏兒父親說是最乖，可是沒有先前胖了。采芷和轉子都好。五兒全家誇她長得好看；卻在腿上生了濕瘡，整天坐在竹床上不能下來，看了怪可憐的。六兒，我怎麼說好，你明白，你臨終時也和母親談過，這孩子是只可以養著玩兒的，他左挨右挨去年春天，到底沒有挨過去。這孩子生了幾個月，你的肺病就重起來了。我勸你少親近他，只監督著老媽子照管就行。你總是忍不住，一會兒提，一會兒抱的。可是你病中為他操的那一份兒心也夠瞧的。那一個夏天他病的時候多，你成天兒忙著，湯呀，藥呀，冷呀，暖呀，連覺也沒有好好兒睡過。那裡有一分一毫想著你自己。瞧著他硬朗點兒你就樂，乾枯的笑容在黃蠟般的臉上，我只有暗中歎氣而已。

從來想不到做母親的要像你這樣。從邁兒起，你總是自己喂乳，一連四個都這樣。你起初不知道按鐘點兒喂，後來知道了，卻又弄不慣；孩子們每夜裡幾次將你哭醒了，特別是悶熱的夏季。我瞧你的覺老沒睡足。白天裡還得做菜，照料孩子，很少得空兒。你的身子本來壞，四個孩子就累你七八年。到了第五個，你自己實在不成了，又沒乳，只好自己餵奶粉，另雇老媽子專管她。但孩子跟老媽子睡，你就沒有放過心；夜裡一聽見哭，就豎起耳朵聽，工夫一大就得過去看。十六年初，和你到北京來，將邁兒，轉子留在家裡；三年多還不能去接他們，可真把你惦記苦了。你並不常提，我卻明白。你後來說你的病就是惦記出來的；那個自然也有份兒，不過大半還是養育孩子累的。你的短短的十二年結婚生活，有十一年耗費在孩子們身上；而你一點不厭倦，有多少力量用多少，一直到自己毀滅為止。你對孩子一般兒愛，不問男的女的，大的小的。也不想到什麼“養兒防老，積穀防饑”，只拚命的愛去。你對於教育老實說有些外行，孩子們只要吃得好玩得好就成了。這也難怪你，你自己便是這樣長大的。況且孩子們原都還小，吃和玩本來也要緊的。你病重的時候最放不下的還是孩子。病的只剩皮包著骨頭了，總不信自己不會好；老說：“我死了，這一大群孩子可苦了。”後來說送你回家，你想著可以看見邁兒和轉子，也願意；你萬不想到會一走不返的。我送車的時候，你忍不住哭了，說：“還不知能不能再見？”可憐，你的心我知道，你滿想著好好兒帶著六個孩子回來見我的。謙，你那時一定這樣想，一定的。

除了孩子，你心裡只有我。不錯，那時你父親還在；可是你母親死了，他另有個女人，你老早就覺得隔了一層似的。出嫁後第一年你雖還一心一意依戀著他老人家，到第二年上我和孩子可就將你的心占住，你再沒有多少工夫惦記他了。你還記得第一年我在北京，你在家裡。家裡來信說你待不住，常回娘家去。我動氣了，馬上寫信責備你。你教人寫了一封復信，",責備你你教人寫了一封復信,說家裡,shuojiali,shuo jia li,TRUE,1:說家裏 | 2:說 | 3:碩 | 4:勺 | 5:朔 | 6:溯 | 7:爍 | 8:芍 | 9:鑠 | 10:蟀,FALSE,,,,,
top10_missing,9ec3542005ab8cef0aebdfb0,阿河,134,137,我這一回寒假，因為養病，住到一家親戚的別墅里去。那別墅是在鄉下。前面偏左的地方，是一片淡藍的湖水，對岸環擁著不盡的青山。山的影子倒映在水里，越顯得清清朗朗的。水面常如鏡子一般。風起時，微有皺痕；像少女們皺她們的眉頭，過一會子就好了。湖的余勢束成一條小港，緩緩地不聲不響,成一條小港緩緩地不聲不響,地流過,diliuguo,di liu guo,TRUE,1:第六過 | 2:第六 | 3:提溜 | 4:滴流 | 5:滴溜 | 6:遞流 | 7:地 | 8:第 | 9:低 | 10:滴,FALSE,,,,,
top10_missing,9a36637e1005b39bc53ab5b7,阿河,3475,3477,"我這一回寒假，因為養病，住到一家親戚的別墅里去。那別墅是在鄉下。前面偏左的地方，是一片淡藍的湖水，對岸環擁著不盡的青山。山的影子倒映在水里，越顯得清清朗朗的。水面常如鏡子一般。風起時，微有皺痕；像少女們皺她們的眉頭，過一會子就好了。湖的余勢束成一條小港，緩緩地不聲不響地流過別墅的門前。門前有一條小石橋，橋那邊盡是田畝。這邊沿岸一帶，相間地栽著桃樹和柳樹，春來當有一番熱鬧的夢。別墅外面繚繞著短短的竹篱，篱外是小小的路。里邊一座向南的樓，背后便倚著山。西邊是三間平屋，我便住在這里。院子里有兩塊草地，上面隨便放著兩三塊石頭。另外的隙地上，或羅列著盆栽，或种蒔著花草。篱邊還有几株枝干蟠曲的大樹，有一株几乎要伸到水里去了。

我的親戚韋君只有夫婦二人和一個女儿。她在外邊念書，這時也剛回到家里。她邀來三位同學，同到她家過這個寒假；兩位是親戚，一位是朋友。她們住著樓上的兩間屋子。韋君夫婦也住在樓上。樓下正中是客廳，常是閒著，西間是吃飯的地方；東間便是韋君的書房，我們談天，喝茶，看報，都在這里。我吃了飯，便是一個人，也要到這里來閒坐一回。我來的第二天，韋小姐告訴我，她母親要給她們找一個好好的女用人；長工阿齊說有一個表妹，母親叫他明天就帶來做做看呢。她似乎很高興的樣子，我只是不經意地答應。

平屋与樓屋之間，是一個小小的廚房。我住的是東面的屋子，從窗子里可以看見廚房里人的來往。這一天午飯前，我偶然向外看看，見一個面生的女用人，兩手提著兩把白鐵壺，正往廚房里走；韋家的李媽在她前面領著，不知在和她說甚么話。她的頭髮亂蓬蓬的，像冬天的枯草一樣。身上穿著鑲邊的黑布棉襖和夾褲，黑里已泛出黃色；棉襖長与膝齊，夾褲也直拖到腳背上。腳倒是雙天足，穿著尖頭的黑布鞋，后跟還帶著兩片同色的“葉拔儿”。想這就是阿齊帶來的女用人了；想完了就坐下看書。晚飯后，韋小姐告訴我，女用人來了，她的名字叫“阿河”。我說，“名字很好，只是人土些；還能做么？”她說，“別看她土，很聰明呢。”我說，“哦。”便接著看手中的報了。

以后每天早上，中上，晚上，我常常看見阿河挈著水壺來往；她的眼似乎總是望前看的。兩個禮拜匆匆地過去了。韋小姐忽然和我說，你別看阿河土，她的志气很好，她是個可怜的人。我和娘說，把我前年在家穿的那身棉襖褲給了她吧。我嫌那兩件衣服太花，給了她正好。娘先不肯，說她來了沒有几天；后來也肯了。今天拿出來讓她穿，正合式呢。我們教給她打絨繩鞋，她真聰明，一學就會了。她說拿到工錢，也要打一雙穿呢。我等几天再和娘說去。

“她這樣愛好！怪不得頭髮光得多了，原來都是你們教她的。好！你們盡教她講究，她將來怕不愿回家去呢。”大家都笑了。

舊新年是過去了。因為江浙的兵事，我們的學校一時還不能開學。我們大家都樂得在別墅里多住些日子。這時阿河如換了一個人。她穿著寶藍色挑著小花儿的布棉襖褲；腳下是嫩藍色毛繩鞋，鞋口還綴著兩個半藍半白的小絨球儿。我想這一定是她的小姐們給幫忙的。古語說得好，“人要衣裳馬要鞍”，阿河這一打扮，真有些楚楚可怜了。她的頭髮早已是刷得光光的，覆額的留海也梳得十分伏帖。一張小小的圓臉，如正開的桃李花；臉上并沒有笑，卻隱隱地含著春日的光輝，像花房里充了蜜一般。這在我几乎是一個奇跡；我現在是常站在窗前看她了。我覺得在深山里發見了一粒貓儿眼；這樣精純的貓儿眼，是我生平所僅見！我覺得我們相識已太長久，极愿和她說一句話——极平淡的話，一句也好。但我怎好平白地和她攀談呢？這樣郁郁了一禮拜。

這是元宵節的前一晚上。我吃了飯，在屋里坐了一會，覺得有些無聊，便信步走到那書房里。拿起報來，想再細看一回。忽然門鈕一響，阿河進來了。她手里拿著三四支顏色鉛筆；出乎意料地走近了我。她站在我面前了，靜靜地微笑著說：“白先生，你知道鉛筆刨在哪里？”一面將拿著的鉛筆給我看。我不自主地立起來，匆忙地應道，“在這里；”我用手指著南邊柱子。但我立刻覺得這是不夠的。我領她走近了柱子。這時我像閃電似地躊躇了一下，便說，“我…… 我……”她一聲不響地已將一支鉛筆交給我。我放進刨子里刨給她看。刨了兩下，便想交給她；但終于刨完了一支，交還了她。她接了筆略看一看，仍仰著臉向我。我窘极了。剎那間念頭轉了好几個圈子；到底硬著頭皮搭訕著說，“就這樣刨好了。”我赶緊向門外一瞥，就走回原處看報去。但我的頭剛低下，我的眼已抬起來了。于是遠遠地從容地問道，“你會么？”她不曾掉過頭來，只“嚶”了一聲，也不說話。我看了她背影一會。覺得應該低下頭了。等我再抬起頭來時，她已默默地向外走了。她似乎總是望前看的；我想再問她一句話，但終于不曾出口。我撇下了報，站起來走了一會，便回到自己屋里。

我一直想著些什么，但什么也沒有想出。

第二天早上看見她往廚房里走時，我發愿我的眼將老跟著她的影子！她的影子真好。她那几步路走得又敏捷，又勻稱，又苗條，正如一只可愛的小貓。她兩手各提著一只水壺，又令我想到在一條細細的索儿上抖擻精神走著的女子。這全由于她的腰；她的腰真太軟了，用白水的話說，真是軟到使我如吃蘇州的牛皮糖一樣。不止她的腰，我的日記里說得好：“她有一套和云霞比美，水月爭靈的曲線，織成大大的一張迷惑的网！”而那兩頰的曲線，尤其甜蜜可人。她兩頰是白中透著微紅，潤澤如玉。她的皮膚，嫩得可以掐出水來；我的日記里說，“我很想去掐她一下呀！”她的眼像一雙小燕子，老是在灩灩的春水上打著圈儿。她的笑最使我記住，像一朵花漂浮在我的腦海里。我不是說過，她的小圓臉像正開的桃花么？那么，她微笑的時候，便是盛開的時候了：花房里充滿了蜜，真如要流出來的樣子。她的髮不甚厚，但黑而有光，柔軟而滑，如純絲一般。只可惜我不曾聞著一些儿香。唉！從前我在窗前看她好多次，所得的真太少了；若不是昨晚一見，——雖只几分鐘——我真太對不起這樣一個人儿了。

午飯后，韋君照例地睡午覺去了，只有我，韋小姐和其他三位小姐在書房里。我有意無意地談起阿河的事。我說：

“你們怎知道她的志气好呢？”

“那天我們教給她打絨繩鞋；”一位蔡小姐便答道，“看她很聰明，就問她為甚么不念書？她被我們一問，就傷心起來了。……”

“是的，”韋小姐笑著搶了說，“后來還哭了呢；還有一位傻子陪她淌眼淚呢。”

那邊黃小姐可急了，走過來推了她一下。蔡小姐忙攔住道，“人家說正經話，你們盡鬧著玩儿！讓我說完了呀——”“我代你說啵，”韋小姐仍搶著說，“——她說她只有一個爹，沒有娘。嫁了一個男人，倒有三十多歲，土頭土腦的，臉上滿是包！他是李媽的鄰舍，我還看見過呢。……”“好了，底下我說吧。”蔡小姐接著道，“她男人又不要好，盡愛賭錢；她一气，就住到娘家來，有一年多不回去了。”

“她今年几歲？”我問。

“十七不知十八？前年出嫁的，几個月就回家了，”蔡小姐說。

“不，十八，我知道，”韋小姐改正道。

“哦。你們可曾勸她离婚？”

“怎么不勸；”韋小姐應道，“她說十八回去吃她表哥的喜酒，要和她的爹去說呢。”

“你們教她的好事，該當何罪！”我笑了。

她們也都笑了。

十九的早上，我正在屋里看書，听見外面有嚷嚷的聲音；這是從來沒有的。我立刻走出來看；只見門外有兩個鄉下人要走進來，卻給阿齊攔住。他們只是央告，阿齊只是不肯。這時韋君已走出院中，向他們道，

“你們回去吧。人在我這里，不要緊的。快回去，不要瞎吵！”

兩個人面面相覷，說不出一句話；俄延了一會，只好走了。我問韋君什么事？他說，

“阿河囉！還不是瞎吵一回子。”

我想他于男女的事向來是懶得說的，還是回頭問他小姐的好；我們便談到別的事情上去。

吃了飯，我赶緊問韋小姐，她說，

“她是告訴娘的，你問娘去。”

我想這件事有些尷尬，便到西間里問韋太太；她正看著李媽收拾碗碟呢。她見我問，便笑著說，

“你要問這些事做什么？她昨天回去，原是借了阿桂的衣裳穿了去的，打扮得嬌滴滴的，也難怪，被她男人看見了，便約了些不相干的人，將她搶回去過了一夜。今天早上，她騙她男人，說要到此地來拿行李。她男人就會信她，派了兩個人跟著。那知她到了這里，便叫阿齊攔著那跟來的人；她自己便跪在我面前哭訴，說死也不愿回她男人家去。你說我有什么法子。只好讓那跟來的人先回去再說。好在沒有几天，她們要上學了，我將來交給她的爹吧。唉，現在的人，心眼儿真是越過越大了；一個鄉下女人，也會鬧出這樣惊天動地的事了！”

“可不是，”李媽在旁插嘴道，“太太你不知道；我家三叔前儿來，我還听他說呢。我本不該說的，阿彌陀佛！太太，你想她不",說的阿彌陀佛太太你想她不,愿意,yuanyi,yuan yi,FALSE,1:願意 | 2:園藝 | 3:原意 | 4:原液 | 5:原義 | 6:原以 | 7:怨艾 | 8:冤抑 | 9:垣衣 | 10:願以,FALSE,,,,,
top10_missing,69cba55df762b391138355f6,阿河,1128,1131,"我這一回寒假，因為養病，住到一家親戚的別墅里去。那別墅是在鄉下。前面偏左的地方，是一片淡藍的湖水，對岸環擁著不盡的青山。山的影子倒映在水里，越顯得清清朗朗的。水面常如鏡子一般。風起時，微有皺痕；像少女們皺她們的眉頭，過一會子就好了。湖的余勢束成一條小港，緩緩地不聲不響地流過別墅的門前。門前有一條小石橋，橋那邊盡是田畝。這邊沿岸一帶，相間地栽著桃樹和柳樹，春來當有一番熱鬧的夢。別墅外面繚繞著短短的竹篱，篱外是小小的路。里邊一座向南的樓，背后便倚著山。西邊是三間平屋，我便住在這里。院子里有兩塊草地，上面隨便放著兩三塊石頭。另外的隙地上，或羅列著盆栽，或种蒔著花草。篱邊還有几株枝干蟠曲的大樹，有一株几乎要伸到水里去了。

我的親戚韋君只有夫婦二人和一個女儿。她在外邊念書，這時也剛回到家里。她邀來三位同學，同到她家過這個寒假；兩位是親戚，一位是朋友。她們住著樓上的兩間屋子。韋君夫婦也住在樓上。樓下正中是客廳，常是閒著，西間是吃飯的地方；東間便是韋君的書房，我們談天，喝茶，看報，都在這里。我吃了飯，便是一個人，也要到這里來閒坐一回。我來的第二天，韋小姐告訴我，她母親要給她們找一個好好的女用人；長工阿齊說有一個表妹，母親叫他明天就帶來做做看呢。她似乎很高興的樣子，我只是不經意地答應。

平屋与樓屋之間，是一個小小的廚房。我住的是東面的屋子，從窗子里可以看見廚房里人的來往。這一天午飯前，我偶然向外看看，見一個面生的女用人，兩手提著兩把白鐵壺，正往廚房里走；韋家的李媽在她前面領著，不知在和她說甚么話。她的頭髮亂蓬蓬的，像冬天的枯草一樣。身上穿著鑲邊的黑布棉襖和夾褲，黑里已泛出黃色；棉襖長与膝齊，夾褲也直拖到腳背上。腳倒是雙天足，穿著尖頭的黑布鞋，后跟還帶著兩片同色的“葉拔儿”。想這就是阿齊帶來的女用人了；想完了就坐下看書。晚飯后，韋小姐告訴我，女用人來了，她的名字叫“阿河”。我說，“名字很好，只是人土些；還能做么？”她說，“別看她土，很聰明呢。”我說，“哦。”便接著看手中的報了。

以后每天早上，中上，晚上，我常常看見阿河挈著水壺來往；她的眼似乎總是望前看的。兩個禮拜匆匆地過去了。韋小姐忽然和我說，你別看阿河土，她的志气很好，她是個可怜的人。我和娘說，把我前年在家穿的那身棉襖褲給了她吧。我嫌那兩件衣服太花，給了她正好。娘先不肯，說她來了沒有几天；后來也肯了。今天拿出來讓她穿，正合式呢。我們教給她打絨繩鞋，她真聰明，一學就會了。她說拿到工錢，也要打一雙穿呢。我等几天再和娘說去。

“她這樣愛好！怪不得頭髮光得多了，原來都是你們教她的。好！你們盡教她講究，她將來怕不愿回家去呢。”大家都笑了。

舊新年是過去了。因為江浙的兵事，我們的學校",因為江浙的兵事我們的學校,一時還,yishihai,yi shi hai,TRUE,1:一是還 | 2:一是 | 3:意識 | 4:一時 | 5:一事 | 6:儀式 | 7:已是 | 8:一世 | 9:醫師 | 10:亦是,FALSE,,,,,
top10_missing,e8e6b2eef1525f26e44b8767,給亡婦,173,175,謙，日子真快，一眨眼你已經死了三個年頭了。這三年裡世事不知變化了多少回，但你未必注意這些個，我知道。你第一惦記的是你幾個孩子，第二便輪著我。孩子和我平分你的世界，你在日如此；你死後若還有知，想來還如此的。告訴你，我夏天回家來著：邁兒長得結實極了，比我高一個頭。閏兒父親說是最乖，可是沒有先前胖了。采芷和轉子都好。五兒全家誇她長得好看；卻在腿上生了,誇她長得好看卻在腿上生了,濕瘡,shichuang,shi chuang,TRUE,1:視窗 | 2:始創 | 3:十牀 | 4:石幢 | 5:石牀 | 6:使出 | 7:實處 | 8:事出 | 9:駛出 | 10:釋出,FALSE,,,,,
top10_missing,ee144a20fa7082b039a9747c,阿河,2704,2707,"我這一回寒假，因為養病，住到一家親戚的別墅里去。那別墅是在鄉下。前面偏左的地方，是一片淡藍的湖水，對岸環擁著不盡的青山。山的影子倒映在水里，越顯得清清朗朗的。水面常如鏡子一般。風起時，微有皺痕；像少女們皺她們的眉頭，過一會子就好了。湖的余勢束成一條小港，緩緩地不聲不響地流過別墅的門前。門前有一條小石橋，橋那邊盡是田畝。這邊沿岸一帶，相間地栽著桃樹和柳樹，春來當有一番熱鬧的夢。別墅外面繚繞著短短的竹篱，篱外是小小的路。里邊一座向南的樓，背后便倚著山。西邊是三間平屋，我便住在這里。院子里有兩塊草地，上面隨便放著兩三塊石頭。另外的隙地上，或羅列著盆栽，或种蒔著花草。篱邊還有几株枝干蟠曲的大樹，有一株几乎要伸到水里去了。

我的親戚韋君只有夫婦二人和一個女儿。她在外邊念書，這時也剛回到家里。她邀來三位同學，同到她家過這個寒假；兩位是親戚，一位是朋友。她們住著樓上的兩間屋子。韋君夫婦也住在樓上。樓下正中是客廳，常是閒著，西間是吃飯的地方；東間便是韋君的書房，我們談天，喝茶，看報，都在這里。我吃了飯，便是一個人，也要到這里來閒坐一回。我來的第二天，韋小姐告訴我，她母親要給她們找一個好好的女用人；長工阿齊說有一個表妹，母親叫他明天就帶來做做看呢。她似乎很高興的樣子，我只是不經意地答應。

平屋与樓屋之間，是一個小小的廚房。我住的是東面的屋子，從窗子里可以看見廚房里人的來往。這一天午飯前，我偶然向外看看，見一個面生的女用人，兩手提著兩把白鐵壺，正往廚房里走；韋家的李媽在她前面領著，不知在和她說甚么話。她的頭髮亂蓬蓬的，像冬天的枯草一樣。身上穿著鑲邊的黑布棉襖和夾褲，黑里已泛出黃色；棉襖長与膝齊，夾褲也直拖到腳背上。腳倒是雙天足，穿著尖頭的黑布鞋，后跟還帶著兩片同色的“葉拔儿”。想這就是阿齊帶來的女用人了；想完了就坐下看書。晚飯后，韋小姐告訴我，女用人來了，她的名字叫“阿河”。我說，“名字很好，只是人土些；還能做么？”她說，“別看她土，很聰明呢。”我說，“哦。”便接著看手中的報了。

以后每天早上，中上，晚上，我常常看見阿河挈著水壺來往；她的眼似乎總是望前看的。兩個禮拜匆匆地過去了。韋小姐忽然和我說，你別看阿河土，她的志气很好，她是個可怜的人。我和娘說，把我前年在家穿的那身棉襖褲給了她吧。我嫌那兩件衣服太花，給了她正好。娘先不肯，說她來了沒有几天；后來也肯了。今天拿出來讓她穿，正合式呢。我們教給她打絨繩鞋，她真聰明，一學就會了。她說拿到工錢，也要打一雙穿呢。我等几天再和娘說去。

“她這樣愛好！怪不得頭髮光得多了，原來都是你們教她的。好！你們盡教她講究，她將來怕不愿回家去呢。”大家都笑了。

舊新年是過去了。因為江浙的兵事，我們的學校一時還不能開學。我們大家都樂得在別墅里多住些日子。這時阿河如換了一個人。她穿著寶藍色挑著小花儿的布棉襖褲；腳下是嫩藍色毛繩鞋，鞋口還綴著兩個半藍半白的小絨球儿。我想這一定是她的小姐們給幫忙的。古語說得好，“人要衣裳馬要鞍”，阿河這一打扮，真有些楚楚可怜了。她的頭髮早已是刷得光光的，覆額的留海也梳得十分伏帖。一張小小的圓臉，如正開的桃李花；臉上并沒有笑，卻隱隱地含著春日的光輝，像花房里充了蜜一般。這在我几乎是一個奇跡；我現在是常站在窗前看她了。我覺得在深山里發見了一粒貓儿眼；這樣精純的貓儿眼，是我生平所僅見！我覺得我們相識已太長久，极愿和她說一句話——极平淡的話，一句也好。但我怎好平白地和她攀談呢？這樣郁郁了一禮拜。

這是元宵節的前一晚上。我吃了飯，在屋里坐了一會，覺得有些無聊，便信步走到那書房里。拿起報來，想再細看一回。忽然門鈕一響，阿河進來了。她手里拿著三四支顏色鉛筆；出乎意料地走近了我。她站在我面前了，靜靜地微笑著說：“白先生，你知道鉛筆刨在哪里？”一面將拿著的鉛筆給我看。我不自主地立起來，匆忙地應道，“在這里；”我用手指著南邊柱子。但我立刻覺得這是不夠的。我領她走近了柱子。這時我像閃電似地躊躇了一下，便說，“我…… 我……”她一聲不響地已將一支鉛筆交給我。我放進刨子里刨給她看。刨了兩下，便想交給她；但終于刨完了一支，交還了她。她接了筆略看一看，仍仰著臉向我。我窘极了。剎那間念頭轉了好几個圈子；到底硬著頭皮搭訕著說，“就這樣刨好了。”我赶緊向門外一瞥，就走回原處看報去。但我的頭剛低下，我的眼已抬起來了。于是遠遠地從容地問道，“你會么？”她不曾掉過頭來，只“嚶”了一聲，也不說話。我看了她背影一會。覺得應該低下頭了。等我再抬起頭來時，她已默默地向外走了。她似乎總是望前看的；我想再問她一句話，但終于不曾出口。我撇下了報，站起來走了一會，便回到自己屋里。

我一直想著些什么，但什么也沒有想出。

第二天早上看見她往廚房里走時，我發愿我的眼將老跟著她的影子！她的影子真好。她那几步路走得又敏捷，又勻稱，又苗條，正如一只可愛的小貓。她兩手各提著一只水壺，又令我想到在一條細細的索儿上抖擻精神走著的女子。這全由于她的腰；她的腰真太軟了，用白水的話說，真是軟到使我如吃蘇州的牛皮糖一樣。不止她的腰，我的日記里說得好：“她有一套和云霞比美，水月爭靈的曲線，織成大大的一張迷惑的网！”而那兩頰的曲線，尤其甜蜜可人。她兩頰是白中透著微紅，潤澤如玉。她的皮膚，嫩得可以掐出水來；我的日記里說，“我很想去掐她一下呀！”她的眼像一雙小燕子，老是在灩灩的春水上打著圈儿。她的笑最使我記住，像一朵花漂浮在我的腦海里。我不是說過，她的小圓臉像正開的桃花么？那么，她微笑的時候，便是盛開的時候了：花房里充滿了蜜，真如要流出來的樣子。她的髮不甚厚，但黑而有光，柔軟而滑，如純絲一般。只可惜我不曾聞著一些儿香。唉！從前我在窗前看她好多次，所得的真太少了；若不是昨晚一見，——雖只几分鐘——我真太對不起這樣一個人儿了。

午飯后，韋君照例地睡午覺去了，只有我，韋小姐和其他三位小姐在書房里。我有意無意地談起阿河的事。我說：

“你們怎知道她的志气好呢？”

“那天我們教給她打絨繩鞋；”一位蔡小姐便答道，“看她很聰明，就問她為甚么不念書？她被我們一問，就傷心起來了。……”

“是的，”韋小姐笑著搶了說，“后來還哭了呢；還有一位傻子陪她淌眼淚呢。”

那邊黃小姐可急了，走過來推了她一下。蔡小姐忙攔住道，“人家說正經話，你們盡鬧著玩儿！讓我說完了呀——”“我代你說啵，”韋小姐仍搶著說，“——她說她只有一個爹，沒有娘。嫁了一個男人，倒有三十多歲，土頭土腦的，臉上滿是包！他是李媽的鄰舍，我還看見過呢。……”“好了，底下我說吧。”蔡小姐接著道，“她男人又不要好，",小姐接著道她男人又不要好,盡愛賭,jinaidu,jin ai du,FALSE,1:緊挨都 | 2:緊挨 | 3:擠奶 | 4:矜哀 | 5:進 | 6:金 | 7:近 | 8:僅 | 9:緊 | 10:盡,FALSE,,,,,
top10_missing,693801811e81715cfdac25ef,荷塘月色,1270,1273,"這幾天心裏頗不寧靜。今晚在院子裏坐着乘涼，忽然想起日日走過的荷塘，在這滿月的光裏，總該另有一番樣子吧。月亮漸漸地升高了，牆外馬路上孩子們的歡笑，已經聽不見了；妻在屋裏拍着閏兒，迷迷糊糊地哼着眠歌。我悄悄地披了大衫，帶上門出去。

沿着荷塘，是一條曲折的小煤屑路。這是一條幽僻的路；白天也少人走，夜晚更加寂寞。荷塘四面，長着許多樹，蓊蓊鬱鬱的。路的一旁，是些楊柳，和一些不知道名字的樹。沒有月光的晚上，這路上陰森森的，有些怕人。今晚卻很好，雖然月光也還是淡淡的。

路上只我一個人，背着手踱着。這一片天地好像是我的；我也像超出了平常的自己，到了另一世界裏。我愛熱鬧，也愛冷靜；愛羣居，也愛獨處。像今晚上，一個人在這蒼茫的月下，什麽都可以想，什麽都可以不想，便覺是個自由的人。白天裏一定要做的事，一定要說的話，現在都可不理。這是獨處的妙處，我且受用這無邊的荷香月色好了。

曲曲折折的荷塘上面，彌望的是田田的葉子。葉子出水很高，像亭亭的舞女的裙。層層的葉子中間，零星地點綴着些白花，有嬝娜地開着的，有羞澀地打着朶兒的；正如一粒粒的明珠，又如碧天裏的星星，又如剛出浴的美人。微風過處，送來縷縷清淸香，彷彿遠處高樓上渺茫的歌聲似的。這時候葉子與花也有一絲的顫動，像閃電般，霎時傳過荷塘的那邊去了。葉子本是肩並肩密密地挨着，這便宛然有了一道凝碧的波痕。葉子底下是脈脈的流水，遮住了，不能見一些顏色；而葉子卻更見風致了。

月光如流水一般，靜靜地瀉在這一片葉子和花上。薄薄的靑霧浮起在荷塘裏。葉子和花彷彿在牛乳中洗過一樣；又像籠着輕紗的夢。雖然是滿月，天上卻有一層淡淡的雲，所以不能朗照；但我以爲這恰是到了好處——酣眠固不可少，小睡也別有風味的。月光是隔了樹照過來的，高處叢生的灌木，落下參差的斑駁的黑影，峭楞楞如鬼一般；彎彎的楊柳的稀疏的倩影，卻又像是畫在荷葉上。塘中的月色並不均勻；但光與影有着和諧的旋律，如梵婀玲上奏着的名曲。

荷塘的四面，遠遠近近，高高低低都是樹，而楊柳最多。這些樹將一片荷塘重重圍住；只在小路一旁，漏着幾段空隙，像是特爲月光留下的。樹色一例是陰陰的，乍看像一團煙霧；但楊柳的丰姿，便在煙霧裏也辨得出。樹梢上隱隱約約的是一帶遠山，只有些大意罷了。樹縫裏也漏着一兩點路燈光，沒精打彩的，是渴睡人的眼。這時候最熱鬧的，要數樹上的蟬聲與水裏的蛙聲；但熱鬧是牠們的，我什麽也沒有。

忽然想起采蓮的事情來了。采蓮是江南的舊俗，似乎很早就有，而六朝時爲盛；從詩歌裏可以約略知道。采蓮的是少年的女子，她們是蕩着小船，唱着豔歌去的。采蓮人不用說很多，還有看采蓮的人。那是一個熱鬧的季節，也是一個風流的季節。梁元帝采蓮賦裏說得好：

於是妖童媛女，蕩舟心許；鷁首徐迴，兼傳羽杯；櫂將移而藻挂，船欲動而萍開。爾其纖腰束素，遷延顧步；夏始春餘，葉嫩花初，恐沾裳而淺笑，畏傾船而斂裾。

可見當時嬉游的光景了。這眞是有趣的事，可惜我們現在早已無福消受了。

於是又記起西洲曲裏的句子：

采蓮南塘秋，蓮花過人頭；低頭弄蓮子，蓮子淸如水。

今晚若有",弄蓮子蓮子淸如水今晚若有,采蓮人,cailianren,cai lian ren,FALSE,1:才戀人 | 2:採蓮 | 3:彩練 | 4:財力 | 5:彩禮 | 6:財利 | 7:才力 | 8:財禮 | 9:才 | 10:菜,FALSE,,,,,
top10_missing,c1278207b98f8d3b1a275a7e,阿河,2212,2214,"我這一回寒假，因為養病，住到一家親戚的別墅里去。那別墅是在鄉下。前面偏左的地方，是一片淡藍的湖水，對岸環擁著不盡的青山。山的影子倒映在水里，越顯得清清朗朗的。水面常如鏡子一般。風起時，微有皺痕；像少女們皺她們的眉頭，過一會子就好了。湖的余勢束成一條小港，緩緩地不聲不響地流過別墅的門前。門前有一條小石橋，橋那邊盡是田畝。這邊沿岸一帶，相間地栽著桃樹和柳樹，春來當有一番熱鬧的夢。別墅外面繚繞著短短的竹篱，篱外是小小的路。里邊一座向南的樓，背后便倚著山。西邊是三間平屋，我便住在這里。院子里有兩塊草地，上面隨便放著兩三塊石頭。另外的隙地上，或羅列著盆栽，或种蒔著花草。篱邊還有几株枝干蟠曲的大樹，有一株几乎要伸到水里去了。

我的親戚韋君只有夫婦二人和一個女儿。她在外邊念書，這時也剛回到家里。她邀來三位同學，同到她家過這個寒假；兩位是親戚，一位是朋友。她們住著樓上的兩間屋子。韋君夫婦也住在樓上。樓下正中是客廳，常是閒著，西間是吃飯的地方；東間便是韋君的書房，我們談天，喝茶，看報，都在這里。我吃了飯，便是一個人，也要到這里來閒坐一回。我來的第二天，韋小姐告訴我，她母親要給她們找一個好好的女用人；長工阿齊說有一個表妹，母親叫他明天就帶來做做看呢。她似乎很高興的樣子，我只是不經意地答應。

平屋与樓屋之間，是一個小小的廚房。我住的是東面的屋子，從窗子里可以看見廚房里人的來往。這一天午飯前，我偶然向外看看，見一個面生的女用人，兩手提著兩把白鐵壺，正往廚房里走；韋家的李媽在她前面領著，不知在和她說甚么話。她的頭髮亂蓬蓬的，像冬天的枯草一樣。身上穿著鑲邊的黑布棉襖和夾褲，黑里已泛出黃色；棉襖長与膝齊，夾褲也直拖到腳背上。腳倒是雙天足，穿著尖頭的黑布鞋，后跟還帶著兩片同色的“葉拔儿”。想這就是阿齊帶來的女用人了；想完了就坐下看書。晚飯后，韋小姐告訴我，女用人來了，她的名字叫“阿河”。我說，“名字很好，只是人土些；還能做么？”她說，“別看她土，很聰明呢。”我說，“哦。”便接著看手中的報了。

以后每天早上，中上，晚上，我常常看見阿河挈著水壺來往；她的眼似乎總是望前看的。兩個禮拜匆匆地過去了。韋小姐忽然和我說，你別看阿河土，她的志气很好，她是個可怜的人。我和娘說，把我前年在家穿的那身棉襖褲給了她吧。我嫌那兩件衣服太花，給了她正好。娘先不肯，說她來了沒有几天；后來也肯了。今天拿出來讓她穿，正合式呢。我們教給她打絨繩鞋，她真聰明，一學就會了。她說拿到工錢，也要打一雙穿呢。我等几天再和娘說去。

“她這樣愛好！怪不得頭髮光得多了，原來都是你們教她的。好！你們盡教她講究，她將來怕不愿回家去呢。”大家都笑了。

舊新年是過去了。因為江浙的兵事，我們的學校一時還不能開學。我們大家都樂得在別墅里多住些日子。這時阿河如換了一個人。她穿著寶藍色挑著小花儿的布棉襖褲；腳下是嫩藍色毛繩鞋，鞋口還綴著兩個半藍半白的小絨球儿。我想這一定是她的小姐們給幫忙的。古語說得好，“人要衣裳馬要鞍”，阿河這一打扮，真有些楚楚可怜了。她的頭髮早已是刷得光光的，覆額的留海也梳得十分伏帖。一張小小的圓臉，如正開的桃李花；臉上并沒有笑，卻隱隱地含著春日的光輝，像花房里充了蜜一般。這在我几乎是一個奇跡；我現在是常站在窗前看她了。我覺得在深山里發見了一粒貓儿眼；這樣精純的貓儿眼，是我生平所僅見！我覺得我們相識已太長久，极愿和她說一句話——极平淡的話，一句也好。但我怎好平白地和她攀談呢？這樣郁郁了一禮拜。

這是元宵節的前一晚上。我吃了飯，在屋里坐了一會，覺得有些無聊，便信步走到那書房里。拿起報來，想再細看一回。忽然門鈕一響，阿河進來了。她手里拿著三四支顏色鉛筆；出乎意料地走近了我。她站在我面前了，靜靜地微笑著說：“白先生，你知道鉛筆刨在哪里？”一面將拿著的鉛筆給我看。我不自主地立起來，匆忙地應道，“在這里；”我用手指著南邊柱子。但我立刻覺得這是不夠的。我領她走近了柱子。這時我像閃電似地躊躇了一下，便說，“我…… 我……”她一聲不響地已將一支鉛筆交給我。我放進刨子里刨給她看。刨了兩下，便想交給她；但終于刨完了一支，交還了她。她接了筆略看一看，仍仰著臉向我。我窘极了。剎那間念頭轉了好几個圈子；到底硬著頭皮搭訕著說，“就這樣刨好了。”我赶緊向門外一瞥，就走回原處看報去。但我的頭剛低下，我的眼已抬起來了。于是遠遠地從容地問道，“你會么？”她不曾掉過頭來，只“嚶”了一聲，也不說話。我看了她背影一會。覺得應該低下頭了。等我再抬起頭來時，她已默默地向外走了。她似乎總是望前看的；我想再問她一句話，但終于不曾出口。我撇下了報，站起來走了一會，便回到自己屋里。

我一直想著些什么，但什么也沒有想出。

第二天早上看見她往廚房里走時，我發愿我的眼將老跟著她的影子！她的影子真好。她那几步路走得又敏捷，又勻稱，又苗條，正如一只可愛的小貓。她兩手各提著一只水壺，又令我想到在一條細細的索儿上抖擻精神走著的女子。這全由于她的腰；她的腰真太軟了，用白水的話說，真是軟到使我如吃蘇州的牛皮糖一樣。不止她的腰，我的日記里說得好：“她有一套和云霞比美，水月爭靈的曲線，織成大大的一張迷惑的网！”而那兩頰的曲線，尤其甜蜜可人。她兩頰是白中透著微紅，潤澤如玉。她的皮膚，嫩得可以掐出水來；我的日記里說，“我很想去掐她一下呀！”她的眼像一雙小燕子，老是在灩灩的春水上打著",子老是在灩灩的春水上打著,圈儿,quaner,quan er,TRUE,1:圈兒 | 2:全 | 3:權 | 4:圈 | 5:勸 | 6:泉 | 7:犬 | 8:拳 | 9:券 | 10:荃,FALSE,,,,,
top10_missing,5bf22f454ac7d058df414d6e,槳聲燈影裏的秦淮河,2641,2643,"一九二三年八月的一晚，我和平伯同遊秦淮河；平伯是初泛，我是重來了。我們雇了一隻「七板子」，在夕陽已去、皎月方來的時候，便下了船。於是槳聲汩汩，我們開始領略那晃蕩著薔薇色的歷史的秦淮河的滋味了。

秦淮河裏的船，比北京万生園、頤和園的船好，比西湖的船好，比揚州瘦西湖的船也好。這幾處的船不是覺著笨，就是覺著簡陋、局促；都不能引起乘客們的情韻，如秦淮河的船一樣。秦淮河的船約略可分為兩種：一是大船；一是小船，就是所謂「七板子」。大船艙口闊大，可容二三十人。裏面陳設著字畫和光潔的紅木家具，桌上一律嵌著冰涼的大理石面。窗格雕鏤頗細，使人起柔膩之感。窗格里映著紅色藍色的玻璃；玻璃上有精緻的花紋，也頗悅人目。「七板子」規模雖不及大船，但那淡藍色的欄杆，空敞的艙，也足繫人情思。而最出色處卻在它的艙前。艙前是甲板上的一部，上面有弧形的頂，兩邊用疏疏的欄杆支著。裏面通常放著兩張藤的躺椅。躺下，可以談天，可以望遠，可以顧盼兩岸的河房。大船上也有這個，但在小船上更覺清雋罷了。艙前的頂下，一律懸著燈彩；燈的多少、明暗，彩蘇的精粗、艷晦，是不一的，但好歹總還你一個燈彩。這燈彩實在是最能勾人的東西。夜幕垂垂地下來時，大小船上都點起燈火。從兩重玻璃裏映出那輻射著的黃黃的散光，反暈出一片朦朧的煙靄；透過這煙靄，在黯黯的水波里，又逗起縷縷的明漪。在這薄靄和微漪裏，聽著那悠然的間歇的槳聲，誰能不被引入他的美夢去呢？只愁夢太多了，這些大小船兒如何載得起呀？我們這時模模糊糊的談著明末的秦淮河的艷跡，如《桃花扇》及《板橋雜記》裏所載的。我們真神往了。我們彷彿親見那時華燈映水，畫舫凌波的光景了。於是我們的船便成了歷史的重載了。我們終於恍然秦淮河的船所以雅麗過於他處，而又有奇異的吸引力的，實在是許多歷史的影像使然了。

秦淮河的水是碧陰陰的；看起來厚而不膩，或者是六朝金粉所凝麼？我們初上船的時候，天色還未斷黑，那漾漾的柔波是這樣恬靜、委婉，使我們一面有水闊天空之想，一面又憧憬著紙醉金迷之境了。等到燈火明時，陰陰的變為沈沉了：黯淡的水光，像夢一般；那偶然閃爍著的光芒，就是夢的眼睛了。我們坐在艙前，因了那隆起的頂棚，彷彿總是昂著首向前走著似的；於是飄飄然如御風而行的我們，看著那些自在的灣泊著的船，船裏走馬燈般的人物，便像是下界一般，迢迢的遠了，又像在霧裏看花，盡朦朦朧朧的。這時我們已過了利涉橋，望見東關頭了。沿路聽見斷續的歌聲：有從沿河的妓樓飄來的，有從河上船裏渡來的。我們明知那些歌聲，只是些因襲的言詞，從生澀的歌喉裏機械的發出來的；但它們經了夏夜的微風的吹漾和水波的搖拂，嬝娜著到我們耳邊的時候，已經不單是她們的歌聲，而混著微風和河水的密語了。於是我們不得不被牽惹著，震撼著，相與浮沉於這歌聲裏了。從東關頭轉彎，不久就到大中橋。大中橋共有三個橋拱，都很闊大，儼然是三座門兒；使我們覺得我們的船和船裏的我們，在橋下過去時，真是太無顏色了。橋磚是深褐色，表明它的歷史的長久；但都完好無缺，令人太息於古昔工程的堅美。橋上兩旁都是木壁的房子，中間應該有街路。這些房子都破舊了，多年煙熏的跡，遮沒了當年的美麗。我想像秦淮河的極盛時，在這樣宏闊的橋上，特地蓋了房子，必然是髹漆得富富麗麗的；晚間必然是燈火通明的，現在卻只剩下一片黑沉沉！但是橋上造著房子，畢竟使我們多少可以想見往日的繁華；這也慰情聊勝無了。過了大中橋，便到了燈月交輝、笙歌徹夜的秦淮河，這才是秦淮河的真面目哩。

大中橋外，頓然空闊，和橋內兩岸排著密密的人家的景像大異了。一眼望去，疏疏的林，淡淡的月，襯著蔚藍的天，頗像荒江野渡光景；那邊呢，鬱叢叢的，陰森森的，又似乎藏著無邊的黑暗，令人幾乎不信那是繁華的秦淮河了。但是河中眩暈著的燈光，縱橫著的畫舫，悠揚著的笛韻，夾著那吱吱的胡琴聲，終於使我們認識綠如茵陳酒的秦淮水了。此地天裸露著的多些，故覺夜來的獨遲些；從清清的水影裏，我們感到的只是薄薄的夜——這正是秦淮河的夜。大中橋外，本來還有一座復成橋，是船夫口中的我們的遊踪盡處，或也是秦淮河繁華的盡處了。我的腳曾踏過復成橋的脊，在十三四歲的時候。但是兩次遊秦淮河，卻都不曾見著復成橋的面；明知總在前途的，卻常覺得有些虛無縹緲似的。我想，不見倒也好。這時正是盛夏。我們下船後，藉著新生的晚涼和河上的微風，暑氣已漸漸消散；到了此地，豁然開朗，身子頓然輕了——習習的清風荏苒在面上、手上、衣上，這便又感到了一縷新涼了。南京的日光，大概沒有杭州猛烈；西湖的夏夜老是熱蓬蓬的，水像沸著一般，秦淮河的水卻盡是這樣冷冷地綠著。任你人影的憧憧，歌聲的擾擾，總像隔著一層薄薄的綠紗面冪似的；它盡是這樣靜靜的、冷冷的綠著。我們出了大中橋，走不上半里路，船夫便將船劃到一旁，停了槳由它宕著。他以為那裏正是繁華的極點，再過去就是荒涼了；所以讓我們多多賞鑑一會兒。他自己卻靜靜的蹲著。他是看慣這光景的了，大約只是一個無可無不可。這無可無不可，無論是升的沉的，總之，都比我們高了。

那時河裏鬧熱極了；船大半泊著，小半在水上穿梭似的來往。停泊著的都在近市的那一邊，我們的船自然也夾在其中。因為這邊略略的擠，便覺得那邊十分的疏了。在每一隻船從那邊過去時，我們能畫出它的輕輕的影和曲曲的波，在我們的心上；這顯著是空，且顯著是靜了。那時處處都是歌聲和淒厲的胡琴聲，圓潤的喉嚨，確乎是很少的。但那生澀的，尖脆的調子能使人有少年的，粗率不拘的感覺，也正可快我們的意。況且多少隔開些兒聽著，因為想像與渴慕的做美，總覺更有滋味；而竟發的喧囂，抑揚的不齊，遠近的雜沓，和樂器的嘈嘈切切，合成另一意味的諧音，也使我們無所適從，如隨著大風而走。這實在因為我們的心枯澀久了，變為脆弱；故偶然潤澤一下，便瘋狂似的不能自主了，但秦淮河確也膩人。即如船裏的人面，無論是和我們一堆儿泊著的，無論是從我們眼前過去的，總是模模糊糊的，甚至渺渺茫茫的；任你張圓了眼睛，揩淨了眥垢，也是枉然，這真夠人想呢。在我們停泊的地方，燈光原是紛然的；不過這些燈光都是黃而有暈的。黃已經不能明了，再加上了暈，便更不成了。燈愈多，暈就愈甚；在繁星般的黃的交錯裏，秦淮河彷彿籠上了一團光霧。光芒與霧氣騰騰的暈著，什麼都只剩了輪廓了；所以人面的詳細的曲線，便消失於我們的眼底了。但燈光究竟奪不了那邊的月色；燈光是渾的，月色是清的。在渾沌的燈光裏，滲入一派清輝，卻真是奇蹟！那晚月兒已瘦削了兩三分。她晚妝才罷，盈盈的上了柳梢頭。",晚妝才罷盈盈的上了柳梢頭,天是,tianshi,tian shi,TRUE,1:天使 | 2:甜食 | 3:天時 | 4:天師 | 5:舔食 | 6:恬適 | 7:舔舐 | 8:填實 | 9:舔拭 | 10:堤岸市,FALSE,,,,,
top10_missing,c905436334b775f6f79d3174,阿河,4491,4493,"我這一回寒假，因為養病，住到一家親戚的別墅里去。那別墅是在鄉下。前面偏左的地方，是一片淡藍的湖水，對岸環擁著不盡的青山。山的影子倒映在水里，越顯得清清朗朗的。水面常如鏡子一般。風起時，微有皺痕；像少女們皺她們的眉頭，過一會子就好了。湖的余勢束成一條小港，緩緩地不聲不響地流過別墅的門前。門前有一條小石橋，橋那邊盡是田畝。這邊沿岸一帶，相間地栽著桃樹和柳樹，春來當有一番熱鬧的夢。別墅外面繚繞著短短的竹篱，篱外是小小的路。里邊一座向南的樓，背后便倚著山。西邊是三間平屋，我便住在這里。院子里有兩塊草地，上面隨便放著兩三塊石頭。另外的隙地上，或羅列著盆栽，或种蒔著花草。篱邊還有几株枝干蟠曲的大樹，有一株几乎要伸到水里去了。

我的親戚韋君只有夫婦二人和一個女儿。她在外邊念書，這時也剛回到家里。她邀來三位同學，同到她家過這個寒假；兩位是親戚，一位是朋友。她們住著樓上的兩間屋子。韋君夫婦也住在樓上。樓下正中是客廳，常是閒著，西間是吃飯的地方；東間便是韋君的書房，我們談天，喝茶，看報，都在這里。我吃了飯，便是一個人，也要到這里來閒坐一回。我來的第二天，韋小姐告訴我，她母親要給她們找一個好好的女用人；長工阿齊說有一個表妹，母親叫他明天就帶來做做看呢。她似乎很高興的樣子，我只是不經意地答應。

平屋与樓屋之間，是一個小小的廚房。我住的是東面的屋子，從窗子里可以看見廚房里人的來往。這一天午飯前，我偶然向外看看，見一個面生的女用人，兩手提著兩把白鐵壺，正往廚房里走；韋家的李媽在她前面領著，不知在和她說甚么話。她的頭髮亂蓬蓬的，像冬天的枯草一樣。身上穿著鑲邊的黑布棉襖和夾褲，黑里已泛出黃色；棉襖長与膝齊，夾褲也直拖到腳背上。腳倒是雙天足，穿著尖頭的黑布鞋，后跟還帶著兩片同色的“葉拔儿”。想這就是阿齊帶來的女用人了；想完了就坐下看書。晚飯后，韋小姐告訴我，女用人來了，她的名字叫“阿河”。我說，“名字很好，只是人土些；還能做么？”她說，“別看她土，很聰明呢。”我說，“哦。”便接著看手中的報了。

以后每天早上，中上，晚上，我常常看見阿河挈著水壺來往；她的眼似乎總是望前看的。兩個禮拜匆匆地過去了。韋小姐忽然和我說，你別看阿河土，她的志气很好，她是個可怜的人。我和娘說，把我前年在家穿的那身棉襖褲給了她吧。我嫌那兩件衣服太花，給了她正好。娘先不肯，說她來了沒有几天；后來也肯了。今天拿出來讓她穿，正合式呢。我們教給她打絨繩鞋，她真聰明，一學就會了。她說拿到工錢，也要打一雙穿呢。我等几天再和娘說去。

“她這樣愛好！怪不得頭髮光得多了，原來都是你們教她的。好！你們盡教她講究，她將來怕不愿回家去呢。”大家都笑了。

舊新年是過去了。因為江浙的兵事，我們的學校一時還不能開學。我們大家都樂得在別墅里多住些日子。這時阿河如換了一個人。她穿著寶藍色挑著小花儿的布棉襖褲；腳下是嫩藍色毛繩鞋，鞋口還綴著兩個半藍半白的小絨球儿。我想這一定是她的小姐們給幫忙的。古語說得好，“人要衣裳馬要鞍”，阿河這一打扮，真有些楚楚可怜了。她的頭髮早已是刷得光光的，覆額的留海也梳得十分伏帖。一張小小的圓臉，如正開的桃李花；臉上并沒有笑，卻隱隱地含著春日的光輝，像花房里充了蜜一般。這在我几乎是一個奇跡；我現在是常站在窗前看她了。我覺得在深山里發見了一粒貓儿眼；這樣精純的貓儿眼，是我生平所僅見！我覺得我們相識已太長久，极愿和她說一句話——极平淡的話，一句也好。但我怎好平白地和她攀談呢？這樣郁郁了一禮拜。

這是元宵節的前一晚上。我吃了飯，在屋里坐了一會，覺得有些無聊，便信步走到那書房里。拿起報來，想再細看一回。忽然門鈕一響，阿河進來了。她手里拿著三四支顏色鉛筆；出乎意料地走近了我。她站在我面前了，靜靜地微笑著說：“白先生，你知道鉛筆刨在哪里？”一面將拿著的鉛筆給我看。我不自主地立起來，匆忙地應道，“在這里；”我用手指著南邊柱子。但我立刻覺得這是不夠的。我領她走近了柱子。這時我像閃電似地躊躇了一下，便說，“我…… 我……”她一聲不響地已將一支鉛筆交給我。我放進刨子里刨給她看。刨了兩下，便想交給她；但終于刨完了一支，交還了她。她接了筆略看一看，仍仰著臉向我。我窘极了。剎那間念頭轉了好几個圈子；到底硬著頭皮搭訕著說，“就這樣刨好了。”我赶緊向門外一瞥，就走回原處看報去。但我的頭剛低下，我的眼已抬起來了。于是遠遠地從容地問道，“你會么？”她不曾掉過頭來，只“嚶”了一聲，也不說話。我看了她背影一會。覺得應該低下頭了。等我再抬起頭來時，她已默默地向外走了。她似乎總是望前看的；我想再問她一句話，但終于不曾出口。我撇下了報，站起來走了一會，便回到自己屋里。

我一直想著些什么，但什么也沒有想出。

第二天早上看見她往廚房里走時，我發愿我的眼將老跟著她的影子！她的影子真好。她那几步路走得又敏捷，又勻稱，又苗條，正如一只可愛的小貓。她兩手各提著一只水壺，又令我想到在一條細細的索儿上抖擻精神走著的女子。這全由于她的腰；她的腰真太軟了，用白水的話說，真是軟到使我如吃蘇州的牛皮糖一樣。不止她的腰，我的日記里說得好：“她有一套和云霞比美，水月爭靈的曲線，織成大大的一張迷惑的网！”而那兩頰的曲線，尤其甜蜜可人。她兩頰是白中透著微紅，潤澤如玉。她的皮膚，嫩得可以掐出水來；我的日記里說，“我很想去掐她一下呀！”她的眼像一雙小燕子，老是在灩灩的春水上打著圈儿。她的笑最使我記住，像一朵花漂浮在我的腦海里。我不是說過，她的小圓臉像正開的桃花么？那么，她微笑的時候，便是盛開的時候了：花房里充滿了蜜，真如要流出來的樣子。她的髮不甚厚，但黑而有光，柔軟而滑，如純絲一般。只可惜我不曾聞著一些儿香。唉！從前我在窗前看她好多次，所得的真太少了；若不是昨晚一見，——雖只几分鐘——我真太對不起這樣一個人儿了。

午飯后，韋君照例地睡午覺去了，只有我，韋小姐和其他三位小姐在書房里。我有意無意地談起阿河的事。我說：

“你們怎知道她的志气好呢？”

“那天我們教給她打絨繩鞋；”一位蔡小姐便答道，“看她很聰明，就問她為甚么不念書？她被我們一問，就傷心起來了。……”

“是的，”韋小姐笑著搶了說，“后來還哭了呢；還有一位傻子陪她淌眼淚呢。”

那邊黃小姐可急了，走過來推了她一下。蔡小姐忙攔住道，“人家說正經話，你們盡鬧著玩儿！讓我說完了呀——”“我代你說啵，”韋小姐仍搶著說，“——她說她只有一個爹，沒有娘。嫁了一個男人，倒有三十多歲，土頭土腦的，臉上滿是包！他是李媽的鄰舍，我還看見過呢。……”“好了，底下我說吧。”蔡小姐接著道，“她男人又不要好，盡愛賭錢；她一气，就住到娘家來，有一年多不回去了。”

“她今年几歲？”我問。

“十七不知十八？前年出嫁的，几個月就回家了，”蔡小姐說。

“不，十八，我知道，”韋小姐改正道。

“哦。你們可曾勸她离婚？”

“怎么不勸；”韋小姐應道，“她說十八回去吃她表哥的喜酒，要和她的爹去說呢。”

“你們教她的好事，該當何罪！”我笑了。

她們也都笑了。

十九的早上，我正在屋里看書，听見外面有嚷嚷的聲音；這是從來沒有的。我立刻走出來看；只見門外有兩個鄉下人要走進來，卻給阿齊攔住。他們只是央告，阿齊只是不肯。這時韋君已走出院中，向他們道，

“你們回去吧。人在我這里，不要緊的。快回去，不要瞎吵！”

兩個人面面相覷，說不出一句話；俄延了一會，只好走了。我問韋君什么事？他說，

“阿河囉！還不是瞎吵一回子。”

我想他于男女的事向來是懶得說的，還是回頭問他小姐的好；我們便談到別的事情上去。

吃了飯，我赶緊問韋小姐，她說，

“她是告訴娘的，你問娘去。”

我想這件事有些尷尬，便到西間里問韋太太；她正看著李媽收拾碗碟呢。她見我問，便笑著說，

“你要問這些事做什么？她昨天回去，原是借了阿桂的衣裳穿了去的，打扮得嬌滴滴的，也難怪，被她男人看見了，便約了些不相干的人，將她搶回去過了一夜。今天早上，她騙她男人，說要到此地來拿行李。她男人就會信她，派了兩個人跟著。那知她到了這里，便叫阿齊攔著那跟來的人；她自己便跪在我面前哭訴，說死也不愿回她男人家去。你說我有什么法子。只好讓那跟來的人先回去再說。好在沒有几天，她們要上學了，我將來交給她的爹吧。唉，現在的人，心眼儿真是越過越大了；一個鄉下女人，也會鬧出這樣惊天動地的事了！”

“可不是，”李媽在旁插嘴道，“太太你不知道；我家三叔前儿來，我還听他說呢。我本不該說的，阿彌陀佛！太太，你想她不愿意回婆家，老愿意住在娘家，是什么道理？家里只有一個單身的老子；你想那該死的老畜生！他舍不得放她回去呀！”

“低些，真的么？”韋太太惊詫地問。

“他們說得千真万确的。我早就想告訴太太了，總有些疑心；今天看她的樣子，真有几分對呢。太太，你想現在還成什么世界！”

“這該不至于吧。”我淡淡地插了一句。

“少爺，你那里知道！”韋太太歎了一口气，“——好在沒有几天了，讓她快些走吧；別將我們的運气帶坏了。她的事，我們以后也別談吧。”

開學的通告來了，我定在二十八走。二十六的晚上，阿河忽然不到廚房里挈水了。韋小姐跑來低低地告訴我，“娘叫阿齊將阿河送回去了；我在樓上，都不知道呢。”我應了一聲，一句話也沒有說。正如每日有三頓飽飯吃的人，忽然絕了糧；卻又不能告訴一個人！而且我覺得她的前面是黑洞洞的，此去不定有什么好歹！那一夜我是沒有好好地睡，只翻來覆去地做夢，醒來卻又一例茫然。這樣昏昏沉沉地到了二十八早上，懶懶地向韋君夫婦和韋小姐告別而行，韋君夫婦堅約春假再來住，我只得含糊答應著。出門時，我很想回望廚房几眼；但許多人都站在門口送我，我怎好回頭呢？

到校一打听，老友陸已來了。我不及料理行李，便找著他，將阿河的事一五一十告訴他。他本是個好事的人；听我說時，時而皺眉，時而歎气，時而擦掌。听到她只十八歲時，他突然將舌頭一伸，跳起來道，

“可惜我早有了我那太太！要不然，我准得想法子娶她！”

“你娶她就好了；現在不知鹿死誰手呢？”

我倆默默相對了一會，陸忽然拍著桌子道，

“有了，老汪不是去年失了戀么？他現在還沒有主儿，何不給他倆撮合一下。”

我正要答說，他已出去了。過了一會子，他和汪來了，進門就嚷著說，

“我和他說，他不信；要問你呢！”

“事是有的，人呢，也真不錯。只是人家的事，我們憑什么去管！”我說。

“想法子呀！”陸嚷著。

“什么法子？你說！”

“好，你們盡和我開玩笑，我才不理會你們呢！”汪笑了。

我們几乎每天都要談到阿河，但誰也不曾認真去“想法子。”

一轉眼已到了春假。我再到韋君別墅的時候，水是綠綠的，桃腮柳眼，著意引人。我卻只惦著阿河，不知她怎么樣了。那時韋小姐已回來兩天。我背地里問她，她說，“奇得很！阿齊告訴我，說她二月間來求娘來了。她說她男人已死了心，不想她回去；只不肯白白地放掉她。他教她的爹拿出八十塊錢來，人就是她的爹的了；他自己也好另娶一房人。可是阿河說她的爹那有這些錢？她求娘",說她的爹那有這些錢她求娘,可怜,kelian,ke lian,TRUE,1:可憐 | 2:苛斂 | 3:科斂 | 4:顆粒 | 5:克里 | 6:克利 | 7:殼裏 | 8:克莉 | 9:柯里 | 10:峇里,FALSE,,,,,
top10_missing,9e70c953e267ad2c46216fb3,阿河,2395,2397,"我這一回寒假，因為養病，住到一家親戚的別墅里去。那別墅是在鄉下。前面偏左的地方，是一片淡藍的湖水，對岸環擁著不盡的青山。山的影子倒映在水里，越顯得清清朗朗的。水面常如鏡子一般。風起時，微有皺痕；像少女們皺她們的眉頭，過一會子就好了。湖的余勢束成一條小港，緩緩地不聲不響地流過別墅的門前。門前有一條小石橋，橋那邊盡是田畝。這邊沿岸一帶，相間地栽著桃樹和柳樹，春來當有一番熱鬧的夢。別墅外面繚繞著短短的竹篱，篱外是小小的路。里邊一座向南的樓，背后便倚著山。西邊是三間平屋，我便住在這里。院子里有兩塊草地，上面隨便放著兩三塊石頭。另外的隙地上，或羅列著盆栽，或种蒔著花草。篱邊還有几株枝干蟠曲的大樹，有一株几乎要伸到水里去了。

我的親戚韋君只有夫婦二人和一個女儿。她在外邊念書，這時也剛回到家里。她邀來三位同學，同到她家過這個寒假；兩位是親戚，一位是朋友。她們住著樓上的兩間屋子。韋君夫婦也住在樓上。樓下正中是客廳，常是閒著，西間是吃飯的地方；東間便是韋君的書房，我們談天，喝茶，看報，都在這里。我吃了飯，便是一個人，也要到這里來閒坐一回。我來的第二天，韋小姐告訴我，她母親要給她們找一個好好的女用人；長工阿齊說有一個表妹，母親叫他明天就帶來做做看呢。她似乎很高興的樣子，我只是不經意地答應。

平屋与樓屋之間，是一個小小的廚房。我住的是東面的屋子，從窗子里可以看見廚房里人的來往。這一天午飯前，我偶然向外看看，見一個面生的女用人，兩手提著兩把白鐵壺，正往廚房里走；韋家的李媽在她前面領著，不知在和她說甚么話。她的頭髮亂蓬蓬的，像冬天的枯草一樣。身上穿著鑲邊的黑布棉襖和夾褲，黑里已泛出黃色；棉襖長与膝齊，夾褲也直拖到腳背上。腳倒是雙天足，穿著尖頭的黑布鞋，后跟還帶著兩片同色的“葉拔儿”。想這就是阿齊帶來的女用人了；想完了就坐下看書。晚飯后，韋小姐告訴我，女用人來了，她的名字叫“阿河”。我說，“名字很好，只是人土些；還能做么？”她說，“別看她土，很聰明呢。”我說，“哦。”便接著看手中的報了。

以后每天早上，中上，晚上，我常常看見阿河挈著水壺來往；她的眼似乎總是望前看的。兩個禮拜匆匆地過去了。韋小姐忽然和我說，你別看阿河土，她的志气很好，她是個可怜的人。我和娘說，把我前年在家穿的那身棉襖褲給了她吧。我嫌那兩件衣服太花，給了她正好。娘先不肯，說她來了沒有几天；后來也肯了。今天拿出來讓她穿，正合式呢。我們教給她打絨繩鞋，她真聰明，一學就會了。她說拿到工錢，也要打一雙穿呢。我等几天再和娘說去。

“她這樣愛好！怪不得頭髮光得多了，原來都是你們教她的。好！你們盡教她講究，她將來怕不愿回家去呢。”大家都笑了。

舊新年是過去了。因為江浙的兵事，我們的學校一時還不能開學。我們大家都樂得在別墅里多住些日子。這時阿河如換了一個人。她穿著寶藍色挑著小花儿的布棉襖褲；腳下是嫩藍色毛繩鞋，鞋口還綴著兩個半藍半白的小絨球儿。我想這一定是她的小姐們給幫忙的。古語說得好，“人要衣裳馬要鞍”，阿河這一打扮，真有些楚楚可怜了。她的頭髮早已是刷得光光的，覆額的留海也梳得十分伏帖。一張小小的圓臉，如正開的桃李花；臉上并沒有笑，卻隱隱地含著春日的光輝，像花房里充了蜜一般。這在我几乎是一個奇跡；我現在是常站在窗前看她了。我覺得在深山里發見了一粒貓儿眼；這樣精純的貓儿眼，是我生平所僅見！我覺得我們相識已太長久，极愿和她說一句話——极平淡的話，一句也好。但我怎好平白地和她攀談呢？這樣郁郁了一禮拜。

這是元宵節的前一晚上。我吃了飯，在屋里坐了一會，覺得有些無聊，便信步走到那書房里。拿起報來，想再細看一回。忽然門鈕一響，阿河進來了。她手里拿著三四支顏色鉛筆；出乎意料地走近了我。她站在我面前了，靜靜地微笑著說：“白先生，你知道鉛筆刨在哪里？”一面將拿著的鉛筆給我看。我不自主地立起來，匆忙地應道，“在這里；”我用手指著南邊柱子。但我立刻覺得這是不夠的。我領她走近了柱子。這時我像閃電似地躊躇了一下，便說，“我…… 我……”她一聲不響地已將一支鉛筆交給我。我放進刨子里刨給她看。刨了兩下，便想交給她；但終于刨完了一支，交還了她。她接了筆略看一看，仍仰著臉向我。我窘极了。剎那間念頭轉了好几個圈子；到底硬著頭皮搭訕著說，“就這樣刨好了。”我赶緊向門外一瞥，就走回原處看報去。但我的頭剛低下，我的眼已抬起來了。于是遠遠地從容地問道，“你會么？”她不曾掉過頭來，只“嚶”了一聲，也不說話。我看了她背影一會。覺得應該低下頭了。等我再抬起頭來時，她已默默地向外走了。她似乎總是望前看的；我想再問她一句話，但終于不曾出口。我撇下了報，站起來走了一會，便回到自己屋里。

我一直想著些什么，但什么也沒有想出。

第二天早上看見她往廚房里走時，我發愿我的眼將老跟著她的影子！她的影子真好。她那几步路走得又敏捷，又勻稱，又苗條，正如一只可愛的小貓。她兩手各提著一只水壺，又令我想到在一條細細的索儿上抖擻精神走著的女子。這全由于她的腰；她的腰真太軟了，用白水的話說，真是軟到使我如吃蘇州的牛皮糖一樣。不止她的腰，我的日記里說得好：“她有一套和云霞比美，水月爭靈的曲線，織成大大的一張迷惑的网！”而那兩頰的曲線，尤其甜蜜可人。她兩頰是白中透著微紅，潤澤如玉。她的皮膚，嫩得可以掐出水來；我的日記里說，“我很想去掐她一下呀！”她的眼像一雙小燕子，老是在灩灩的春水上打著圈儿。她的笑最使我記住，像一朵花漂浮在我的腦海里。我不是說過，她的小圓臉像正開的桃花么？那么，她微笑的時候，便是盛開的時候了：花房里充滿了蜜，真如要流出來的樣子。她的髮不甚厚，但黑而有光，柔軟而滑，如純絲一般。只可惜我不曾聞著一些儿香。唉！從前我在窗前看她好多次，所得的真太少了；若不是昨晚一見，——雖只几分鐘——我真太對不起這樣一個人儿了。

午飯后，韋君照例地睡",人儿了午飯后韋君照例地睡,午覺,wujue,wu jue,TRUE,1:五角 | 2:五絕 | 3:無角 | 4:屋角 | 5:舞劇 | 6:五句 | 7:五局 | 8:無據 | 9:武舉 | 10:婺劇,FALSE,,,,,
top10_missing,4942326037b65afdf7cc5126,給亡婦,2180,2182,"謙，日子真快，一眨眼你已經死了三個年頭了。這三年裡世事不知變化了多少回，但你未必注意這些個，我知道。你第一惦記的是你幾個孩子，第二便輪著我。孩子和我平分你的世界，你在日如此；你死後若還有知，想來還如此的。告訴你，我夏天回家來著：邁兒長得結實極了，比我高一個頭。閏兒父親說是最乖，可是沒有先前胖了。采芷和轉子都好。五兒全家誇她長得好看；卻在腿上生了濕瘡，整天坐在竹床上不能下來，看了怪可憐的。六兒，我怎麼說好，你明白，你臨終時也和母親談過，這孩子是只可以養著玩兒的，他左挨右挨去年春天，到底沒有挨過去。這孩子生了幾個月，你的肺病就重起來了。我勸你少親近他，只監督著老媽子照管就行。你總是忍不住，一會兒提，一會兒抱的。可是你病中為他操的那一份兒心也夠瞧的。那一個夏天他病的時候多，你成天兒忙著，湯呀，藥呀，冷呀，暖呀，連覺也沒有好好兒睡過。那裡有一分一毫想著你自己。瞧著他硬朗點兒你就樂，乾枯的笑容在黃蠟般的臉上，我只有暗中歎氣而已。

從來想不到做母親的要像你這樣。從邁兒起，你總是自己喂乳，一連四個都這樣。你起初不知道按鐘點兒喂，後來知道了，卻又弄不慣；孩子們每夜裡幾次將你哭醒了，特別是悶熱的夏季。我瞧你的覺老沒睡足。白天裡還得做菜，照料孩子，很少得空兒。你的身子本來壞，四個孩子就累你七八年。到了第五個，你自己實在不成了，又沒乳，只好自己餵奶粉，另雇老媽子專管她。但孩子跟老媽子睡，你就沒有放過心；夜裡一聽見哭，就豎起耳朵聽，工夫一大就得過去看。十六年初，和你到北京來，將邁兒，轉子留在家裡；三年多還不能去接他們，可真把你惦記苦了。你並不常提，我卻明白。你後來說你的病就是惦記出來的；那個自然也有份兒，不過大半還是養育孩子累的。你的短短的十二年結婚生活，有十一年耗費在孩子們身上；而你一點不厭倦，有多少力量用多少，一直到自己毀滅為止。你對孩子一般兒愛，不問男的女的，大的小的。也不想到什麼“養兒防老，積穀防饑”，只拚命的愛去。你對於教育老實說有些外行，孩子們只要吃得好玩得好就成了。這也難怪你，你自己便是這樣長大的。況且孩子們原都還小，吃和玩本來也要緊的。你病重的時候最放不下的還是孩子。病的只剩皮包著骨頭了，總不信自己不會好；老說：“我死了，這一大群孩子可苦了。”後來說送你回家，你想著可以看見邁兒和轉子，也願意；你萬不想到會一走不返的。我送車的時候，你忍不住哭了，說：“還不知能不能再見？”可憐，你的心我知道，你滿想著好好兒帶著六個孩子回來見我的。謙，你那時一定這樣想，一定的。

除了孩子，你心裡只有我。不錯，那時你父親還在；可是你母親死了，他另有個女人，你老早就覺得隔了一層似的。出嫁後第一年你雖還一心一意依戀著他老人家，到第二年上我和孩子可就將你的心占住，你再沒有多少工夫惦記他了。你還記得第一年我在北京，你在家裡。家裡來信說你待不住，常回娘家去。我動氣了，馬上寫信責備你。你教人寫了一封復信，說家裡有事，不能不回去。這是你第一次也可以說第末次的抗議，我從此就沒給你寫信。暑假時帶了一肚子主意回去，但見了面，看你一臉笑，也就拉倒了。打這時候起，你漸漸從你父親的懷裡跑到我這兒。你換了金鐲子幫助我的學費，叫我以後還你；但直到你死，我沒有還你。你在我家受了許多氣，又因為我家的緣故受你家裡的氣，你都忍著。這全為的是我，我知道。那回我從家鄉一個中學半途辭職出走。家裡人諷你也走。哪裡走！只得硬著頭皮往你家去。那時你家像個冰窖子，你們在窖裡足足住了三個月。好容易我才將你們領出來了，一同上外省去。小家庭這樣組織起來了。你雖不是什麼闊小姐，可也是自小嬌生慣養的，做起主婦來，什麼都得幹一兩手；你居然做下去了，而且高高興興地做下去了。菜照例滿是你做，可是吃的都是我們；你至多夾上兩三筷子就算了。你的菜做得不壞，有一位老在行大大地誇獎過你。你洗衣服也不錯，夏天我的綢大褂大概總是你親自動手。你在家老不樂意閑著；坐前幾個“月子”，老是四五天就起床，說是躺著家裡事沒條沒理的。其實你起來也還不是沒條理；咱們家那麼多孩子，哪兒來條理？在浙江住的時候，逃過兩回兵難，我都在北平。真虧你領著母親和一群孩子東藏西躲的；末一回還要走多少里路，翻一道大嶺。這兩回差不多只靠你一個人。你不但帶了母親和孩子們，還帶了我一箱箱的書；你知道我是最愛書的。在短短的十二年裡，你操的心比人家一輩子還多；謙，你那樣身子怎麼經得住！你將我的責任一股腦兒擔負了去，壓死了你；我如何對得起你！

你為我的撈什子書也費了不少神；第一回讓你父親的男傭人從家鄉捎到上海去。他說了幾句閒話，你氣得在你父親面前哭了。第二回是帶著逃難，別人都說你傻子。你有你的想頭：“沒有書怎麼教書？況且他又愛這個玩意兒。”其實你沒有曉得，那些書丟了也並不可惜；不過教你怎麼曉得，我平常從來沒和你談過這些個！總而言之，你的心是可感謝的。這十二年裡你為我吃的苦真不少，可是沒有過幾天好日子。我們在一起住，算來也還不到五個年頭。無論日子怎麼壞，無論是離是合，你從來沒對我發過脾氣，連一句怨言也沒有。——別說怨我，就是怨命也沒有過。老實說，我的脾氣可不大好，遷怒的事兒有的是。那些時候你往往抽噎著流眼淚，從不回嘴，也不號啕。不過我也只信得過你一個人，有些話我只和你一個人說，因為世界上只你一個人真關心我，真同情我。你不但為我吃苦，",我真同情我你不但為我吃苦,更為,gengwei,geng wei,FALSE,1:更爲 | 2:鯁慰 | 3:更 | 4:庚 | 5:耿 | 6:耕 | 7:梗 | 8:羹 | 9:埂 | 10:哽,FALSE,,,,,
top10_missing,13c09d7459b27a28929e0b82,阿河,624,627,"我這一回寒假，因為養病，住到一家親戚的別墅里去。那別墅是在鄉下。前面偏左的地方，是一片淡藍的湖水，對岸環擁著不盡的青山。山的影子倒映在水里，越顯得清清朗朗的。水面常如鏡子一般。風起時，微有皺痕；像少女們皺她們的眉頭，過一會子就好了。湖的余勢束成一條小港，緩緩地不聲不響地流過別墅的門前。門前有一條小石橋，橋那邊盡是田畝。這邊沿岸一帶，相間地栽著桃樹和柳樹，春來當有一番熱鬧的夢。別墅外面繚繞著短短的竹篱，篱外是小小的路。里邊一座向南的樓，背后便倚著山。西邊是三間平屋，我便住在這里。院子里有兩塊草地，上面隨便放著兩三塊石頭。另外的隙地上，或羅列著盆栽，或种蒔著花草。篱邊還有几株枝干蟠曲的大樹，有一株几乎要伸到水里去了。

我的親戚韋君只有夫婦二人和一個女儿。她在外邊念書，這時也剛回到家里。她邀來三位同學，同到她家過這個寒假；兩位是親戚，一位是朋友。她們住著樓上的兩間屋子。韋君夫婦也住在樓上。樓下正中是客廳，常是閒著，西間是吃飯的地方；東間便是韋君的書房，我們談天，喝茶，看報，都在這里。我吃了飯，便是一個人，也要到這里來閒坐一回。我來的第二天，韋小姐告訴我，她母親要給她們找一個好好的女用人；長工阿齊說有一個表妹，母親叫他明天就帶來做做看呢。她似乎很高興的樣子，我只是不經意地答應。

平屋与樓屋之間，是一個小小的廚房。我住的是東面的屋子，從窗子里可以看見廚房里人的來往。這一天午飯前，我偶然向外看看，見一個面生的女用人，兩手提著兩把白鐵壺，",女用人兩手提著兩把白鐵壺,正往廚,zhengwangchu,zheng wang chu,FALSE,1:正王儲 | 2:正往 | 3:政網 | 4:正 | 5:整 | 6:證 | 7:鄭 | 8:掙 | 9:爭 | 10:症,FALSE,,,,,
top10_missing,7a81b78310542878f56a6c43,給亡婦,442,444,"謙，日子真快，一眨眼你已經死了三個年頭了。這三年裡世事不知變化了多少回，但你未必注意這些個，我知道。你第一惦記的是你幾個孩子，第二便輪著我。孩子和我平分你的世界，你在日如此；你死後若還有知，想來還如此的。告訴你，我夏天回家來著：邁兒長得結實極了，比我高一個頭。閏兒父親說是最乖，可是沒有先前胖了。采芷和轉子都好。五兒全家誇她長得好看；卻在腿上生了濕瘡，整天坐在竹床上不能下來，看了怪可憐的。六兒，我怎麼說好，你明白，你臨終時也和母親談過，這孩子是只可以養著玩兒的，他左挨右挨去年春天，到底沒有挨過去。這孩子生了幾個月，你的肺病就重起來了。我勸你少親近他，只監督著老媽子照管就行。你總是忍不住，一會兒提，一會兒抱的。可是你病中為他操的那一份兒心也夠瞧的。那一個夏天他病的時候多，你成天兒忙著，湯呀，藥呀，冷呀，暖呀，連覺也沒有好好兒睡過。那裡有一分一毫想著你自己。瞧著他硬朗點兒你就樂，乾枯的笑容在黃蠟般的臉上，我只有暗中歎氣而已。

從來想不到做母親的要像你這樣。從邁兒起，你總是自己",你這樣從邁兒起你總是自己,喂乳,weiru,wei ru,FALSE,1:危如 | 2:餵乳 | 3:爲 | 4:未 | 5:位 | 6:味 | 7:微 | 8:喂 | 9:餵 | 10:偉,FALSE,,,,,
top10_missing,903366f0fe8863b6515888b4,阿河,1338,1340,"我這一回寒假，因為養病，住到一家親戚的別墅里去。那別墅是在鄉下。前面偏左的地方，是一片淡藍的湖水，對岸環擁著不盡的青山。山的影子倒映在水里，越顯得清清朗朗的。水面常如鏡子一般。風起時，微有皺痕；像少女們皺她們的眉頭，過一會子就好了。湖的余勢束成一條小港，緩緩地不聲不響地流過別墅的門前。門前有一條小石橋，橋那邊盡是田畝。這邊沿岸一帶，相間地栽著桃樹和柳樹，春來當有一番熱鬧的夢。別墅外面繚繞著短短的竹篱，篱外是小小的路。里邊一座向南的樓，背后便倚著山。西邊是三間平屋，我便住在這里。院子里有兩塊草地，上面隨便放著兩三塊石頭。另外的隙地上，或羅列著盆栽，或种蒔著花草。篱邊還有几株枝干蟠曲的大樹，有一株几乎要伸到水里去了。

我的親戚韋君只有夫婦二人和一個女儿。她在外邊念書，這時也剛回到家里。她邀來三位同學，同到她家過這個寒假；兩位是親戚，一位是朋友。她們住著樓上的兩間屋子。韋君夫婦也住在樓上。樓下正中是客廳，常是閒著，西間是吃飯的地方；東間便是韋君的書房，我們談天，喝茶，看報，都在這里。我吃了飯，便是一個人，也要到這里來閒坐一回。我來的第二天，韋小姐告訴我，她母親要給她們找一個好好的女用人；長工阿齊說有一個表妹，母親叫他明天就帶來做做看呢。她似乎很高興的樣子，我只是不經意地答應。

平屋与樓屋之間，是一個小小的廚房。我住的是東面的屋子，從窗子里可以看見廚房里人的來往。這一天午飯前，我偶然向外看看，見一個面生的女用人，兩手提著兩把白鐵壺，正往廚房里走；韋家的李媽在她前面領著，不知在和她說甚么話。她的頭髮亂蓬蓬的，像冬天的枯草一樣。身上穿著鑲邊的黑布棉襖和夾褲，黑里已泛出黃色；棉襖長与膝齊，夾褲也直拖到腳背上。腳倒是雙天足，穿著尖頭的黑布鞋，后跟還帶著兩片同色的“葉拔儿”。想這就是阿齊帶來的女用人了；想完了就坐下看書。晚飯后，韋小姐告訴我，女用人來了，她的名字叫“阿河”。我說，“名字很好，只是人土些；還能做么？”她說，“別看她土，很聰明呢。”我說，“哦。”便接著看手中的報了。

以后每天早上，中上，晚上，我常常看見阿河挈著水壺來往；她的眼似乎總是望前看的。兩個禮拜匆匆地過去了。韋小姐忽然和我說，你別看阿河土，她的志气很好，她是個可怜的人。我和娘說，把我前年在家穿的那身棉襖褲給了她吧。我嫌那兩件衣服太花，給了她正好。娘先不肯，說她來了沒有几天；后來也肯了。今天拿出來讓她穿，正合式呢。我們教給她打絨繩鞋，她真聰明，一學就會了。她說拿到工錢，也要打一雙穿呢。我等几天再和娘說去。

“她這樣愛好！怪不得頭髮光得多了，原來都是你們教她的。好！你們盡教她講究，她將來怕不愿回家去呢。”大家都笑了。

舊新年是過去了。因為江浙的兵事，我們的學校一時還不能開學。我們大家都樂得在別墅里多住些日子。這時阿河如換了一個人。她穿著寶藍色挑著小花儿的布棉襖褲；腳下是嫩藍色毛繩鞋，鞋口還綴著兩個半藍半白的小絨球儿。我想這一定是她的小姐們給幫忙的。古語說得好，“人要衣裳馬要鞍”，阿河這一打扮，真有些楚楚可怜了。她的頭髮早已是刷得光光的，覆額的留海也梳得十分伏帖。一張小小的圓臉，如正開的桃李花；臉上并沒有笑，卻隱隱地含著春日的光輝，像花房里充了蜜一般。這在我几乎是一個奇跡；",一般這在我几乎是一個奇跡,我現,woxian,wo xian,FALSE,1:我先 | 2:我縣 | 3:我係 | 4:我喜 | 5:我洗 | 6:我 | 7:喔 | 8:窩 | 9:握 | 10:臥,FALSE,,,,,
top10_missing,8162f7705bb198f4ff39c53d,槳聲燈影裏的秦淮河,848,850,"一九二三年八月的一晚，我和平伯同遊秦淮河；平伯是初泛，我是重來了。我們雇了一隻「七板子」，在夕陽已去、皎月方來的時候，便下了船。於是槳聲汩汩，我們開始領略那晃蕩著薔薇色的歷史的秦淮河的滋味了。

秦淮河裏的船，比北京万生園、頤和園的船好，比西湖的船好，比揚州瘦西湖的船也好。這幾處的船不是覺著笨，就是覺著簡陋、局促；都不能引起乘客們的情韻，如秦淮河的船一樣。秦淮河的船約略可分為兩種：一是大船；一是小船，就是所謂「七板子」。大船艙口闊大，可容二三十人。裏面陳設著字畫和光潔的紅木家具，桌上一律嵌著冰涼的大理石面。窗格雕鏤頗細，使人起柔膩之感。窗格里映著紅色藍色的玻璃；玻璃上有精緻的花紋，也頗悅人目。「七板子」規模雖不及大船，但那淡藍色的欄杆，空敞的艙，也足繫人情思。而最出色處卻在它的艙前。艙前是甲板上的一部，上面有弧形的頂，兩邊用疏疏的欄杆支著。裏面通常放著兩張藤的躺椅。躺下，可以談天，可以望遠，可以顧盼兩岸的河房。大船上也有這個，但在小船上更覺清雋罷了。艙前的頂下，一律懸著燈彩；燈的多少、明暗，彩蘇的精粗、艷晦，是不一的，但好歹總還你一個燈彩。這燈彩實在是最能勾人的東西。夜幕垂垂地下來時，大小船上都點起燈火。從兩重玻璃裏映出那輻射著的黃黃的散光，反暈出一片朦朧的煙靄；透過這煙靄，在黯黯的水波里，又逗起縷縷的明漪。在這薄靄和微漪裏，聽著那悠然的間歇的槳聲，誰能不被引入他的美夢去呢？只愁夢太多了，這些大小船兒如何載得起呀？我們這時模模糊糊的談著明末的秦淮河的艷跡，如《桃花扇》及《板橋雜記》裏所載的。我們真神往了。我們彷彿親見那時華燈映水，畫舫凌波的光景了。於是我們的船便成了歷史的重載了。我們終於恍然秦淮河的船所以雅麗過於他處，而又有奇異的吸引力的，實在是許多歷史的影像使然了。

秦淮河的水是碧陰陰的；看起來厚而不膩，或者是六朝金粉所凝麼？我們初上船的時候，天色還未斷黑，那漾漾的柔波是這樣恬靜、委婉，使我們一面有水闊天空之想，一面又憧憬著紙醉金迷之境了。等到燈火明時，陰陰的變為",了等到燈火明時陰陰的變為,沈沉,shenchen,shen chen,TRUE,1:深沉 | 2:深沈 | 3:參辰 | 4:神 | 5:沈 | 6:深 | 7:身 | 8:甚 | 9:申 | 10:腎,FALSE,,,,,
top10_missing,307d56a21005eb8d7958e18a,槳聲燈影裏的秦淮河,2731,2733,"一九二三年八月的一晚，我和平伯同遊秦淮河；平伯是初泛，我是重來了。我們雇了一隻「七板子」，在夕陽已去、皎月方來的時候，便下了船。於是槳聲汩汩，我們開始領略那晃蕩著薔薇色的歷史的秦淮河的滋味了。

秦淮河裏的船，比北京万生園、頤和園的船好，比西湖的船好，比揚州瘦西湖的船也好。這幾處的船不是覺著笨，就是覺著簡陋、局促；都不能引起乘客們的情韻，如秦淮河的船一樣。秦淮河的船約略可分為兩種：一是大船；一是小船，就是所謂「七板子」。大船艙口闊大，可容二三十人。裏面陳設著字畫和光潔的紅木家具，桌上一律嵌著冰涼的大理石面。窗格雕鏤頗細，使人起柔膩之感。窗格里映著紅色藍色的玻璃；玻璃上有精緻的花紋，也頗悅人目。「七板子」規模雖不及大船，但那淡藍色的欄杆，空敞的艙，也足繫人情思。而最出色處卻在它的艙前。艙前是甲板上的一部，上面有弧形的頂，兩邊用疏疏的欄杆支著。裏面通常放著兩張藤的躺椅。躺下，可以談天，可以望遠，可以顧盼兩岸的河房。大船上也有這個，但在小船上更覺清雋罷了。艙前的頂下，一律懸著燈彩；燈的多少、明暗，彩蘇的精粗、艷晦，是不一的，但好歹總還你一個燈彩。這燈彩實在是最能勾人的東西。夜幕垂垂地下來時，大小船上都點起燈火。從兩重玻璃裏映出那輻射著的黃黃的散光，反暈出一片朦朧的煙靄；透過這煙靄，在黯黯的水波里，又逗起縷縷的明漪。在這薄靄和微漪裏，聽著那悠然的間歇的槳聲，誰能不被引入他的美夢去呢？只愁夢太多了，這些大小船兒如何載得起呀？我們這時模模糊糊的談著明末的秦淮河的艷跡，如《桃花扇》及《板橋雜記》裏所載的。我們真神往了。我們彷彿親見那時華燈映水，畫舫凌波的光景了。於是我們的船便成了歷史的重載了。我們終於恍然秦淮河的船所以雅麗過於他處，而又有奇異的吸引力的，實在是許多歷史的影像使然了。

秦淮河的水是碧陰陰的；看起來厚而不膩，或者是六朝金粉所凝麼？我們初上船的時候，天色還未斷黑，那漾漾的柔波是這樣恬靜、委婉，使我們一面有水闊天空之想，一面又憧憬著紙醉金迷之境了。等到燈火明時，陰陰的變為沈沉了：黯淡的水光，像夢一般；那偶然閃爍著的光芒，就是夢的眼睛了。我們坐在艙前，因了那隆起的頂棚，彷彿總是昂著首向前走著似的；於是飄飄然如御風而行的我們，看著那些自在的灣泊著的船，船裏走馬燈般的人物，便像是下界一般，迢迢的遠了，又像在霧裏看花，盡朦朦朧朧的。這時我們已過了利涉橋，望見東關頭了。沿路聽見斷續的歌聲：有從沿河的妓樓飄來的，有從河上船裏渡來的。我們明知那些歌聲，只是些因襲的言詞，從生澀的歌喉裏機械的發出來的；但它們經了夏夜的微風的吹漾和水波的搖拂，嬝娜著到我們耳邊的時候，已經不單是她們的歌聲，而混著微風和河水的密語了。於是我們不得不被牽惹著，震撼著，相與浮沉於這歌聲裏了。從東關頭轉彎，不久就到大中橋。大中橋共有三個橋拱，都很闊大，儼然是三座門兒；使我們覺得我們的船和船裏的我們，在橋下過去時，真是太無顏色了。橋磚是深褐色，表明它的歷史的長久；但都完好無缺，令人太息於古昔工程的堅美。橋上兩旁都是木壁的房子，中間應該有街路。這些房子都破舊了，多年煙熏的跡，遮沒了當年的美麗。我想像秦淮河的極盛時，在這樣宏闊的橋上，特地蓋了房子，必然是髹漆得富富麗麗的；晚間必然是燈火通明的，現在卻只剩下一片黑沉沉！但是橋上造著房子，畢竟使我們多少可以想見往日的繁華；這也慰情聊勝無了。過了大中橋，便到了燈月交輝、笙歌徹夜的秦淮河，這才是秦淮河的真面目哩。

大中橋外，頓然空闊，和橋內兩岸排著密密的人家的景像大異了。一眼望去，疏疏的林，淡淡的月，襯著蔚藍的天，頗像荒江野渡光景；那邊呢，鬱叢叢的，陰森森的，又似乎藏著無邊的黑暗，令人幾乎不信那是繁華的秦淮河了。但是河中眩暈著的燈光，縱橫著的畫舫，悠揚著的笛韻，夾著那吱吱的胡琴聲，終於使我們認識綠如茵陳酒的秦淮水了。此地天裸露著的多些，故覺夜來的獨遲些；從清清的水影裏，我們感到的只是薄薄的夜——這正是秦淮河的夜。大中橋外，本來還有一座復成橋，是船夫口中的我們的遊踪盡處，或也是秦淮河繁華的盡處了。我的腳曾踏過復成橋的脊，在十三四歲的時候。但是兩次遊秦淮河，卻都不曾見著復成橋的面；明知總在前途的，卻常覺得有些虛無縹緲似的。我想，不見倒也好。這時正是盛夏。我們下船後，藉著新生的晚涼和河上的微風，暑氣已漸漸消散；到了此地，豁然開朗，身子頓然輕了——習習的清風荏苒在面上、手上、衣上，這便又感到了一縷新涼了。南京的日光，大概沒有杭州猛烈；西湖的夏夜老是熱蓬蓬的，水像沸著一般，秦淮河的水卻盡是這樣冷冷地綠著。任你人影的憧憧，歌聲的擾擾，總像隔著一層薄薄的綠紗面冪似的；它盡是這樣靜靜的、冷冷的綠著。我們出了大中橋，走不上半里路，船夫便將船劃到一旁，停了槳由它宕著。他以為那裏正是繁華的極點，再過去就是荒涼了；所以讓我們多多賞鑑一會兒。他自己卻靜靜的蹲著。他是看慣這光景的了，大約只是一個無可無不可。這無可無不可，無論是升的沉的，總之，都比我們高了。

那時河裏鬧熱極了；船大半泊著，小半在水上穿梭似的來往。停泊著的都在近市的那一邊，我們的船自然也夾在其中。因為這邊略略的擠，便覺得那邊十分的疏了。在每一隻船從那邊過去時，我們能畫出它的輕輕的影和曲曲的波，在我們的心上；這顯著是空，且顯著是靜了。那時處處都是歌聲和淒厲的胡琴聲，圓潤的喉嚨，確乎是很少的。但那生澀的，尖脆的調子能使人有少年的，粗率不拘的感覺，也正可快我們的意。況且多少隔開些兒聽著，因為想像與渴慕的做美，總覺更有滋味；而竟發的喧囂，抑揚的不齊，遠近的雜沓，和樂器的嘈嘈切切，合成另一意味的諧音，也使我們無所適從，如隨著大風而走。這實在因為我們的心枯澀久了，變為脆弱；故偶然潤澤一下，便瘋狂似的不能自主了，但秦淮河確也膩人。即如船裏的人面，無論是和我們一堆儿泊著的，無論是從我們眼前過去的，總是模模糊糊的，甚至渺渺茫茫的；任你張圓了眼睛，揩淨了眥垢，也是枉然，這真夠人想呢。在我們停泊的地方，燈光原是紛然的；不過這些燈光都是黃而有暈的。黃已經不能明了，再加上了暈，便更不成了。燈愈多，暈就愈甚；在繁星般的黃的交錯裏，秦淮河彷彿籠上了一團光霧。光芒與霧氣騰騰的暈著，什麼都只剩了輪廓了；所以人面的詳細的曲線，便消失於我們的眼底了。但燈光究竟奪不了那邊的月色；燈光是渾的，月色是清的。在渾沌的燈光裏，滲入一派清輝，卻真是奇蹟！那晚月兒已瘦削了兩三分。她晚妝才罷，盈盈的上了柳梢頭。天是藍得可愛，彷彿一汪水似的；月兒便更出落得精神了。岸上原有三株兩株的垂楊樹，淡淡的影子，在水里搖曳著。它們那柔細的枝條浴著月光，就像一支支美人的臂膊，交互的纏著、挽著；又像是月兒",交互的纏著挽著又像是月兒,披著,pizhu,pi zhu,TRUE,1:批注 | 2:批註 | 3:闢築 | 4:裨助 | 5:譬諸 | 6:皮 | 7:批 | 8:屁 | 9:俾 | 10:披,FALSE,,,,,
top10_missing,eed6547812af92138f5b346b,荷塘月色,1171,1173,"這幾天心裏頗不寧靜。今晚在院子裏坐着乘涼，忽然想起日日走過的荷塘，在這滿月的光裏，總該另有一番樣子吧。月亮漸漸地升高了，牆外馬路上孩子們的歡笑，已經聽不見了；妻在屋裏拍着閏兒，迷迷糊糊地哼着眠歌。我悄悄地披了大衫，帶上門出去。

沿着荷塘，是一條曲折的小煤屑路。這是一條幽僻的路；白天也少人走，夜晚更加寂寞。荷塘四面，長着許多樹，蓊蓊鬱鬱的。路的一旁，是些楊柳，和一些不知道名字的樹。沒有月光的晚上，這路上陰森森的，有些怕人。今晚卻很好，雖然月光也還是淡淡的。

路上只我一個人，背着手踱着。這一片天地好像是我的；我也像超出了平常的自己，到了另一世界裏。我愛熱鬧，也愛冷靜；愛羣居，也愛獨處。像今晚上，一個人在這蒼茫的月下，什麽都可以想，什麽都可以不想，便覺是個自由的人。白天裏一定要做的事，一定要說的話，現在都可不理。這是獨處的妙處，我且受用這無邊的荷香月色好了。

曲曲折折的荷塘上面，彌望的是田田的葉子。葉子出水很高，像亭亭的舞女的裙。層層的葉子中間，零星地點綴着些白花，有嬝娜地開着的，有羞澀地打着朶兒的；正如一粒粒的明珠，又如碧天裏的星星，又如剛出浴的美人。微風過處，送來縷縷清淸香，彷彿遠處高樓上渺茫的歌聲似的。這時候葉子與花也有一絲的顫動，像閃電般，霎時傳過荷塘的那邊去了。葉子本是肩並肩密密地挨着，這便宛然有了一道凝碧的波痕。葉子底下是脈脈的流水，遮住了，不能見一些顏色；而葉子卻更見風致了。

月光如流水一般，靜靜地瀉在這一片葉子和花上。薄薄的靑霧浮起在荷塘裏。葉子和花彷彿在牛乳中洗過一樣；又像籠着輕紗的夢。雖然是滿月，天上卻有一層淡淡的雲，所以不能朗照；但我以爲這恰是到了好處——酣眠固不可少，小睡也別有風味的。月光是隔了樹照過來的，高處叢生的灌木，落下參差的斑駁的黑影，峭楞楞如鬼一般；彎彎的楊柳的稀疏的倩影，卻又像是畫在荷葉上。塘中的月色並不均勻；但光與影有着和諧的旋律，如梵婀玲上奏着的名曲。

荷塘的四面，遠遠近近，高高低低都是樹，而楊柳最多。這些樹將一片荷塘重重圍住；只在小路一旁，漏着幾段空隙，像是特爲月光留下的。樹色一例是陰陰的，乍看像一團煙霧；但楊柳的丰姿，便在煙霧裏也辨得出。樹梢上隱隱約約的是一帶遠山，只有些大意罷了。樹縫裏也漏着一兩點路燈光，沒精打彩的，是渴睡人的眼。這時候最熱鬧的，要數樹上的蟬聲與水裏的蛙聲；但熱鬧是牠們的，我什麽也沒有。

忽然想起采蓮的事情來了。采蓮是江南的舊俗，似乎很早就有，而六朝時爲盛；從詩歌裏可以約略知道。采蓮的是少年的女子，她們是蕩着小船，唱着豔歌去的。采蓮人不用說很多，還有看采蓮的人。那是一個熱鬧的季節，也是一個風流的季節。梁元帝采蓮賦裏說得好：

於是妖童媛女，蕩舟心許；鷁首徐迴，兼傳羽杯；櫂將移而藻挂，船欲動而萍開。爾其纖腰束素，遷延顧步；夏始春餘，葉嫩",束素遷延顧步夏始春餘葉嫩,花初,huachu,hua chu,FALSE,1:畫出 | 2:劃出 | 3:滑出 | 4:化出 | 5:化處 | 6:化除 | 7:話 | 8:花 | 9:化 | 10:畫,FALSE,,,,,
top10_missing,6590cbeed2016015b4b82ce6,槳聲燈影裏的秦淮河,1870,1873,"一九二三年八月的一晚，我和平伯同遊秦淮河；平伯是初泛，我是重來了。我們雇了一隻「七板子」，在夕陽已去、皎月方來的時候，便下了船。於是槳聲汩汩，我們開始領略那晃蕩著薔薇色的歷史的秦淮河的滋味了。

秦淮河裏的船，比北京万生園、頤和園的船好，比西湖的船好，比揚州瘦西湖的船也好。這幾處的船不是覺著笨，就是覺著簡陋、局促；都不能引起乘客們的情韻，如秦淮河的船一樣。秦淮河的船約略可分為兩種：一是大船；一是小船，就是所謂「七板子」。大船艙口闊大，可容二三十人。裏面陳設著字畫和光潔的紅木家具，桌上一律嵌著冰涼的大理石面。窗格雕鏤頗細，使人起柔膩之感。窗格里映著紅色藍色的玻璃；玻璃上有精緻的花紋，也頗悅人目。「七板子」規模雖不及大船，但那淡藍色的欄杆，空敞的艙，也足繫人情思。而最出色處卻在它的艙前。艙前是甲板上的一部，上面有弧形的頂，兩邊用疏疏的欄杆支著。裏面通常放著兩張藤的躺椅。躺下，可以談天，可以望遠，可以顧盼兩岸的河房。大船上也有這個，但在小船上更覺清雋罷了。艙前的頂下，一律懸著燈彩；燈的多少、明暗，彩蘇的精粗、艷晦，是不一的，但好歹總還你一個燈彩。這燈彩實在是最能勾人的東西。夜幕垂垂地下來時，大小船上都點起燈火。從兩重玻璃裏映出那輻射著的黃黃的散光，反暈出一片朦朧的煙靄；透過這煙靄，在黯黯的水波里，又逗起縷縷的明漪。在這薄靄和微漪裏，聽著那悠然的間歇的槳聲，誰能不被引入他的美夢去呢？只愁夢太多了，這些大小船兒如何載得起呀？我們這時模模糊糊的談著明末的秦淮河的艷跡，如《桃花扇》及《板橋雜記》裏所載的。我們真神往了。我們彷彿親見那時華燈映水，畫舫凌波的光景了。於是我們的船便成了歷史的重載了。我們終於恍然秦淮河的船所以雅麗過於他處，而又有奇異的吸引力的，實在是許多歷史的影像使然了。

秦淮河的水是碧陰陰的；看起來厚而不膩，或者是六朝金粉所凝麼？我們初上船的時候，天色還未斷黑，那漾漾的柔波是這樣恬靜、委婉，使我們一面有水闊天空之想，一面又憧憬著紙醉金迷之境了。等到燈火明時，陰陰的變為沈沉了：黯淡的水光，像夢一般；那偶然閃爍著的光芒，就是夢的眼睛了。我們坐在艙前，因了那隆起的頂棚，彷彿總是昂著首向前走著似的；於是飄飄然如御風而行的我們，看著那些自在的灣泊著的船，船裏走馬燈般的人物，便像是下界一般，迢迢的遠了，又像在霧裏看花，盡朦朦朧朧的。這時我們已過了利涉橋，望見東關頭了。沿路聽見斷續的歌聲：有從沿河的妓樓飄來的，有從河上船裏渡來的。我們明知那些歌聲，只是些因襲的言詞，從生澀的歌喉裏機械的發出來的；但它們經了夏夜的微風的吹漾和水波的搖拂，嬝娜著到我們耳邊的時候，已經不單是她們的歌聲，而混著微風和河水的密語了。於是我們不得不被牽惹著，震撼著，相與浮沉於這歌聲裏了。從東關頭轉彎，不久就到大中橋。大中橋共有三個橋拱，都很闊大，儼然是三座門兒；使我們覺得我們的船和船裏的我們，在橋下過去時，真是太無顏色了。橋磚是深褐色，表明它的歷史的長久；但都完好無缺，令人太息於古昔工程的堅美。橋上兩旁都是木壁的房子，中間應該有街路。這些房子都破舊了，多年煙熏的跡，遮沒了當年的美麗。我想像秦淮河的極盛時，在這樣宏闊的橋上，特地蓋了房子，必然是髹漆得富富麗麗的；晚間必然是燈火通明的，現在卻只剩下一片黑沉沉！但是橋上造著房子，畢竟使我們多少可以想見往日的繁華；這也慰情聊勝無了。過了大中橋，便到了燈月交輝、笙歌徹夜的秦淮河，這才是秦淮河的真面目哩。

大中橋外，頓然空闊，和橋內兩岸排著密密的人家的景像大異了。一眼望去，疏疏的林，淡淡的月，襯著蔚藍的天，頗像荒江野渡光景；那邊呢，鬱叢叢的，陰森森的，又似乎藏著無邊的黑暗，令人幾乎不信那是繁華的秦淮河了。但是河中眩暈著的燈光，縱橫著的畫舫，悠揚著的笛韻，夾著那吱吱的胡琴聲，終於使我們認識綠如茵陳酒的秦淮水了。此地天裸露著的多些，故覺夜來的獨遲些；從清清的水影裏，我們感到的只是薄薄的夜——這正是秦淮河的夜。大中橋外，本來還有一座復成橋，是船夫口中的我們的遊踪盡處，或也是秦淮河繁華的盡處了。我的腳曾踏過復成橋的脊，在十三四歲的時候。但是兩次遊秦淮河，卻都不曾見著復成橋的面；明知總在前途的，卻常覺得有些虛無縹緲似的。我想，不見倒也好。這時正是盛夏。我們下船後，藉著新生的晚涼和河上的微風，暑氣已漸漸消散；到了此地，豁然開朗，身子頓然輕了——習習的清風荏苒在面上、手上、衣上，這便又感到了一縷新涼了。南京的日光，大概沒有杭州猛烈；西湖的夏夜老是熱蓬蓬的，水像沸著一般，秦淮河的水卻盡是這樣",一般秦淮河的水卻盡是這樣,冷冷地,lenglengdi,leng leng di,TRUE,1:楞楞地 | 2:冷冷 | 3:怔怔 | 4:愣愣 | 5:楞楞 | 6:愣怔 | 7:棱棱 | 8:冷 | 9:楞 | 10:愣,FALSE,,,,,
top10_missing,37cdf9712387fab6c6ab855d,給亡婦,1245,1247,"謙，日子真快，一眨眼你已經死了三個年頭了。這三年裡世事不知變化了多少回，但你未必注意這些個，我知道。你第一惦記的是你幾個孩子，第二便輪著我。孩子和我平分你的世界，你在日如此；你死後若還有知，想來還如此的。告訴你，我夏天回家來著：邁兒長得結實極了，比我高一個頭。閏兒父親說是最乖，可是沒有先前胖了。采芷和轉子都好。五兒全家誇她長得好看；卻在腿上生了濕瘡，整天坐在竹床上不能下來，看了怪可憐的。六兒，我怎麼說好，你明白，你臨終時也和母親談過，這孩子是只可以養著玩兒的，他左挨右挨去年春天，到底沒有挨過去。這孩子生了幾個月，你的肺病就重起來了。我勸你少親近他，只監督著老媽子照管就行。你總是忍不住，一會兒提，一會兒抱的。可是你病中為他操的那一份兒心也夠瞧的。那一個夏天他病的時候多，你成天兒忙著，湯呀，藥呀，冷呀，暖呀，連覺也沒有好好兒睡過。那裡有一分一毫想著你自己。瞧著他硬朗點兒你就樂，乾枯的笑容在黃蠟般的臉上，我只有暗中歎氣而已。

從來想不到做母親的要像你這樣。從邁兒起，你總是自己喂乳，一連四個都這樣。你起初不知道按鐘點兒喂，後來知道了，卻又弄不慣；孩子們每夜裡幾次將你哭醒了，特別是悶熱的夏季。我瞧你的覺老沒睡足。白天裡還得做菜，照料孩子，很少得空兒。你的身子本來壞，四個孩子就累你七八年。到了第五個，你自己實在不成了，又沒乳，只好自己餵奶粉，另雇老媽子專管她。但孩子跟老媽子睡，你就沒有放過心；夜裡一聽見哭，就豎起耳朵聽，工夫一大就得過去看。十六年初，和你到北京來，將邁兒，轉子留在家裡；三年多還不能去接他們，可真把你惦記苦了。你並不常提，我卻明白。你後來說你的病就是惦記出來的；那個自然也有份兒，不過大半還是養育孩子累的。你的短短的十二年結婚生活，有十一年耗費在孩子們身上；而你一點不厭倦，有多少力量用多少，一直到自己毀滅為止。你對孩子一般兒愛，不問男的女的，大的小的。也不想到什麼“養兒防老，積穀防饑”，只拚命的愛去。你對於教育老實說有些外行，孩子們只要吃得好玩得好就成了。這也難怪你，你自己便是這樣長大的。況且孩子們原都還小，吃和玩本來也要緊的。你病重的時候最放不下的還是孩子。病的只剩皮包著骨頭了，總不信自己不會好；老說：“我死了，這一大群孩子可苦了。”後來說送你回家，你想著可以看見邁兒和轉子，也願意；你萬不想到會一走不返的。我送車的時候，你忍不住哭了，說：“還不知能不能再見？”可憐，你的心我知道，你滿想著好好兒帶著六個孩子回來見我的。謙，你那時一定這樣想，一定的。

除了孩子，你心裡只有我。不錯，那時你父親還在；可是你母親死了，他另有個女人，你老早就覺得隔了一層似的。出嫁後第一年你雖還一心一意依戀著他老人家，到第二年上我和孩子可就將你的心占住，你再沒有多少工夫惦記他了。你還記得第一年我在北京，你在家裡。家裡來信說你待不住，常回娘家去。我動氣了，馬上寫信責備你。你教人寫了一封復信，說家裡有事，不能不回去。這是你第一次也可以說第末次的抗議，我從此就沒給你寫信。暑假",議我從此就沒給你寫信暑假,時帶,shidai,shi dai,FALSE,1:時代 | 2:世代 | 3:十代 | 4:飾帶 | 5:十袋 | 6:石埭 | 7:試戴 | 8:石黛 | 9:是 | 10:時,FALSE,,,,,
top10_missing,306c4bd99a34a6c2b26a010f,給亡婦,357,359,謙，日子真快，一眨眼你已經死了三個年頭了。這三年裡世事不知變化了多少回，但你未必注意這些個，我知道。你第一惦記的是你幾個孩子，第二便輪著我。孩子和我平分你的世界，你在日如此；你死後若還有知，想來還如此的。告訴你，我夏天回家來著：邁兒長得結實極了，比我高一個頭。閏兒父親說是最乖，可是沒有先前胖了。采芷和轉子都好。五兒全家誇她長得好看；卻在腿上生了濕瘡，整天坐在竹床上不能下來，看了怪可憐的。六兒，我怎麼說好，你明白，你臨終時也和母親談過，這孩子是只可以養著玩兒的，他左挨右挨去年春天，到底沒有挨過去。這孩子生了幾個月，你的肺病就重起來了。我勸你少親近他，只監督著老媽子照管就行。你總是忍不住，一會兒提，一會兒抱的。可是你病中為他操的那一份兒心也夠瞧的。那一個夏天他病的時候多，你成天兒忙著，湯呀，藥呀，冷呀，暖呀，,天兒忙著湯呀藥呀冷呀暖呀,連覺,lianjue,lian jue,TRUE,1:聯覺 | 2:鏈鋸 | 3:聯句 | 4:煉句 | 5:鍊句 | 6:連句 | 7:連 | 8:練 | 9:臉 | 10:聯,FALSE,,,,,
top10_missing,6dd45eb04043f61b37a71b82,給亡婦,2177,2179,"謙，日子真快，一眨眼你已經死了三個年頭了。這三年裡世事不知變化了多少回，但你未必注意這些個，我知道。你第一惦記的是你幾個孩子，第二便輪著我。孩子和我平分你的世界，你在日如此；你死後若還有知，想來還如此的。告訴你，我夏天回家來著：邁兒長得結實極了，比我高一個頭。閏兒父親說是最乖，可是沒有先前胖了。采芷和轉子都好。五兒全家誇她長得好看；卻在腿上生了濕瘡，整天坐在竹床上不能下來，看了怪可憐的。六兒，我怎麼說好，你明白，你臨終時也和母親談過，這孩子是只可以養著玩兒的，他左挨右挨去年春天，到底沒有挨過去。這孩子生了幾個月，你的肺病就重起來了。我勸你少親近他，只監督著老媽子照管就行。你總是忍不住，一會兒提，一會兒抱的。可是你病中為他操的那一份兒心也夠瞧的。那一個夏天他病的時候多，你成天兒忙著，湯呀，藥呀，冷呀，暖呀，連覺也沒有好好兒睡過。那裡有一分一毫想著你自己。瞧著他硬朗點兒你就樂，乾枯的笑容在黃蠟般的臉上，我只有暗中歎氣而已。

從來想不到做母親的要像你這樣。從邁兒起，你總是自己喂乳，一連四個都這樣。你起初不知道按鐘點兒喂，後來知道了，卻又弄不慣；孩子們每夜裡幾次將你哭醒了，特別是悶熱的夏季。我瞧你的覺老沒睡足。白天裡還得做菜，照料孩子，很少得空兒。你的身子本來壞，四個孩子就累你七八年。到了第五個，你自己實在不成了，又沒乳，只好自己餵奶粉，另雇老媽子專管她。但孩子跟老媽子睡，你就沒有放過心；夜裡一聽見哭，就豎起耳朵聽，工夫一大就得過去看。十六年初，和你到北京來，將邁兒，轉子留在家裡；三年多還不能去接他們，可真把你惦記苦了。你並不常提，我卻明白。你後來說你的病就是惦記出來的；那個自然也有份兒，不過大半還是養育孩子累的。你的短短的十二年結婚生活，有十一年耗費在孩子們身上；而你一點不厭倦，有多少力量用多少，一直到自己毀滅為止。你對孩子一般兒愛，不問男的女的，大的小的。也不想到什麼“養兒防老，積穀防饑”，只拚命的愛去。你對於教育老實說有些外行，孩子們只要吃得好玩得好就成了。這也難怪你，你自己便是這樣長大的。況且孩子們原都還小，吃和玩本來也要緊的。你病重的時候最放不下的還是孩子。病的只剩皮包著骨頭了，總不信自己不會好；老說：“我死了，這一大群孩子可苦了。”後來說送你回家，你想著可以看見邁兒和轉子，也願意；你萬不想到會一走不返的。我送車的時候，你忍不住哭了，說：“還不知能不能再見？”可憐，你的心我知道，你滿想著好好兒帶著六個孩子回來見我的。謙，你那時一定這樣想，一定的。

除了孩子，你心裡只有我。不錯，那時你父親還在；可是你母親死了，他另有個女人，你老早就覺得隔了一層似的。出嫁後第一年你雖還一心一意依戀著他老人家，到第二年上我和孩子可就將你的心占住，你再沒有多少工夫惦記他了。你還記得第一年我在北京，你在家裡。家裡來信說你待不住，常回娘家去。我動氣了，馬上寫信責備你。你教人寫了一封復信，說家裡有事，不能不回去。這是你第一次也可以說第末次的抗議，我從此就沒給你寫信。暑假時帶了一肚子主意回去，但見了面，看你一臉笑，也就拉倒了。打這時候起，你漸漸從你父親的懷裡跑到我這兒。你換了金鐲子幫助我的學費，叫我以後還你；但直到你死，我沒有還你。你在我家受了許多氣，又因為我家的緣故受你家裡的氣，你都忍著。這全為的是我，我知道。那回我從家鄉一個中學半途辭職出走。家裡人諷你也走。哪裡走！只得硬著頭皮往你家去。那時你家像個冰窖子，你們在窖裡足足住了三個月。好容易我才將你們領出來了，一同上外省去。小家庭這樣組織起來了。你雖不是什麼闊小姐，可也是自小嬌生慣養的，做起主婦來，什麼都得幹一兩手；你居然做下去了，而且高高興興地做下去了。菜照例滿是你做，可是吃的都是我們；你至多夾上兩三筷子就算了。你的菜做得不壞，有一位老在行大大地誇獎過你。你洗衣服也不錯，夏天我的綢大褂大概總是你親自動手。你在家老不樂意閑著；坐前幾個“月子”，老是四五天就起床，說是躺著家裡事沒條沒理的。其實你起來也還不是沒條理；咱們家那麼多孩子，哪兒來條理？在浙江住的時候，逃過兩回兵難，我都在北平。真虧你領著母親和一群孩子東藏西躲的；末一回還要走多少里路，翻一道大嶺。這兩回差不多只靠你一個人。你不但帶了母親和孩子們，還帶了我一箱箱的書；你知道我是最愛書的。在短短的十二年裡，你操的心比人家一輩子還多；謙，你那樣身子怎麼經得住！你將我的責任一股腦兒擔負了去，壓死了你；我如何對得起你！

你為我的撈什子書也費了不少神；第一回讓你父親的男傭人從家鄉捎到上海去。他說了幾句閒話，你氣得在你父親面前哭了。第二回是帶著逃難，別人都說你傻子。你有你的想頭：“沒有書怎麼教書？況且他又愛這個玩意兒。”其實你沒有曉得，那些書丟了也並不可惜；不過教你怎麼曉得，我平常從來沒和你談過這些個！總而言之，你的心是可感謝的。這十二年裡你為我吃的苦真不少，可是沒有過幾天好日子。我們在一起住，算來也還不到五個年頭。無論日子怎麼壞，無論是離是合，你從來沒對我發過脾氣，連一句怨言也沒有。——別說怨我，就是怨命也沒有過。老實說，我的脾氣可不大好，遷怒的事兒有的是。那些時候你往往抽噎著流眼淚，從不回嘴，也不號啕。不過我也只信得過你一個人，有些話我只和你一個人說，因為世界上只你一個人真關心我，真同情我。你不但為我",關心我真同情我你不但為我,吃苦,chiku,chi ku,TRUE,1:喫苦 | 2:喫 | 3:持 | 4:池 | 5:遲 | 6:赤 | 7:尺 | 8:齒 | 9:癡 | 10:馳,FALSE,,,,,
top10_missing,9f5bf18920aee53e7edf8da8,槳聲燈影裏的秦淮河,3264,3266,"一九二三年八月的一晚，我和平伯同遊秦淮河；平伯是初泛，我是重來了。我們雇了一隻「七板子」，在夕陽已去、皎月方來的時候，便下了船。於是槳聲汩汩，我們開始領略那晃蕩著薔薇色的歷史的秦淮河的滋味了。

秦淮河裏的船，比北京万生園、頤和園的船好，比西湖的船好，比揚州瘦西湖的船也好。這幾處的船不是覺著笨，就是覺著簡陋、局促；都不能引起乘客們的情韻，如秦淮河的船一樣。秦淮河的船約略可分為兩種：一是大船；一是小船，就是所謂「七板子」。大船艙口闊大，可容二三十人。裏面陳設著字畫和光潔的紅木家具，桌上一律嵌著冰涼的大理石面。窗格雕鏤頗細，使人起柔膩之感。窗格里映著紅色藍色的玻璃；玻璃上有精緻的花紋，也頗悅人目。「七板子」規模雖不及大船，但那淡藍色的欄杆，空敞的艙，也足繫人情思。而最出色處卻在它的艙前。艙前是甲板上的一部，上面有弧形的頂，兩邊用疏疏的欄杆支著。裏面通常放著兩張藤的躺椅。躺下，可以談天，可以望遠，可以顧盼兩岸的河房。大船上也有這個，但在小船上更覺清雋罷了。艙前的頂下，一律懸著燈彩；燈的多少、明暗，彩蘇的精粗、艷晦，是不一的，但好歹總還你一個燈彩。這燈彩實在是最能勾人的東西。夜幕垂垂地下來時，大小船上都點起燈火。從兩重玻璃裏映出那輻射著的黃黃的散光，反暈出一片朦朧的煙靄；透過這煙靄，在黯黯的水波里，又逗起縷縷的明漪。在這薄靄和微漪裏，聽著那悠然的間歇的槳聲，誰能不被引入他的美夢去呢？只愁夢太多了，這些大小船兒如何載得起呀？我們這時模模糊糊的談著明末的秦淮河的艷跡，如《桃花扇》及《板橋雜記》裏所載的。我們真神往了。我們彷彿親見那時華燈映水，畫舫凌波的光景了。於是我們的船便成了歷史的重載了。我們終於恍然秦淮河的船所以雅麗過於他處，而又有奇異的吸引力的，實在是許多歷史的影像使然了。

秦淮河的水是碧陰陰的；看起來厚而不膩，或者是六朝金粉所凝麼？我們初上船的時候，天色還未斷黑，那漾漾的柔波是這樣恬靜、委婉，使我們一面有水闊天空之想，一面又憧憬著紙醉金迷之境了。等到燈火明時，陰陰的變為沈沉了：黯淡的水光，像夢一般；那偶然閃爍著的光芒，就是夢的眼睛了。我們坐在艙前，因了那隆起的頂棚，彷彿總是昂著首向前走著似的；於是飄飄然如御風而行的我們，看著那些自在的灣泊著的船，船裏走馬燈般的人物，便像是下界一般，迢迢的遠了，又像在霧裏看花，盡朦朦朧朧的。這時我們已過了利涉橋，望見東關頭了。沿路聽見斷續的歌聲：有從沿河的妓樓飄來的，有從河上船裏渡來的。我們明知那些歌聲，只是些因襲的言詞，從生澀的歌喉裏機械的發出來的；但它們經了夏夜的微風的吹漾和水波的搖拂，嬝娜著到我們耳邊的時候，已經不單是她們的歌聲，而混著微風和河水的密語了。於是我們不得不被牽惹著，震撼著，相與浮沉於這歌聲裏了。從東關頭轉彎，不久就到大中橋。大中橋共有三個橋拱，都很闊大，儼然是三座門兒；使我們覺得我們的船和船裏的我們，在橋下過去時，真是太無顏色了。橋磚是深褐色，表明它的歷史的長久；但都完好無缺，令人太息於古昔工程的堅美。橋上兩旁都是木壁的房子，中間應該有街路。這些房子都破舊了，多年煙熏的跡，遮沒了當年的美麗。我想像秦淮河的極盛時，在這樣宏闊的橋上，特地蓋了房子，必然是髹漆得富富麗麗的；晚間必然是燈火通明的，現在卻只剩下一片黑沉沉！但是橋上造著房子，畢竟使我們多少可以想見往日的繁華；這也慰情聊勝無了。過了大中橋，便到了燈月交輝、笙歌徹夜的秦淮河，這才是秦淮河的真面目哩。

大中橋外，頓然空闊，和橋內兩岸排著密密的人家的景像大異了。一眼望去，疏疏的林，淡淡的月，襯著蔚藍的天，頗像荒江野渡光景；那邊呢，鬱叢叢的，陰森森的，又似乎藏著無邊的黑暗，令人幾乎不信那是繁華的秦淮河了。但是河中眩暈著的燈光，縱橫著的畫舫，悠揚著的笛韻，夾著那吱吱的胡琴聲，終於使我們認識綠如茵陳酒的秦淮水了。此地天裸露著的多些，故覺夜來的獨遲些；從清清的水影裏，我們感到的只是薄薄的夜——這正是秦淮河的夜。大中橋外，本來還有一座復成橋，是船夫口中的我們的遊踪盡處，或也是秦淮河繁華的盡處了。我的腳曾踏過復成橋的脊，在十三四歲的時候。但是兩次遊秦淮河，卻都不曾見著復成橋的面；明知總在前途的，卻常覺得有些虛無縹緲似的。我想，不見倒也好。這時正是盛夏。我們下船後，藉著新生的晚涼和河上的微風，暑氣已漸漸消散；到了此地，豁然開朗，身子頓然輕了——習習的清風荏苒在面上、手上、衣上，這便又感到了一縷新涼了。南京的日光，大概沒有杭州猛烈；西湖的夏夜老是熱蓬蓬的，水像沸著一般，秦淮河的水卻盡是這樣冷冷地綠著。任你人影的憧憧，歌聲的擾擾，總像隔著一層薄薄的綠紗面冪似的；它盡是這樣靜靜的、冷冷的綠著。我們出了大中橋，走不上半里路，船夫便將船劃到一旁，停了槳由它宕著。他以為那裏正是繁華的極點，再過去就是荒涼了；所以讓我們多多賞鑑一會兒。他自己卻靜靜的蹲著。他是看慣這光景的了，大約只是一個無可無不可。這無可無不可，無論是升的沉的，總之，都比我們高了。

那時河裏鬧熱極了；船大半泊著，小半在水上穿梭似的來往。停泊著的都在近市的那一邊，我們的船自然也夾在其中。因為這邊略略的擠，便覺得那邊十分的疏了。在每一隻船從那邊過去時，我們能畫出它的輕輕的影和曲曲的波，在我們的心上；這顯著是空，且顯著是靜了。那時處處都是歌聲和淒厲的胡琴聲，圓潤的喉嚨，確乎是很少的。但那生澀的，尖脆的調子能使人有少年的，粗率不拘的感覺，也正可快我們的意。況且多少隔開些兒聽著，因為想像與渴慕的做美，總覺更有滋味；而竟發的喧囂，抑揚的不齊，遠近的雜沓，和樂器的嘈嘈切切，合成另一意味的諧音，也使我們無所適從，如隨著大風而走。這實在因為我們的心枯澀久了，變為脆弱；故偶然潤澤一下，便瘋狂似的不能自主了，但秦淮河確也膩人。即如船裏的人面，無論是和我們一堆儿泊著的，無論是從我們眼前過去的，總是模模糊糊的，甚至渺渺茫茫的；任你張圓了眼睛，揩淨了眥垢，也是枉然，這真夠人想呢。在我們停泊的地方，燈光原是紛然的；不過這些燈光都是黃而有暈的。黃已經不能明了，再加上了暈，便更不成了。燈愈多，暈就愈甚；在繁星般的黃的交錯裏，秦淮河彷彿籠上了一團光霧。光芒與霧氣騰騰的暈著，什麼都只剩了輪廓了；所以人面的詳細的曲線，便消失於我們的眼底了。但燈光究竟奪不了那邊的月色；燈光是渾的，月色是清的。在渾沌的燈光裏，滲入一派清輝，卻真是奇蹟！那晚月兒已瘦削了兩三分。她晚妝才罷，盈盈的上了柳梢頭。天是藍得可愛，彷彿一汪水似的；月兒便更出落得精神了。岸上原有三株兩株的垂楊樹，淡淡的影子，在水里搖曳著。它們那柔細的枝條浴著月光，就像一支支美人的臂膊，交互的纏著、挽著；又像是月兒披著的髪。而月兒偶爾也從它們的交叉處偷偷窺看我們，大有小姑娘怕羞的樣子。岸上另有幾株不知名的老樹，光光的立著；在月光裏照起來，卻又儼然是精神矍鑠的老人。遠處快到天際線了，才有一兩片白雲，亮得現出異彩，像是美麗的貝殼一般。白雲下便是黑黑的一帶輪廓；是一條隨意畫的不規則的曲線。這一段光景，和河中的風味大異了。但燈與月竟能並存著，交融著，使月成了纏綿的月，燈射著渺渺的靈輝，這正是天之所以厚秦淮河，也正是天之所以厚我們了。

這時卻遇著了難解的糾紛。秦淮河上原有一種歌妓，是以歌為業的。從前都在茶舫上，唱些大曲之類。每日午後一時起；什麼時候止，卻忘記了。晚上照樣也有一回，也在黃暈的燈光裏。我從前過南京時，曾隨著朋友去聽過兩次。因為茶舫裏的人臉太多了，覺得不大適意，終於聽不出所以然。前年聽說歌妓被取締了，不知怎的，頗涉想了幾次卻想不出什麼。這次到南京，先到茶舫上去看看，覺得頗是寂寥，令我無端的悵悵了。不料她們卻仍在秦淮河裏掙扎著，不料她們竟會糾纏到我們，我於是很張皇了，她們也乘著「七板子」，她們總是坐在艙前的。艙前點著石油汽燈，光亮炫人眼目：坐在下面的，自然是纖毫畢見了。引誘客人們的力量，也便在此了。艙裏躲著樂工等人，映著汽燈的餘輝蠕動著；他們是永遠不被注意的。",動著他們是永遠不被注意的,每船,meichuan,mei chuan,FALSE,1:沒穿 | 2:沒傳 | 3:每串 | 4:沒船 | 5:沒出 | 6:每處 | 7:每出 | 8:美處 | 9:美除 | 10:沒,FALSE,,,,,
top10_missing,d01932cbe43a1a88753741ca,槳聲燈影裏的秦淮河,3589,3592,"一九二三年八月的一晚，我和平伯同遊秦淮河；平伯是初泛，我是重來了。我們雇了一隻「七板子」，在夕陽已去、皎月方來的時候，便下了船。於是槳聲汩汩，我們開始領略那晃蕩著薔薇色的歷史的秦淮河的滋味了。

秦淮河裏的船，比北京万生園、頤和園的船好，比西湖的船好，比揚州瘦西湖的船也好。這幾處的船不是覺著笨，就是覺著簡陋、局促；都不能引起乘客們的情韻，如秦淮河的船一樣。秦淮河的船約略可分為兩種：一是大船；一是小船，就是所謂「七板子」。大船艙口闊大，可容二三十人。裏面陳設著字畫和光潔的紅木家具，桌上一律嵌著冰涼的大理石面。窗格雕鏤頗細，使人起柔膩之感。窗格里映著紅色藍色的玻璃；玻璃上有精緻的花紋，也頗悅人目。「七板子」規模雖不及大船，但那淡藍色的欄杆，空敞的艙，也足繫人情思。而最出色處卻在它的艙前。艙前是甲板上的一部，上面有弧形的頂，兩邊用疏疏的欄杆支著。裏面通常放著兩張藤的躺椅。躺下，可以談天，可以望遠，可以顧盼兩岸的河房。大船上也有這個，但在小船上更覺清雋罷了。艙前的頂下，一律懸著燈彩；燈的多少、明暗，彩蘇的精粗、艷晦，是不一的，但好歹總還你一個燈彩。這燈彩實在是最能勾人的東西。夜幕垂垂地下來時，大小船上都點起燈火。從兩重玻璃裏映出那輻射著的黃黃的散光，反暈出一片朦朧的煙靄；透過這煙靄，在黯黯的水波里，又逗起縷縷的明漪。在這薄靄和微漪裏，聽著那悠然的間歇的槳聲，誰能不被引入他的美夢去呢？只愁夢太多了，這些大小船兒如何載得起呀？我們這時模模糊糊的談著明末的秦淮河的艷跡，如《桃花扇》及《板橋雜記》裏所載的。我們真神往了。我們彷彿親見那時華燈映水，畫舫凌波的光景了。於是我們的船便成了歷史的重載了。我們終於恍然秦淮河的船所以雅麗過於他處，而又有奇異的吸引力的，實在是許多歷史的影像使然了。

秦淮河的水是碧陰陰的；看起來厚而不膩，或者是六朝金粉所凝麼？我們初上船的時候，天色還未斷黑，那漾漾的柔波是這樣恬靜、委婉，使我們一面有水闊天空之想，一面又憧憬著紙醉金迷之境了。等到燈火明時，陰陰的變為沈沉了：黯淡的水光，像夢一般；那偶然閃爍著的光芒，就是夢的眼睛了。我們坐在艙前，因了那隆起的頂棚，彷彿總是昂著首向前走著似的；於是飄飄然如御風而行的我們，看著那些自在的灣泊著的船，船裏走馬燈般的人物，便像是下界一般，迢迢的遠了，又像在霧裏看花，盡朦朦朧朧的。這時我們已過了利涉橋，望見東關頭了。沿路聽見斷續的歌聲：有從沿河的妓樓飄來的，有從河上船裏渡來的。我們明知那些歌聲，只是些因襲的言詞，從生澀的歌喉裏機械的發出來的；但它們經了夏夜的微風的吹漾和水波的搖拂，嬝娜著到我們耳邊的時候，已經不單是她們的歌聲，而混著微風和河水的密語了。於是我們不得不被牽惹著，震撼著，相與浮沉於這歌聲裏了。從東關頭轉彎，不久就到大中橋。大中橋共有三個橋拱，都很闊大，儼然是三座門兒；使我們覺得我們的船和船裏的我們，在橋下過去時，真是太無顏色了。橋磚是深褐色，表明它的歷史的長久；但都完好無缺，令人太息於古昔工程的堅美。橋上兩旁都是木壁的房子，中間應該有街路。這些房子都破舊了，多年煙熏的跡，遮沒了當年的美麗。我想像秦淮河的極盛時，在這樣宏闊的橋上，特地蓋了房子，必然是髹漆得富富麗麗的；晚間必然是燈火通明的，現在卻只剩下一片黑沉沉！但是橋上造著房子，畢竟使我們多少可以想見往日的繁華；這也慰情聊勝無了。過了大中橋，便到了燈月交輝、笙歌徹夜的秦淮河，這才是秦淮河的真面目哩。

大中橋外，頓然空闊，和橋內兩岸排著密密的人家的景像大異了。一眼望去，疏疏的林，淡淡的月，襯著蔚藍的天，頗像荒江野渡光景；那邊呢，鬱叢叢的，陰森森的，又似乎藏著無邊的黑暗，令人幾乎不信那是繁華的秦淮河了。但是河中眩暈著的燈光，縱橫著的畫舫，悠揚著的笛韻，夾著那吱吱的胡琴聲，終於使我們認識綠如茵陳酒的秦淮水了。此地天裸露著的多些，故覺夜來的獨遲些；從清清的水影裏，我們感到的只是薄薄的夜——這正是秦淮河的夜。大中橋外，本來還有一座復成橋，是船夫口中的我們的遊踪盡處，或也是秦淮河繁華的盡處了。我的腳曾踏過復成橋的脊，在十三四歲的時候。但是兩次遊秦淮河，卻都不曾見著復成橋的面；明知總在前途的，卻常覺得有些虛無縹緲似的。我想，不見倒也好。這時正是盛夏。我們下船後，藉著新生的晚涼和河上的微風，暑氣已漸漸消散；到了此地，豁然開朗，身子頓然輕了——習習的清風荏苒在面上、手上、衣上，這便又感到了一縷新涼了。南京的日光，大概沒有杭州猛烈；西湖的夏夜老是熱蓬蓬的，水像沸著一般，秦淮河的水卻盡是這樣冷冷地綠著。任你人影的憧憧，歌聲的擾擾，總像隔著一層薄薄的綠紗面冪似的；它盡是這樣靜靜的、冷冷的綠著。我們出了大中橋，走不上半里路，船夫便將船劃到一旁，停了槳由它宕著。他以為那裏正是繁華的極點，再過去就是荒涼了；所以讓我們多多賞鑑一會兒。他自己卻靜靜的蹲著。他是看慣這光景的了，大約只是一個無可無不可。這無可無不可，無論是升的沉的，總之，都比我們高了。

那時河裏鬧熱極了；船大半泊著，小半在水上穿梭似的來往。停泊著的都在近市的那一邊，我們的船自然也夾在其中。因為這邊略略的擠，便覺得那邊十分的疏了。在每一隻船從那邊過去時，我們能畫出它的輕輕的影和曲曲的波，在我們的心上；這顯著是空，且顯著是靜了。那時處處都是歌聲和淒厲的胡琴聲，圓潤的喉嚨，確乎是很少的。但那生澀的，尖脆的調子能使人有少年的，粗率不拘的感覺，也正可快我們的意。況且多少隔開些兒聽著，因為想像與渴慕的做美，總覺更有滋味；而竟發的喧囂，抑揚的不齊，遠近的雜沓，和樂器的嘈嘈切切，合成另一意味的諧音，也使我們無所適從，如隨著大風而走。這實在因為我們的心枯澀久了，變為脆弱；故偶然潤澤一下，便瘋狂似的不能自主了，但秦淮河確也膩人。即如船裏的人面，無論是和我們一堆儿泊著的，無論是從我們眼前過去的，總是模模糊糊的，甚至渺渺茫茫的；任你張圓了眼睛，揩淨了眥垢，也是枉然，這真夠人想呢。在我們停泊的地方，燈光原是紛然的；不過這些燈光都是黃而有暈的。黃已經不能明了，再加上了暈，便更不成了。燈愈多，暈就愈甚；在繁星般的黃的交錯裏，秦淮河彷彿籠上了一團光霧。光芒與霧氣騰騰的暈著，什麼都只剩了輪廓了；所以人面的詳細的曲線，便消失於我們的眼底了。但燈光究竟奪不了那邊的月色；燈光是渾的，月色是清的。在渾沌的燈光裏，滲入一派清輝，卻真是奇蹟！那晚月兒已瘦削了兩三分。她晚妝才罷，盈盈的上了柳梢頭。天是藍得可愛，彷彿一汪水似的；月兒便更出落得精神了。岸上原有三株兩株的垂楊樹，淡淡的影子，在水里搖曳著。它們那柔細的枝條浴著月光，就像一支支美人的臂膊，交互的纏著、挽著；又像是月兒披著的髪。而月兒偶爾也從它們的交叉處偷偷窺看我們，大有小姑娘怕羞的樣子。岸上另有幾株不知名的老樹，光光的立著；在月光裏照起來，卻又儼然是精神矍鑠的老人。遠處快到天際線了，才有一兩片白雲，亮得現出異彩，像是美麗的貝殼一般。白雲下便是黑黑的一帶輪廓；是一條隨意畫的不規則的曲線。這一段光景，和河中的風味大異了。但燈與月竟能並存著，交融著，使月成了纏綿的月，燈射著渺渺的靈輝，這正是天之所以厚秦淮河，也正是天之所以厚我們了。

這時卻遇著了難解的糾紛。秦淮河上原有一種歌妓，是以歌為業的。從前都在茶舫上，唱些大曲之類。每日午後一時起；什麼時候止，卻忘記了。晚上照樣也有一回，也在黃暈的燈光裏。我從前過南京時，曾隨著朋友去聽過兩次。因為茶舫裏的人臉太多了，覺得不大適意，終於聽不出所以然。前年聽說歌妓被取締了，不知怎的，頗涉想了幾次卻想不出什麼。這次到南京，先到茶舫上去看看，覺得頗是寂寥，令我無端的悵悵了。不料她們卻仍在秦淮河裏掙扎著，不料她們竟會糾纏到我們，我於是很張皇了，她們也乘著「七板子」，她們總是坐在艙前的。艙前點著石油汽燈，光亮炫人眼目：坐在下面的，自然是纖毫畢見了。引誘客人們的力量，也便在此了。艙裏躲著樂工等人，映著汽燈的餘輝蠕動著；他們是永遠不被注意的。每船的歌妓大約都是二人；天色一黑，她們的船就在大中橋外往來不息的兜生意。無論行著的船，泊著的船，都要來兜攬的。這都是我後來推想出來的。那晚不知怎樣，忽然輪著我們的船了。我們的船好好的停著，一隻歌舫劃向我們來了；漸漸和我們的船並著了。爍爍的燈光逼得我們皺起了眉頭；我們的風塵色全給它托出來了，這使我踧踖不安了。那時一個伙計跨過船來，拿著攤開的歌摺，就近塞向我的手裏，說：「點幾出吧！」他跨過來的時候，我們船上似乎有許多眼光跟著。同時相近的別的船上也似乎有許多眼睛炯炯的向我們船上看著。我真窘了！我也裝出大方的樣子，向歌妓們瞥了一眼，但究竟是不成的！我勉強將那歌摺翻了一翻，卻不曾看清了幾個字；便趕緊遞還那伙計，一面不好意思地說「不要，我們⋯⋯不要。」他",好意思地說不要我們不要他,便塞給,biansaigei,bian sai gei,TRUE,1:邊塞給 | 2:邊塞 | 3:便 | 4:邊 | 5:變 | 6:遍 | 7:編 | 8:扁 | 9:辯 | 10:彼岸,FALSE,,,,,
top10_missing,36cd0629a2b652ce31aad49b,槳聲燈影裏的秦淮河,1279,1281,"一九二三年八月的一晚，我和平伯同遊秦淮河；平伯是初泛，我是重來了。我們雇了一隻「七板子」，在夕陽已去、皎月方來的時候，便下了船。於是槳聲汩汩，我們開始領略那晃蕩著薔薇色的歷史的秦淮河的滋味了。

秦淮河裏的船，比北京万生園、頤和園的船好，比西湖的船好，比揚州瘦西湖的船也好。這幾處的船不是覺著笨，就是覺著簡陋、局促；都不能引起乘客們的情韻，如秦淮河的船一樣。秦淮河的船約略可分為兩種：一是大船；一是小船，就是所謂「七板子」。大船艙口闊大，可容二三十人。裏面陳設著字畫和光潔的紅木家具，桌上一律嵌著冰涼的大理石面。窗格雕鏤頗細，使人起柔膩之感。窗格里映著紅色藍色的玻璃；玻璃上有精緻的花紋，也頗悅人目。「七板子」規模雖不及大船，但那淡藍色的欄杆，空敞的艙，也足繫人情思。而最出色處卻在它的艙前。艙前是甲板上的一部，上面有弧形的頂，兩邊用疏疏的欄杆支著。裏面通常放著兩張藤的躺椅。躺下，可以談天，可以望遠，可以顧盼兩岸的河房。大船上也有這個，但在小船上更覺清雋罷了。艙前的頂下，一律懸著燈彩；燈的多少、明暗，彩蘇的精粗、艷晦，是不一的，但好歹總還你一個燈彩。這燈彩實在是最能勾人的東西。夜幕垂垂地下來時，大小船上都點起燈火。從兩重玻璃裏映出那輻射著的黃黃的散光，反暈出一片朦朧的煙靄；透過這煙靄，在黯黯的水波里，又逗起縷縷的明漪。在這薄靄和微漪裏，聽著那悠然的間歇的槳聲，誰能不被引入他的美夢去呢？只愁夢太多了，這些大小船兒如何載得起呀？我們這時模模糊糊的談著明末的秦淮河的艷跡，如《桃花扇》及《板橋雜記》裏所載的。我們真神往了。我們彷彿親見那時華燈映水，畫舫凌波的光景了。於是我們的船便成了歷史的重載了。我們終於恍然秦淮河的船所以雅麗過於他處，而又有奇異的吸引力的，實在是許多歷史的影像使然了。

秦淮河的水是碧陰陰的；看起來厚而不膩，或者是六朝金粉所凝麼？我們初上船的時候，天色還未斷黑，那漾漾的柔波是這樣恬靜、委婉，使我們一面有水闊天空之想，一面又憧憬著紙醉金迷之境了。等到燈火明時，陰陰的變為沈沉了：黯淡的水光，像夢一般；那偶然閃爍著的光芒，就是夢的眼睛了。我們坐在艙前，因了那隆起的頂棚，彷彿總是昂著首向前走著似的；於是飄飄然如御風而行的我們，看著那些自在的灣泊著的船，船裏走馬燈般的人物，便像是下界一般，迢迢的遠了，又像在霧裏看花，盡朦朦朧朧的。這時我們已過了利涉橋，望見東關頭了。沿路聽見斷續的歌聲：有從沿河的妓樓飄來的，有從河上船裏渡來的。我們明知那些歌聲，只是些因襲的言詞，從生澀的歌喉裏機械的發出來的；但它們經了夏夜的微風的吹漾和水波的搖拂，嬝娜著到我們耳邊的時候，已經不單是她們的歌聲，而混著微風和河水的密語了。於是我們不得不被牽惹著，震撼著，相與浮沉於這歌聲裏了。從東關頭轉彎，不久就到大中橋。大中橋共有三個橋拱，都很闊大，儼然是三座門兒；使我們覺得我們的船和船裏的我們，在橋下過去時，真是太無顏色了。橋磚是深褐色，表明它的歷史的長久；但都完好無缺，令人太息於古昔工程的堅美。橋上兩旁都是木壁的房子，中間應該有街路。這些房子都破舊了，多年",街路這些房子都破舊了多年,煙熏,yanxun,yan xun,FALSE,1:煙燻 | 2:眼瞓 | 3:眼 | 4:演 | 5:言 | 6:煙 | 7:嚴 | 8:燕 | 9:鹽 | 10:岩,FALSE,,,,,
top10_missing,4c88ebe4613a2569bccbb982,阿河,3542,3544,"我這一回寒假，因為養病，住到一家親戚的別墅里去。那別墅是在鄉下。前面偏左的地方，是一片淡藍的湖水，對岸環擁著不盡的青山。山的影子倒映在水里，越顯得清清朗朗的。水面常如鏡子一般。風起時，微有皺痕；像少女們皺她們的眉頭，過一會子就好了。湖的余勢束成一條小港，緩緩地不聲不響地流過別墅的門前。門前有一條小石橋，橋那邊盡是田畝。這邊沿岸一帶，相間地栽著桃樹和柳樹，春來當有一番熱鬧的夢。別墅外面繚繞著短短的竹篱，篱外是小小的路。里邊一座向南的樓，背后便倚著山。西邊是三間平屋，我便住在這里。院子里有兩塊草地，上面隨便放著兩三塊石頭。另外的隙地上，或羅列著盆栽，或种蒔著花草。篱邊還有几株枝干蟠曲的大樹，有一株几乎要伸到水里去了。

我的親戚韋君只有夫婦二人和一個女儿。她在外邊念書，這時也剛回到家里。她邀來三位同學，同到她家過這個寒假；兩位是親戚，一位是朋友。她們住著樓上的兩間屋子。韋君夫婦也住在樓上。樓下正中是客廳，常是閒著，西間是吃飯的地方；東間便是韋君的書房，我們談天，喝茶，看報，都在這里。我吃了飯，便是一個人，也要到這里來閒坐一回。我來的第二天，韋小姐告訴我，她母親要給她們找一個好好的女用人；長工阿齊說有一個表妹，母親叫他明天就帶來做做看呢。她似乎很高興的樣子，我只是不經意地答應。

平屋与樓屋之間，是一個小小的廚房。我住的是東面的屋子，從窗子里可以看見廚房里人的來往。這一天午飯前，我偶然向外看看，見一個面生的女用人，兩手提著兩把白鐵壺，正往廚房里走；韋家的李媽在她前面領著，不知在和她說甚么話。她的頭髮亂蓬蓬的，像冬天的枯草一樣。身上穿著鑲邊的黑布棉襖和夾褲，黑里已泛出黃色；棉襖長与膝齊，夾褲也直拖到腳背上。腳倒是雙天足，穿著尖頭的黑布鞋，后跟還帶著兩片同色的“葉拔儿”。想這就是阿齊帶來的女用人了；想完了就坐下看書。晚飯后，韋小姐告訴我，女用人來了，她的名字叫“阿河”。我說，“名字很好，只是人土些；還能做么？”她說，“別看她土，很聰明呢。”我說，“哦。”便接著看手中的報了。

以后每天早上，中上，晚上，我常常看見阿河挈著水壺來往；她的眼似乎總是望前看的。兩個禮拜匆匆地過去了。韋小姐忽然和我說，你別看阿河土，她的志气很好，她是個可怜的人。我和娘說，把我前年在家穿的那身棉襖褲給了她吧。我嫌那兩件衣服太花，給了她正好。娘先不肯，說她來了沒有几天；后來也肯了。今天拿出來讓她穿，正合式呢。我們教給她打絨繩鞋，她真聰明，一學就會了。她說拿到工錢，也要打一雙穿呢。我等几天再和娘說去。

“她這樣愛好！怪不得頭髮光得多了，原來都是你們教她的。好！你們盡教她講究，她將來怕不愿回家去呢。”大家都笑了。

舊新年是過去了。因為江浙的兵事，我們的學校一時還不能開學。我們大家都樂得在別墅里多住些日子。這時阿河如換了一個人。她穿著寶藍色挑著小花儿的布棉襖褲；腳下是嫩藍色毛繩鞋，鞋口還綴著兩個半藍半白的小絨球儿。我想這一定是她的小姐們給幫忙的。古語說得好，“人要衣裳馬要鞍”，阿河這一打扮，真有些楚楚可怜了。她的頭髮早已是刷得光光的，覆額的留海也梳得十分伏帖。一張小小的圓臉，如正開的桃李花；臉上并沒有笑，卻隱隱地含著春日的光輝，像花房里充了蜜一般。這在我几乎是一個奇跡；我現在是常站在窗前看她了。我覺得在深山里發見了一粒貓儿眼；這樣精純的貓儿眼，是我生平所僅見！我覺得我們相識已太長久，极愿和她說一句話——极平淡的話，一句也好。但我怎好平白地和她攀談呢？這樣郁郁了一禮拜。

這是元宵節的前一晚上。我吃了飯，在屋里坐了一會，覺得有些無聊，便信步走到那書房里。拿起報來，想再細看一回。忽然門鈕一響，阿河進來了。她手里拿著三四支顏色鉛筆；出乎意料地走近了我。她站在我面前了，靜靜地微笑著說：“白先生，你知道鉛筆刨在哪里？”一面將拿著的鉛筆給我看。我不自主地立起來，匆忙地應道，“在這里；”我用手指著南邊柱子。但我立刻覺得這是不夠的。我領她走近了柱子。這時我像閃電似地躊躇了一下，便說，“我…… 我……”她一聲不響地已將一支鉛筆交給我。我放進刨子里刨給她看。刨了兩下，便想交給她；但終于刨完了一支，交還了她。她接了筆略看一看，仍仰著臉向我。我窘极了。剎那間念頭轉了好几個圈子；到底硬著頭皮搭訕著說，“就這樣刨好了。”我赶緊向門外一瞥，就走回原處看報去。但我的頭剛低下，我的眼已抬起來了。于是遠遠地從容地問道，“你會么？”她不曾掉過頭來，只“嚶”了一聲，也不說話。我看了她背影一會。覺得應該低下頭了。等我再抬起頭來時，她已默默地向外走了。她似乎總是望前看的；我想再問她一句話，但終于不曾出口。我撇下了報，站起來走了一會，便回到自己屋里。

我一直想著些什么，但什么也沒有想出。

第二天早上看見她往廚房里走時，我發愿我的眼將老跟著她的影子！她的影子真好。她那几步路走得又敏捷，又勻稱，又苗條，正如一只可愛的小貓。她兩手各提著一只水壺，又令我想到在一條細細的索儿上抖擻精神走著的女子。這全由于她的腰；她的腰真太軟了，用白水的話說，真是軟到使我如吃蘇州的牛皮糖一樣。不止她的腰，我的日記里說得好：“她有一套和云霞比美，水月爭靈的曲線，織成大大的一張迷惑的网！”而那兩頰的曲線，尤其甜蜜可人。她兩頰是白中透著微紅，潤澤如玉。她的皮膚，嫩得可以掐出水來；我的日記里說，“我很想去掐她一下呀！”她的眼像一雙小燕子，老是在灩灩的春水上打著圈儿。她的笑最使我記住，像一朵花漂浮在我的腦海里。我不是說過，她的小圓臉像正開的桃花么？那么，她微笑的時候，便是盛開的時候了：花房里充滿了蜜，真如要流出來的樣子。她的髮不甚厚，但黑而有光，柔軟而滑，如純絲一般。只可惜我不曾聞著一些儿香。唉！從前我在窗前看她好多次，所得的真太少了；若不是昨晚一見，——雖只几分鐘——我真太對不起這樣一個人儿了。

午飯后，韋君照例地睡午覺去了，只有我，韋小姐和其他三位小姐在書房里。我有意無意地談起阿河的事。我說：

“你們怎知道她的志气好呢？”

“那天我們教給她打絨繩鞋；”一位蔡小姐便答道，“看她很聰明，就問她為甚么不念書？她被我們一問，就傷心起來了。……”

“是的，”韋小姐笑著搶了說，“后來還哭了呢；還有一位傻子陪她淌眼淚呢。”

那邊黃小姐可急了，走過來推了她一下。蔡小姐忙攔住道，“人家說正經話，你們盡鬧著玩儿！讓我說完了呀——”“我代你說啵，”韋小姐仍搶著說，“——她說她只有一個爹，沒有娘。嫁了一個男人，倒有三十多歲，土頭土腦的，臉上滿是包！他是李媽的鄰舍，我還看見過呢。……”“好了，底下我說吧。”蔡小姐接著道，“她男人又不要好，盡愛賭錢；她一气，就住到娘家來，有一年多不回去了。”

“她今年几歲？”我問。

“十七不知十八？前年出嫁的，几個月就回家了，”蔡小姐說。

“不，十八，我知道，”韋小姐改正道。

“哦。你們可曾勸她离婚？”

“怎么不勸；”韋小姐應道，“她說十八回去吃她表哥的喜酒，要和她的爹去說呢。”

“你們教她的好事，該當何罪！”我笑了。

她們也都笑了。

十九的早上，我正在屋里看書，听見外面有嚷嚷的聲音；這是從來沒有的。我立刻走出來看；只見門外有兩個鄉下人要走進來，卻給阿齊攔住。他們只是央告，阿齊只是不肯。這時韋君已走出院中，向他們道，

“你們回去吧。人在我這里，不要緊的。快回去，不要瞎吵！”

兩個人面面相覷，說不出一句話；俄延了一會，只好走了。我問韋君什么事？他說，

“阿河囉！還不是瞎吵一回子。”

我想他于男女的事向來是懶得說的，還是回頭問他小姐的好；我們便談到別的事情上去。

吃了飯，我赶緊問韋小姐，她說，

“她是告訴娘的，你問娘去。”

我想這件事有些尷尬，便到西間里問韋太太；她正看著李媽收拾碗碟呢。她見我問，便笑著說，

“你要問這些事做什么？她昨天回去，原是借了阿桂的衣裳穿了去的，打扮得嬌滴滴的，也難怪，被她男人看見了，便約了些不相干的人，將她搶回去過了一夜。今天早上，她騙她男人，說要到此地來拿行李。她男人就會信她，派了兩個人跟著。那知她到了這里，便叫阿齊攔著那跟來的人；她自己便跪在我面前哭訴，說死也不愿回她男人家去。你說我有什么法子。只好讓那跟來的人先回去再說。好在沒有几天，她們要上學了，我將來交給她的爹吧。唉，現在的人，心眼儿真是越過越大了；一個鄉下女人，也會鬧出這樣惊天動地的事了！”

“可不是，”李媽在旁插嘴道，“太太你不知道；我家三叔前儿來，我還听他說呢。我本不該說的，阿彌陀佛！太太，你想她不愿意回婆家，老愿意住在娘家，是什么道理？家里只有一個單身的老子；你想那該死的老畜生！他舍不得放她回去呀！”

“低些，真的么？”韋太太",她回去呀低些真的么韋太太,惊詫,jingcha,jing cha,TRUE,1:警察 | 2:驚詫 | 3:敬茶 | 4:經查 | 5:京察 | 6:經 | 7:靜 | 8:竟 | 9:精 | 10:景,FALSE,,,,,
top10_missing,e16aa0ce74d0bab0b95060b8,春,207,209,"盼望着，盼望着，東風來了，春天的腳步近了。

一切都像剛睡醒的樣子，欣欣然張開了眼。山朗潤起來了，水長起來了，太陽的臉紅起來了。

小草偷偷地從土裏鑽出來，嫩嫩的，綠綠的。園子裏，田野裏，瞧去，一大片一大片滿是的。坐着，躺着，打兩個滾，踢幾腳球，賽幾䠀跑，捉幾回迷藏。風輕悄悄的，草軟綿綿的。

桃樹、杏樹、梨樹，你不讓我，我不讓你，都開滿了花趕䠀兒。紅的像火，粉的像霞，白的像雪。花裏帶着甜味；閉了眼，樹上仿彿已",帶着甜味閉了眼樹上仿彿已,經滿,jingman,jing man,TRUE,1:荊蠻 | 2:經 | 3:靜 | 4:竟 | 5:精 | 6:景 | 7:淨 | 8:京 | 9:井 | 10:驚,FALSE,,,,,
top10_missing,d54759abe4cdd1f44d07aa2e,阿河,2042,2044,"我這一回寒假，因為養病，住到一家親戚的別墅里去。那別墅是在鄉下。前面偏左的地方，是一片淡藍的湖水，對岸環擁著不盡的青山。山的影子倒映在水里，越顯得清清朗朗的。水面常如鏡子一般。風起時，微有皺痕；像少女們皺她們的眉頭，過一會子就好了。湖的余勢束成一條小港，緩緩地不聲不響地流過別墅的門前。門前有一條小石橋，橋那邊盡是田畝。這邊沿岸一帶，相間地栽著桃樹和柳樹，春來當有一番熱鬧的夢。別墅外面繚繞著短短的竹篱，篱外是小小的路。里邊一座向南的樓，背后便倚著山。西邊是三間平屋，我便住在這里。院子里有兩塊草地，上面隨便放著兩三塊石頭。另外的隙地上，或羅列著盆栽，或种蒔著花草。篱邊還有几株枝干蟠曲的大樹，有一株几乎要伸到水里去了。

我的親戚韋君只有夫婦二人和一個女儿。她在外邊念書，這時也剛回到家里。她邀來三位同學，同到她家過這個寒假；兩位是親戚，一位是朋友。她們住著樓上的兩間屋子。韋君夫婦也住在樓上。樓下正中是客廳，常是閒著，西間是吃飯的地方；東間便是韋君的書房，我們談天，喝茶，看報，都在這里。我吃了飯，便是一個人，也要到這里來閒坐一回。我來的第二天，韋小姐告訴我，她母親要給她們找一個好好的女用人；長工阿齊說有一個表妹，母親叫他明天就帶來做做看呢。她似乎很高興的樣子，我只是不經意地答應。

平屋与樓屋之間，是一個小小的廚房。我住的是東面的屋子，從窗子里可以看見廚房里人的來往。這一天午飯前，我偶然向外看看，見一個面生的女用人，兩手提著兩把白鐵壺，正往廚房里走；韋家的李媽在她前面領著，不知在和她說甚么話。她的頭髮亂蓬蓬的，像冬天的枯草一樣。身上穿著鑲邊的黑布棉襖和夾褲，黑里已泛出黃色；棉襖長与膝齊，夾褲也直拖到腳背上。腳倒是雙天足，穿著尖頭的黑布鞋，后跟還帶著兩片同色的“葉拔儿”。想這就是阿齊帶來的女用人了；想完了就坐下看書。晚飯后，韋小姐告訴我，女用人來了，她的名字叫“阿河”。我說，“名字很好，只是人土些；還能做么？”她說，“別看她土，很聰明呢。”我說，“哦。”便接著看手中的報了。

以后每天早上，中上，晚上，我常常看見阿河挈著水壺來往；她的眼似乎總是望前看的。兩個禮拜匆匆地過去了。韋小姐忽然和我說，你別看阿河土，她的志气很好，她是個可怜的人。我和娘說，把我前年在家穿的那身棉襖褲給了她吧。我嫌那兩件衣服太花，給了她正好。娘先不肯，說她來了沒有几天；后來也肯了。今天拿出來讓她穿，正合式呢。我們教給她打絨繩鞋，她真聰明，一學就會了。她說拿到工錢，也要打一雙穿呢。我等几天再和娘說去。

“她這樣愛好！怪不得頭髮光得多了，原來都是你們教她的。好！你們盡教她講究，她將來怕不愿回家去呢。”大家都笑了。

舊新年是過去了。因為江浙的兵事，我們的學校一時還不能開學。我們大家都樂得在別墅里多住些日子。這時阿河如換了一個人。她穿著寶藍色挑著小花儿的布棉襖褲；腳下是嫩藍色毛繩鞋，鞋口還綴著兩個半藍半白的小絨球儿。我想這一定是她的小姐們給幫忙的。古語說得好，“人要衣裳馬要鞍”，阿河這一打扮，真有些楚楚可怜了。她的頭髮早已是刷得光光的，覆額的留海也梳得十分伏帖。一張小小的圓臉，如正開的桃李花；臉上并沒有笑，卻隱隱地含著春日的光輝，像花房里充了蜜一般。這在我几乎是一個奇跡；我現在是常站在窗前看她了。我覺得在深山里發見了一粒貓儿眼；這樣精純的貓儿眼，是我生平所僅見！我覺得我們相識已太長久，极愿和她說一句話——极平淡的話，一句也好。但我怎好平白地和她攀談呢？這樣郁郁了一禮拜。

這是元宵節的前一晚上。我吃了飯，在屋里坐了一會，覺得有些無聊，便信步走到那書房里。拿起報來，想再細看一回。忽然門鈕一響，阿河進來了。她手里拿著三四支顏色鉛筆；出乎意料地走近了我。她站在我面前了，靜靜地微笑著說：“白先生，你知道鉛筆刨在哪里？”一面將拿著的鉛筆給我看。我不自主地立起來，匆忙地應道，“在這里；”我用手指著南邊柱子。但我立刻覺得這是不夠的。我領她走近了柱子。這時我像閃電似地躊躇了一下，便說，“我…… 我……”她一聲不響地已將一支鉛筆交給我。我放進刨子里刨給她看。刨了兩下，便想交給她；但終于刨完了一支，交還了她。她接了筆略看一看，仍仰著臉向我。我窘极了。剎那間念頭轉了好几個圈子；到底硬著頭皮搭訕著說，“就這樣刨好了。”我赶緊向門外一瞥，就走回原處看報去。但我的頭剛低下，我的眼已抬起來了。于是遠遠地從容地問道，“你會么？”她不曾掉過頭來，只“嚶”了一聲，也不說話。我看了她背影一會。覺得應該低下頭了。等我再抬起頭來時，她已默默地向外走了。她似乎總是望前看的；我想再問她一句話，但終于不曾出口。我撇下了報，站起來走了一會，便回到自己屋里。

我一直想著些什么，但什么也沒有想出。

第二天早上看見她往廚房里走時，我發愿我的眼將老跟著她的影子！她的影子真好。她那几步路走得又敏捷，又勻稱，又苗條，正如一只可愛的小貓。她兩手各提著一只水壺，又令我想到在一條細細的索儿上抖擻精神走著的女子。這全",上抖擻精神走著的女子這全,由于,youyu,you yu,TRUE,1:由於 | 2:猶豫 | 3:優於 | 4:憂鬱 | 5:有餘 | 6:魷魚 | 7:有雨 | 8:又與 | 9:優育 | 10:游魚,FALSE,,,,,
top10_missing,445899d043f6c0fa0df3eb0d,槳聲燈影裏的秦淮河,4128,4130,"一九二三年八月的一晚，我和平伯同遊秦淮河；平伯是初泛，我是重來了。我們雇了一隻「七板子」，在夕陽已去、皎月方來的時候，便下了船。於是槳聲汩汩，我們開始領略那晃蕩著薔薇色的歷史的秦淮河的滋味了。

秦淮河裏的船，比北京万生園、頤和園的船好，比西湖的船好，比揚州瘦西湖的船也好。這幾處的船不是覺著笨，就是覺著簡陋、局促；都不能引起乘客們的情韻，如秦淮河的船一樣。秦淮河的船約略可分為兩種：一是大船；一是小船，就是所謂「七板子」。大船艙口闊大，可容二三十人。裏面陳設著字畫和光潔的紅木家具，桌上一律嵌著冰涼的大理石面。窗格雕鏤頗細，使人起柔膩之感。窗格里映著紅色藍色的玻璃；玻璃上有精緻的花紋，也頗悅人目。「七板子」規模雖不及大船，但那淡藍色的欄杆，空敞的艙，也足繫人情思。而最出色處卻在它的艙前。艙前是甲板上的一部，上面有弧形的頂，兩邊用疏疏的欄杆支著。裏面通常放著兩張藤的躺椅。躺下，可以談天，可以望遠，可以顧盼兩岸的河房。大船上也有這個，但在小船上更覺清雋罷了。艙前的頂下，一律懸著燈彩；燈的多少、明暗，彩蘇的精粗、艷晦，是不一的，但好歹總還你一個燈彩。這燈彩實在是最能勾人的東西。夜幕垂垂地下來時，大小船上都點起燈火。從兩重玻璃裏映出那輻射著的黃黃的散光，反暈出一片朦朧的煙靄；透過這煙靄，在黯黯的水波里，又逗起縷縷的明漪。在這薄靄和微漪裏，聽著那悠然的間歇的槳聲，誰能不被引入他的美夢去呢？只愁夢太多了，這些大小船兒如何載得起呀？我們這時模模糊糊的談著明末的秦淮河的艷跡，如《桃花扇》及《板橋雜記》裏所載的。我們真神往了。我們彷彿親見那時華燈映水，畫舫凌波的光景了。於是我們的船便成了歷史的重載了。我們終於恍然秦淮河的船所以雅麗過於他處，而又有奇異的吸引力的，實在是許多歷史的影像使然了。

秦淮河的水是碧陰陰的；看起來厚而不膩，或者是六朝金粉所凝麼？我們初上船的時候，天色還未斷黑，那漾漾的柔波是這樣恬靜、委婉，使我們一面有水闊天空之想，一面又憧憬著紙醉金迷之境了。等到燈火明時，陰陰的變為沈沉了：黯淡的水光，像夢一般；那偶然閃爍著的光芒，就是夢的眼睛了。我們坐在艙前，因了那隆起的頂棚，彷彿總是昂著首向前走著似的；於是飄飄然如御風而行的我們，看著那些自在的灣泊著的船，船裏走馬燈般的人物，便像是下界一般，迢迢的遠了，又像在霧裏看花，盡朦朦朧朧的。這時我們已過了利涉橋，望見東關頭了。沿路聽見斷續的歌聲：有從沿河的妓樓飄來的，有從河上船裏渡來的。我們明知那些歌聲，只是些因襲的言詞，從生澀的歌喉裏機械的發出來的；但它們經了夏夜的微風的吹漾和水波的搖拂，嬝娜著到我們耳邊的時候，已經不單是她們的歌聲，而混著微風和河水的密語了。於是我們不得不被牽惹著，震撼著，相與浮沉於這歌聲裏了。從東關頭轉彎，不久就到大中橋。大中橋共有三個橋拱，都很闊大，儼然是三座門兒；使我們覺得我們的船和船裏的我們，在橋下過去時，真是太無顏色了。橋磚是深褐色，表明它的歷史的長久；但都完好無缺，令人太息於古昔工程的堅美。橋上兩旁都是木壁的房子，中間應該有街路。這些房子都破舊了，多年煙熏的跡，遮沒了當年的美麗。我想像秦淮河的極盛時，在這樣宏闊的橋上，特地蓋了房子，必然是髹漆得富富麗麗的；晚間必然是燈火通明的，現在卻只剩下一片黑沉沉！但是橋上造著房子，畢竟使我們多少可以想見往日的繁華；這也慰情聊勝無了。過了大中橋，便到了燈月交輝、笙歌徹夜的秦淮河，這才是秦淮河的真面目哩。

大中橋外，頓然空闊，和橋內兩岸排著密密的人家的景像大異了。一眼望去，疏疏的林，淡淡的月，襯著蔚藍的天，頗像荒江野渡光景；那邊呢，鬱叢叢的，陰森森的，又似乎藏著無邊的黑暗，令人幾乎不信那是繁華的秦淮河了。但是河中眩暈著的燈光，縱橫著的畫舫，悠揚著的笛韻，夾著那吱吱的胡琴聲，終於使我們認識綠如茵陳酒的秦淮水了。此地天裸露著的多些，故覺夜來的獨遲些；從清清的水影裏，我們感到的只是薄薄的夜——這正是秦淮河的夜。大中橋外，本來還有一座復成橋，是船夫口中的我們的遊踪盡處，或也是秦淮河繁華的盡處了。我的腳曾踏過復成橋的脊，在十三四歲的時候。但是兩次遊秦淮河，卻都不曾見著復成橋的面；明知總在前途的，卻常覺得有些虛無縹緲似的。我想，不見倒也好。這時正是盛夏。我們下船後，藉著新生的晚涼和河上的微風，暑氣已漸漸消散；到了此地，豁然開朗，身子頓然輕了——習習的清風荏苒在面上、手上、衣上，這便又感到了一縷新涼了。南京的日光，大概沒有杭州猛烈；西湖的夏夜老是熱蓬蓬的，水像沸著一般，秦淮河的水卻盡是這樣冷冷地綠著。任你人影的憧憧，歌聲的擾擾，總像隔著一層薄薄的綠紗面冪似的；它盡是這樣靜靜的、冷冷的綠著。我們出了大中橋，走不上半里路，船夫便將船劃到一旁，停了槳由它宕著。他以為那裏正是繁華的極點，再過去就是荒涼了；所以讓我們多多賞鑑一會兒。他自己卻靜靜的蹲著。他是看慣這光景的了，大約只是一個無可無不可。這無可無不可，無論是升的沉的，總之，都比我們高了。

那時河裏鬧熱極了；船大半泊著，小半在水上穿梭似的來往。停泊著的都在近市的那一邊，我們的船自然也夾在其中。因為這邊略略的擠，便覺得那邊十分的疏了。在每一隻船從那邊過去時，我們能畫出它的輕輕的影和曲曲的波，在我們的心上；這顯著是空，且顯著是靜了。那時處處都是歌聲和淒厲的胡琴聲，圓潤的喉嚨，確乎是很少的。但那生澀的，尖脆的調子能使人有少年的，粗率不拘的感覺，也正可快我們的意。況且多少隔開些兒聽著，因為想像與渴慕的做美，總覺更有滋味；而竟發的喧囂，抑揚的不齊，遠近的雜沓，和樂器的嘈嘈切切，合成另一意味的諧音，也使我們無所適從，如隨著大風而走。這實在因為我們的心枯澀久了，變為脆弱；故偶然潤澤一下，便瘋狂似的不能自主了，但秦淮河確也膩人。即如船裏的人面，無論是和我們一堆儿泊著的，無論是從我們眼前過去的，總是模模糊糊的，甚至渺渺茫茫的；任你張圓了眼睛，揩淨了眥垢，也是枉然，這真夠人想呢。在我們停泊的地方，燈光原是紛然的；不過這些燈光都是黃而有暈的。黃已經不能明了，再加上了暈，便更不成了。燈愈多，暈就愈甚；在繁星般的黃的交錯裏，秦淮河彷彿籠上了一團光霧。光芒與霧氣騰騰的暈著，什麼都只剩了輪廓了；所以人面的詳細的曲線，便消失於我們的眼底了。但燈光究竟奪不了那邊的月色；燈光是渾的，月色是清的。在渾沌的燈光裏，滲入一派清輝，卻真是奇蹟！那晚月兒已瘦削了兩三分。她晚妝才罷，盈盈的上了柳梢頭。天是藍得可愛，彷彿一汪水似的；月兒便更出落得精神了。岸上原有三株兩株的垂楊樹，淡淡的影子，在水里搖曳著。它們那柔細的枝條浴著月光，就像一支支美人的臂膊，交互的纏著、挽著；又像是月兒披著的髪。而月兒偶爾也從它們的交叉處偷偷窺看我們，大有小姑娘怕羞的樣子。岸上另有幾株不知名的老樹，光光的立著；在月光裏照起來，卻又儼然是精神矍鑠的老人。遠處快到天際線了，才有一兩片白雲，亮得現出異彩，像是美麗的貝殼一般。白雲下便是黑黑的一帶輪廓；是一條隨意畫的不規則的曲線。這一段光景，和河中的風味大異了。但燈與月竟能並存著，交融著，使月成了纏綿的月，燈射著渺渺的靈輝，這正是天之所以厚秦淮河，也正是天之所以厚我們了。

這時卻遇著了難解的糾紛。秦淮河上原有一種歌妓，是以歌為業的。從前都在茶舫上，唱些大曲之類。每日午後一時起；什麼時候止，卻忘記了。晚上照樣也有一回，也在黃暈的燈光裏。我從前過南京時，曾隨著朋友去聽過兩次。因為茶舫裏的人臉太多了，覺得不大適意，終於聽不出所以然。前年聽說歌妓被取締了，不知怎的，頗涉想了幾次卻想不出什麼。這次到南京，先到茶舫上去看看，覺得頗是寂寥，令我無端的悵悵了。不料她們卻仍在秦淮河裏掙扎著，不料她們竟會糾纏到我們，我於是很張皇了，她們也乘著「七板子」，她們總是坐在艙前的。艙前點著石油汽燈，光亮炫人眼目：坐在下面的，自然是纖毫畢見了。引誘客人們的力量，也便在此了。艙裏躲著樂工等人，映著汽燈的餘輝蠕動著；他們是永遠不被注意的。每船的歌妓大約都是二人；天色一黑，她們的船就在大中橋外往來不息的兜生意。無論行著的船，泊著的船，都要來兜攬的。這都是我後來推想出來的。那晚不知怎樣，忽然輪著我們的船了。我們的船好好的停著，一隻歌舫劃向我們來了；漸漸和我們的船並著了。爍爍的燈光逼得我們皺起了眉頭；我們的風塵色全給它托出來了，這使我踧踖不安了。那時一個伙計跨過船來，拿著攤開的歌摺，就近塞向我的手裏，說：「點幾出吧！」他跨過來的時候，我們船上似乎有許多眼光跟著。同時相近的別的船上也似乎有許多眼睛炯炯的向我們船上看著。我真窘了！我也裝出大方的樣子，向歌妓們瞥了一眼，但究竟是不成的！我勉強將那歌摺翻了一翻，卻不曾看清了幾個字；便趕緊遞還那伙計，一面不好意思地說「不要，我們⋯⋯不要。」他便塞給平伯，平伯掉轉頭去，搖手說：「不要！」那人還膩著不走。平伯又回過臉來，搖著頭道「不要！」於是那人重到我處，我窘著再拒絕了他。他這纔有所不屑似的走了。

我的心立刻放下，如釋了重負一般。我們就開始自白了。

我說我受了道德律的壓迫，拒絕了她們；心裏似乎很抱歉的。這所謂抱歉，一面對於她們，一面對於我自己。她們於我們雖然沒有很奢的希望；但總有些希望的。我們拒絕了她們，無論理由如何充足，卻使她們的希望受了傷；這總有幾分不做美了，這是我覺得很悵悵的。至於我自己，更有一種不足之感。我這時被四面的歌聲誘惑了，降伏了；但是遠遠的，遠遠的歌聲總彷彿隔著重衣搔癢似的，越搔越搔不著癢處。我於是憧憬著貼耳的妙音了。在歌舫劃來時，我的憧憬，變為盼望；我固執的盼望著，有如飢渴。雖然從淺薄的經驗裏，也能夠推知，那貼耳的歌聲，將剝去了一切的美妙；但一個平常的人像我的，谁愿憑了理性之力去醜化未來呢？我寧願自己騙著了。不過我的社會感性是很敏銳的；我的思力能拆穿道德律的西洋鏡，而我的感情卻終於被它壓服著。我於是有所顧忌了，尤其是在眾目昭彰的時候。道德律的力，本來是民眾賦予的；在民眾的面前，自然更顯出它的威嚴了。我這時一面盼望，一面卻感到了兩重的禁制：一、在通俗的意義上，接近妓者總算一種不正當的",接近妓者總算一種不正當的,行為,xingwei,xing wei,TRUE,1:行爲 | 2:腥味 | 3:興味 | 4:星位 | 5:幸未 | 6:姓魏 | 7:姓衛 | 8:幸位 | 9:行尾 | 10:行葦,FALSE,,,,,
top10_missing,4a242446bef7b72266dee35d,阿河,4172,4174,"我這一回寒假，因為養病，住到一家親戚的別墅里去。那別墅是在鄉下。前面偏左的地方，是一片淡藍的湖水，對岸環擁著不盡的青山。山的影子倒映在水里，越顯得清清朗朗的。水面常如鏡子一般。風起時，微有皺痕；像少女們皺她們的眉頭，過一會子就好了。湖的余勢束成一條小港，緩緩地不聲不響地流過別墅的門前。門前有一條小石橋，橋那邊盡是田畝。這邊沿岸一帶，相間地栽著桃樹和柳樹，春來當有一番熱鬧的夢。別墅外面繚繞著短短的竹篱，篱外是小小的路。里邊一座向南的樓，背后便倚著山。西邊是三間平屋，我便住在這里。院子里有兩塊草地，上面隨便放著兩三塊石頭。另外的隙地上，或羅列著盆栽，或种蒔著花草。篱邊還有几株枝干蟠曲的大樹，有一株几乎要伸到水里去了。

我的親戚韋君只有夫婦二人和一個女儿。她在外邊念書，這時也剛回到家里。她邀來三位同學，同到她家過這個寒假；兩位是親戚，一位是朋友。她們住著樓上的兩間屋子。韋君夫婦也住在樓上。樓下正中是客廳，常是閒著，西間是吃飯的地方；東間便是韋君的書房，我們談天，喝茶，看報，都在這里。我吃了飯，便是一個人，也要到這里來閒坐一回。我來的第二天，韋小姐告訴我，她母親要給她們找一個好好的女用人；長工阿齊說有一個表妹，母親叫他明天就帶來做做看呢。她似乎很高興的樣子，我只是不經意地答應。

平屋与樓屋之間，是一個小小的廚房。我住的是東面的屋子，從窗子里可以看見廚房里人的來往。這一天午飯前，我偶然向外看看，見一個面生的女用人，兩手提著兩把白鐵壺，正往廚房里走；韋家的李媽在她前面領著，不知在和她說甚么話。她的頭髮亂蓬蓬的，像冬天的枯草一樣。身上穿著鑲邊的黑布棉襖和夾褲，黑里已泛出黃色；棉襖長与膝齊，夾褲也直拖到腳背上。腳倒是雙天足，穿著尖頭的黑布鞋，后跟還帶著兩片同色的“葉拔儿”。想這就是阿齊帶來的女用人了；想完了就坐下看書。晚飯后，韋小姐告訴我，女用人來了，她的名字叫“阿河”。我說，“名字很好，只是人土些；還能做么？”她說，“別看她土，很聰明呢。”我說，“哦。”便接著看手中的報了。

以后每天早上，中上，晚上，我常常看見阿河挈著水壺來往；她的眼似乎總是望前看的。兩個禮拜匆匆地過去了。韋小姐忽然和我說，你別看阿河土，她的志气很好，她是個可怜的人。我和娘說，把我前年在家穿的那身棉襖褲給了她吧。我嫌那兩件衣服太花，給了她正好。娘先不肯，說她來了沒有几天；后來也肯了。今天拿出來讓她穿，正合式呢。我們教給她打絨繩鞋，她真聰明，一學就會了。她說拿到工錢，也要打一雙穿呢。我等几天再和娘說去。

“她這樣愛好！怪不得頭髮光得多了，原來都是你們教她的。好！你們盡教她講究，她將來怕不愿回家去呢。”大家都笑了。

舊新年是過去了。因為江浙的兵事，我們的學校一時還不能開學。我們大家都樂得在別墅里多住些日子。這時阿河如換了一個人。她穿著寶藍色挑著小花儿的布棉襖褲；腳下是嫩藍色毛繩鞋，鞋口還綴著兩個半藍半白的小絨球儿。我想這一定是她的小姐們給幫忙的。古語說得好，“人要衣裳馬要鞍”，阿河這一打扮，真有些楚楚可怜了。她的頭髮早已是刷得光光的，覆額的留海也梳得十分伏帖。一張小小的圓臉，如正開的桃李花；臉上并沒有笑，卻隱隱地含著春日的光輝，像花房里充了蜜一般。這在我几乎是一個奇跡；我現在是常站在窗前看她了。我覺得在深山里發見了一粒貓儿眼；這樣精純的貓儿眼，是我生平所僅見！我覺得我們相識已太長久，极愿和她說一句話——极平淡的話，一句也好。但我怎好平白地和她攀談呢？這樣郁郁了一禮拜。

這是元宵節的前一晚上。我吃了飯，在屋里坐了一會，覺得有些無聊，便信步走到那書房里。拿起報來，想再細看一回。忽然門鈕一響，阿河進來了。她手里拿著三四支顏色鉛筆；出乎意料地走近了我。她站在我面前了，靜靜地微笑著說：“白先生，你知道鉛筆刨在哪里？”一面將拿著的鉛筆給我看。我不自主地立起來，匆忙地應道，“在這里；”我用手指著南邊柱子。但我立刻覺得這是不夠的。我領她走近了柱子。這時我像閃電似地躊躇了一下，便說，“我…… 我……”她一聲不響地已將一支鉛筆交給我。我放進刨子里刨給她看。刨了兩下，便想交給她；但終于刨完了一支，交還了她。她接了筆略看一看，仍仰著臉向我。我窘极了。剎那間念頭轉了好几個圈子；到底硬著頭皮搭訕著說，“就這樣刨好了。”我赶緊向門外一瞥，就走回原處看報去。但我的頭剛低下，我的眼已抬起來了。于是遠遠地從容地問道，“你會么？”她不曾掉過頭來，只“嚶”了一聲，也不說話。我看了她背影一會。覺得應該低下頭了。等我再抬起頭來時，她已默默地向外走了。她似乎總是望前看的；我想再問她一句話，但終于不曾出口。我撇下了報，站起來走了一會，便回到自己屋里。

我一直想著些什么，但什么也沒有想出。

第二天早上看見她往廚房里走時，我發愿我的眼將老跟著她的影子！她的影子真好。她那几步路走得又敏捷，又勻稱，又苗條，正如一只可愛的小貓。她兩手各提著一只水壺，又令我想到在一條細細的索儿上抖擻精神走著的女子。這全由于她的腰；她的腰真太軟了，用白水的話說，真是軟到使我如吃蘇州的牛皮糖一樣。不止她的腰，我的日記里說得好：“她有一套和云霞比美，水月爭靈的曲線，織成大大的一張迷惑的网！”而那兩頰的曲線，尤其甜蜜可人。她兩頰是白中透著微紅，潤澤如玉。她的皮膚，嫩得可以掐出水來；我的日記里說，“我很想去掐她一下呀！”她的眼像一雙小燕子，老是在灩灩的春水上打著圈儿。她的笑最使我記住，像一朵花漂浮在我的腦海里。我不是說過，她的小圓臉像正開的桃花么？那么，她微笑的時候，便是盛開的時候了：花房里充滿了蜜，真如要流出來的樣子。她的髮不甚厚，但黑而有光，柔軟而滑，如純絲一般。只可惜我不曾聞著一些儿香。唉！從前我在窗前看她好多次，所得的真太少了；若不是昨晚一見，——雖只几分鐘——我真太對不起這樣一個人儿了。

午飯后，韋君照例地睡午覺去了，只有我，韋小姐和其他三位小姐在書房里。我有意無意地談起阿河的事。我說：

“你們怎知道她的志气好呢？”

“那天我們教給她打絨繩鞋；”一位蔡小姐便答道，“看她很聰明，就問她為甚么不念書？她被我們一問，就傷心起來了。……”

“是的，”韋小姐笑著搶了說，“后來還哭了呢；還有一位傻子陪她淌眼淚呢。”

那邊黃小姐可急了，走過來推了她一下。蔡小姐忙攔住道，“人家說正經話，你們盡鬧著玩儿！讓我說完了呀——”“我代你說啵，”韋小姐仍搶著說，“——她說她只有一個爹，沒有娘。嫁了一個男人，倒有三十多歲，土頭土腦的，臉上滿是包！他是李媽的鄰舍，我還看見過呢。……”“好了，底下我說吧。”蔡小姐接著道，“她男人又不要好，盡愛賭錢；她一气，就住到娘家來，有一年多不回去了。”

“她今年几歲？”我問。

“十七不知十八？前年出嫁的，几個月就回家了，”蔡小姐說。

“不，十八，我知道，”韋小姐改正道。

“哦。你們可曾勸她离婚？”

“怎么不勸；”韋小姐應道，“她說十八回去吃她表哥的喜酒，要和她的爹去說呢。”

“你們教她的好事，該當何罪！”我笑了。

她們也都笑了。

十九的早上，我正在屋里看書，听見外面有嚷嚷的聲音；這是從來沒有的。我立刻走出來看；只見門外有兩個鄉下人要走進來，卻給阿齊攔住。他們只是央告，阿齊只是不肯。這時韋君已走出院中，向他們道，

“你們回去吧。人在我這里，不要緊的。快回去，不要瞎吵！”

兩個人面面相覷，說不出一句話；俄延了一會，只好走了。我問韋君什么事？他說，

“阿河囉！還不是瞎吵一回子。”

我想他于男女的事向來是懶得說的，還是回頭問他小姐的好；我們便談到別的事情上去。

吃了飯，我赶緊問韋小姐，她說，

“她是告訴娘的，你問娘去。”

我想這件事有些尷尬，便到西間里問韋太太；她正看著李媽收拾碗碟呢。她見我問，便笑著說，

“你要問這些事做什么？她昨天回去，原是借了阿桂的衣裳穿了去的，打扮得嬌滴滴的，也難怪，被她男人看見了，便約了些不相干的人，將她搶回去過了一夜。今天早上，她騙她男人，說要到此地來拿行李。她男人就會信她，派了兩個人跟著。那知她到了這里，便叫阿齊攔著那跟來的人；她自己便跪在我面前哭訴，說死也不愿回她男人家去。你說我有什么法子。只好讓那跟來的人先回去再說。好在沒有几天，她們要上學了，我將來交給她的爹吧。唉，現在的人，心眼儿真是越過越大了；一個鄉下女人，也會鬧出這樣惊天動地的事了！”

“可不是，”李媽在旁插嘴道，“太太你不知道；我家三叔前儿來，我還听他說呢。我本不該說的，阿彌陀佛！太太，你想她不愿意回婆家，老愿意住在娘家，是什么道理？家里只有一個單身的老子；你想那該死的老畜生！他舍不得放她回去呀！”

“低些，真的么？”韋太太惊詫地問。

“他們說得千真万确的。我早就想告訴太太了，總有些疑心；今天看她的樣子，真有几分對呢。太太，你想現在還成什么世界！”

“這該不至于吧。”我淡淡地插了一句。

“少爺，你那里知道！”韋太太歎了一口气，“——好在沒有几天了，讓她快些走吧；別將我們的運气帶坏了。她的事，我們以后也別談吧。”

開學的通告來了，我定在二十八走。二十六的晚上，阿河忽然不到廚房里挈水了。韋小姐跑來低低地告訴我，“娘叫阿齊將阿河送回去了；我在樓上，都不知道呢。”我應了一聲，一句話也沒有說。正如每日有三頓飽飯吃的人，忽然絕了糧；卻又不能告訴一個人！而且我覺得她的前面是黑洞洞的，此去不定有什么好歹！那一夜我是沒有好好地睡，只翻來覆去地做夢，醒來卻又一例茫然。這樣昏昏沉沉地到了二十八早上，懶懶地向韋君夫婦和韋小姐告別而行，韋君夫婦堅約春假再來住，我只得含糊答應著。出門時，我很想回望廚房几眼；但許多人都站在門口送我，我怎好回頭呢？

到校一打听，老友陸已來了。我不及料理行李，便找著他，將阿河的事一五一十告訴他。他本是個好事的人；听我說時，時而皺眉，時而歎气，時而擦掌。听到她只十八歲時，他突然將舌頭一伸，跳起來道，

“可惜我早有了我那太太！要不然，我准得想法子娶她！”

“你娶她就好了；現在不知鹿死誰手呢？”

我倆默默相對了一會，陸忽然拍著桌子道，

“有了，老汪不是去年失了戀么？他現在還沒有主儿，何不給他倆撮合一下。”

我正要答說，他已出去了。過了一會子，他和",他已出去了過了一會子他和,汪來,wanglai,wang lai,TRUE,1:往來 | 2:望來 | 3:網 | 4:王 | 5:往 | 6:忘 | 7:望 | 8:汪 | 9:旺 | 10:亡,FALSE,,,,,
top10_missing,909fbb2a5cee1710605f9678,阿河,686,688,"我這一回寒假，因為養病，住到一家親戚的別墅里去。那別墅是在鄉下。前面偏左的地方，是一片淡藍的湖水，對岸環擁著不盡的青山。山的影子倒映在水里，越顯得清清朗朗的。水面常如鏡子一般。風起時，微有皺痕；像少女們皺她們的眉頭，過一會子就好了。湖的余勢束成一條小港，緩緩地不聲不響地流過別墅的門前。門前有一條小石橋，橋那邊盡是田畝。這邊沿岸一帶，相間地栽著桃樹和柳樹，春來當有一番熱鬧的夢。別墅外面繚繞著短短的竹篱，篱外是小小的路。里邊一座向南的樓，背后便倚著山。西邊是三間平屋，我便住在這里。院子里有兩塊草地，上面隨便放著兩三塊石頭。另外的隙地上，或羅列著盆栽，或种蒔著花草。篱邊還有几株枝干蟠曲的大樹，有一株几乎要伸到水里去了。

我的親戚韋君只有夫婦二人和一個女儿。她在外邊念書，這時也剛回到家里。她邀來三位同學，同到她家過這個寒假；兩位是親戚，一位是朋友。她們住著樓上的兩間屋子。韋君夫婦也住在樓上。樓下正中是客廳，常是閒著，西間是吃飯的地方；東間便是韋君的書房，我們談天，喝茶，看報，都在這里。我吃了飯，便是一個人，也要到這里來閒坐一回。我來的第二天，韋小姐告訴我，她母親要給她們找一個好好的女用人；長工阿齊說有一個表妹，母親叫他明天就帶來做做看呢。她似乎很高興的樣子，我只是不經意地答應。

平屋与樓屋之間，是一個小小的廚房。我住的是東面的屋子，從窗子里可以看見廚房里人的來往。這一天午飯前，我偶然向外看看，見一個面生的女用人，兩手提著兩把白鐵壺，正往廚房里走；韋家的李媽在她前面領著，不知在和她說甚么話。她的頭髮亂蓬蓬的，像冬天的枯草一樣。身上穿著鑲邊的黑布棉襖和夾褲，",穿著鑲邊的黑布棉襖和夾褲,黑里,heili,hei li,FALSE,1:黑裏 | 2:黑 | 3:嘿 | 4:黒 | 5:潶 | 6:閪 | 7:㱄 | 8:𢖛 | 9:𢡀 | 10:𥕙,FALSE,,,,,
top10_missing,2588ea8b6dac44aeef6ae716,阿河,916,918,"我這一回寒假，因為養病，住到一家親戚的別墅里去。那別墅是在鄉下。前面偏左的地方，是一片淡藍的湖水，對岸環擁著不盡的青山。山的影子倒映在水里，越顯得清清朗朗的。水面常如鏡子一般。風起時，微有皺痕；像少女們皺她們的眉頭，過一會子就好了。湖的余勢束成一條小港，緩緩地不聲不響地流過別墅的門前。門前有一條小石橋，橋那邊盡是田畝。這邊沿岸一帶，相間地栽著桃樹和柳樹，春來當有一番熱鬧的夢。別墅外面繚繞著短短的竹篱，篱外是小小的路。里邊一座向南的樓，背后便倚著山。西邊是三間平屋，我便住在這里。院子里有兩塊草地，上面隨便放著兩三塊石頭。另外的隙地上，或羅列著盆栽，或种蒔著花草。篱邊還有几株枝干蟠曲的大樹，有一株几乎要伸到水里去了。

我的親戚韋君只有夫婦二人和一個女儿。她在外邊念書，這時也剛回到家里。她邀來三位同學，同到她家過這個寒假；兩位是親戚，一位是朋友。她們住著樓上的兩間屋子。韋君夫婦也住在樓上。樓下正中是客廳，常是閒著，西間是吃飯的地方；東間便是韋君的書房，我們談天，喝茶，看報，都在這里。我吃了飯，便是一個人，也要到這里來閒坐一回。我來的第二天，韋小姐告訴我，她母親要給她們找一個好好的女用人；長工阿齊說有一個表妹，母親叫他明天就帶來做做看呢。她似乎很高興的樣子，我只是不經意地答應。

平屋与樓屋之間，是一個小小的廚房。我住的是東面的屋子，從窗子里可以看見廚房里人的來往。這一天午飯前，我偶然向外看看，見一個面生的女用人，兩手提著兩把白鐵壺，正往廚房里走；韋家的李媽在她前面領著，不知在和她說甚么話。她的頭髮亂蓬蓬的，像冬天的枯草一樣。身上穿著鑲邊的黑布棉襖和夾褲，黑里已泛出黃色；棉襖長与膝齊，夾褲也直拖到腳背上。腳倒是雙天足，穿著尖頭的黑布鞋，后跟還帶著兩片同色的“葉拔儿”。想這就是阿齊帶來的女用人了；想完了就坐下看書。晚飯后，韋小姐告訴我，女用人來了，她的名字叫“阿河”。我說，“名字很好，只是人土些；還能做么？”她說，“別看她土，很聰明呢。”我說，“哦。”便接著看手中的報了。

以后每天早上，中上，晚上，我常常看見阿河挈著水壺來往；她的眼似乎總是望前看的。兩個禮拜匆匆地過去了。韋小姐忽然和我說，你別看阿河土，她的",然和我說你別看阿河土她的,志气,zhiqi,zhi qi,FALSE,1:之氣 | 2:志氣 | 3:知其 | 4:稚氣 | 5:之妻 | 6:支起 | 7:直起 | 8:緻畸 | 9:指起 | 10:踶跂,FALSE,,,,,
top10_missing,15f07157243433636e2624be,阿河,1269,1271,"我這一回寒假，因為養病，住到一家親戚的別墅里去。那別墅是在鄉下。前面偏左的地方，是一片淡藍的湖水，對岸環擁著不盡的青山。山的影子倒映在水里，越顯得清清朗朗的。水面常如鏡子一般。風起時，微有皺痕；像少女們皺她們的眉頭，過一會子就好了。湖的余勢束成一條小港，緩緩地不聲不響地流過別墅的門前。門前有一條小石橋，橋那邊盡是田畝。這邊沿岸一帶，相間地栽著桃樹和柳樹，春來當有一番熱鬧的夢。別墅外面繚繞著短短的竹篱，篱外是小小的路。里邊一座向南的樓，背后便倚著山。西邊是三間平屋，我便住在這里。院子里有兩塊草地，上面隨便放著兩三塊石頭。另外的隙地上，或羅列著盆栽，或种蒔著花草。篱邊還有几株枝干蟠曲的大樹，有一株几乎要伸到水里去了。

我的親戚韋君只有夫婦二人和一個女儿。她在外邊念書，這時也剛回到家里。她邀來三位同學，同到她家過這個寒假；兩位是親戚，一位是朋友。她們住著樓上的兩間屋子。韋君夫婦也住在樓上。樓下正中是客廳，常是閒著，西間是吃飯的地方；東間便是韋君的書房，我們談天，喝茶，看報，都在這里。我吃了飯，便是一個人，也要到這里來閒坐一回。我來的第二天，韋小姐告訴我，她母親要給她們找一個好好的女用人；長工阿齊說有一個表妹，母親叫他明天就帶來做做看呢。她似乎很高興的樣子，我只是不經意地答應。

平屋与樓屋之間，是一個小小的廚房。我住的是東面的屋子，從窗子里可以看見廚房里人的來往。這一天午飯前，我偶然向外看看，見一個面生的女用人，兩手提著兩把白鐵壺，正往廚房里走；韋家的李媽在她前面領著，不知在和她說甚么話。她的頭髮亂蓬蓬的，像冬天的枯草一樣。身上穿著鑲邊的黑布棉襖和夾褲，黑里已泛出黃色；棉襖長与膝齊，夾褲也直拖到腳背上。腳倒是雙天足，穿著尖頭的黑布鞋，后跟還帶著兩片同色的“葉拔儿”。想這就是阿齊帶來的女用人了；想完了就坐下看書。晚飯后，韋小姐告訴我，女用人來了，她的名字叫“阿河”。我說，“名字很好，只是人土些；還能做么？”她說，“別看她土，很聰明呢。”我說，“哦。”便接著看手中的報了。

以后每天早上，中上，晚上，我常常看見阿河挈著水壺來往；她的眼似乎總是望前看的。兩個禮拜匆匆地過去了。韋小姐忽然和我說，你別看阿河土，她的志气很好，她是個可怜的人。我和娘說，把我前年在家穿的那身棉襖褲給了她吧。我嫌那兩件衣服太花，給了她正好。娘先不肯，說她來了沒有几天；后來也肯了。今天拿出來讓她穿，正合式呢。我們教給她打絨繩鞋，她真聰明，一學就會了。她說拿到工錢，也要打一雙穿呢。我等几天再和娘說去。

“她這樣愛好！怪不得頭髮光得多了，原來都是你們教她的。好！你們盡教她講究，她將來怕不愿回家去呢。”大家都笑了。

舊新年是過去了。因為江浙的兵事，我們的學校一時還不能開學。我們大家都樂得在別墅里多住些日子。這時阿河如換了一個人。她穿著寶藍色挑著小花儿的布棉襖褲；腳下是嫩藍色毛繩鞋，鞋口還綴著兩個半藍半白的小絨球儿。我想這一定是她的小姐們給幫忙的。古語說得好，“人要衣裳馬要鞍”，阿河這一打扮，真有些楚楚可怜了。她的頭髮早已是刷得光光的，",她的頭髮早已是刷得光光的,覆額,fue,fu e,FALSE,1:腐惡 | 2:扶額 | 3:浮額 | 4:副 | 5:付 | 6:服 | 7:福 | 8:富 | 9:負 | 10:夫,FALSE,,,,,
top10_missing,ae69b14d66613ba7d33fd69f,槳聲燈影裏的秦淮河,697,699,"一九二三年八月的一晚，我和平伯同遊秦淮河；平伯是初泛，我是重來了。我們雇了一隻「七板子」，在夕陽已去、皎月方來的時候，便下了船。於是槳聲汩汩，我們開始領略那晃蕩著薔薇色的歷史的秦淮河的滋味了。

秦淮河裏的船，比北京万生園、頤和園的船好，比西湖的船好，比揚州瘦西湖的船也好。這幾處的船不是覺著笨，就是覺著簡陋、局促；都不能引起乘客們的情韻，如秦淮河的船一樣。秦淮河的船約略可分為兩種：一是大船；一是小船，就是所謂「七板子」。大船艙口闊大，可容二三十人。裏面陳設著字畫和光潔的紅木家具，桌上一律嵌著冰涼的大理石面。窗格雕鏤頗細，使人起柔膩之感。窗格里映著紅色藍色的玻璃；玻璃上有精緻的花紋，也頗悅人目。「七板子」規模雖不及大船，但那淡藍色的欄杆，空敞的艙，也足繫人情思。而最出色處卻在它的艙前。艙前是甲板上的一部，上面有弧形的頂，兩邊用疏疏的欄杆支著。裏面通常放著兩張藤的躺椅。躺下，可以談天，可以望遠，可以顧盼兩岸的河房。大船上也有這個，但在小船上更覺清雋罷了。艙前的頂下，一律懸著燈彩；燈的多少、明暗，彩蘇的精粗、艷晦，是不一的，但好歹總還你一個燈彩。這燈彩實在是最能勾人的東西。夜幕垂垂地下來時，大小船上都點起燈火。從兩重玻璃裏映出那輻射著的黃黃的散光，反暈出一片朦朧的煙靄；透過這煙靄，在黯黯的水波里，又逗起縷縷的明漪。在這薄靄和微漪裏，聽著那悠然的間歇的槳聲，誰能不被引入他的美夢去呢？只愁夢太多了，這些大小船兒如何載得起呀？我們這時模模糊糊的談著明末的秦淮河的艷跡，如《桃花扇》及《板橋雜記》裏所載的。我們真神往了。我們彷彿親見那時華燈映水，畫舫凌波的光景了。於是我們的船便成了歷史的",於是我們的船便成了歷史的,重載,zhongzai,zhong zai,TRUE,1:重在 | 2:重災 | 3:種在 | 4:冢宰 | 5:中 | 6:種 | 7:重 | 8:仲 | 9:衆 | 10:鍾,FALSE,,,,,
top10_missing,39037f82c8e31326a64f7a3b,荷塘月色,911,914,"這幾天心裏頗不寧靜。今晚在院子裏坐着乘涼，忽然想起日日走過的荷塘，在這滿月的光裏，總該另有一番樣子吧。月亮漸漸地升高了，牆外馬路上孩子們的歡笑，已經聽不見了；妻在屋裏拍着閏兒，迷迷糊糊地哼着眠歌。我悄悄地披了大衫，帶上門出去。

沿着荷塘，是一條曲折的小煤屑路。這是一條幽僻的路；白天也少人走，夜晚更加寂寞。荷塘四面，長着許多樹，蓊蓊鬱鬱的。路的一旁，是些楊柳，和一些不知道名字的樹。沒有月光的晚上，這路上陰森森的，有些怕人。今晚卻很好，雖然月光也還是淡淡的。

路上只我一個人，背着手踱着。這一片天地好像是我的；我也像超出了平常的自己，到了另一世界裏。我愛熱鬧，也愛冷靜；愛羣居，也愛獨處。像今晚上，一個人在這蒼茫的月下，什麽都可以想，什麽都可以不想，便覺是個自由的人。白天裏一定要做的事，一定要說的話，現在都可不理。這是獨處的妙處，我且受用這無邊的荷香月色好了。

曲曲折折的荷塘上面，彌望的是田田的葉子。葉子出水很高，像亭亭的舞女的裙。層層的葉子中間，零星地點綴着些白花，有嬝娜地開着的，有羞澀地打着朶兒的；正如一粒粒的明珠，又如碧天裏的星星，又如剛出浴的美人。微風過處，送來縷縷清淸香，彷彿遠處高樓上渺茫的歌聲似的。這時候葉子與花也有一絲的顫動，像閃電般，霎時傳過荷塘的那邊去了。葉子本是肩並肩密密地挨着，這便宛然有了一道凝碧的波痕。葉子底下是脈脈的流水，遮住了，不能見一些顏色；而葉子卻更見風致了。

月光如流水一般，靜靜地瀉在這一片葉子和花上。薄薄的靑霧浮起在荷塘裏。葉子和花彷彿在牛乳中洗過一樣；又像籠着輕紗的夢。雖然是滿月，天上卻有一層淡淡的雲，所以不能朗照；但我以爲這恰是到了好處——酣眠固不可少，小睡也別有風味的。月光是隔了樹照過來的，高處叢生的灌木，落下參差的斑駁的黑影，峭楞楞如鬼一般；彎彎的楊柳的稀疏的倩影，卻又像是畫在荷葉上。塘中的月色並不均勻；但光與影有着和諧的旋律，如梵婀玲上奏着的名曲。

荷塘的四面，遠遠近近，高高低低都是樹，而楊柳最多。這些樹將一片荷塘重重圍住；只在小路一旁，漏着幾段空隙，像是特爲月光留下的。樹色一例是陰陰的，乍看像一團煙霧；但楊柳的丰姿，便在煙霧裏也辨得出。樹梢上",便在煙霧裏也辨得出樹梢上,隱隱約,yinyinyue,yin yin yue,TRUE,1:因音樂 | 2:听听 | 3:隱隱 | 4:陰陰 | 5:殷殷 | 6:印印 | 7:淫淫 | 8:齗齗 | 9:茵茵 | 10:齦音,FALSE,,,,,
top10_missing,392492b9dfe8f37a458bfcf3,匆匆,521,524,"燕子去了，有再來的時候；楊柳枯了，有再靑的時候；桃花謝了，有再開的時候。但是，聰明的，你吿訴我，我們的日子爲什麼一去不復返呢？——是有人偷了他們罷：那是誰？又藏在何處呢？是他們自己逃走了罷：現在又到了那裏呢？

我不知道他們給了我多少日子；但我的手確乎是漸漸空虛了。在默默裏算着，八千多日子已經從我手中溜去；像針尖上一滴水滴在大海裏，我的日子滴在時間的流裏，沒有聲音，也沒有影子。我不禁頭涔涔而淚澘澘了。

去的儘管去了，來的儘管來着；去來的中間，又怎樣地匆匆呢？早上我起來的時候，小屋裏射進兩三方斜斜的太陽。太陽他有腳啊，輕輕悄悄地挪移了；我也茫茫然跟着旋轉。於是——洗手的時候，日子從水盆裏過去；喫飯的時候，日子從飯碗裏過去；默默時，便從凝然的雙眼前過去。我覺察他去的匆匆了，伸出手遮挽時，他又從遮挽着的手邊過去，天黑時，我躺在牀上，他便伶伶俐俐地從我身上跨過，從我腳邊飛去了。等我睜開眼和太陽再見，這算又溜走了一日。我掩着面嘆息。但是新來的日子的影兒又開始在嘆息裏閃過了。

在逃去如飛的日子裏，在千門萬戶的世界裏的我能做些什麼呢？祇有徘徊罷了，祇有匆匆罷了；在八千多日的匆匆裏，除徘徊外，又賸些什麼呢？過去的日子如輕煙，被微風吹散了，",的日子如輕煙被微風吹散了,如薄霧,rubaowu,ru bao wu,TRUE,1:如寶物 | 2:如 | 3:入 | 4:乳 | 5:汝 | 6:儒 | 7:茹 | 8:辱 | 9:濡 | 10:孺,FALSE,,,,,
top10_missing,23a08467f26f968dbbbd7c82,槳聲燈影裏的秦淮河,4126,4128,"一九二三年八月的一晚，我和平伯同遊秦淮河；平伯是初泛，我是重來了。我們雇了一隻「七板子」，在夕陽已去、皎月方來的時候，便下了船。於是槳聲汩汩，我們開始領略那晃蕩著薔薇色的歷史的秦淮河的滋味了。

秦淮河裏的船，比北京万生園、頤和園的船好，比西湖的船好，比揚州瘦西湖的船也好。這幾處的船不是覺著笨，就是覺著簡陋、局促；都不能引起乘客們的情韻，如秦淮河的船一樣。秦淮河的船約略可分為兩種：一是大船；一是小船，就是所謂「七板子」。大船艙口闊大，可容二三十人。裏面陳設著字畫和光潔的紅木家具，桌上一律嵌著冰涼的大理石面。窗格雕鏤頗細，使人起柔膩之感。窗格里映著紅色藍色的玻璃；玻璃上有精緻的花紋，也頗悅人目。「七板子」規模雖不及大船，但那淡藍色的欄杆，空敞的艙，也足繫人情思。而最出色處卻在它的艙前。艙前是甲板上的一部，上面有弧形的頂，兩邊用疏疏的欄杆支著。裏面通常放著兩張藤的躺椅。躺下，可以談天，可以望遠，可以顧盼兩岸的河房。大船上也有這個，但在小船上更覺清雋罷了。艙前的頂下，一律懸著燈彩；燈的多少、明暗，彩蘇的精粗、艷晦，是不一的，但好歹總還你一個燈彩。這燈彩實在是最能勾人的東西。夜幕垂垂地下來時，大小船上都點起燈火。從兩重玻璃裏映出那輻射著的黃黃的散光，反暈出一片朦朧的煙靄；透過這煙靄，在黯黯的水波里，又逗起縷縷的明漪。在這薄靄和微漪裏，聽著那悠然的間歇的槳聲，誰能不被引入他的美夢去呢？只愁夢太多了，這些大小船兒如何載得起呀？我們這時模模糊糊的談著明末的秦淮河的艷跡，如《桃花扇》及《板橋雜記》裏所載的。我們真神往了。我們彷彿親見那時華燈映水，畫舫凌波的光景了。於是我們的船便成了歷史的重載了。我們終於恍然秦淮河的船所以雅麗過於他處，而又有奇異的吸引力的，實在是許多歷史的影像使然了。

秦淮河的水是碧陰陰的；看起來厚而不膩，或者是六朝金粉所凝麼？我們初上船的時候，天色還未斷黑，那漾漾的柔波是這樣恬靜、委婉，使我們一面有水闊天空之想，一面又憧憬著紙醉金迷之境了。等到燈火明時，陰陰的變為沈沉了：黯淡的水光，像夢一般；那偶然閃爍著的光芒，就是夢的眼睛了。我們坐在艙前，因了那隆起的頂棚，彷彿總是昂著首向前走著似的；於是飄飄然如御風而行的我們，看著那些自在的灣泊著的船，船裏走馬燈般的人物，便像是下界一般，迢迢的遠了，又像在霧裏看花，盡朦朦朧朧的。這時我們已過了利涉橋，望見東關頭了。沿路聽見斷續的歌聲：有從沿河的妓樓飄來的，有從河上船裏渡來的。我們明知那些歌聲，只是些因襲的言詞，從生澀的歌喉裏機械的發出來的；但它們經了夏夜的微風的吹漾和水波的搖拂，嬝娜著到我們耳邊的時候，已經不單是她們的歌聲，而混著微風和河水的密語了。於是我們不得不被牽惹著，震撼著，相與浮沉於這歌聲裏了。從東關頭轉彎，不久就到大中橋。大中橋共有三個橋拱，都很闊大，儼然是三座門兒；使我們覺得我們的船和船裏的我們，在橋下過去時，真是太無顏色了。橋磚是深褐色，表明它的歷史的長久；但都完好無缺，令人太息於古昔工程的堅美。橋上兩旁都是木壁的房子，中間應該有街路。這些房子都破舊了，多年煙熏的跡，遮沒了當年的美麗。我想像秦淮河的極盛時，在這樣宏闊的橋上，特地蓋了房子，必然是髹漆得富富麗麗的；晚間必然是燈火通明的，現在卻只剩下一片黑沉沉！但是橋上造著房子，畢竟使我們多少可以想見往日的繁華；這也慰情聊勝無了。過了大中橋，便到了燈月交輝、笙歌徹夜的秦淮河，這才是秦淮河的真面目哩。

大中橋外，頓然空闊，和橋內兩岸排著密密的人家的景像大異了。一眼望去，疏疏的林，淡淡的月，襯著蔚藍的天，頗像荒江野渡光景；那邊呢，鬱叢叢的，陰森森的，又似乎藏著無邊的黑暗，令人幾乎不信那是繁華的秦淮河了。但是河中眩暈著的燈光，縱橫著的畫舫，悠揚著的笛韻，夾著那吱吱的胡琴聲，終於使我們認識綠如茵陳酒的秦淮水了。此地天裸露著的多些，故覺夜來的獨遲些；從清清的水影裏，我們感到的只是薄薄的夜——這正是秦淮河的夜。大中橋外，本來還有一座復成橋，是船夫口中的我們的遊踪盡處，或也是秦淮河繁華的盡處了。我的腳曾踏過復成橋的脊，在十三四歲的時候。但是兩次遊秦淮河，卻都不曾見著復成橋的面；明知總在前途的，卻常覺得有些虛無縹緲似的。我想，不見倒也好。這時正是盛夏。我們下船後，藉著新生的晚涼和河上的微風，暑氣已漸漸消散；到了此地，豁然開朗，身子頓然輕了——習習的清風荏苒在面上、手上、衣上，這便又感到了一縷新涼了。南京的日光，大概沒有杭州猛烈；西湖的夏夜老是熱蓬蓬的，水像沸著一般，秦淮河的水卻盡是這樣冷冷地綠著。任你人影的憧憧，歌聲的擾擾，總像隔著一層薄薄的綠紗面冪似的；它盡是這樣靜靜的、冷冷的綠著。我們出了大中橋，走不上半里路，船夫便將船劃到一旁，停了槳由它宕著。他以為那裏正是繁華的極點，再過去就是荒涼了；所以讓我們多多賞鑑一會兒。他自己卻靜靜的蹲著。他是看慣這光景的了，大約只是一個無可無不可。這無可無不可，無論是升的沉的，總之，都比我們高了。

那時河裏鬧熱極了；船大半泊著，小半在水上穿梭似的來往。停泊著的都在近市的那一邊，我們的船自然也夾在其中。因為這邊略略的擠，便覺得那邊十分的疏了。在每一隻船從那邊過去時，我們能畫出它的輕輕的影和曲曲的波，在我們的心上；這顯著是空，且顯著是靜了。那時處處都是歌聲和淒厲的胡琴聲，圓潤的喉嚨，確乎是很少的。但那生澀的，尖脆的調子能使人有少年的，粗率不拘的感覺，也正可快我們的意。況且多少隔開些兒聽著，因為想像與渴慕的做美，總覺更有滋味；而竟發的喧囂，抑揚的不齊，遠近的雜沓，和樂器的嘈嘈切切，合成另一意味的諧音，也使我們無所適從，如隨著大風而走。這實在因為我們的心枯澀久了，變為脆弱；故偶然潤澤一下，便瘋狂似的不能自主了，但秦淮河確也膩人。即如船裏的人面，無論是和我們一堆儿泊著的，無論是從我們眼前過去的，總是模模糊糊的，甚至渺渺茫茫的；任你張圓了眼睛，揩淨了眥垢，也是枉然，這真夠人想呢。在我們停泊的地方，燈光原是紛然的；不過這些燈光都是黃而有暈的。黃已經不能明了，再加上了暈，便更不成了。燈愈多，暈就愈甚；在繁星般的黃的交錯裏，秦淮河彷彿籠上了一團光霧。光芒與霧氣騰騰的暈著，什麼都只剩了輪廓了；所以人面的詳細的曲線，便消失於我們的眼底了。但燈光究竟奪不了那邊的月色；燈光是渾的，月色是清的。在渾沌的燈光裏，滲入一派清輝，卻真是奇蹟！那晚月兒已瘦削了兩三分。她晚妝才罷，盈盈的上了柳梢頭。天是藍得可愛，彷彿一汪水似的；月兒便更出落得精神了。岸上原有三株兩株的垂楊樹，淡淡的影子，在水里搖曳著。它們那柔細的枝條浴著月光，就像一支支美人的臂膊，交互的纏著、挽著；又像是月兒披著的髪。而月兒偶爾也從它們的交叉處偷偷窺看我們，大有小姑娘怕羞的樣子。岸上另有幾株不知名的老樹，光光的立著；在月光裏照起來，卻又儼然是精神矍鑠的老人。遠處快到天際線了，才有一兩片白雲，亮得現出異彩，像是美麗的貝殼一般。白雲下便是黑黑的一帶輪廓；是一條隨意畫的不規則的曲線。這一段光景，和河中的風味大異了。但燈與月竟能並存著，交融著，使月成了纏綿的月，燈射著渺渺的靈輝，這正是天之所以厚秦淮河，也正是天之所以厚我們了。

這時卻遇著了難解的糾紛。秦淮河上原有一種歌妓，是以歌為業的。從前都在茶舫上，唱些大曲之類。每日午後一時起；什麼時候止，卻忘記了。晚上照樣也有一回，也在黃暈的燈光裏。我從前過南京時，曾隨著朋友去聽過兩次。因為茶舫裏的人臉太多了，覺得不大適意，終於聽不出所以然。前年聽說歌妓被取締了，不知怎的，頗涉想了幾次卻想不出什麼。這次到南京，先到茶舫上去看看，覺得頗是寂寥，令我無端的悵悵了。不料她們卻仍在秦淮河裏掙扎著，不料她們竟會糾纏到我們，我於是很張皇了，她們也乘著「七板子」，她們總是坐在艙前的。艙前點著石油汽燈，光亮炫人眼目：坐在下面的，自然是纖毫畢見了。引誘客人們的力量，也便在此了。艙裏躲著樂工等人，映著汽燈的餘輝蠕動著；他們是永遠不被注意的。每船的歌妓大約都是二人；天色一黑，她們的船就在大中橋外往來不息的兜生意。無論行著的船，泊著的船，都要來兜攬的。這都是我後來推想出來的。那晚不知怎樣，忽然輪著我們的船了。我們的船好好的停著，一隻歌舫劃向我們來了；漸漸和我們的船並著了。爍爍的燈光逼得我們皺起了眉頭；我們的風塵色全給它托出來了，這使我踧踖不安了。那時一個伙計跨過船來，拿著攤開的歌摺，就近塞向我的手裏，說：「點幾出吧！」他跨過來的時候，我們船上似乎有許多眼光跟著。同時相近的別的船上也似乎有許多眼睛炯炯的向我們船上看著。我真窘了！我也裝出大方的樣子，向歌妓們瞥了一眼，但究竟是不成的！我勉強將那歌摺翻了一翻，卻不曾看清了幾個字；便趕緊遞還那伙計，一面不好意思地說「不要，我們⋯⋯不要。」他便塞給平伯，平伯掉轉頭去，搖手說：「不要！」那人還膩著不走。平伯又回過臉來，搖著頭道「不要！」於是那人重到我處，我窘著再拒絕了他。他這纔有所不屑似的走了。

我的心立刻放下，如釋了重負一般。我們就開始自白了。

我說我受了道德律的壓迫，拒絕了她們；心裏似乎很抱歉的。這所謂抱歉，一面對於她們，一面對於我自己。她們於我們雖然沒有很奢的希望；但總有些希望的。我們拒絕了她們，無論理由如何充足，卻使她們的希望受了傷；這總有幾分不做美了，這是我覺得很悵悵的。至於我自己，更有一種不足之感。我這時被四面的歌聲誘惑了，降伏了；但是遠遠的，遠遠的歌聲總彷彿隔著重衣搔癢似的，越搔越搔不著癢處。我於是憧憬著貼耳的妙音了。在歌舫劃來時，我的憧憬，變為盼望；我固執的盼望著，有如飢渴。雖然從淺薄的經驗裏，也能夠推知，那貼耳的歌聲，將剝去了一切的美妙；但一個平常的人像我的，谁愿憑了理性之力去醜化未來呢？我寧願自己騙著了。不過我的社會感性是很敏銳的；我的思力能拆穿道德律的西洋鏡，而我的感情卻終於被它壓服著。我於是有所顧忌了，尤其是在眾目昭彰的時候。道德律的力，本來是民眾賦予的；在民眾的面前，自然更顯出它的威嚴了。我這時一面盼望，一面卻感到了兩重的禁制：一、在通俗的意義上，接近妓者總算一種不正",義上接近妓者總算一種不正,當的,dangde,dang de,TRUE,1:黨的 | 2:噹的 | 3:當得 | 4:當 | 5:黨 | 6:檔 | 7:擋 | 8:盪 | 9:党 | 10:蕩,FALSE,,,,,
top10_missing,18c877988ed52f4215417809,槳聲燈影裏的秦淮河,1471,1474,"一九二三年八月的一晚，我和平伯同遊秦淮河；平伯是初泛，我是重來了。我們雇了一隻「七板子」，在夕陽已去、皎月方來的時候，便下了船。於是槳聲汩汩，我們開始領略那晃蕩著薔薇色的歷史的秦淮河的滋味了。

秦淮河裏的船，比北京万生園、頤和園的船好，比西湖的船好，比揚州瘦西湖的船也好。這幾處的船不是覺著笨，就是覺著簡陋、局促；都不能引起乘客們的情韻，如秦淮河的船一樣。秦淮河的船約略可分為兩種：一是大船；一是小船，就是所謂「七板子」。大船艙口闊大，可容二三十人。裏面陳設著字畫和光潔的紅木家具，桌上一律嵌著冰涼的大理石面。窗格雕鏤頗細，使人起柔膩之感。窗格里映著紅色藍色的玻璃；玻璃上有精緻的花紋，也頗悅人目。「七板子」規模雖不及大船，但那淡藍色的欄杆，空敞的艙，也足繫人情思。而最出色處卻在它的艙前。艙前是甲板上的一部，上面有弧形的頂，兩邊用疏疏的欄杆支著。裏面通常放著兩張藤的躺椅。躺下，可以談天，可以望遠，可以顧盼兩岸的河房。大船上也有這個，但在小船上更覺清雋罷了。艙前的頂下，一律懸著燈彩；燈的多少、明暗，彩蘇的精粗、艷晦，是不一的，但好歹總還你一個燈彩。這燈彩實在是最能勾人的東西。夜幕垂垂地下來時，大小船上都點起燈火。從兩重玻璃裏映出那輻射著的黃黃的散光，反暈出一片朦朧的煙靄；透過這煙靄，在黯黯的水波里，又逗起縷縷的明漪。在這薄靄和微漪裏，聽著那悠然的間歇的槳聲，誰能不被引入他的美夢去呢？只愁夢太多了，這些大小船兒如何載得起呀？我們這時模模糊糊的談著明末的秦淮河的艷跡，如《桃花扇》及《板橋雜記》裏所載的。我們真神往了。我們彷彿親見那時華燈映水，畫舫凌波的光景了。於是我們的船便成了歷史的重載了。我們終於恍然秦淮河的船所以雅麗過於他處，而又有奇異的吸引力的，實在是許多歷史的影像使然了。

秦淮河的水是碧陰陰的；看起來厚而不膩，或者是六朝金粉所凝麼？我們初上船的時候，天色還未斷黑，那漾漾的柔波是這樣恬靜、委婉，使我們一面有水闊天空之想，一面又憧憬著紙醉金迷之境了。等到燈火明時，陰陰的變為沈沉了：黯淡的水光，像夢一般；那偶然閃爍著的光芒，就是夢的眼睛了。我們坐在艙前，因了那隆起的頂棚，彷彿總是昂著首向前走著似的；於是飄飄然如御風而行的我們，看著那些自在的灣泊著的船，船裏走馬燈般的人物，便像是下界一般，迢迢的遠了，又像在霧裏看花，盡朦朦朧朧的。這時我們已過了利涉橋，望見東關頭了。沿路聽見斷續的歌聲：有從沿河的妓樓飄來的，有從河上船裏渡來的。我們明知那些歌聲，只是些因襲的言詞，從生澀的歌喉裏機械的發出來的；但它們經了夏夜的微風的吹漾和水波的搖拂，嬝娜著到我們耳邊的時候，已經不單是她們的歌聲，而混著微風和河水的密語了。於是我們不得不被牽惹著，震撼著，相與浮沉於這歌聲裏了。從東關頭轉彎，不久就到大中橋。大中橋共有三個橋拱，都很闊大，儼然是三座門兒；使我們覺得我們的船和船裏的我們，在橋下過去時，真是太無顏色了。橋磚是深褐色，表明它的歷史的長久；但都完好無缺，令人太息於古昔工程的堅美。橋上兩旁都是木壁的房子，中間應該有街路。這些房子都破舊了，多年煙熏的跡，遮沒了當年的美麗。我想像秦淮河的極盛時，在這樣宏闊的橋上，特地蓋了房子，必然是髹漆得富富麗麗的；晚間必然是燈火通明的，現在卻只剩下一片黑沉沉！但是橋上造著房子，畢竟使我們多少可以想見往日的繁華；這也慰情聊勝無了。過了大中橋，便到了燈月交輝、笙歌徹夜的秦淮河，這才是秦淮河的真面目哩。

大中橋外，頓然空闊，和橋內兩岸排著密密的人家的景像大異了。一眼望去，疏疏的林，淡淡的月，",一眼望去疏疏的林淡淡的月,襯著蔚,chenzhuwei,chen zhu wei,TRUE,1:陳諸位 | 2:趁逐 | 3:陳 | 4:趁 | 5:晨 | 6:塵 | 7:臣 | 8:沉 | 9:辰 | 10:襯,FALSE,,,,,
top10_missing,900c77d30e8cdc4a92bea50f,槳聲燈影裏的秦淮河,3307,3309,"一九二三年八月的一晚，我和平伯同遊秦淮河；平伯是初泛，我是重來了。我們雇了一隻「七板子」，在夕陽已去、皎月方來的時候，便下了船。於是槳聲汩汩，我們開始領略那晃蕩著薔薇色的歷史的秦淮河的滋味了。

秦淮河裏的船，比北京万生園、頤和園的船好，比西湖的船好，比揚州瘦西湖的船也好。這幾處的船不是覺著笨，就是覺著簡陋、局促；都不能引起乘客們的情韻，如秦淮河的船一樣。秦淮河的船約略可分為兩種：一是大船；一是小船，就是所謂「七板子」。大船艙口闊大，可容二三十人。裏面陳設著字畫和光潔的紅木家具，桌上一律嵌著冰涼的大理石面。窗格雕鏤頗細，使人起柔膩之感。窗格里映著紅色藍色的玻璃；玻璃上有精緻的花紋，也頗悅人目。「七板子」規模雖不及大船，但那淡藍色的欄杆，空敞的艙，也足繫人情思。而最出色處卻在它的艙前。艙前是甲板上的一部，上面有弧形的頂，兩邊用疏疏的欄杆支著。裏面通常放著兩張藤的躺椅。躺下，可以談天，可以望遠，可以顧盼兩岸的河房。大船上也有這個，但在小船上更覺清雋罷了。艙前的頂下，一律懸著燈彩；燈的多少、明暗，彩蘇的精粗、艷晦，是不一的，但好歹總還你一個燈彩。這燈彩實在是最能勾人的東西。夜幕垂垂地下來時，大小船上都點起燈火。從兩重玻璃裏映出那輻射著的黃黃的散光，反暈出一片朦朧的煙靄；透過這煙靄，在黯黯的水波里，又逗起縷縷的明漪。在這薄靄和微漪裏，聽著那悠然的間歇的槳聲，誰能不被引入他的美夢去呢？只愁夢太多了，這些大小船兒如何載得起呀？我們這時模模糊糊的談著明末的秦淮河的艷跡，如《桃花扇》及《板橋雜記》裏所載的。我們真神往了。我們彷彿親見那時華燈映水，畫舫凌波的光景了。於是我們的船便成了歷史的重載了。我們終於恍然秦淮河的船所以雅麗過於他處，而又有奇異的吸引力的，實在是許多歷史的影像使然了。

秦淮河的水是碧陰陰的；看起來厚而不膩，或者是六朝金粉所凝麼？我們初上船的時候，天色還未斷黑，那漾漾的柔波是這樣恬靜、委婉，使我們一面有水闊天空之想，一面又憧憬著紙醉金迷之境了。等到燈火明時，陰陰的變為沈沉了：黯淡的水光，像夢一般；那偶然閃爍著的光芒，就是夢的眼睛了。我們坐在艙前，因了那隆起的頂棚，彷彿總是昂著首向前走著似的；於是飄飄然如御風而行的我們，看著那些自在的灣泊著的船，船裏走馬燈般的人物，便像是下界一般，迢迢的遠了，又像在霧裏看花，盡朦朦朧朧的。這時我們已過了利涉橋，望見東關頭了。沿路聽見斷續的歌聲：有從沿河的妓樓飄來的，有從河上船裏渡來的。我們明知那些歌聲，只是些因襲的言詞，從生澀的歌喉裏機械的發出來的；但它們經了夏夜的微風的吹漾和水波的搖拂，嬝娜著到我們耳邊的時候，已經不單是她們的歌聲，而混著微風和河水的密語了。於是我們不得不被牽惹著，震撼著，相與浮沉於這歌聲裏了。從東關頭轉彎，不久就到大中橋。大中橋共有三個橋拱，都很闊大，儼然是三座門兒；使我們覺得我們的船和船裏的我們，在橋下過去時，真是太無顏色了。橋磚是深褐色，表明它的歷史的長久；但都完好無缺，令人太息於古昔工程的堅美。橋上兩旁都是木壁的房子，中間應該有街路。這些房子都破舊了，多年煙熏的跡，遮沒了當年的美麗。我想像秦淮河的極盛時，在這樣宏闊的橋上，特地蓋了房子，必然是髹漆得富富麗麗的；晚間必然是燈火通明的，現在卻只剩下一片黑沉沉！但是橋上造著房子，畢竟使我們多少可以想見往日的繁華；這也慰情聊勝無了。過了大中橋，便到了燈月交輝、笙歌徹夜的秦淮河，這才是秦淮河的真面目哩。

大中橋外，頓然空闊，和橋內兩岸排著密密的人家的景像大異了。一眼望去，疏疏的林，淡淡的月，襯著蔚藍的天，頗像荒江野渡光景；那邊呢，鬱叢叢的，陰森森的，又似乎藏著無邊的黑暗，令人幾乎不信那是繁華的秦淮河了。但是河中眩暈著的燈光，縱橫著的畫舫，悠揚著的笛韻，夾著那吱吱的胡琴聲，終於使我們認識綠如茵陳酒的秦淮水了。此地天裸露著的多些，故覺夜來的獨遲些；從清清的水影裏，我們感到的只是薄薄的夜——這正是秦淮河的夜。大中橋外，本來還有一座復成橋，是船夫口中的我們的遊踪盡處，或也是秦淮河繁華的盡處了。我的腳曾踏過復成橋的脊，在十三四歲的時候。但是兩次遊秦淮河，卻都不曾見著復成橋的面；明知總在前途的，卻常覺得有些虛無縹緲似的。我想，不見倒也好。這時正是盛夏。我們下船後，藉著新生的晚涼和河上的微風，暑氣已漸漸消散；到了此地，豁然開朗，身子頓然輕了——習習的清風荏苒在面上、手上、衣上，這便又感到了一縷新涼了。南京的日光，大概沒有杭州猛烈；西湖的夏夜老是熱蓬蓬的，水像沸著一般，秦淮河的水卻盡是這樣冷冷地綠著。任你人影的憧憧，歌聲的擾擾，總像隔著一層薄薄的綠紗面冪似的；它盡是這樣靜靜的、冷冷的綠著。我們出了大中橋，走不上半里路，船夫便將船劃到一旁，停了槳由它宕著。他以為那裏正是繁華的極點，再過去就是荒涼了；所以讓我們多多賞鑑一會兒。他自己卻靜靜的蹲著。他是看慣這光景的了，大約只是一個無可無不可。這無可無不可，無論是升的沉的，總之，都比我們高了。

那時河裏鬧熱極了；船大半泊著，小半在水上穿梭似的來往。停泊著的都在近市的那一邊，我們的船自然也夾在其中。因為這邊略略的擠，便覺得那邊十分的疏了。在每一隻船從那邊過去時，我們能畫出它的輕輕的影和曲曲的波，在我們的心上；這顯著是空，且顯著是靜了。那時處處都是歌聲和淒厲的胡琴聲，圓潤的喉嚨，確乎是很少的。但那生澀的，尖脆的調子能使人有少年的，粗率不拘的感覺，也正可快我們的意。況且多少隔開些兒聽著，因為想像與渴慕的做美，總覺更有滋味；而竟發的喧囂，抑揚的不齊，遠近的雜沓，和樂器的嘈嘈切切，合成另一意味的諧音，也使我們無所適從，如隨著大風而走。這實在因為我們的心枯澀久了，變為脆弱；故偶然潤澤一下，便瘋狂似的不能自主了，但秦淮河確也膩人。即如船裏的人面，無論是和我們一堆儿泊著的，無論是從我們眼前過去的，總是模模糊糊的，甚至渺渺茫茫的；任你張圓了眼睛，揩淨了眥垢，也是枉然，這真夠人想呢。在我們停泊的地方，燈光原是紛然的；不過這些燈光都是黃而有暈的。黃已經不能明了，再加上了暈，便更不成了。燈愈多，暈就愈甚；在繁星般的黃的交錯裏，秦淮河彷彿籠上了一團光霧。光芒與霧氣騰騰的暈著，什麼都只剩了輪廓了；所以人面的詳細的曲線，便消失於我們的眼底了。但燈光究竟奪不了那邊的月色；燈光是渾的，月色是清的。在渾沌的燈光裏，滲入一派清輝，卻真是奇蹟！那晚月兒已瘦削了兩三分。她晚妝才罷，盈盈的上了柳梢頭。天是藍得可愛，彷彿一汪水似的；月兒便更出落得精神了。岸上原有三株兩株的垂楊樹，淡淡的影子，在水里搖曳著。它們那柔細的枝條浴著月光，就像一支支美人的臂膊，交互的纏著、挽著；又像是月兒披著的髪。而月兒偶爾也從它們的交叉處偷偷窺看我們，大有小姑娘怕羞的樣子。岸上另有幾株不知名的老樹，光光的立著；在月光裏照起來，卻又儼然是精神矍鑠的老人。遠處快到天際線了，才有一兩片白雲，亮得現出異彩，像是美麗的貝殼一般。白雲下便是黑黑的一帶輪廓；是一條隨意畫的不規則的曲線。這一段光景，和河中的風味大異了。但燈與月竟能並存著，交融著，使月成了纏綿的月，燈射著渺渺的靈輝，這正是天之所以厚秦淮河，也正是天之所以厚我們了。

這時卻遇著了難解的糾紛。秦淮河上原有一種歌妓，是以歌為業的。從前都在茶舫上，唱些大曲之類。每日午後一時起；什麼時候止，卻忘記了。晚上照樣也有一回，也在黃暈的燈光裏。我從前過南京時，曾隨著朋友去聽過兩次。因為茶舫裏的人臉太多了，覺得不大適意，終於聽不出所以然。前年聽說歌妓被取締了，不知怎的，頗涉想了幾次卻想不出什麼。這次到南京，先到茶舫上去看看，覺得頗是寂寥，令我無端的悵悵了。不料她們卻仍在秦淮河裏掙扎著，不料她們竟會糾纏到我們，我於是很張皇了，她們也乘著「七板子」，她們總是坐在艙前的。艙前點著石油汽燈，光亮炫人眼目：坐在下面的，自然是纖毫畢見了。引誘客人們的力量，也便在此了。艙裏躲著樂工等人，映著汽燈的餘輝蠕動著；他們是永遠不被注意的。每船的歌妓大約都是二人；天色一黑，她們的船就在大中橋外往來不息的兜生意。無論行著的船，",不息的兜生意無論行著的船,泊著,pozhu,po zhu,TRUE,1:破竹 | 2:破 | 3:坡 | 4:頗 | 5:婆 | 6:潑 | 7:迫 | 8:魄 | 9:珀 | 10:幡,FALSE,,,,,
top10_missing,73a76a21d7edf35751f2194f,槳聲燈影裏的秦淮河,4314,4316,"一九二三年八月的一晚，我和平伯同遊秦淮河；平伯是初泛，我是重來了。我們雇了一隻「七板子」，在夕陽已去、皎月方來的時候，便下了船。於是槳聲汩汩，我們開始領略那晃蕩著薔薇色的歷史的秦淮河的滋味了。

秦淮河裏的船，比北京万生園、頤和園的船好，比西湖的船好，比揚州瘦西湖的船也好。這幾處的船不是覺著笨，就是覺著簡陋、局促；都不能引起乘客們的情韻，如秦淮河的船一樣。秦淮河的船約略可分為兩種：一是大船；一是小船，就是所謂「七板子」。大船艙口闊大，可容二三十人。裏面陳設著字畫和光潔的紅木家具，桌上一律嵌著冰涼的大理石面。窗格雕鏤頗細，使人起柔膩之感。窗格里映著紅色藍色的玻璃；玻璃上有精緻的花紋，也頗悅人目。「七板子」規模雖不及大船，但那淡藍色的欄杆，空敞的艙，也足繫人情思。而最出色處卻在它的艙前。艙前是甲板上的一部，上面有弧形的頂，兩邊用疏疏的欄杆支著。裏面通常放著兩張藤的躺椅。躺下，可以談天，可以望遠，可以顧盼兩岸的河房。大船上也有這個，但在小船上更覺清雋罷了。艙前的頂下，一律懸著燈彩；燈的多少、明暗，彩蘇的精粗、艷晦，是不一的，但好歹總還你一個燈彩。這燈彩實在是最能勾人的東西。夜幕垂垂地下來時，大小船上都點起燈火。從兩重玻璃裏映出那輻射著的黃黃的散光，反暈出一片朦朧的煙靄；透過這煙靄，在黯黯的水波里，又逗起縷縷的明漪。在這薄靄和微漪裏，聽著那悠然的間歇的槳聲，誰能不被引入他的美夢去呢？只愁夢太多了，這些大小船兒如何載得起呀？我們這時模模糊糊的談著明末的秦淮河的艷跡，如《桃花扇》及《板橋雜記》裏所載的。我們真神往了。我們彷彿親見那時華燈映水，畫舫凌波的光景了。於是我們的船便成了歷史的重載了。我們終於恍然秦淮河的船所以雅麗過於他處，而又有奇異的吸引力的，實在是許多歷史的影像使然了。

秦淮河的水是碧陰陰的；看起來厚而不膩，或者是六朝金粉所凝麼？我們初上船的時候，天色還未斷黑，那漾漾的柔波是這樣恬靜、委婉，使我們一面有水闊天空之想，一面又憧憬著紙醉金迷之境了。等到燈火明時，陰陰的變為沈沉了：黯淡的水光，像夢一般；那偶然閃爍著的光芒，就是夢的眼睛了。我們坐在艙前，因了那隆起的頂棚，彷彿總是昂著首向前走著似的；於是飄飄然如御風而行的我們，看著那些自在的灣泊著的船，船裏走馬燈般的人物，便像是下界一般，迢迢的遠了，又像在霧裏看花，盡朦朦朧朧的。這時我們已過了利涉橋，望見東關頭了。沿路聽見斷續的歌聲：有從沿河的妓樓飄來的，有從河上船裏渡來的。我們明知那些歌聲，只是些因襲的言詞，從生澀的歌喉裏機械的發出來的；但它們經了夏夜的微風的吹漾和水波的搖拂，嬝娜著到我們耳邊的時候，已經不單是她們的歌聲，而混著微風和河水的密語了。於是我們不得不被牽惹著，震撼著，相與浮沉於這歌聲裏了。從東關頭轉彎，不久就到大中橋。大中橋共有三個橋拱，都很闊大，儼然是三座門兒；使我們覺得我們的船和船裏的我們，在橋下過去時，真是太無顏色了。橋磚是深褐色，表明它的歷史的長久；但都完好無缺，令人太息於古昔工程的堅美。橋上兩旁都是木壁的房子，中間應該有街路。這些房子都破舊了，多年煙熏的跡，遮沒了當年的美麗。我想像秦淮河的極盛時，在這樣宏闊的橋上，特地蓋了房子，必然是髹漆得富富麗麗的；晚間必然是燈火通明的，現在卻只剩下一片黑沉沉！但是橋上造著房子，畢竟使我們多少可以想見往日的繁華；這也慰情聊勝無了。過了大中橋，便到了燈月交輝、笙歌徹夜的秦淮河，這才是秦淮河的真面目哩。

大中橋外，頓然空闊，和橋內兩岸排著密密的人家的景像大異了。一眼望去，疏疏的林，淡淡的月，襯著蔚藍的天，頗像荒江野渡光景；那邊呢，鬱叢叢的，陰森森的，又似乎藏著無邊的黑暗，令人幾乎不信那是繁華的秦淮河了。但是河中眩暈著的燈光，縱橫著的畫舫，悠揚著的笛韻，夾著那吱吱的胡琴聲，終於使我們認識綠如茵陳酒的秦淮水了。此地天裸露著的多些，故覺夜來的獨遲些；從清清的水影裏，我們感到的只是薄薄的夜——這正是秦淮河的夜。大中橋外，本來還有一座復成橋，是船夫口中的我們的遊踪盡處，或也是秦淮河繁華的盡處了。我的腳曾踏過復成橋的脊，在十三四歲的時候。但是兩次遊秦淮河，卻都不曾見著復成橋的面；明知總在前途的，卻常覺得有些虛無縹緲似的。我想，不見倒也好。這時正是盛夏。我們下船後，藉著新生的晚涼和河上的微風，暑氣已漸漸消散；到了此地，豁然開朗，身子頓然輕了——習習的清風荏苒在面上、手上、衣上，這便又感到了一縷新涼了。南京的日光，大概沒有杭州猛烈；西湖的夏夜老是熱蓬蓬的，水像沸著一般，秦淮河的水卻盡是這樣冷冷地綠著。任你人影的憧憧，歌聲的擾擾，總像隔著一層薄薄的綠紗面冪似的；它盡是這樣靜靜的、冷冷的綠著。我們出了大中橋，走不上半里路，船夫便將船劃到一旁，停了槳由它宕著。他以為那裏正是繁華的極點，再過去就是荒涼了；所以讓我們多多賞鑑一會兒。他自己卻靜靜的蹲著。他是看慣這光景的了，大約只是一個無可無不可。這無可無不可，無論是升的沉的，總之，都比我們高了。

那時河裏鬧熱極了；船大半泊著，小半在水上穿梭似的來往。停泊著的都在近市的那一邊，我們的船自然也夾在其中。因為這邊略略的擠，便覺得那邊十分的疏了。在每一隻船從那邊過去時，我們能畫出它的輕輕的影和曲曲的波，在我們的心上；這顯著是空，且顯著是靜了。那時處處都是歌聲和淒厲的胡琴聲，圓潤的喉嚨，確乎是很少的。但那生澀的，尖脆的調子能使人有少年的，粗率不拘的感覺，也正可快我們的意。況且多少隔開些兒聽著，因為想像與渴慕的做美，總覺更有滋味；而竟發的喧囂，抑揚的不齊，遠近的雜沓，和樂器的嘈嘈切切，合成另一意味的諧音，也使我們無所適從，如隨著大風而走。這實在因為我們的心枯澀久了，變為脆弱；故偶然潤澤一下，便瘋狂似的不能自主了，但秦淮河確也膩人。即如船裏的人面，無論是和我們一堆儿泊著的，無論是從我們眼前過去的，總是模模糊糊的，甚至渺渺茫茫的；任你張圓了眼睛，揩淨了眥垢，也是枉然，這真夠人想呢。在我們停泊的地方，燈光原是紛然的；不過這些燈光都是黃而有暈的。黃已經不能明了，再加上了暈，便更不成了。燈愈多，暈就愈甚；在繁星般的黃的交錯裏，秦淮河彷彿籠上了一團光霧。光芒與霧氣騰騰的暈著，什麼都只剩了輪廓了；所以人面的詳細的曲線，便消失於我們的眼底了。但燈光究竟奪不了那邊的月色；燈光是渾的，月色是清的。在渾沌的燈光裏，滲入一派清輝，卻真是奇蹟！那晚月兒已瘦削了兩三分。她晚妝才罷，盈盈的上了柳梢頭。天是藍得可愛，彷彿一汪水似的；月兒便更出落得精神了。岸上原有三株兩株的垂楊樹，淡淡的影子，在水里搖曳著。它們那柔細的枝條浴著月光，就像一支支美人的臂膊，交互的纏著、挽著；又像是月兒披著的髪。而月兒偶爾也從它們的交叉處偷偷窺看我們，大有小姑娘怕羞的樣子。岸上另有幾株不知名的老樹，光光的立著；在月光裏照起來，卻又儼然是精神矍鑠的老人。遠處快到天際線了，才有一兩片白雲，亮得現出異彩，像是美麗的貝殼一般。白雲下便是黑黑的一帶輪廓；是一條隨意畫的不規則的曲線。這一段光景，和河中的風味大異了。但燈與月竟能並存著，交融著，使月成了纏綿的月，燈射著渺渺的靈輝，這正是天之所以厚秦淮河，也正是天之所以厚我們了。

這時卻遇著了難解的糾紛。秦淮河上原有一種歌妓，是以歌為業的。從前都在茶舫上，唱些大曲之類。每日午後一時起；什麼時候止，卻忘記了。晚上照樣也有一回，也在黃暈的燈光裏。我從前過南京時，曾隨著朋友去聽過兩次。因為茶舫裏的人臉太多了，覺得不大適意，終於聽不出所以然。前年聽說歌妓被取締了，不知怎的，頗涉想了幾次卻想不出什麼。這次到南京，先到茶舫上去看看，覺得頗是寂寥，令我無端的悵悵了。不料她們卻仍在秦淮河裏掙扎著，不料她們竟會糾纏到我們，我於是很張皇了，她們也乘著「七板子」，她們總是坐在艙前的。艙前點著石油汽燈，光亮炫人眼目：坐在下面的，自然是纖毫畢見了。引誘客人們的力量，也便在此了。艙裏躲著樂工等人，映著汽燈的餘輝蠕動著；他們是永遠不被注意的。每船的歌妓大約都是二人；天色一黑，她們的船就在大中橋外往來不息的兜生意。無論行著的船，泊著的船，都要來兜攬的。這都是我後來推想出來的。那晚不知怎樣，忽然輪著我們的船了。我們的船好好的停著，一隻歌舫劃向我們來了；漸漸和我們的船並著了。爍爍的燈光逼得我們皺起了眉頭；我們的風塵色全給它托出來了，這使我踧踖不安了。那時一個伙計跨過船來，拿著攤開的歌摺，就近塞向我的手裏，說：「點幾出吧！」他跨過來的時候，我們船上似乎有許多眼光跟著。同時相近的別的船上也似乎有許多眼睛炯炯的向我們船上看著。我真窘了！我也裝出大方的樣子，向歌妓們瞥了一眼，但究竟是不成的！我勉強將那歌摺翻了一翻，卻不曾看清了幾個字；便趕緊遞還那伙計，一面不好意思地說「不要，我們⋯⋯不要。」他便塞給平伯，平伯掉轉頭去，搖手說：「不要！」那人還膩著不走。平伯又回過臉來，搖著頭道「不要！」於是那人重到我處，我窘著再拒絕了他。他這纔有所不屑似的走了。

我的心立刻放下，如釋了重負一般。我們就開始自白了。

我說我受了道德律的壓迫，拒絕了她們；心裏似乎很抱歉的。這所謂抱歉，一面對於她們，一面對於我自己。她們於我們雖然沒有很奢的希望；但總有些希望的。我們拒絕了她們，無論理由如何充足，卻使她們的希望受了傷；這總有幾分不做美了，這是我覺得很悵悵的。至於我自己，更有一種不足之感。我這時被四面的歌聲誘惑了，降伏了；但是遠遠的，遠遠的歌聲總彷彿隔著重衣搔癢似的，越搔越搔不著癢處。我於是憧憬著貼耳的妙音了。在歌舫劃來時，我的憧憬，變為盼望；我固執的盼望著，有如飢渴。雖然從淺薄的經驗裏，也能夠推知，那貼耳的歌聲，將剝去了一切的美妙；但一個平常的人像我的，谁愿憑了理性之力去醜化未來呢？我寧願自己騙著了。不過我的社會感性是很敏銳的；我的思力能拆穿道德律的西洋鏡，而我的感情卻終於被它壓服著。我於是有所顧忌了，尤其是在眾目昭彰的時候。道德律的力，本來是民眾賦予的；在民眾的面前，自然更顯出它的威嚴了。我這時一面盼望，一面卻感到了兩重的禁制：一、在通俗的意義上，接近妓者總算一種不正當的行為；二、妓是一種不健全的職業，我們對於她們，應有哀矜勿喜之心，不應賞玩的去聽她們的歌。在眾目睽睽之下，這兩種思想在我心裏最為旺盛。她們暫時壓倒了我的聽歌的盼望，這便成就了我的灰色的拒絕。那時的心實在異常狀態中，覺得頗是昏亂。歌舫去了，暫時寧靜之後，我的思緒又如潮湧了。兩個相反的意思在我心頭往復：賣歌和賣淫不同，聽歌和狎妓不同，又干道德甚事？但是，但是，她們既被逼的以歌",但是但是她們既被逼的以歌,為業,weiye,wei ye,FALSE,1:偉業 | 2:尾頁 | 3:胃液 | 4:爲業 | 5:萎葉 | 6:煒燁 | 7:韡曄 | 8:爲 | 9:未 | 10:位,FALSE,,,,,
top10_missing,db0633ae5bc255fff9b7e336,槳聲燈影裏的秦淮河,4869,4871,"一九二三年八月的一晚，我和平伯同遊秦淮河；平伯是初泛，我是重來了。我們雇了一隻「七板子」，在夕陽已去、皎月方來的時候，便下了船。於是槳聲汩汩，我們開始領略那晃蕩著薔薇色的歷史的秦淮河的滋味了。

秦淮河裏的船，比北京万生園、頤和園的船好，比西湖的船好，比揚州瘦西湖的船也好。這幾處的船不是覺著笨，就是覺著簡陋、局促；都不能引起乘客們的情韻，如秦淮河的船一樣。秦淮河的船約略可分為兩種：一是大船；一是小船，就是所謂「七板子」。大船艙口闊大，可容二三十人。裏面陳設著字畫和光潔的紅木家具，桌上一律嵌著冰涼的大理石面。窗格雕鏤頗細，使人起柔膩之感。窗格里映著紅色藍色的玻璃；玻璃上有精緻的花紋，也頗悅人目。「七板子」規模雖不及大船，但那淡藍色的欄杆，空敞的艙，也足繫人情思。而最出色處卻在它的艙前。艙前是甲板上的一部，上面有弧形的頂，兩邊用疏疏的欄杆支著。裏面通常放著兩張藤的躺椅。躺下，可以談天，可以望遠，可以顧盼兩岸的河房。大船上也有這個，但在小船上更覺清雋罷了。艙前的頂下，一律懸著燈彩；燈的多少、明暗，彩蘇的精粗、艷晦，是不一的，但好歹總還你一個燈彩。這燈彩實在是最能勾人的東西。夜幕垂垂地下來時，大小船上都點起燈火。從兩重玻璃裏映出那輻射著的黃黃的散光，反暈出一片朦朧的煙靄；透過這煙靄，在黯黯的水波里，又逗起縷縷的明漪。在這薄靄和微漪裏，聽著那悠然的間歇的槳聲，誰能不被引入他的美夢去呢？只愁夢太多了，這些大小船兒如何載得起呀？我們這時模模糊糊的談著明末的秦淮河的艷跡，如《桃花扇》及《板橋雜記》裏所載的。我們真神往了。我們彷彿親見那時華燈映水，畫舫凌波的光景了。於是我們的船便成了歷史的重載了。我們終於恍然秦淮河的船所以雅麗過於他處，而又有奇異的吸引力的，實在是許多歷史的影像使然了。

秦淮河的水是碧陰陰的；看起來厚而不膩，或者是六朝金粉所凝麼？我們初上船的時候，天色還未斷黑，那漾漾的柔波是這樣恬靜、委婉，使我們一面有水闊天空之想，一面又憧憬著紙醉金迷之境了。等到燈火明時，陰陰的變為沈沉了：黯淡的水光，像夢一般；那偶然閃爍著的光芒，就是夢的眼睛了。我們坐在艙前，因了那隆起的頂棚，彷彿總是昂著首向前走著似的；於是飄飄然如御風而行的我們，看著那些自在的灣泊著的船，船裏走馬燈般的人物，便像是下界一般，迢迢的遠了，又像在霧裏看花，盡朦朦朧朧的。這時我們已過了利涉橋，望見東關頭了。沿路聽見斷續的歌聲：有從沿河的妓樓飄來的，有從河上船裏渡來的。我們明知那些歌聲，只是些因襲的言詞，從生澀的歌喉裏機械的發出來的；但它們經了夏夜的微風的吹漾和水波的搖拂，嬝娜著到我們耳邊的時候，已經不單是她們的歌聲，而混著微風和河水的密語了。於是我們不得不被牽惹著，震撼著，相與浮沉於這歌聲裏了。從東關頭轉彎，不久就到大中橋。大中橋共有三個橋拱，都很闊大，儼然是三座門兒；使我們覺得我們的船和船裏的我們，在橋下過去時，真是太無顏色了。橋磚是深褐色，表明它的歷史的長久；但都完好無缺，令人太息於古昔工程的堅美。橋上兩旁都是木壁的房子，中間應該有街路。這些房子都破舊了，多年煙熏的跡，遮沒了當年的美麗。我想像秦淮河的極盛時，在這樣宏闊的橋上，特地蓋了房子，必然是髹漆得富富麗麗的；晚間必然是燈火通明的，現在卻只剩下一片黑沉沉！但是橋上造著房子，畢竟使我們多少可以想見往日的繁華；這也慰情聊勝無了。過了大中橋，便到了燈月交輝、笙歌徹夜的秦淮河，這才是秦淮河的真面目哩。

大中橋外，頓然空闊，和橋內兩岸排著密密的人家的景像大異了。一眼望去，疏疏的林，淡淡的月，襯著蔚藍的天，頗像荒江野渡光景；那邊呢，鬱叢叢的，陰森森的，又似乎藏著無邊的黑暗，令人幾乎不信那是繁華的秦淮河了。但是河中眩暈著的燈光，縱橫著的畫舫，悠揚著的笛韻，夾著那吱吱的胡琴聲，終於使我們認識綠如茵陳酒的秦淮水了。此地天裸露著的多些，故覺夜來的獨遲些；從清清的水影裏，我們感到的只是薄薄的夜——這正是秦淮河的夜。大中橋外，本來還有一座復成橋，是船夫口中的我們的遊踪盡處，或也是秦淮河繁華的盡處了。我的腳曾踏過復成橋的脊，在十三四歲的時候。但是兩次遊秦淮河，卻都不曾見著復成橋的面；明知總在前途的，卻常覺得有些虛無縹緲似的。我想，不見倒也好。這時正是盛夏。我們下船後，藉著新生的晚涼和河上的微風，暑氣已漸漸消散；到了此地，豁然開朗，身子頓然輕了——習習的清風荏苒在面上、手上、衣上，這便又感到了一縷新涼了。南京的日光，大概沒有杭州猛烈；西湖的夏夜老是熱蓬蓬的，水像沸著一般，秦淮河的水卻盡是這樣冷冷地綠著。任你人影的憧憧，歌聲的擾擾，總像隔著一層薄薄的綠紗面冪似的；它盡是這樣靜靜的、冷冷的綠著。我們出了大中橋，走不上半里路，船夫便將船劃到一旁，停了槳由它宕著。他以為那裏正是繁華的極點，再過去就是荒涼了；所以讓我們多多賞鑑一會兒。他自己卻靜靜的蹲著。他是看慣這光景的了，大約只是一個無可無不可。這無可無不可，無論是升的沉的，總之，都比我們高了。

那時河裏鬧熱極了；船大半泊著，小半在水上穿梭似的來往。停泊著的都在近市的那一邊，我們的船自然也夾在其中。因為這邊略略的擠，便覺得那邊十分的疏了。在每一隻船從那邊過去時，我們能畫出它的輕輕的影和曲曲的波，在我們的心上；這顯著是空，且顯著是靜了。那時處處都是歌聲和淒厲的胡琴聲，圓潤的喉嚨，確乎是很少的。但那生澀的，尖脆的調子能使人有少年的，粗率不拘的感覺，也正可快我們的意。況且多少隔開些兒聽著，因為想像與渴慕的做美，總覺更有滋味；而竟發的喧囂，抑揚的不齊，遠近的雜沓，和樂器的嘈嘈切切，合成另一意味的諧音，也使我們無所適從，如隨著大風而走。這實在因為我們的心枯澀久了，變為脆弱；故偶然潤澤一下，便瘋狂似的不能自主了，但秦淮河確也膩人。即如船裏的人面，無論是和我們一堆儿泊著的，無論是從我們眼前過去的，總是模模糊糊的，甚至渺渺茫茫的；任你張圓了眼睛，揩淨了眥垢，也是枉然，這真夠人想呢。在我們停泊的地方，燈光原是紛然的；不過這些燈光都是黃而有暈的。黃已經不能明了，再加上了暈，便更不成了。燈愈多，暈就愈甚；在繁星般的黃的交錯裏，秦淮河彷彿籠上了一團光霧。光芒與霧氣騰騰的暈著，什麼都只剩了輪廓了；所以人面的詳細的曲線，便消失於我們的眼底了。但燈光究竟奪不了那邊的月色；燈光是渾的，月色是清的。在渾沌的燈光裏，滲入一派清輝，卻真是奇蹟！那晚月兒已瘦削了兩三分。她晚妝才罷，盈盈的上了柳梢頭。天是藍得可愛，彷彿一汪水似的；月兒便更出落得精神了。岸上原有三株兩株的垂楊樹，淡淡的影子，在水里搖曳著。它們那柔細的枝條浴著月光，就像一支支美人的臂膊，交互的纏著、挽著；又像是月兒披著的髪。而月兒偶爾也從它們的交叉處偷偷窺看我們，大有小姑娘怕羞的樣子。岸上另有幾株不知名的老樹，光光的立著；在月光裏照起來，卻又儼然是精神矍鑠的老人。遠處快到天際線了，才有一兩片白雲，亮得現出異彩，像是美麗的貝殼一般。白雲下便是黑黑的一帶輪廓；是一條隨意畫的不規則的曲線。這一段光景，和河中的風味大異了。但燈與月竟能並存著，交融著，使月成了纏綿的月，燈射著渺渺的靈輝，這正是天之所以厚秦淮河，也正是天之所以厚我們了。

這時卻遇著了難解的糾紛。秦淮河上原有一種歌妓，是以歌為業的。從前都在茶舫上，唱些大曲之類。每日午後一時起；什麼時候止，卻忘記了。晚上照樣也有一回，也在黃暈的燈光裏。我從前過南京時，曾隨著朋友去聽過兩次。因為茶舫裏的人臉太多了，覺得不大適意，終於聽不出所以然。前年聽說歌妓被取締了，不知怎的，頗涉想了幾次卻想不出什麼。這次到南京，先到茶舫上去看看，覺得頗是寂寥，令我無端的悵悵了。不料她們卻仍在秦淮河裏掙扎著，不料她們竟會糾纏到我們，我於是很張皇了，她們也乘著「七板子」，她們總是坐在艙前的。艙前點著石油汽燈，光亮炫人眼目：坐在下面的，自然是纖毫畢見了。引誘客人們的力量，也便在此了。艙裏躲著樂工等人，映著汽燈的餘輝蠕動著；他們是永遠不被注意的。每船的歌妓大約都是二人；天色一黑，她們的船就在大中橋外往來不息的兜生意。無論行著的船，泊著的船，都要來兜攬的。這都是我後來推想出來的。那晚不知怎樣，忽然輪著我們的船了。我們的船好好的停著，一隻歌舫劃向我們來了；漸漸和我們的船並著了。爍爍的燈光逼得我們皺起了眉頭；我們的風塵色全給它托出來了，這使我踧踖不安了。那時一個伙計跨過船來，拿著攤開的歌摺，就近塞向我的手裏，說：「點幾出吧！」他跨過來的時候，我們船上似乎有許多眼光跟著。同時相近的別的船上也似乎有許多眼睛炯炯的向我們船上看著。我真窘了！我也裝出大方的樣子，向歌妓們瞥了一眼，但究竟是不成的！我勉強將那歌摺翻了一翻，卻不曾看清了幾個字；便趕緊遞還那伙計，一面不好意思地說「不要，我們⋯⋯不要。」他便塞給平伯，平伯掉轉頭去，搖手說：「不要！」那人還膩著不走。平伯又回過臉來，搖著頭道「不要！」於是那人重到我處，我窘著再拒絕了他。他這纔有所不屑似的走了。

我的心立刻放下，如釋了重負一般。我們就開始自白了。

我說我受了道德律的壓迫，拒絕了她們；心裏似乎很抱歉的。這所謂抱歉，一面對於她們，一面對於我自己。她們於我們雖然沒有很奢的希望；但總有些希望的。我們拒絕了她們，無論理由如何充足，卻使她們的希望受了傷；這總有幾分不做美了，這是我覺得很悵悵的。至於我自己，更有一種不足之感。我這時被四面的歌聲誘惑了，降伏了；但是遠遠的，遠遠的歌聲總彷彿隔著重衣搔癢似的，越搔越搔不著癢處。我於是憧憬著貼耳的妙音了。在歌舫劃來時，我的憧憬，變為盼望；我固執的盼望著，有如飢渴。雖然從淺薄的經驗裏，也能夠推知，那貼耳的歌聲，將剝去了一切的美妙；但一個平常的人像我的，谁愿憑了理性之力去醜化未來呢？我寧願自己騙著了。不過我的社會感性是很敏銳的；我的思力能拆穿道德律的西洋鏡，而我的感情卻終於被它壓服著。我於是有所顧忌了，尤其是在眾目昭彰的時候。道德律的力，本來是民眾賦予的；在民眾的面前，自然更顯出它的威嚴了。我這時一面盼望，一面卻感到了兩重的禁制：一、在通俗的意義上，接近妓者總算一種不正當的行為；二、妓是一種不健全的職業，我們對於她們，應有哀矜勿喜之心，不應賞玩的去聽她們的歌。在眾目睽睽之下，這兩種思想在我心裏最為旺盛。她們暫時壓倒了我的聽歌的盼望，這便成就了我的灰色的拒絕。那時的心實在異常狀態中，覺得頗是昏亂。歌舫去了，暫時寧靜之後，我的思緒又如潮湧了。兩個相反的意思在我心頭往復：賣歌和賣淫不同，聽歌和狎妓不同，又干道德甚事？但是，但是，她們既被逼的以歌為業，她們的歌必無藝術味的；況她們的身世，我們究竟該同情的，所以拒絕倒也是正辦。但這些意思終於不曾撇開我的聽歌的盼望。它力量異常堅強；它總想將別的思緒踏在腳下。從這重重的爭鬬里，我感到了濃厚的不足之感。這不足之感使我的心盤旋不安，起坐都不安寧了。唉！我承認我是一個自私的人！平伯呢，卻與我不同。他引周啟明先生的詩，「因為我有妻子，所以我愛一切的女人；因為我有子女，所以我愛一切的孩子。」他的意思可以見了。他因為推及的同情，愛著那些歌妓，並且尊重著她們，所以拒絕了她們。在這種情形下，他自然以為聽是對於她們的一種侮辱。但他也是想听歌的，雖然不和我一樣。所以在他的心中，當然也有一番小小的爭鬬；爭鬬的結果，是同情勝了。至於道德律，在他是沒有什麼的：因為他很有蔑視一切的傾向，民眾的力量在他是不大覺著的。這時他的心意的活動比較簡單，又比較鬆弱，故事後還怡然自若；我卻不能了。這里平伯又比我高了。

在我們談話中間，又來了兩隻歌舫。伙計照前一樣的請我們點戲，我們照前一樣的拒絕了。我受了三次窘，心裏的不安更甚了。清豔的夜景也為之減色。船夫大約因為要趕第二趟生意，催著我們回去；我們無可無不可的答應了。我們漸漸和那些暈黃的燈光遠了，只有些月色冷清清的隨著我們的歸舟。我們的船竟沒個伴兒，秦淮河的夜正長哩！到大中橋近處，才",的夜正長哩到大中橋近處才,遇著,yuzhu,yu zhu,TRUE,1:預祝 | 2:玉柱 | 3:玉珠 | 4:玉竹 | 5:雨珠 | 6:玉燭 | 7:玉箸 | 8:玉麈 | 9:與 | 10:於,FALSE,,,,,
top10_missing,ce46227f823e7db4c6261e4a,給亡婦,1287,1289,"謙，日子真快，一眨眼你已經死了三個年頭了。這三年裡世事不知變化了多少回，但你未必注意這些個，我知道。你第一惦記的是你幾個孩子，第二便輪著我。孩子和我平分你的世界，你在日如此；你死後若還有知，想來還如此的。告訴你，我夏天回家來著：邁兒長得結實極了，比我高一個頭。閏兒父親說是最乖，可是沒有先前胖了。采芷和轉子都好。五兒全家誇她長得好看；卻在腿上生了濕瘡，整天坐在竹床上不能下來，看了怪可憐的。六兒，我怎麼說好，你明白，你臨終時也和母親談過，這孩子是只可以養著玩兒的，他左挨右挨去年春天，到底沒有挨過去。這孩子生了幾個月，你的肺病就重起來了。我勸你少親近他，只監督著老媽子照管就行。你總是忍不住，一會兒提，一會兒抱的。可是你病中為他操的那一份兒心也夠瞧的。那一個夏天他病的時候多，你成天兒忙著，湯呀，藥呀，冷呀，暖呀，連覺也沒有好好兒睡過。那裡有一分一毫想著你自己。瞧著他硬朗點兒你就樂，乾枯的笑容在黃蠟般的臉上，我只有暗中歎氣而已。

從來想不到做母親的要像你這樣。從邁兒起，你總是自己喂乳，一連四個都這樣。你起初不知道按鐘點兒喂，後來知道了，卻又弄不慣；孩子們每夜裡幾次將你哭醒了，特別是悶熱的夏季。我瞧你的覺老沒睡足。白天裡還得做菜，照料孩子，很少得空兒。你的身子本來壞，四個孩子就累你七八年。到了第五個，你自己實在不成了，又沒乳，只好自己餵奶粉，另雇老媽子專管她。但孩子跟老媽子睡，你就沒有放過心；夜裡一聽見哭，就豎起耳朵聽，工夫一大就得過去看。十六年初，和你到北京來，將邁兒，轉子留在家裡；三年多還不能去接他們，可真把你惦記苦了。你並不常提，我卻明白。你後來說你的病就是惦記出來的；那個自然也有份兒，不過大半還是養育孩子累的。你的短短的十二年結婚生活，有十一年耗費在孩子們身上；而你一點不厭倦，有多少力量用多少，一直到自己毀滅為止。你對孩子一般兒愛，不問男的女的，大的小的。也不想到什麼“養兒防老，積穀防饑”，只拚命的愛去。你對於教育老實說有些外行，孩子們只要吃得好玩得好就成了。這也難怪你，你自己便是這樣長大的。況且孩子們原都還小，吃和玩本來也要緊的。你病重的時候最放不下的還是孩子。病的只剩皮包著骨頭了，總不信自己不會好；老說：“我死了，這一大群孩子可苦了。”後來說送你回家，你想著可以看見邁兒和轉子，也願意；你萬不想到會一走不返的。我送車的時候，你忍不住哭了，說：“還不知能不能再見？”可憐，你的心我知道，你滿想著好好兒帶著六個孩子回來見我的。謙，你那時一定這樣想，一定的。

除了孩子，你心裡只有我。不錯，那時你父親還在；可是你母親死了，他另有個女人，你老早就覺得隔了一層似的。出嫁後第一年你雖還一心一意依戀著他老人家，到第二年上我和孩子可就將你的心占住，你再沒有多少工夫惦記他了。你還記得第一年我在北京，你在家裡。家裡來信說你待不住，常回娘家去。我動氣了，馬上寫信責備你。你教人寫了一封復信，說家裡有事，不能不回去。這是你第一次也可以說第末次的抗議，我從此就沒給你寫信。暑假時帶了一肚子主意回去，但見了面，看你一臉笑，也就拉倒了。打這時候起，你漸漸從你父親的",這時候起你漸漸從你父親的,懷裡,huaili,huai li,FALSE,1:懷裏 | 2:壞 | 3:懷 | 4:淮 | 5:槐 | 6:踝 | 7:徊 | 8:壊 | 9:互愛 | 10:懐,FALSE,,,,,
top10_missing,8b12dc418ca4d15f3eb7f5ff,給亡婦,1354,1356,"謙，日子真快，一眨眼你已經死了三個年頭了。這三年裡世事不知變化了多少回，但你未必注意這些個，我知道。你第一惦記的是你幾個孩子，第二便輪著我。孩子和我平分你的世界，你在日如此；你死後若還有知，想來還如此的。告訴你，我夏天回家來著：邁兒長得結實極了，比我高一個頭。閏兒父親說是最乖，可是沒有先前胖了。采芷和轉子都好。五兒全家誇她長得好看；卻在腿上生了濕瘡，整天坐在竹床上不能下來，看了怪可憐的。六兒，我怎麼說好，你明白，你臨終時也和母親談過，這孩子是只可以養著玩兒的，他左挨右挨去年春天，到底沒有挨過去。這孩子生了幾個月，你的肺病就重起來了。我勸你少親近他，只監督著老媽子照管就行。你總是忍不住，一會兒提，一會兒抱的。可是你病中為他操的那一份兒心也夠瞧的。那一個夏天他病的時候多，你成天兒忙著，湯呀，藥呀，冷呀，暖呀，連覺也沒有好好兒睡過。那裡有一分一毫想著你自己。瞧著他硬朗點兒你就樂，乾枯的笑容在黃蠟般的臉上，我只有暗中歎氣而已。

從來想不到做母親的要像你這樣。從邁兒起，你總是自己喂乳，一連四個都這樣。你起初不知道按鐘點兒喂，後來知道了，卻又弄不慣；孩子們每夜裡幾次將你哭醒了，特別是悶熱的夏季。我瞧你的覺老沒睡足。白天裡還得做菜，照料孩子，很少得空兒。你的身子本來壞，四個孩子就累你七八年。到了第五個，你自己實在不成了，又沒乳，只好自己餵奶粉，另雇老媽子專管她。但孩子跟老媽子睡，你就沒有放過心；夜裡一聽見哭，就豎起耳朵聽，工夫一大就得過去看。十六年初，和你到北京來，將邁兒，轉子留在家裡；三年多還不能去接他們，可真把你惦記苦了。你並不常提，我卻明白。你後來說你的病就是惦記出來的；那個自然也有份兒，不過大半還是養育孩子累的。你的短短的十二年結婚生活，有十一年耗費在孩子們身上；而你一點不厭倦，有多少力量用多少，一直到自己毀滅為止。你對孩子一般兒愛，不問男的女的，大的小的。也不想到什麼“養兒防老，積穀防饑”，只拚命的愛去。你對於教育老實說有些外行，孩子們只要吃得好玩得好就成了。這也難怪你，你自己便是這樣長大的。況且孩子們原都還小，吃和玩本來也要緊的。你病重的時候最放不下的還是孩子。病的只剩皮包著骨頭了，總不信自己不會好；老說：“我死了，這一大群孩子可苦了。”後來說送你回家，你想著可以看見邁兒和轉子，也願意；你萬不想到會一走不返的。我送車的時候，你忍不住哭了，說：“還不知能不能再見？”可憐，你的心我知道，你滿想著好好兒帶著六個孩子回來見我的。謙，你那時一定這樣想，一定的。

除了孩子，你心裡只有我。不錯，那時你父親還在；可是你母親死了，他另有個女人，你老早就覺得隔了一層似的。出嫁後第一年你雖還一心一意依戀著他老人家，到第二年上我和孩子可就將你的心占住，你再沒有多少工夫惦記他了。你還記得第一年我在北京，你在家裡。家裡來信說你待不住，常回娘家去。我動氣了，馬上寫信責備你。你教人寫了一封復信，說家裡有事，不能不回去。這是你第一次也可以說第末次的抗議，我從此就沒給你寫信。暑假時帶了一肚子主意回去，但見了面，看你一臉笑，也就拉倒了。打這時候起，你漸漸從你父親的懷裡跑到我這兒。你換了金鐲子幫助我的學費，叫我以後還你；但直到你死，我沒有還你。你在我家受了許多氣，又因為我家的緣故受你家裡的氣，你都",家的緣故受你家裡的氣你都,忍著,renzhu,ren zhu,TRUE,1:忍住 | 2:人主 | 3:認主 | 4:人 | 5:任 | 6:忍 | 7:認 | 8:仁 | 9:刃 | 10:韌,FALSE,,,,,