author_id,author_name,work_id,wikidot_id,page_title,source_url,original_source_url,source_site,creation_date,modification_date,eligible_date_flag,authorship_status,language,translation_flag,coauthor_flag,inclusion_status,exclusion_reason,raw_filename,raw_format,raw_byte_size,SHA256,access_date,license_note,tags,acquisition_error
da-author-mscarlet-78b5e8fb,MScarlet,da-work-21396179,21396179,网站的版式（SCP-Sigma-9）,https://scp-wiki-cn.wikidot.com/component:theme,https://scp-wiki-cn.wikidot.com/component:theme,SCP-CN via SCPPER-CN,2014-02-03,,True,excluded_or_unverified,zh,True,True,excluded,not_marked_chinese_original,data/raw/deep_author/works/da-work-21396179.json,SCPPER-CN JSON bundle,753,79eb73fcc492400d5a6b144512034a7d72bfc43521645dc6f9256ca51dc3a54f,2026-08-14,CC BY-SA 3.0 unless a page records a different compatible notice,版式|管理,
da-author-mscarlet-78b5e8fb,MScarlet,da-work-21396933,21396933,SCP系列 3,https://scp-wiki-cn.wikidot.com/scp-series-3,https://scp-wiki-cn.wikidot.com/scp-series-3,SCP-CN via SCPPER-CN,2014-02-03,,True,excluded_or_unverified,zh,True,True,excluded,not_marked_chinese_original,data/raw/deep_author/works/da-work-21396933.json,SCPPER-CN JSON bundle,1214,86a3c9c8913f14f74b43305b9e5611ce866ec832d9896acbfe6b03b72a119cd0,2026-08-14,CC BY-SA 3.0 unless a page records a different compatible notice,中心,
da-author-mscarlet-78b5e8fb,MScarlet,da-work-21396939,21396939,基金会故事,https://scp-wiki-cn.wikidot.com/foundation-tales,https://scp-wiki-cn.wikidot.com/foundation-tales,SCP-CN via SCPPER-CN,2014-02-03,,True,excluded_or_unverified,zh,True,True,excluded,not_marked_chinese_original,data/raw/deep_author/works/da-work-21396939.json,SCPPER-CN JSON bundle,894,69cfeb347280bccacb66281b4e7e3231cfa00bdb2ed0de06342ab32d48066d4c,2026-08-14,CC BY-SA 3.0 unless a page records a different compatible notice,中心,
da-author-mscarlet-78b5e8fb,MScarlet,da-work-21397418,21397418,指导中心,https://scp-wiki-cn.wikidot.com/guide-hub,https://scp-wiki-cn.wikidot.com/guide-hub,SCP-CN via SCPPER-CN,2014-02-03,,True,excluded_or_unverified,zh,True,True,excluded,not_marked_chinese_original,data/raw/deep_author/works/da-work-21397418.json,SCPPER-CN JSON bundle,825,747840f99feaadd436f446798b02afef2066bdda9cd6499b460cdbe670c3105d,2026-08-14,CC BY-SA 3.0 unless a page records a different compatible notice,中心,
da-author-mscarlet-78b5e8fb,MScarlet,da-work-21397529,21397529,最近新增的页面,https://scp-wiki-cn.wikidot.com/most-recently-created,https://scp-wiki-cn.wikidot.com/most-recently-created,SCP-CN via SCPPER-CN,2014-02-03,,True,excluded_or_unverified,zh,True,True,excluded,not_marked_chinese_original,data/raw/deep_author/works/da-work-21397529.json,SCPPER-CN JSON bundle,1143,fae47275586dc1153c6943a40cbf771d40ba25455afdcf87c02898d01b34ccc3,2026-08-14,CC BY-SA 3.0 unless a page records a different compatible notice,中心,
da-author-mscarlet-78b5e8fb,MScarlet,da-work-21397569,21397569,最近修改的页面,https://scp-wiki-cn.wikidot.com/most-recently-edited,https://scp-wiki-cn.wikidot.com/most-recently-edited,SCP-CN via SCPPER-CN,2014-02-03,,True,excluded_or_unverified,zh,True,True,excluded,not_marked_chinese_original,data/raw/deep_author/works/da-work-21397569.json,SCPPER-CN JSON bundle,1197,6f769233a846f8c3707e331f7af6b79d0258999aa8c9544f5410dc76d4c1ef55,2026-08-14,CC BY-SA 3.0 unless a page records a different compatible notice,管理,
da-author-mscarlet-78b5e8fb,MScarlet,da-work-21397572,21397572,作者页,https://scp-wiki-cn.wikidot.com/authors-pages,https://scp-wiki-cn.wikidot.com/authors-pages,SCP-CN via SCPPER-CN,2014-02-03,,True,excluded_or_unverified,zh,True,True,excluded,not_marked_chinese_original,data/raw/deep_author/works/da-work-21397572.json,SCPPER-CN JSON bundle,789,85a789e74fde6f6a4e02082670f52d9234e8bc2708e6052a6d9189731472ca35,2026-08-14,CC BY-SA 3.0 unless a page records a different compatible notice,中心,
da-author-mscarlet-78b5e8fb,MScarlet,da-work-21402885,21402885,SCP系列 2,https://scp-wiki-cn.wikidot.com/scp-series-2,https://scp-wiki-cn.wikidot.com/scp-series-2,SCP-CN via SCPPER-CN,2014-02-04,,True,excluded_or_unverified,zh,True,True,excluded,not_marked_chinese_original,data/raw/deep_author/works/da-work-21402885.json,SCPPER-CN JSON bundle,787,26d8e610d285df4866a176e7752ebbbcfdb84268d67b8e600c0a474ed86c965a,2026-08-14,CC BY-SA 3.0 unless a page records a different compatible notice,中心,
da-author-mscarlet-78b5e8fb,MScarlet,da-work-21406201,21406201,等待解密[已锁],https://scp-wiki-cn.wikidot.com/scp-001,https://scp-wiki-cn.wikidot.com/scp-001,SCP-CN via SCPPER-CN,2014-02-04,,True,excluded_or_unverified,zh,True,True,excluded,not_marked_chinese_original,data/raw/deep_author/works/da-work-21406201.json,SCPPER-CN JSON bundle,1077,6157aa64bfd966bb1cbc33aefbc6cbbf6f87a5c0748c79c8907c6c828769d36a,2026-08-14,CC BY-SA 3.0 unless a page records a different compatible notice,中心,
da-author-mscarlet-78b5e8fb,MScarlet,da-work-21406245,21406245,SCP-001的提案（已归档）,https://scp-wiki-cn.wikidot.com/archived:proposals-for-scp-001,https://scp-wiki-cn.wikidot.com/archived:proposals-for-scp-001,SCP-CN via SCPPER-CN,2014-02-04,,True,excluded_or_unverified,zh,True,True,excluded,not_marked_chinese_original,data/raw/deep_author/works/da-work-21406245.json,SCPPER-CN JSON bundle,772,d3a1a99228b89ab992fab2d6a9bb62898916c52d07f32db12707c6a692c73ca2,2026-08-14,CC BY-SA 3.0 unless a page records a different compatible notice,被归档,
da-author-mscarlet-78b5e8fb,MScarlet,da-work-21428618,21428618,SCP項目等級,https://scp-wiki-cn.wikidot.com/object-classes,https://scp-wiki-cn.wikidot.com/object-classes,SCP-CN via SCPPER-CN,2014-02-07,,True,excluded_or_unverified,zh,True,True,excluded,not_marked_chinese_original,data/raw/deep_author/works/da-work-21428618.json,SCPPER-CN JSON bundle,902,b60562511d5f8e6afbd85620e0b9ec6d9f9d287c9c7c0247ed14a883d033ed83,2026-08-14,CC BY-SA 3.0 unless a page records a different compatible notice,指导,
da-author-mscarlet-78b5e8fb,MScarlet,da-work-21429223,21429223,相关组织,https://scp-wiki-cn.wikidot.com/groups-of-interest,https://scp-wiki-cn.wikidot.com/groups-of-interest,SCP-CN via SCPPER-CN,2014-02-07,,True,excluded_or_unverified,zh,True,True,excluded,not_marked_chinese_original,data/raw/deep_author/works/da-work-21429223.json,SCPPER-CN JSON bundle,1241,4e8288d0df9654b964884c4aa113ab77d32eed78ed36899be0805a44c0edc17b,2026-08-14,CC BY-SA 3.0 unless a page records a different compatible notice,合作|资源|需更新,
da-author-mscarlet-78b5e8fb,MScarlet,da-work-21429718,21429718,搞笑SCP,https://scp-wiki-cn.wikidot.com/joke-scps,https://scp-wiki-cn.wikidot.com/joke-scps,SCP-CN via SCPPER-CN,2014-02-07,,True,excluded_or_unverified,zh,True,True,excluded,not_marked_chinese_original,data/raw/deep_author/works/da-work-21429718.json,SCPPER-CN JSON bundle,788,10737516dd8c8702bafd07513e213af73dc7c113145c5e82fd57982c5c361e75,2026-08-14,CC BY-SA 3.0 unless a page records a different compatible notice,中心|搞笑|需更新,
da-author-mscarlet-78b5e8fb,MScarlet,da-work-21429966,21429966,被归档的页面,https://scp-wiki-cn.wikidot.com/archived-scps,https://scp-wiki-cn.wikidot.com/archived-scps,SCP-CN via SCPPER-CN,2014-02-07,,True,excluded_or_unverified,zh,True,True,excluded,not_marked_chinese_original,data/raw/deep_author/works/da-work-21429966.json,SCPPER-CN JSON bundle,1025,66786efe3ac4c9c549011a72be6a8ab9e1c2caa7af63a57170c14c9ed37d70cd,2026-08-14,CC BY-SA 3.0 unless a page records a different compatible notice,中心|被归档,
da-author-mscarlet-78b5e8fb,MScarlet,da-work-21430436,21430436,被废除的SCP,https://scp-wiki-cn.wikidot.com/archived:decommissioned-scps,https://scp-wiki-cn.wikidot.com/archived:decommissioned-scps,SCP-CN via SCPPER-CN,2014-02-07,,True,excluded_or_unverified,zh,True,True,excluded,not_marked_chinese_original,data/raw/deep_author/works/da-work-21430436.json,SCPPER-CN JSON bundle,865,1cb69d6416c64f4a2751bb17dd39ec99625745e5f5c795be79c8b844d82749a0,2026-08-14,CC BY-SA 3.0 unless a page records a different compatible notice,中心|被归档,
da-author-mscarlet-78b5e8fb,MScarlet,da-work-21430639,21430639,已解明SCP,https://scp-wiki-cn.wikidot.com/scp-ex,https://scp-wiki-cn.wikidot.com/scp-ex,SCP-CN via SCPPER-CN,2014-02-07,,True,excluded_or_unverified,zh,True,True,excluded,not_marked_chinese_original,data/raw/deep_author/works/da-work-21430639.json,SCPPER-CN JSON bundle,1218,0e587fc6bbca6e2abc3b48a874650328a84c9ddfb3cf81acca051f922c8092fc,2026-08-14,CC BY-SA 3.0 unless a page records a different compatible notice,中心|已解明,
da-author-mscarlet-78b5e8fb,MScarlet,da-work-21431132,21431132,邪恶印表机,https://scp-wiki-cn.wikidot.com/scp-920-ex,https://scp-wiki-cn.wikidot.com/scp-920-ex,SCP-CN via SCPPER-CN,2014-02-07,,True,excluded_or_unverified,zh,True,True,excluded,not_marked_chinese_original,data/raw/deep_author/works/da-work-21431132.json,SCPPER-CN JSON bundle,1012,34bde150bb70729f4d3b27ad926fcccf099143dc1b940830f09efdc905e92ea3,2026-08-14,CC BY-SA 3.0 unless a page records a different compatible notice,euclid|meta|scp|sheldon-katz|家用物品|已解明|电子|电脑,
da-author-mscarlet-78b5e8fb,MScarlet,da-work-21431955,21431955,致幻骰子,https://scp-wiki-cn.wikidot.com/scp-1974-ex,https://scp-wiki-cn.wikidot.com/scp-1974-ex,SCP-CN via SCPPER-CN,2014-02-07,,True,excluded_or_unverified,zh,True,True,excluded,not_marked_chinese_original,data/raw/deep_author/works/da-work-21431955.json,SCPPER-CN JSON bundle,932,94b997e69bf8ec69249c1f7a383099f8a8c8ec9f09c80f5ef5bc86b9dde8cbaf,2026-08-14,CC BY-SA 3.0 unless a page records a different compatible notice,mc&d|safe|scp|人造物品|已解明|幻觉|游戏|精神影响,
da-author-mscarlet-78b5e8fb,MScarlet,da-work-21432102,21432102,白毛鳟鱼,https://scp-wiki-cn.wikidot.com/scp-2600-ex,https://scp-wiki-cn.wikidot.com/scp-2600-ex,SCP-CN via SCPPER-CN,2014-02-07,,True,excluded_or_unverified,zh,True,True,excluded,not_marked_chinese_original,data/raw/deep_author/works/da-work-21432102.json,SCPPER-CN JSON bundle,899,c39ec7561171ec56581c3026edf89fb3e331bcb352c29a0dba182e2aaa326c60,2026-08-14,CC BY-SA 3.0 unless a page records a different compatible notice,safe|scp|传染性|动物|已解明|水生|活物|鱼类,
da-author-mscarlet-78b5e8fb,MScarlet,da-work-21432175,21432175,一种化合物,https://scp-wiki-cn.wikidot.com/scp-4023-ex,https://scp-wiki-cn.wikidot.com/scp-4023-ex,SCP-CN via SCPPER-CN,2014-02-07,,True,excluded_or_unverified,zh,True,True,excluded,not_marked_chinese_original,data/raw/deep_author/works/da-work-21432175.json,SCPPER-CN JSON bundle,945,c6a121d8f209ddc996e51ae5102c60cfc41c35b0b5e937b5919e8c19200097ab,2026-08-14,CC BY-SA 3.0 unless a page records a different compatible notice,euclid|scp|化学性|医学性|已解明|活物,
da-author-mscarlet-78b5e8fb,MScarlet,da-work-21458384,21458384,标签指导,https://scp-wiki-cn.wikidot.com/tag-guide,https://scp-wiki-cn.wikidot.com/tag-guide,SCP-CN via SCPPER-CN,2014-02-10,,True,excluded_or_unverified,zh,True,True,excluded,not_marked_chinese_original,data/raw/deep_author/works/da-work-21458384.json,SCPPER-CN JSON bundle,1099,280e624d2433f9d94cd27d982762b4533995f368ec334fceb3ce372f0d9ca99d,2026-08-14,CC BY-SA 3.0 unless a page records a different compatible notice,指导,
da-author-mscarlet-78b5e8fb,MScarlet,da-work-21500525,21500525,随机SCP,https://scp-wiki-cn.wikidot.com/random:random-scp,https://scp-wiki-cn.wikidot.com/random:random-scp,SCP-CN via SCPPER-CN,2014-02-15,,True,excluded_or_unverified,zh,True,True,excluded,not_marked_chinese_original,data/raw/deep_author/works/da-work-21500525.json,SCPPER-CN JSON bundle,746,bd58ff31c0a7f514c53e3c9664c42b04bb329353b0ca9b3ccd1890ff0565b033,2026-08-14,CC BY-SA 3.0 unless a page records a different compatible notice,管理|重定向,
da-author-mscarlet-78b5e8fb,MScarlet,da-work-21516784,21516784,襌與數據刪除技術,https://scp-wiki-cn.wikidot.com/archived:zen-and-the-art-of-data-expunged,https://scp-wiki-cn.wikidot.com/archived:zen-and-the-art-of-data-expunged,SCP-CN via SCPPER-CN,2014-02-17,,True,excluded_or_unverified,zh,True,True,excluded,not_marked_chinese_original,data/raw/deep_author/works/da-work-21516784.json,SCPPER-CN JSON bundle,788,e5c5a998554756eeb9ecaf7e16767a820a236327f3d2baacc77c6bc23ebfb93a,2026-08-14,CC BY-SA 3.0 unless a page records a different compatible notice,文章|被归档,
da-author-mscarlet-78b5e8fb,MScarlet,da-work-21521947,21521947,已翻译文档發佈及搬运指南,https://scp-wiki-cn.wikidot.com/translation-movement-guide,https://scp-wiki-cn.wikidot.com/translation-movement-guide,SCP-CN via SCPPER-CN,2014-02-18,,True,excluded_or_unverified,zh,False,True,excluded,structural_or_non_work_page,data/raw/deep_author/works/da-work-21521947.json,SCPPER-CN JSON bundle,1041,2019354b75b027aad3e36a069377d27f86ef7ed2507753f1f74534cf8d86bfda,2026-08-14,CC BY-SA 3.0 unless a page records a different compatible notice,原创|指导,
da-author-mscarlet-78b5e8fb,MScarlet,da-work-21524710,21524710,个人反重力场产生器,https://scp-wiki-cn.wikidot.com/scp-385,https://scp-wiki-cn.wikidot.com/scp-385,SCP-CN via SCPPER-CN,2014-02-18,,True,excluded_or_unverified,zh,True,True,excluded,not_marked_chinese_original,data/raw/deep_author/works/da-work-21524710.json,SCPPER-CN JSON bundle,1008,94fbe06c957b00f57b9d4e3529e86bdf20cac0a96c924bee3665b566c5c1e5a3,2026-08-14,CC BY-SA 3.0 unless a page records a different compatible notice,crom:series-1|safe|scp|工厂|玩具|衣物|重力影响,
da-author-mscarlet-78b5e8fb,MScarlet,da-work-21524762,21524762,SCP-1152（旧）,https://scp-wiki-cn.wikidot.com/old:scp-1152,https://scp-wiki-cn.wikidot.com/old:scp-1152,SCP-CN via SCPPER-CN,2014-02-18,,True,excluded_or_unverified,zh,True,True,excluded,not_marked_chinese_original,data/raw/deep_author/works/da-work-21524762.json,SCPPER-CN JSON bundle,931,0ce71c44ef105f3d4fd1c6466346489d12f743acb65c995a32a781f9eed7a9ba,2026-08-14,CC BY-SA 3.0 unless a page records a different compatible notice,safe|scp|人造物品|旧页面|空间影响|铭文,
da-author-mscarlet-78b5e8fb,MScarlet,da-work-21551705,21551705,中国相关组织,https://scp-wiki-cn.wikidot.com/groups-of-interest-cn,https://scp-wiki-cn.wikidot.com/groups-of-interest-cn,SCP-CN via SCPPER-CN,2014-02-21,,True,excluded_or_unverified,zh,False,True,excluded,structural_or_non_work_page,data/raw/deep_author/works/da-work-21551705.json,SCPPER-CN JSON bundle,872,ece4490e577ea4e1f93e1088909fb9e167b2100bf9d625ef66ec9ab95369df11,2026-08-14,CC BY-SA 3.0 unless a page records a different compatible notice,中心|原创|指导,
da-author-mscarlet-78b5e8fb,MScarlet,da-work-21557834,21557834,SCP-CN系列,https://scp-wiki-cn.wikidot.com/scp-series-cn,https://scp-wiki-cn.wikidot.com/scp-series-cn,SCP-CN via SCPPER-CN,2014-02-22,,True,excluded_or_unverified,zh,False,True,excluded,structural_or_non_work_page,data/raw/deep_author/works/da-work-21557834.json,SCPPER-CN JSON bundle,796,a8843680891093621f407f7249331d2ee68b82ffc7609cf78db9373571742702,2026-08-14,CC BY-SA 3.0 unless a page records a different compatible notice,中心|原创,
da-author-mscarlet-78b5e8fb,MScarlet,da-work-21557926,21557926,搞笑SCP-CN,https://scp-wiki-cn.wikidot.com/joke-scps-cn,https://scp-wiki-cn.wikidot.com/joke-scps-cn,SCP-CN via SCPPER-CN,2014-02-22,,True,excluded_or_unverified,zh,False,True,excluded,structural_or_non_work_page,data/raw/deep_author/works/da-work-21557926.json,SCPPER-CN JSON bundle,832,1cc94ea63d342be1e36008399280784e57b96245b0ec353e754922784540e36a,2026-08-14,CC BY-SA 3.0 unless a page records a different compatible notice,中心|原创,
da-author-mscarlet-78b5e8fb,MScarlet,da-work-21562411,21562411,_template,https://scp-wiki-cn.wikidot.com/component:_template,https://scp-wiki-cn.wikidot.com/component:_template,SCP-CN via SCPPER-CN,2014-02-23,,True,excluded_or_unverified,zh,True,True,excluded,not_marked_chinese_original,data/raw/deep_author/works/da-work-21562411.json,SCPPER-CN JSON bundle,794,5356d19ae79e8d1e96e3b135ae581a320082747fafc663b1b4574870915fa8f7,2026-08-14,CC BY-SA 3.0 unless a page records a different compatible notice,管理,
da-author-mscarlet-78b5e8fb,MScarlet,da-work-21562669,21562669,標準插圖方塊 後端,https://scp-wiki-cn.wikidot.com/component:image-block-base,https://scp-wiki-cn.wikidot.com/component:image-block-base,SCP-CN via SCPPER-CN,2014-02-23,,True,excluded_or_unverified,zh,True,True,excluded,not_marked_chinese_original,data/raw/deep_author/works/da-work-21562669.json,SCPPER-CN JSON bundle,804,43827fb770ac7ce2474d3883d3dc089a2b27115b5e67beb42699f1b91ffd54b9,2026-08-14,CC BY-SA 3.0 unless a page records a different compatible notice,组件后端,
da-author-mscarlet-78b5e8fb,MScarlet,da-work-21562672,21562672,標準插圖方塊,https://scp-wiki-cn.wikidot.com/component:image-block,https://scp-wiki-cn.wikidot.com/component:image-block,SCP-CN via SCPPER-CN,2014-02-23,,True,excluded_or_unverified,zh,True,True,excluded,not_marked_chinese_original,data/raw/deep_author/works/da-work-21562672.json,SCPPER-CN JSON bundle,782,9f8baa3d5f0eb72b3640b83fa93e486f81b4576f71eee020b878294459a76f3b,2026-08-14,CC BY-SA 3.0 unless a page records a different compatible notice,组件,
da-author-mscarlet-78b5e8fb,MScarlet,da-work-21570907,21570907,“鸢娓”,https://scp-wiki-cn.wikidot.com/scp-105,https://scp-wiki-cn.wikidot.com/scp-105,SCP-CN via SCPPER-CN,2014-02-24,,True,excluded_or_unverified,zh,True,True,excluded,not_marked_chinese_original,data/raw/deep_author/works/da-work-21570907.json,SCPPER-CN JSON bundle,954,886165e53cd975bb348347d4c7f32c76b09beb4a2e6543ad5cb4bd06c56c0f16,2026-08-14,CC BY-SA 3.0 unless a page records a different compatible notice,crom:series-1|safe|scp|人形生物|伊里斯·汤普森|合著|摄像|智能|最后的希望|活物|隔地促动,
da-author-mscarlet-78b5e8fb,MScarlet,da-work-21594083,21594083,黑貓與白兔,https://scp-wiki-cn.wikidot.com/scp-2999,https://scp-wiki-cn.wikidot.com/scp-2999,SCP-CN via SCPPER-CN,2014-02-26,,True,excluded_or_unverified,zh,True,True,excluded,not_marked_chinese_original,data/raw/deep_author/works/da-work-21594083.json,SCPPER-CN JSON bundle,1148,5c652930778c77946457856ff931023d20be9673cf65003c70edd0b2a0fe8413,2026-08-14,CC BY-SA 3.0 unless a page records a different compatible notice,2000|crom:series-3|euclid|scp|兔类|动物|墨港|文件|普罗米修斯实验室|智能|猫科|电子|自主|骨骼,
da-author-mscarlet-78b5e8fb,MScarlet,da-work-21598033,21598033,Crossover项目,https://scp-wiki-cn.wikidot.com/crossoverprojectindex,https://scp-wiki-cn.wikidot.com/crossoverprojectindex,SCP-CN via SCPPER-CN,2014-02-27,,True,excluded_or_unverified,zh,True,True,excluded,not_marked_chinese_original,data/raw/deep_author/works/da-work-21598033.json,SCPPER-CN JSON bundle,1105,f44db010fa8a5a274a7f6f8e3819faaa20ff092e2a5ed85c836785fce2e9fa64,2026-08-14,CC BY-SA 3.0 unless a page records a different compatible notice,_故事中心|crossover项目|中心,
da-author-mscarlet-78b5e8fb,MScarlet,da-work-21628975,21628975,Mackenzie博士的作家观念指南,https://scp-wiki-cn.wikidot.com/mackenzie-stereotypes,https://scp-wiki-cn.wikidot.com/mackenzie-stereotypes,SCP-CN via SCPPER-CN,2014-03-02,,True,excluded_or_unverified,zh,True,True,excluded,not_marked_chinese_original,data/raw/deep_author/works/da-work-21628975.json,SCPPER-CN JSON bundle,855,749b98ded471d2ac2fc7241c797a0f5a5a3ee38bcbc9b8a3092165627b4e88fe,2026-08-14,CC BY-SA 3.0 unless a page records a different compatible notice,文章,
da-author-mscarlet-78b5e8fb,MScarlet,da-work-21653268,21653268,火星探测车,https://scp-wiki-cn.wikidot.com/scp-206,https://scp-wiki-cn.wikidot.com/scp-206,SCP-CN via SCPPER-CN,2014-03-05,,True,excluded_or_unverified,zh,True,True,excluded,not_marked_chinese_original,data/raw/deep_author/works/da-work-21653268.json,SCPPER-CN JSON bundle,1081,01fcebf3171652153f76892c20ec5b7bb6318f495e8ede4a9d47f36215f2d8b2,2026-08-14,CC BY-SA 3.0 unless a page records a different compatible notice,crom:series-1|euclid|ru|scp|二次翻译|星际|未收容|自主|视觉性|通讯,
da-author-mscarlet-78b5e8fb,MScarlet,da-work-21680922,21680922,SCP-218（旧）,https://scp-wiki-cn.wikidot.com/old:scp-218,https://scp-wiki-cn.wikidot.com/old:scp-218,SCP-CN via SCPPER-CN,2014-03-08,,True,excluded_or_unverified,zh,True,True,excluded,not_marked_chinese_original,data/raw/deep_author/works/da-work-21680922.json,SCPPER-CN JSON bundle,1042,01481b4d6590c09088775e5fcea71b3718ee67a33266ac8d5782834ba48d09f4,2026-08-14,CC BY-SA 3.0 unless a page records a different compatible notice,euclid|scp|掠食性|旧页面|水生|活物|精神影响,
da-author-mscarlet-78b5e8fb,MScarlet,da-work-21680997,21680997,意識湮滅銅碑,https://scp-wiki-cn.wikidot.com/scp-1427,https://scp-wiki-cn.wikidot.com/scp-1427,SCP-CN via SCPPER-CN,2014-03-08,,True,excluded_or_unverified,zh,True,True,excluded,not_marked_chinese_original,data/raw/deep_author/works/da-work-21680997.json,SCPPER-CN JSON bundle,994,0e88f4f9975c6959422d84bbddc3677bb37f750538d5f3dccafdedda507fc15c,2026-08-14,CC BY-SA 3.0 unless a page records a different compatible notice,crom:series-2|keter|k级情景|scp|人造物品|伦理委员会|精神影响|铭文,
da-author-mscarlet-78b5e8fb,MScarlet,da-work-21681109,21681109,中文分部作者页,https://scp-wiki-cn.wikidot.com/members-pages-cn,https://scp-wiki-cn.wikidot.com/members-pages-cn,SCP-CN via SCPPER-CN,2014-03-08,,True,excluded_or_unverified,zh,False,True,excluded,structural_or_non_work_page,data/raw/deep_author/works/da-work-21681109.json,SCPPER-CN JSON bundle,793,76035c0b49a3f5132b8e6fa3ad11e7d0613983bf6616c6c39eeafb5ff9d1c0a3,2026-08-14,CC BY-SA 3.0 unless a page records a different compatible notice,中心|原创,
da-author-mscarlet-78b5e8fb,MScarlet,da-work-21681195,21681195,最高评分的页面,https://scp-wiki-cn.wikidot.com/top-rated-pages,https://scp-wiki-cn.wikidot.com/top-rated-pages,SCP-CN via SCPPER-CN,2014-03-08,,True,excluded_or_unverified,zh,True,True,excluded,not_marked_chinese_original,data/raw/deep_author/works/da-work-21681195.json,SCPPER-CN JSON bundle,1175,01b9c360440fb78e38f5865c8cfa79fb7140de806866b22139e4f422dfbd5d53,2026-08-14,CC BY-SA 3.0 unless a page records a different compatible notice,中心,
da-author-mscarlet-78b5e8fb,MScarlet,da-work-21686620,21686620,最低评分的页面,https://scp-wiki-cn.wikidot.com/lowest-rated-pages,https://scp-wiki-cn.wikidot.com/lowest-rated-pages,SCP-CN via SCPPER-CN,2014-03-09,,True,excluded_or_unverified,zh,True,True,excluded,not_marked_chinese_original,data/raw/deep_author/works/da-work-21686620.json,SCPPER-CN JSON bundle,794,9534b38d9416d10af10e2d879917dcb5dc8d28f1b924c779193ec0e5e1b73ba0,2026-08-14,CC BY-SA 3.0 unless a page records a different compatible notice,中心,
da-author-mscarlet-78b5e8fb,MScarlet,da-work-21694963,21694963,如何做出好吃的年糕，還有吃年糕之後有什麼效果,https://scp-wiki-cn.wikidot.com/how-to-cook-delicious-ningou-and-the-effect-of-eating-ningou,https://scp-wiki-cn.wikidot.com/how-to-cook-delicious-ningou-and-the-effect-of-eating-ningou,SCP-CN via SCPPER-CN,2014-03-10,,True,single_selected_author,zh,False,False,included,,data/raw/deep_author/works/da-work-21694963.json,SCPPER-CN JSON bundle,16480,7fb7b6a1288e607e9a97bcf83b2f950ff4e1c78473a6f62c25f5ef1d38b7f36b,2026-08-14,CC BY-SA 3.0 unless a page records a different compatible notice,_ms|cc|原创|故事|春节竞赛|精品,
da-author-mscarlet-78b5e8fb,MScarlet,da-work-21695217,21695217,2014年的新春之時:NIENTE,https://scp-wiki-cn.wikidot.com/when-they-contained-niente,https://scp-wiki-cn.wikidot.com/when-they-contained-niente,SCP-CN via SCPPER-CN,2014-03-10,,True,excluded_or_unverified,zh,True,True,excluded,not_marked_chinese_original,data/raw/deep_author/works/da-work-21695217.json,SCPPER-CN JSON bundle,811,55438ba0e7c64bede9be2ccbb0f66d54fef8a40a42f65355c7dc4dc7bc652fd6,2026-08-14,CC BY-SA 3.0 unless a page records a different compatible notice,春节竞赛|补充材料,
da-author-mscarlet-78b5e8fb,MScarlet,da-work-21695258,21695258,2014年的新春之時:neu,https://scp-wiki-cn.wikidot.com/when-they-contained-neu,https://scp-wiki-cn.wikidot.com/when-they-contained-neu,SCP-CN via SCPPER-CN,2014-03-10,,True,excluded_or_unverified,zh,True,True,excluded,not_marked_chinese_original,data/raw/deep_author/works/da-work-21695258.json,SCPPER-CN JSON bundle,806,4927a5f9c27e56b0d8ce760227e3b52896ed43bf56616b8a1caeffe276651b50,2026-08-14,CC BY-SA 3.0 unless a page records a different compatible notice,春节竞赛|补充材料,
da-author-mscarlet-78b5e8fb,MScarlet,da-work-21722668,21722668,维基语法,https://scp-wiki-cn.wikidot.com/wiki-syntax,https://scp-wiki-cn.wikidot.com/wiki-syntax,SCP-CN via SCPPER-CN,2014-03-13,,True,excluded_or_unverified,zh,True,True,excluded,not_marked_chinese_original,data/raw/deep_author/works/da-work-21722668.json,SCPPER-CN JSON bundle,1095,cbec4f91ddffc2ecbe143724665c03f59657b72d0db66c76f1dc90b376a747bc,2026-08-14,CC BY-SA 3.0 unless a page records a different compatible notice,文章,
da-author-mscarlet-78b5e8fb,MScarlet,da-work-21740221,21740221,维基语法快速参考,https://scp-wiki-cn.wikidot.com/syntax-quick-reference,https://scp-wiki-cn.wikidot.com/syntax-quick-reference,SCP-CN via SCPPER-CN,2014-03-15,,True,excluded_or_unverified,zh,True,True,excluded,not_marked_chinese_original,data/raw/deep_author/works/da-work-21740221.json,SCPPER-CN JSON bundle,721,c44ffa5e8932208515abc10a53d3ea796b1f0bb76b262657f9a3d98be6072941,2026-08-14,CC BY-SA 3.0 unless a page records a different compatible notice,指导,
da-author-mscarlet-78b5e8fb,MScarlet,da-work-21741260,21741260,链接,https://scp-wiki-cn.wikidot.com/links,https://scp-wiki-cn.wikidot.com/links,SCP-CN via SCPPER-CN,2014-03-15,,True,excluded_or_unverified,zh,True,True,excluded,not_marked_chinese_original,data/raw/deep_author/works/da-work-21741260.json,SCPPER-CN JSON bundle,832,02e8d57fb28d82ea3ae21572d6f9f62773c590bc80c75e3bd0cf0b35744f67f4,2026-08-14,CC BY-SA 3.0 unless a page records a different compatible notice,中心|管理,
da-author-mscarlet-78b5e8fb,MScarlet,da-work-21746667,21746667,領航者,https://scp-wiki-cn.wikidot.com/scp-2799,https://scp-wiki-cn.wikidot.com/scp-2799,SCP-CN via SCPPER-CN,2014-03-16,,True,excluded_or_unverified,zh,True,True,excluded,not_marked_chinese_original,data/raw/deep_author/works/da-work-21746667.json,SCPPER-CN JSON bundle,1084,f9caa58779fc05923f82e6f6dc714044d08401e3b99f8c0445e056feeec2f647,2026-08-14,CC BY-SA 3.0 unless a page records a different compatible notice,crom:series-3|scp|thaumiel|合著|工具|幻觉|心灵感应|精神影响|预测性,
da-author-mscarlet-78b5e8fb,MScarlet,da-work-21765301,21765301,宇宙史第二段,https://scp-wiki-cn.wikidot.com/history-of-the-universe-part-two,https://scp-wiki-cn.wikidot.com/history-of-the-universe-part-two,SCP-CN via SCPPER-CN,2014-03-18,,True,excluded_or_unverified,zh,True,True,excluded,not_marked_chinese_original,data/raw/deep_author/works/da-work-21765301.json,SCPPER-CN JSON bundle,966,81cbd1b72c16aa90bb233a8e742d5466d70d1dd1b78c3ed70275ad282c245a7d,2026-08-14,CC BY-SA 3.0 unless a page records a different compatible notice,文章,
da-author-mscarlet-78b5e8fb,MScarlet,da-work-21786519,21786519,始皇守陵军,https://scp-wiki-cn.wikidot.com/scp-2101,https://scp-wiki-cn.wikidot.com/scp-2101,SCP-CN via SCPPER-CN,2014-03-20,,True,excluded_or_unverified,zh,True,True,excluded,not_marked_chinese_original,data/raw/deep_author/works/da-work-21786519.json,SCPPER-CN JSON bundle,1087,eaa4981cf6d8bc32ea8444c3982793e8a35173ec9fd6d108461148777467f750,2026-08-14,CC BY-SA 3.0 unless a page records a different compatible notice,crom:series-3|euclid|scp|中国|人形生物|人造物品|军事|历史性|听觉影响|地质|夏异常|无形|智能|自主|雕塑,
da-author-mscarlet-78b5e8fb,MScarlet,da-work-21796106,21796106,关于SCP基金会,https://scp-wiki-cn.wikidot.com/about-the-scp-foundation,https://scp-wiki-cn.wikidot.com/about-the-scp-foundation,SCP-CN via SCPPER-CN,2014-03-21,,True,excluded_or_unverified,zh,True,True,excluded,not_marked_chinese_original,data/raw/deep_author/works/da-work-21796106.json,SCPPER-CN JSON bundle,869,a7c23af8b10c0e1ab504ff88e91c267e8901a4dd37fd9733e7dea6636266747a,2026-08-14,CC BY-SA 3.0 unless a page records a different compatible notice,指导|管理员,
da-author-mscarlet-78b5e8fb,MScarlet,da-work-21912059,21912059,给新手的指南,https://scp-wiki-cn.wikidot.com/guide-for-newbies,https://scp-wiki-cn.wikidot.com/guide-for-newbies,SCP-CN via SCPPER-CN,2014-04-04,,True,excluded_or_unverified,zh,True,True,excluded,not_marked_chinese_original,data/raw/deep_author/works/da-work-21912059.json,SCPPER-CN JSON bundle,956,c63566a0a622f244c7e330027571c51645c93278d6a8318b2ba33c545cd5127e,2026-08-14,CC BY-SA 3.0 unless a page records a different compatible notice,必要|指导,
da-author-mscarlet-78b5e8fb,MScarlet,da-work-22034238,22034238,一个 [形容词]的[动物],https://scp-wiki-cn.wikidot.com/scp-even-number-j,https://scp-wiki-cn.wikidot.com/scp-even-number-j,SCP-CN via SCPPER-CN,2014-04-19,,True,excluded_or_unverified,zh,True,True,excluded,not_marked_chinese_original,data/raw/deep_author/works/da-work-22034238.json,SCPPER-CN JSON bundle,869,a39c63dc640da6783e03a2a5402bf64e53265b2c1a3fae300bb0badad10f7d9a,2026-08-14,CC BY-SA 3.0 unless a page records a different compatible notice,meta|scp|互动性|动物|搞笑|敌意|机密分级|活物,
da-author-mscarlet-78b5e8fb,MScarlet,da-work-22104355,22104355,弃地之枢,https://scp-wiki-cn.wikidot.com/scp-470,https://scp-wiki-cn.wikidot.com/scp-470,SCP-CN via SCPPER-CN,2014-04-26,,True,excluded_or_unverified,zh,True,True,excluded,not_marked_chinese_original,data/raw/deep_author/works/da-work-22104355.json,SCPPER-CN JSON bundle,917,3a670e0f157770af665a1e4cc94e252f045e4b6766f5e99cdd7972ef551fab18,2026-08-14,CC BY-SA 3.0 unless a page records a different compatible notice,crom:series-1|euclid|scp|地点|建筑|时空|超维度,
da-author-mscarlet-78b5e8fb,MScarlet,da-work-22145187,22145187,無愛電話,https://scp-wiki-cn.wikidot.com/scp-2010,https://scp-wiki-cn.wikidot.com/scp-2010,SCP-CN via SCPPER-CN,2014-05-01,,True,excluded_or_unverified,zh,True,True,excluded,not_marked_chinese_original,data/raw/deep_author/works/da-work-22145187.json,SCPPER-CN JSON bundle,965,8e7b96bca275fcf74fdcf1a54cee599b9e8dd9c2ae20b7d65ab9d8195c3a8184,2026-08-14,CC BY-SA 3.0 unless a page records a different compatible notice,crom:series-3|meta|safe|scp|人造物品|模因|电子|精神影响|触觉影响,
da-author-mscarlet-78b5e8fb,MScarlet,da-work-22349439,22349439,异常信息，2485MHz,https://scp-wiki-cn.wikidot.com/scp-2998,https://scp-wiki-cn.wikidot.com/scp-2998,SCP-CN via SCPPER-CN,2014-05-25,,True,excluded_or_unverified,zh,True,True,excluded,not_marked_chinese_original,data/raw/deep_author/works/da-work-22349439.json,SCPPER-CN JSON bundle,1385,b1f93892990dfc5bdff60bae8c57101064680afe17a5dbbc05f80da29b5ab1d6,2026-08-14,CC BY-SA 3.0 unless a page records a different compatible notice,2000|crom:series-3|euclid|maria-jones|meta|scp|不灭孽蜥|传染性|信息危害|军事小说|宇宙恐怖|恐怖|感知影响|星际|智能|模因|深红之王|热力学|犯罪小说|现象|生物危害|研究员rosen|神经性|科幻小说|空间影响|精神影响|节肢动物|观察影响|视觉性|认知危害|超维度|身体恐怖|逆模因|通讯,
da-author-mscarlet-78b5e8fb,MScarlet,da-work-22349493,22349493,SCP-2998,https://scp-wiki-cn.wikidot.com/fragment:scp-2998-1,https://scp-wiki-cn.wikidot.com/fragment:scp-2998-1,SCP-CN via SCPPER-CN,2014-05-25,,True,excluded_or_unverified,zh,True,True,excluded,not_marked_chinese_original,data/raw/deep_author/works/da-work-22349493.json,SCPPER-CN JSON bundle,1011,9dd021d8713050000dfd889d1b59553d5ac89480663df7ba3ca1bf10b4aebc77,2026-08-14,CC BY-SA 3.0 unless a page records a different compatible notice,段落,
da-author-mscarlet-78b5e8fb,MScarlet,da-work-22349500,22349500,SCP-2998,https://scp-wiki-cn.wikidot.com/fragment:scp-2998-2,https://scp-wiki-cn.wikidot.com/fragment:scp-2998-2,SCP-CN via SCPPER-CN,2014-05-25,,True,excluded_or_unverified,zh,True,True,excluded,not_marked_chinese_original,data/raw/deep_author/works/da-work-22349500.json,SCPPER-CN JSON bundle,1387,2e13f0b78d13d9101039c2b355e3a568aaad4fd0abe96ce0cf74013003c0b254,2026-08-14,CC BY-SA 3.0 unless a page records a different compatible notice,段落,
da-author-mscarlet-78b5e8fb,MScarlet,da-work-22349508,22349508,SCP-2998,https://scp-wiki-cn.wikidot.com/fragment:scp-2998-3,https://scp-wiki-cn.wikidot.com/fragment:scp-2998-3,SCP-CN via SCPPER-CN,2014-05-25,,True,excluded_or_unverified,zh,True,True,excluded,not_marked_chinese_original,data/raw/deep_author/works/da-work-22349508.json,SCPPER-CN JSON bundle,973,d363b1a7c1af8f9e93034c07654430ca95fe60e40910eae8d1984f3e26e5da4c,2026-08-14,CC BY-SA 3.0 unless a page records a different compatible notice,段落,
da-author-mscarlet-78b5e8fb,MScarlet,da-work-22349514,22349514,SCP-2998,https://scp-wiki-cn.wikidot.com/fragment:scp-2998-4,https://scp-wiki-cn.wikidot.com/fragment:scp-2998-4,SCP-CN via SCPPER-CN,2014-05-25,,True,excluded_or_unverified,zh,True,True,excluded,not_marked_chinese_original,data/raw/deep_author/works/da-work-22349514.json,SCPPER-CN JSON bundle,727,08a18177bbcaf81d35f5213d4442df2492e847c96173f0acc6b355b2106fa2cb,2026-08-14,CC BY-SA 3.0 unless a page records a different compatible notice,段落,
da-author-mscarlet-78b5e8fb,MScarlet,da-work-22349523,22349523,SCP-2998（仅限4级存取）,https://scp-wiki-cn.wikidot.com/fragment:scp-2998-5,https://scp-wiki-cn.wikidot.com/fragment:scp-2998-5,SCP-CN via SCPPER-CN,2014-05-25,,True,excluded_or_unverified,zh,True,True,excluded,not_marked_chinese_original,data/raw/deep_author/works/da-work-22349523.json,SCPPER-CN JSON bundle,719,8827ce06e54e0a5ff171153d8bb58ca535ff330a34790f85638f16d99e9f6070,2026-08-14,CC BY-SA 3.0 unless a page records a different compatible notice,段落,
da-author-mscarlet-78b5e8fb,MScarlet,da-work-22349556,22349556,现在，所有真正的灵魂请注意关于你们的牧师的无上话语：大敌,https://scp-wiki-cn.wikidot.com/fragment:scp-2998-6,https://scp-wiki-cn.wikidot.com/fragment:scp-2998-6,SCP-CN via SCPPER-CN,2014-05-25,,True,excluded_or_unverified,zh,True,True,excluded,not_marked_chinese_original,data/raw/deep_author/works/da-work-22349556.json,SCPPER-CN JSON bundle,905,0032bf2748652ec8985d0bca1a444249e768b2832e4a57d324132201f4bf193f,2026-08-14,CC BY-SA 3.0 unless a page records a different compatible notice,段落,
da-author-mscarlet-78b5e8fb,MScarlet,da-work-22349674,22349674,（现在或赢在），所有正的真魂灵注请意于关你们的师牧的上无话语：敌人,https://scp-wiki-cn.wikidot.com/fragment:scp-2998-7,https://scp-wiki-cn.wikidot.com/fragment:scp-2998-7,SCP-CN via SCPPER-CN,2014-05-25,,True,excluded_or_unverified,zh,True,True,excluded,not_marked_chinese_original,data/raw/deep_author/works/da-work-22349674.json,SCPPER-CN JSON bundle,918,4c8c126ffc1aa529fd6590770d87b1aa00ec16867a01fadcf269eba2b83d0fa5,2026-08-14,CC BY-SA 3.0 unless a page records a different compatible notice,段落,
da-author-mscarlet-78b5e8fb,MScarlet,da-work-22349716,22349716,███-████：█████████ ████████████，████ ███,https://scp-wiki-cn.wikidot.com/fragment:scp-2998-8,https://scp-wiki-cn.wikidot.com/fragment:scp-2998-8,SCP-CN via SCPPER-CN,2014-05-25,,True,excluded_or_unverified,zh,True,True,excluded,not_marked_chinese_original,data/raw/deep_author/works/da-work-22349716.json,SCPPER-CN JSON bundle,1815,20f35a0fe480553e7bf7e0c38c4d9866c94e947d4eb62074d544ebc4d1d45faa,2026-08-14,CC BY-SA 3.0 unless a page records a different compatible notice,段落,
da-author-mscarlet-78b5e8fb,MScarlet,da-work-22349724,22349724,_,https://scp-wiki-cn.wikidot.com/fragment:scp-2998-9,https://scp-wiki-cn.wikidot.com/fragment:scp-2998-9,SCP-CN via SCPPER-CN,2014-05-25,,True,excluded_or_unverified,zh,True,True,excluded,not_marked_chinese_original,data/raw/deep_author/works/da-work-22349724.json,SCPPER-CN JSON bundle,788,f8f3dda7bd586472af1b15eaf03df244db3749b3346de00c5f5fc857353edb53,2026-08-14,CC BY-SA 3.0 unless a page records a different compatible notice,段落,
da-author-mscarlet-78b5e8fb,MScarlet,da-work-22349789,22349789,SCP-2998,https://scp-wiki-cn.wikidot.com/fragment:scp-2998-10,https://scp-wiki-cn.wikidot.com/fragment:scp-2998-10,SCP-CN via SCPPER-CN,2014-05-25,,True,excluded_or_unverified,zh,True,True,excluded,not_marked_chinese_original,data/raw/deep_author/works/da-work-22349789.json,SCPPER-CN JSON bundle,913,1f349e6fb999875aa766ea0211aef4671107d1abfa5cf2cb068033ad4bb2d286,2026-08-14,CC BY-SA 3.0 unless a page records a different compatible notice,段落,
da-author-mscarlet-78b5e8fb,MScarlet,da-work-22434446,22434446,2014年的新春之時,https://scp-wiki-cn.wikidot.com/when-they-contained,https://scp-wiki-cn.wikidot.com/when-they-contained,SCP-CN via SCPPER-CN,2014-05-30,,True,single_selected_author,zh,False,False,included,,data/raw/deep_author/works/da-work-22434446.json,SCPPER-CN JSON bundle,29471,735a0dfec92f60069de4876cdfd5e31783072356e6130095394088087964b577,2026-08-14,CC BY-SA 3.0 unless a page records a different compatible notice,_ms|site-cn-71|原创|故事|春节竞赛,
da-author-mscarlet-78b5e8fb,MScarlet,da-work-22627718,22627718,外星異卵,https://scp-wiki-cn.wikidot.com/scp-1124,https://scp-wiki-cn.wikidot.com/scp-1124,SCP-CN via SCPPER-CN,2014-06-13,,True,excluded_or_unverified,zh,True,True,excluded,not_marked_chinese_original,data/raw/deep_author/works/da-work-22627718.json,SCPPER-CN JSON bundle,846,9141113cfd2133ce0476f81aec16b7d081d2bd5421053210bc5a9cac9163c43f,2026-08-14,CC BY-SA 3.0 unless a page records a different compatible notice,crom:series-2|keter|scp|人造物品|动物|敌意|星际|智能|音频,
da-author-mscarlet-78b5e8fb,MScarlet,da-work-22882853,22882853,五提问竞赛,https://scp-wiki-cn.wikidot.com/five-questions,https://scp-wiki-cn.wikidot.com/five-questions,SCP-CN via SCPPER-CN,2014-07-06,,True,excluded_or_unverified,zh,True,True,excluded,not_marked_chinese_original,data/raw/deep_author/works/da-work-22882853.json,SCPPER-CN JSON bundle,1024,22d194326d38e8361495d2d7be6aa9d65fd94512f9c93d72dc0fcafad20cf0e6,2026-08-14,CC BY-SA 3.0 unless a page records a different compatible notice,中心|五提问竞赛|竞赛,
da-author-mscarlet-78b5e8fb,MScarlet,da-work-22996876,22996876,站规,https://scp-wiki-cn.wikidot.com/site-rules,https://scp-wiki-cn.wikidot.com/site-rules,SCP-CN via SCPPER-CN,2014-07-15,,True,excluded_or_unverified,zh,True,True,excluded,not_marked_chinese_original,data/raw/deep_author/works/da-work-22996876.json,SCPPER-CN JSON bundle,834,48cc59c0a900ca26f554690117bcf613bc244d7263ca26558c40ff2143c3eb56,2026-08-14,CC BY-SA 3.0 unless a page records a different compatible notice,必要|指导,
da-author-mscarlet-78b5e8fb,MScarlet,da-work-23021362,23021362,Cool 的誕生,https://scp-wiki-cn.wikidot.com/birth-of-the-cool,https://scp-wiki-cn.wikidot.com/birth-of-the-cool,SCP-CN via SCPPER-CN,2014-07-17,,True,excluded_or_unverified,zh,True,True,excluded,not_marked_chinese_original,data/raw/deep_author/works/da-work-23021362.json,SCPPER-CN JSON bundle,837,3274d06de3ecb7fdef4a834e3601c942f20f66e004ccd428e1c3a08037b08fc2,2026-08-14,CC BY-SA 3.0 unless a page records a different compatible notice,2014goi竞赛|are-we-cool-yet|世界构建|故事,
da-author-mscarlet-78b5e8fb,MScarlet,da-work-23039951,23039951,MC&D 版式,https://scp-wiki-cn.wikidot.com/theme:mcd,https://scp-wiki-cn.wikidot.com/theme:mcd,SCP-CN via SCPPER-CN,2014-07-19,,True,excluded_or_unverified,zh,True,True,excluded,not_marked_chinese_original,data/raw/deep_author/works/da-work-23039951.json,SCPPER-CN JSON bundle,939,fc78a62f09c6afa9313ab86883640f33ad2f112fd3c4c0e879a85478cc15d57d,2026-08-14,CC BY-SA 3.0 unless a page records a different compatible notice,版式,
da-author-mscarlet-78b5e8fb,MScarlet,da-work-23041688,23041688,国外SCP系列,https://scp-wiki-cn.wikidot.com/scp-international,https://scp-wiki-cn.wikidot.com/scp-international,SCP-CN via SCPPER-CN,2014-07-19,,True,excluded_or_unverified,zh,True,True,excluded,not_marked_chinese_original,data/raw/deep_author/works/da-work-23041688.json,SCPPER-CN JSON bundle,1195,ae23b40f05361db71b2dca85d39840186cfbe1e3381b3fc1567c57f978b30005,2026-08-14,CC BY-SA 3.0 unless a page records a different compatible notice,中心,
da-author-mscarlet-78b5e8fb,MScarlet,da-work-23043625,23043625,UIU檔案：1933-001,https://scp-wiki-cn.wikidot.com/uiu-file-1933-001,https://scp-wiki-cn.wikidot.com/uiu-file-1933-001,SCP-CN via SCPPER-CN,2014-07-19,,True,excluded_or_unverified,zh,True,True,excluded,not_marked_chinese_original,data/raw/deep_author/works/da-work-23043625.json,SCPPER-CN JSON bundle,900,923b244069717daaa2b48f322663d84e65db53b0d68a3c6269acae9ac130a463,2026-08-14,CC BY-SA 3.0 unless a page records a different compatible notice,2014goi竞赛|_uiu|goi格式|uiu,
da-author-mscarlet-78b5e8fb,MScarlet,da-work-23070205,23070205,小丑疫苗,https://scp-wiki-cn.wikidot.com/scp-2170,https://scp-wiki-cn.wikidot.com/scp-2170,SCP-CN via SCPPER-CN,2014-07-22,,True,excluded_or_unverified,zh,True,True,excluded,not_marked_chinese_original,data/raw/deep_author/works/da-work-23070205.json,SCPPER-CN JSON bundle,1517,2655d0a903af1aadb3be77aeeee44070dbb149c211240c03480f50fb42624358,2026-08-14,CC BY-SA 3.0 unless a page records a different compatible notice,crom:series-3|euclid|meta|scp|听觉影响|地点|小丑|小丑巴伯|感知影响|无形|视觉性|认知危害,
da-author-mscarlet-78b5e8fb,MScarlet,da-work-23082717,23082717,“Cheyenne Point的妹子們”,https://scp-wiki-cn.wikidot.com/scp-069-j,https://scp-wiki-cn.wikidot.com/scp-069-j,SCP-CN via SCPPER-CN,2014-07-23,,True,excluded_or_unverified,zh,True,True,excluded,not_marked_chinese_original,data/raw/deep_author/works/da-work-23082717.json,SCPPER-CN JSON bundle,996,7601e201c4e451b11e035c7d0725ae2357ead2b72d7cad6757b244f8393f493d,2026-08-14,CC BY-SA 3.0 unless a page records a different compatible notice,clef博士|gears博士|kondraki博士|rights博士|safe|scp|叙述性|媒体|学校|搞笑|模因|特工strelnikov|电子|超维度,
da-author-mscarlet-78b5e8fb,MScarlet,da-work-23082773,23082773,SCP-069-J的研究日誌,https://scp-wiki-cn.wikidot.com/scp-069-j-research-log,https://scp-wiki-cn.wikidot.com/scp-069-j-research-log,SCP-CN via SCPPER-CN,2014-07-23,,True,excluded_or_unverified,zh,True,True,excluded,not_marked_chinese_original,data/raw/deep_author/works/da-work-23082773.json,SCPPER-CN JSON bundle,800,99436e110a4bcc16319704dd7cc5d9e6b4717bf1329c4cb37d5903f05dec2f15,2026-08-14,CC BY-SA 3.0 unless a page records a different compatible notice,补充材料,
da-author-mscarlet-78b5e8fb,MScarlet,da-work-23082863,23082863,異常字體,https://scp-wiki-cn.wikidot.com/scp-095-j,https://scp-wiki-cn.wikidot.com/scp-095-j,SCP-CN via SCPPER-CN,2014-07-23,,True,excluded_or_unverified,zh,True,True,excluded,not_marked_chinese_original,data/raw/deep_author/works/da-work-23082863.json,SCPPER-CN JSON bundle,1226,29b07e45ba4d1d2810ef13f292a3effef8ef7f762edab1bdf68d766e81bca525,2026-08-14,CC BY-SA 3.0 unless a page records a different compatible notice,euclid|scp|搞笑|模因|视觉性|语言|铭文,
da-author-mscarlet-78b5e8fb,MScarlet,da-work-23082939,23082939,標準,https://scp-wiki-cn.wikidot.com/scp-1212-j,https://scp-wiki-cn.wikidot.com/scp-1212-j,SCP-CN via SCPPER-CN,2014-07-23,,True,excluded_or_unverified,zh,True,True,excluded,not_marked_chinese_original,data/raw/deep_author/works/da-work-23082939.json,SCPPER-CN JSON bundle,838,533a390d3eff51ee07d855dfd8c35a41a83a34b40acede42cb59374656a06a8d,2026-08-14,CC BY-SA 3.0 unless a page records a different compatible notice,keter|scp|强迫性|搞笑|饰品|骨骼,
da-author-mscarlet-78b5e8fb,MScarlet,da-work-23083186,23083186,收容專家Scarlet博士的人事檔案,https://scp-wiki-cn.wikidot.com/scarlet-s-personnel-file,https://scp-wiki-cn.wikidot.com/scarlet-s-personnel-file,SCP-CN via SCPPER-CN,2014-07-23,,True,excluded_or_unverified,zh,False,True,excluded,structural_or_non_work_page,data/raw/deep_author/works/da-work-23083186.json,SCPPER-CN JSON bundle,906,9612bda83815e40165b1b7e06ec9fe53542c695cd5b2b73660b78db452b483ab,2026-08-14,CC BY-SA 3.0 unless a page records a different compatible notice,作者|原创,
da-author-mscarlet-78b5e8fb,MScarlet,da-work-23136748,23136748,关于SCP基金会-ARC,https://scp-wiki-cn.wikidot.com/archived:about-the-scp-foundation,https://scp-wiki-cn.wikidot.com/archived:about-the-scp-foundation,SCP-CN via SCPPER-CN,2014-07-29,,True,excluded_or_unverified,zh,True,True,excluded,not_marked_chinese_original,data/raw/deep_author/works/da-work-23136748.json,SCPPER-CN JSON bundle,993,6f401e4746b8cc91a43661d69989dbd97e290d65b6570bfd5e7da1d425dcaa6c,2026-08-14,CC BY-SA 3.0 unless a page records a different compatible notice,指导|被归档,
da-author-mscarlet-78b5e8fb,MScarlet,da-work-23185286,23185286,瓶裝婴儿,https://scp-wiki-cn.wikidot.com/scp-395,https://scp-wiki-cn.wikidot.com/scp-395,SCP-CN via SCPPER-CN,2014-08-02,,True,excluded_or_unverified,zh,True,True,excluded,not_marked_chinese_original,data/raw/deep_author/works/da-work-23185286.json,SCPPER-CN JSON bundle,1018,e0c071799903abab8c234dad7a70c46f527c90a0ae9ff269f7fc659bbb3245a0,2026-08-14,CC BY-SA 3.0 unless a page records a different compatible notice,crom:series-1|euclid|scp|人形生物|寄生性|小孩|强迫性,
da-author-mscarlet-78b5e8fb,MScarlet,da-work-23318649,23318649,記憶消除指南手冊,https://scp-wiki-cn.wikidot.com/amnestic-orientation-manual,https://scp-wiki-cn.wikidot.com/amnestic-orientation-manual,SCP-CN via SCPPER-CN,2014-08-15,,True,excluded_or_unverified,zh,True,True,excluded,not_marked_chinese_original,data/raw/deep_author/works/da-work-23318649.json,SCPPER-CN JSON bundle,807,d085dc7308560ddb4cf2af5f1503860b8113d056e0d41925fa3428a9523f99a3,2026-08-14,CC BY-SA 3.0 unless a page records a different compatible notice,故事,
da-author-mscarlet-78b5e8fb,MScarlet,da-work-23504963,23504963,讚美鸚鵡螺！,https://scp-wiki-cn.wikidot.com/praise-nautilus,https://scp-wiki-cn.wikidot.com/praise-nautilus,SCP-CN via SCPPER-CN,2014-08-31,,True,single_selected_author,zh,False,False,included,,data/raw/deep_author/works/da-work-23504963.json,SCPPER-CN JSON bundle,25768,be9f7fc7f694b59b3793ca2fa83e1a9eb1ee50ac44a5a5171efd5e87ae25ac7a,2026-08-14,CC BY-SA 3.0 unless a page records a different compatible notice,2014暑期竞赛|_ms|crossover项目|原创|故事,
da-author-mscarlet-78b5e8fb,MScarlet,da-work-23505019,23505019,剎那之旅,https://scp-wiki-cn.wikidot.com/split-trip,https://scp-wiki-cn.wikidot.com/split-trip,SCP-CN via SCPPER-CN,2014-08-31,,True,single_selected_author,zh,False,False,included,,data/raw/deep_author/works/da-work-23505019.json,SCPPER-CN JSON bundle,51615,0322862292e3b3b38f0e94c2b6bd15109331ef9191237b4b6318dd98d0cbd908,2026-08-14,CC BY-SA 3.0 unless a page records a different compatible notice,2014暑期竞赛|_ms|cc|site-cn-71|原创|故事,
da-author-mscarlet-78b5e8fb,MScarlet,da-work-23591615,23591615,终焉：要有光,https://scp-wiki-cn.wikidot.com/intheendfiatlux,https://scp-wiki-cn.wikidot.com/intheendfiatlux,SCP-CN via SCPPER-CN,2014-09-09,,True,excluded_or_unverified,zh,True,True,excluded,not_marked_chinese_original,data/raw/deep_author/works/da-work-23591615.json,SCPPER-CN JSON bundle,762,5ed5599d59177c27328a98108b67b69f6181c2d58204357d50cde9b074cdfbdf,2026-08-14,CC BY-SA 3.0 unless a page records a different compatible notice,故事,
da-author-mscarlet-78b5e8fb,MScarlet,da-work-23830617,23830617,Listpages 表格,https://scp-wiki-cn.wikidot.com/component:listpages-table,https://scp-wiki-cn.wikidot.com/component:listpages-table,SCP-CN via SCPPER-CN,2014-10-02,,True,excluded_or_unverified,zh,True,True,excluded,not_marked_chinese_original,data/raw/deep_author/works/da-work-23830617.json,SCPPER-CN JSON bundle,740,b21c6911e72f76446ff54e9ac5918a23063143d3a8c491ad22e2d37cf6a783e9,2026-08-14,CC BY-SA 3.0 unless a page records a different compatible notice,组件,
da-author-mscarlet-78b5e8fb,MScarlet,da-work-23863447,23863447,令門得列夫傻眼的周期表,https://scp-wiki-cn.wikidot.com/scp-2046,https://scp-wiki-cn.wikidot.com/scp-2046,SCP-CN via SCPPER-CN,2014-10-07,,True,excluded_or_unverified,zh,True,True,excluded,not_marked_chinese_original,data/raw/deep_author/works/da-work-23863447.json,SCPPER-CN JSON bundle,1150,c72f5053bb9f3d21f7966f396b2fc36896fd011dc711d9cdec5f1802fcbb593c,2026-08-14,CC BY-SA 3.0 unless a page records a different compatible notice,crom:series-3|euclid|k级情景|scp|人造物品|反物理定律|放射性|知识|精神影响|观察影响|视觉性|认知危害,
da-author-mscarlet-78b5e8fb,MScarlet,da-work-23872312,23872312,床下怪物,https://scp-wiki-cn.wikidot.com/underbed,https://scp-wiki-cn.wikidot.com/underbed,SCP-CN via SCPPER-CN,2014-10-08,,True,excluded_or_unverified,zh,True,True,excluded,not_marked_chinese_original,data/raw/deep_author/works/da-work-23872312.json,SCPPER-CN JSON bundle,768,6504a3c7e833f3576e9212d5b5e451fd9291b8fa39d1f7a5ea54b7bcb5eb3f19,2026-08-14,CC BY-SA 3.0 unless a page records a different compatible notice,故事,
da-author-mscarlet-78b5e8fb,MScarlet,da-work-23873028,23873028,Wondertainment物流服務,https://scp-wiki-cn.wikidot.com/scp-2445,https://scp-wiki-cn.wikidot.com/scp-2445,SCP-CN via SCPPER-CN,2014-10-08,,True,excluded_or_unverified,zh,True,True,excluded,not_marked_chinese_original,data/raw/deep_author/works/da-work-23873028.json,SCPPER-CN JSON bundle,983,a6f0e07ec45dd75b5c591310397fe53098c51705ecff51eeb5e5429af765a00e,2026-08-14,CC BY-SA 3.0 unless a page records a different compatible notice,crom:series-3|safe|scp|wondertainment博士|反熵|多面体|感知影响|时间影响|视觉性|载具,
da-author-mscarlet-78b5e8fb,MScarlet,da-work-23875167,23875167,互動白板,https://scp-wiki-cn.wikidot.com/scp-2994,https://scp-wiki-cn.wikidot.com/scp-2994,SCP-CN via SCPPER-CN,2014-10-09,,True,excluded_or_unverified,zh,True,True,excluded,not_marked_chinese_original,data/raw/deep_author/works/da-work-23875167.json,SCPPER-CN JSON bundle,868,ab6ab981839e147f224845ce914d2e337cbace7756869b7fa88e7f46346a7e0d,2026-08-14,CC BY-SA 3.0 unless a page records a different compatible notice,crom:series-3|safe|scp|动物|工具|智能|活物|游戏|犬类,
da-author-mscarlet-78b5e8fb,MScarlet,da-work-23877330,23877330,弟兄们的新娘,https://scp-wiki-cn.wikidot.com/scp-032,https://scp-wiki-cn.wikidot.com/scp-032,SCP-CN via SCPPER-CN,2014-10-09,,True,excluded_or_unverified,zh,True,True,excluded,not_marked_chinese_original,data/raw/deep_author/works/da-work-23877330.json,SCPPER-CN JSON bundle,896,272527082b03902f7d6b143f3ebdc6497d7b1176b0bba8f05e7944eb1459d241,2026-08-14,CC BY-SA 3.0 unless a page records a different compatible notice,crom:series-1|euclid|scp|人形生物|智能|死之兄弟|生物危害|自主,
da-author-mscarlet-78b5e8fb,MScarlet,da-work-23877982,23877982,SCP-2045(旧),https://scp-wiki-cn.wikidot.com/old:scp-2045,https://scp-wiki-cn.wikidot.com/old:scp-2045,SCP-CN via SCPPER-CN,2014-10-09,,True,excluded_or_unverified,zh,True,True,excluded,not_marked_chinese_original,data/raw/deep_author/works/da-work-23877982.json,SCPPER-CN JSON bundle,899,481b4c553408317b497eb5b44007cff4cda0ecbeed70c76c845c9ebbd5d368c3,2026-08-14,CC BY-SA 3.0 unless a page records a different compatible notice,keter|scp|异常移动|旧页面|未收容|生物性|食物,
da-author-mscarlet-78b5e8fb,MScarlet,da-work-23878253,23878253,六隻腳的食人雞,https://scp-wiki-cn.wikidot.com/scp-3467-j,https://scp-wiki-cn.wikidot.com/scp-3467-j,SCP-CN via SCPPER-CN,2014-10-09,,True,excluded_or_unverified,zh,True,True,excluded,not_marked_chinese_original,data/raw/deep_author/works/da-work-23878253.json,SCPPER-CN JSON bundle,1015,0f3ce526614aeba6d144fb743a6345359a16b9b13d7760a0dcd6d20c2f7c4e54,2026-08-14,CC BY-SA 3.0 unless a page records a different compatible notice,gears博士|keter|scp|不灭孽蜥|人形生物|搞笑|智能|活物,
da-author-mscarlet-78b5e8fb,MScarlet,da-work-23878538,23878538,五秒規則,https://scp-wiki-cn.wikidot.com/scp-7800-j,https://scp-wiki-cn.wikidot.com/scp-7800-j,SCP-CN via SCPPER-CN,2014-10-09,,True,excluded_or_unverified,zh,True,True,excluded,not_marked_chinese_original,data/raw/deep_author/works/da-work-23878538.json,SCPPER-CN JSON bundle,931,73d0e18a80ece692244defbd2ee19efd297bc3e190f389d2b9ffca147a2f82e1,2026-08-14,CC BY-SA 3.0 unless a page records a different compatible notice,euclid|scp|搞笑|时间影响|食物,
da-author-mscarlet-78b5e8fb,MScarlet,da-work-23879088,23879088,Tsiatko,https://scp-wiki-cn.wikidot.com/scp-2056,https://scp-wiki-cn.wikidot.com/scp-2056,SCP-CN via SCPPER-CN,2014-10-09,,True,excluded_or_unverified,zh,True,True,excluded,not_marked_chinese_original,data/raw/deep_author/works/da-work-23879088.json,SCPPER-CN JSON bundle,1021,8ac93fa41a3c3f492fe6934ebada8b473b62ce7cec458f1cfc4b2bf944ea6d60,2026-08-14,CC BY-SA 3.0 unless a page records a different compatible notice,crom:series-3|euclid|scp|人形生物|动物|敌意|智能|活物,
da-author-mscarlet-78b5e8fb,MScarlet,da-work-23879719,23879719,通往喵星的傳送門,https://scp-wiki-cn.wikidot.com/scp-2559-j,https://scp-wiki-cn.wikidot.com/scp-2559-j,SCP-CN via SCPPER-CN,2014-10-09,,True,excluded_or_unverified,zh,True,True,excluded,not_marked_chinese_original,data/raw/deep_author/works/da-work-23879719.json,SCPPER-CN JSON bundle,1125,7da0748f0e5c36a19d1ae263d021685999d7ebb74e565d7e3ebe26d24067694c,2026-08-14,CC BY-SA 3.0 unless a page records a different compatible notice,keter|k级情景|scp|动物|搞笑|猫科|超维度|门径,
da-author-mscarlet-78b5e8fb,MScarlet,da-work-23880379,23880379,性，成功，以及針對性營銷,https://scp-wiki-cn.wikidot.com/sex-success-and-targeted-advertising,https://scp-wiki-cn.wikidot.com/sex-success-and-targeted-advertising,SCP-CN via SCPPER-CN,2014-10-09,,True,excluded_or_unverified,zh,True,True,excluded,not_marked_chinese_original,data/raw/deep_author/works/da-work-23880379.json,SCPPER-CN JSON bundle,797,6e95364bbcf46bf1c8877a0345b16b1b413a90136a2d901a3ffb5a6f87b2e5a7,2026-08-14,CC BY-SA 3.0 unless a page records a different compatible notice,mc&d|故事|海湾,
da-author-mscarlet-78b5e8fb,MScarlet,da-work-23922597,23922597,，Envelope物流®的財產 - Envelope物流®的財產,https://scp-wiki-cn.wikidot.com/scp-2557,https://scp-wiki-cn.wikidot.com/scp-2557,SCP-CN via SCPPER-CN,2014-10-15,,True,excluded_or_unverified,zh,True,True,excluded,not_marked_chinese_original,data/raw/deep_author/works/da-work-23922597.json,SCPPER-CN JSON bundle,973,4a7c154e5d3dacf0bad5354530c84ab4e27990c59676f1fa16d3fb72d453777e,2026-08-14,CC BY-SA 3.0 unless a page records a different compatible notice,crom:series-3|keter|meta|scp|交换|企业性|未收容|概念,
da-author-mscarlet-78b5e8fb,MScarlet,da-work-24146597,24146597,Mackenzie博士的術語大全,https://scp-wiki-cn.wikidot.com/mackenzie-glossary,https://scp-wiki-cn.wikidot.com/mackenzie-glossary,SCP-CN via SCPPER-CN,2014-11-19,,True,excluded_or_unverified,zh,True,True,excluded,not_marked_chinese_original,data/raw/deep_author/works/da-work-24146597.json,SCPPER-CN JSON bundle,945,71c596b1fb33bab946f5fde68c57949f604d8dc2b251d354f3ee2adab654eeb9,2026-08-14,CC BY-SA 3.0 unless a page records a different compatible notice,文章,
da-author-mscarlet-78b5e8fb,MScarlet,da-work-25349979,25349979,警報！開始鎖閉！,https://scp-wiki-cn.wikidot.com/alert-lockdown-initiated,https://scp-wiki-cn.wikidot.com/alert-lockdown-initiated,SCP-CN via SCPPER-CN,2015-04-12,,True,excluded_or_unverified,zh,True,True,excluded,not_marked_chinese_original,data/raw/deep_author/works/da-work-25349979.json,SCPPER-CN JSON bundle,944,e0830efb44af67ebb0ee9b808db9ed5f0d876d4379c5feffe816dfefdbdef0cb,2026-08-14,CC BY-SA 3.0 unless a page records a different compatible notice,aiad|alexandra|glacon|人工智能|插画|故事|特工lurk|科幻小说,
da-author-mscarlet-78b5e8fb,MScarlet,da-work-25368886,25368886,命令查詢分離,https://scp-wiki-cn.wikidot.com/command-query-separation,https://scp-wiki-cn.wikidot.com/command-query-separation,SCP-CN via SCPPER-CN,2015-04-14,,True,excluded_or_unverified,zh,True,True,excluded,not_marked_chinese_original,data/raw/deep_author/works/da-work-25368886.json,SCPPER-CN JSON bundle,866,b73e92b7a524587bb37827842f545d59ba6b05acae819437f912aefd4a5058c6,2026-08-14,CC BY-SA 3.0 unless a page records a different compatible notice,aiad|alexandra|glacon|人工智能|插画|故事|特工lurk|科幻小说,
da-author-mscarlet-78b5e8fb,MScarlet,da-work-25389748,25389748,AIAD 主頁面,https://scp-wiki-cn.wikidot.com/aiad-homescreen,https://scp-wiki-cn.wikidot.com/aiad-homescreen,SCP-CN via SCPPER-CN,2015-04-16,,True,excluded_or_unverified,zh,True,True,excluded,not_marked_chinese_original,data/raw/deep_author/works/da-work-25389748.json,SCPPER-CN JSON bundle,867,650a1b61e90ecb5f376e74614500a5012903507fec14ac08a4c30ea5b4f08186,2026-08-14,CC BY-SA 3.0 unless a page records a different compatible notice,aiad|alexandra|中心|合作|插画|组织中心|设定中心|音频,
da-author-mscarlet-78b5e8fb,MScarlet,da-work-25401734,25401734,超加密,https://scp-wiki-cn.wikidot.com/superencipherment,https://scp-wiki-cn.wikidot.com/superencipherment,SCP-CN via SCPPER-CN,2015-04-17,,True,excluded_or_unverified,zh,True,True,excluded,not_marked_chinese_original,data/raw/deep_author/works/da-work-25401734.json,SCPPER-CN JSON bundle,810,5d89e9ceabb89f337e2222ce7887dee96193cc76aac1444e714168af8bf97d32,2026-08-14,CC BY-SA 3.0 unless a page records a different compatible notice,aiad|alexandra|glacon|故事,
da-author-mscarlet-78b5e8fb,MScarlet,da-work-25412096,25412096,時鐘倍頻器,https://scp-wiki-cn.wikidot.com/clock-multiplier,https://scp-wiki-cn.wikidot.com/clock-multiplier,SCP-CN via SCPPER-CN,2015-04-18,,True,excluded_or_unverified,zh,True,True,excluded,not_marked_chinese_original,data/raw/deep_author/works/da-work-25412096.json,SCPPER-CN JSON bundle,873,68e6d051f76bf09fb31366b1f07994a214cc13df055aed61d90facc055febdeb,2026-08-14,CC BY-SA 3.0 unless a page records a different compatible notice,aiad|alexandra|glacon|人工智能|插画|故事|科幻小说,
da-author-mscarlet-78b5e8fb,MScarlet,da-work-25420199,25420199,空終止字串,https://scp-wiki-cn.wikidot.com/null-terminating-string,https://scp-wiki-cn.wikidot.com/null-terminating-string,SCP-CN via SCPPER-CN,2015-04-19,,True,excluded_or_unverified,zh,True,True,excluded,not_marked_chinese_original,data/raw/deep_author/works/da-work-25420199.json,SCPPER-CN JSON bundle,775,7257b3bbdef8e7aabc2999435dd82e447ab0257abdeeb19af4a7dd66da5f45c7,2026-08-14,CC BY-SA 3.0 unless a page records a different compatible notice,aiad|alexandra|glacon|故事,
da-author-mscarlet-78b5e8fb,MScarlet,da-work-25494133,25494133,腸埃,https://scp-wiki-cn.wikidot.com/scp-449,https://scp-wiki-cn.wikidot.com/scp-449,SCP-CN via SCPPER-CN,2015-04-26,,True,excluded_or_unverified,zh,True,True,excluded,not_marked_chinese_original,data/raw/deep_author/works/da-work-25494133.json,SCPPER-CN JSON bundle,1067,796b45fcfec90f1b7e7a073cc4cd7947557c2ea06ba61cf89e314bba8835e255,2026-08-14,CC BY-SA 3.0 unless a page records a different compatible notice,crom:series-1|euclid|scp|人造物品|反熵|味觉影响|工厂|心灵感应|成瘾性|认知危害|铭文,
da-author-mscarlet-78b5e8fb,MScarlet,da-work-25815858,25815858,Keter警示錄,https://scp-wiki-cn.wikidot.com/ketergrams,https://scp-wiki-cn.wikidot.com/ketergrams,SCP-CN via SCPPER-CN,2015-05-22,,True,excluded_or_unverified,zh,True,True,excluded,not_marked_chinese_original,data/raw/deep_author/works/da-work-25815858.json,SCPPER-CN JSON bundle,716,4101fe1f3dd6c6ae407a0497e0676d03a4852d27f4d19000a6d7203d9790261f,2026-08-14,CC BY-SA 3.0 unless a page records a different compatible notice,故事,
da-author-mscarlet-78b5e8fb,MScarlet,da-work-25833179,25833179,三重威脅：小區中的無名樂團,https://scp-wiki-cn.wikidot.com/scp-2204,https://scp-wiki-cn.wikidot.com/scp-2204,SCP-CN via SCPPER-CN,2015-05-24,,True,excluded_or_unverified,zh,True,True,excluded,not_marked_chinese_original,data/raw/deep_author/works/da-work-25833179.json,SCPPER-CN JSON bundle,1184,4633bb60db6bafdfecf95bcc9e5563f3cf1037dc4135cc9bc11dc23ea3c23dce,2026-08-14,CC BY-SA 3.0 unless a page records a different compatible notice,crom:series-3|keter|meta|scp|信息危害|城市|模因|精神影响|视觉性|认知危害|记忆影响,
da-author-mscarlet-78b5e8fb,MScarlet,da-work-26005178,26005178,“生活”室,https://scp-wiki-cn.wikidot.com/scp-002,https://scp-wiki-cn.wikidot.com/scp-002,SCP-CN via SCPPER-CN,2015-06-07,,True,excluded_or_unverified,zh,True,True,excluded,not_marked_chinese_original,data/raw/deep_author/works/da-work-26005178.json,SCPPER-CN JSON bundle,1009,bf4a14350375d589a1f95318a527395e98537925f52a97d96998b60b339cd7f9,2026-08-14,CC BY-SA 3.0 unless a page records a different compatible notice,crom:series-1|euclid|scp|变形|建筑|恐怖|插画|活物|身体恐怖,
da-author-mscarlet-78b5e8fb,MScarlet,da-work-26006446,26006446,生物母版,https://scp-wiki-cn.wikidot.com/scp-003,https://scp-wiki-cn.wikidot.com/scp-003,SCP-CN via SCPPER-CN,2015-06-07,,True,excluded_or_unverified,zh,True,True,excluded,not_marked_chinese_original,data/raw/deep_author/works/da-work-26006446.json,SCPPER-CN JSON bundle,1065,dbd185e52718af9d21cabb103f4acd8f7f6d91bba8a398d07237f8f015e954be,2026-08-14,CC BY-SA 3.0 unless a page records a different compatible notice,crom:series-1|euclid|k级情景|moose主管|scp|变形|心灵感应|放射性|活物|热量影响|生物性|电脑|精神影响|自我复制,
da-author-mscarlet-78b5e8fb,MScarlet,da-work-26133352,26133352,超准恋爱运势！,https://scp-wiki-cn.wikidot.com/scp-2203,https://scp-wiki-cn.wikidot.com/scp-2203,SCP-CN via SCPPER-CN,2015-06-16,,True,excluded_or_unverified,zh,True,True,excluded,not_marked_chinese_original,data/raw/deep_author/works/da-work-26133352.json,SCPPER-CN JSON bundle,1086,ab21cf39d498fcc691fdff9b4b7b76c21c93ec8d651ce935b13281a66c19b12d,2026-08-14,CC BY-SA 3.0 unless a page records a different compatible notice,crom:series-3|safe|scp|人造物品|心灵感应|性|机械|触觉影响|铭文,
da-author-mscarlet-78b5e8fb,MScarlet,da-work-26185385,26185385,"""格拉納達夏令營""行動",https://scp-wiki-cn.wikidot.com/hellomuddah,https://scp-wiki-cn.wikidot.com/hellomuddah,SCP-CN via SCPPER-CN,2015-06-19,,True,excluded_or_unverified,zh,True,True,excluded,not_marked_chinese_original,data/raw/deep_author/works/da-work-26185385.json,SCPPER-CN JSON bundle,905,24a679ed0cbc28dcf38fc5bdd67ccc90e39c1de43a5be3283353c5d25fcb4cd8,2026-08-14,CC BY-SA 3.0 unless a page records a different compatible notice,clef博士|light博士|mc&d|伊里斯·汤普森|故事|最后的希望|特工adams|重生计划,
da-author-mscarlet-78b5e8fb,MScarlet,da-work-26323142,26323142,重生计划,https://scp-wiki-cn.wikidot.com/resurrection,https://scp-wiki-cn.wikidot.com/resurrection,SCP-CN via SCPPER-CN,2015-07-01,,True,excluded_or_unverified,zh,True,True,excluded,not_marked_chinese_original,data/raw/deep_author/works/da-work-26323142.json,SCPPER-CN JSON bundle,784,aec2e352139be4f681fc4006ec4c4009f9326876681469d603e9b11cb3627631,2026-08-14,CC BY-SA 3.0 unless a page records a different compatible notice,中心|合作|设定中心|重生计划,
da-author-mscarlet-78b5e8fb,MScarlet,da-work-26373270,26373270,SCP-212升级记录,https://scp-wiki-cn.wikidot.com/scp-212-upgrade-log,https://scp-wiki-cn.wikidot.com/scp-212-upgrade-log,SCP-CN via SCPPER-CN,2015-07-06,,True,excluded_or_unverified,zh,True,True,excluded,not_marked_chinese_original,data/raw/deep_author/works/da-work-26373270.json,SCPPER-CN JSON bundle,836,46b902c81c3a0d08765c0f1c238e01059697e8d9cbe65ad4d0924a7279e53262,2026-08-14,CC BY-SA 3.0 unless a page records a different compatible notice,合作|实验|补充材料,
da-author-mscarlet-78b5e8fb,MScarlet,da-work-26373692,26373692,SCP-166（旧）,https://scp-wiki-cn.wikidot.com/old:scp-166,https://scp-wiki-cn.wikidot.com/old:scp-166,SCP-CN via SCPPER-CN,2015-07-06,,True,excluded_or_unverified,zh,True,True,excluded,not_marked_chinese_original,data/raw/deep_author/works/da-work-26373692.json,SCPPER-CN JSON bundle,1178,588a54a28ac5e68acdcfa4d93fd1ea70272cbbafd1b4084a9a1baf3acc869dcc,2026-08-14,CC BY-SA 3.0 unless a page records a different compatible notice,euclid|scp|人形生物|宗教|强迫性|性|旧页面|智能|活物|视觉性|认知危害,
da-author-mscarlet-78b5e8fb,MScarlet,da-work-26423924,26423924,特修斯之太陽車,https://scp-wiki-cn.wikidot.com/scp-cn-050,https://scp-wiki-cn.wikidot.com/scp-cn-050,SCP-CN via SCPPER-CN,2015-07-10,,True,excluded_or_unverified,zh,False,True,excluded,coauthored_or_unclear_attribution,data/raw/deep_author/works/da-work-26423924.json,SCPPER-CN JSON bundle,33049,412575615c08548faec401b991515d6f7402f456a9ab43d2c6febb95876ba20a,2026-08-14,CC BY-SA 3.0 unless a page records a different compatible notice,_ms|cc|keter|scp|原创|无定形|自主|自我修复|载具,
da-author-mscarlet-78b5e8fb,MScarlet,da-work-26453694,26453694,英雄記：「幸運的」凡琴,https://scp-wiki-cn.wikidot.com/lucky-vacuum,https://scp-wiki-cn.wikidot.com/lucky-vacuum,SCP-CN via SCPPER-CN,2015-07-13,,True,single_selected_author,zh,False,False,included,,data/raw/deep_author/works/da-work-26453694.json,SCPPER-CN JSON bundle,52651,65fb23b3c3e31de26190c455bedec16c41d15e98cd7237106b0f6d3ba30dd988,2026-08-14,CC BY-SA 3.0 unless a page records a different compatible notice,2015春节竞赛|_ms|原创|彼卡洛特|故事,
da-author-mscarlet-78b5e8fb,MScarlet,da-work-26453729,26453729,事故報告███-181節錄,https://scp-wiki-cn.wikidot.com/vacuum-181,https://scp-wiki-cn.wikidot.com/vacuum-181,SCP-CN via SCPPER-CN,2015-07-13,,True,excluded_or_unverified,zh,True,True,excluded,not_marked_chinese_original,data/raw/deep_author/works/da-work-26453729.json,SCPPER-CN JSON bundle,972,6c86bf8dad2c3cf9f2e5896419b31d4bf58a792a5c73766324526640171eea5c,2026-08-14,CC BY-SA 3.0 unless a page records a different compatible notice,补充材料,
da-author-mscarlet-78b5e8fb,MScarlet,da-work-26547784,26547784,被删除的条目,https://scp-wiki-cn.wikidot.com/scp-removed,https://scp-wiki-cn.wikidot.com/scp-removed,SCP-CN via SCPPER-CN,2015-07-18,,True,excluded_or_unverified,zh,True,True,excluded,not_marked_chinese_original,data/raw/deep_author/works/da-work-26547784.json,SCPPER-CN JSON bundle,955,c2fe7200fa09e6ea31b4e428187dfbfff650187a37ab67af26d852d393b19790,2026-08-14,CC BY-SA 3.0 unless a page records a different compatible notice,中心|旧页面,
da-author-mscarlet-78b5e8fb,MScarlet,da-work-26551175,26551175,七鳃鳗群集体,https://scp-wiki-cn.wikidot.com/scp-218,https://scp-wiki-cn.wikidot.com/scp-218,SCP-CN via SCPPER-CN,2015-07-18,,True,excluded_or_unverified,zh,True,True,excluded,not_marked_chinese_original,data/raw/deep_author/works/da-work-26551175.json,SCPPER-CN JSON bundle,1193,0801f27f4e7f476178354c8e20edabaeebfa33fa7a954f2d604e434d92b954af,2026-08-14,CC BY-SA 3.0 unless a page records a different compatible notice,crom:series-1|euclid|scp|动物|寄生性|掠食性|智能|毒性|水生|活物,
da-author-mscarlet-78b5e8fb,MScarlet,da-work-26657071,26657071,模因与信息危害部指南,https://scp-wiki-cn.wikidot.com/memetics-and-infohazards-division-orientation,https://scp-wiki-cn.wikidot.com/memetics-and-infohazards-division-orientation,SCP-CN via SCPPER-CN,2015-07-23,,True,excluded_or_unverified,zh,True,True,excluded,not_marked_chinese_original,data/raw/deep_author/works/da-work-26657071.json,SCPPER-CN JSON bundle,872,cef01fa1e4cb2bc502799467f2f6bef7b040d426eee1c9797135aae2e4066a8b,2026-08-14,CC BY-SA 3.0 unless a page records a different compatible notice,指南|故事,
da-author-mscarlet-78b5e8fb,MScarlet,da-work-26858487,26858487,你的個人辦公室,https://scp-wiki-cn.wikidot.com/scp-cn-564,https://scp-wiki-cn.wikidot.com/scp-cn-564,SCP-CN via SCPPER-CN,2015-08-01,,True,excluded_or_unverified,zh,False,True,excluded,coauthored_or_unclear_attribution,data/raw/deep_author/works/da-work-26858487.json,SCPPER-CN JSON bundle,29023,0ed58455fb4bc6c98f2b2c89e1cb63bd5ce640fbacb7730c290c8032deb9e553,2026-08-14,CC BY-SA 3.0 unless a page records a different compatible notice,_ms|cc|safe|scp|site-cn-71|原创|反熵|工具|电脑|精品|精神影响,
da-author-mscarlet-78b5e8fb,MScarlet,da-work-26886597,26886597,音频279-022,https://scp-wiki-cn.wikidot.com/scp-cn-279-audio,https://scp-wiki-cn.wikidot.com/scp-cn-279-audio,SCP-CN via SCPPER-CN,2015-08-03,,True,excluded_or_unverified,zh,True,True,excluded,not_marked_chinese_original,data/raw/deep_author/works/da-work-26886597.json,SCPPER-CN JSON bundle,1113,ad633450cb92c6454a4e80bc51434845cc7872591d4e0747c4ad12ee479c4397,2026-08-14,CC BY-SA 3.0 unless a page records a different compatible notice,补充材料,
da-author-mscarlet-78b5e8fb,MScarlet,da-work-26945882,26945882,_404,https://scp-wiki-cn.wikidot.com/_404,https://scp-wiki-cn.wikidot.com/_404,SCP-CN via SCPPER-CN,2015-08-07,,True,excluded_or_unverified,zh,True,True,excluded,not_marked_chinese_original,data/raw/deep_author/works/da-work-26945882.json,SCPPER-CN JSON bundle,823,3b1a854c1319a471fae1ca6150a71e6722bf50fa706f03937d3f140c0fc3bcfd,2026-08-14,CC BY-SA 3.0 unless a page records a different compatible notice,管理,
da-author-mscarlet-78b5e8fb,MScarlet,da-work-26946353,26946353,如何撰写一篇SCP文档,https://scp-wiki-cn.wikidot.com/how-to-write-an-scp,https://scp-wiki-cn.wikidot.com/how-to-write-an-scp,SCP-CN via SCPPER-CN,2015-08-07,,True,excluded_or_unverified,zh,True,True,excluded,not_marked_chinese_original,data/raw/deep_author/works/da-work-26946353.json,SCPPER-CN JSON bundle,811,788c0e36c87eb19c84b54745167f80eb486483dd2841e0cbadcc04d419239a16,2026-08-14,CC BY-SA 3.0 unless a page records a different compatible notice,必要|指导,
da-author-mscarlet-78b5e8fb,MScarlet,da-work-27083663,27083663,有趣小說,https://scp-wiki-cn.wikidot.com/funfiction,https://scp-wiki-cn.wikidot.com/funfiction,SCP-CN via SCPPER-CN,2015-08-15,,True,excluded_or_unverified,zh,True,True,excluded,not_marked_chinese_original,data/raw/deep_author/works/da-work-27083663.json,SCPPER-CN JSON bundle,860,8f8ad8441070b95debb6bd3bb979dcb3688c7746435054591d3bd9d78a75769f,2026-08-14,CC BY-SA 3.0 unless a page records a different compatible notice,元虚构|动作|喜剧|故事|欢乐基金会|荒诞小说,
da-author-mscarlet-78b5e8fb,MScarlet,da-work-27106986,27106986,经验规则,https://scp-wiki-cn.wikidot.com/rules-of-thumb,https://scp-wiki-cn.wikidot.com/rules-of-thumb,SCP-CN via SCPPER-CN,2015-08-17,,True,excluded_or_unverified,zh,True,True,excluded,not_marked_chinese_original,data/raw/deep_author/works/da-work-27106986.json,SCPPER-CN JSON bundle,841,81ab599c23c79675515ba06a1cf4e354a02e271e1e674b9c8bd18421e9ee1f23,2026-08-14,CC BY-SA 3.0 unless a page records a different compatible notice,合作|文章,
da-author-mscarlet-78b5e8fb,MScarlet,da-work-27418987,27418987,真正的遺產,https://scp-wiki-cn.wikidot.com/truth-legacy,https://scp-wiki-cn.wikidot.com/truth-legacy,SCP-CN via SCPPER-CN,2015-09-07,,True,single_selected_author,zh,False,False,included,,data/raw/deep_author/works/da-work-27418987.json,SCPPER-CN JSON bundle,91300,f1eb6da0e258e523c4b2fa8a391dc696c2ce376cd3a55837303838cc057e7d3e,2026-08-14,CC BY-SA 3.0 unless a page records a different compatible notice,2015夏季征文|_ms|原创|故事|港城江,
da-author-mscarlet-78b5e8fb,MScarlet,da-work-27675801,27675801,实验记录-T-98816-OC108-682,https://scp-wiki-cn.wikidot.com/experiment-log-t-98816-oc108-682,https://scp-wiki-cn.wikidot.com/experiment-log-t-98816-oc108-682,SCP-CN via SCPPER-CN,2015-09-27,,True,excluded_or_unverified,zh,True,True,excluded,not_marked_chinese_original,data/raw/deep_author/works/da-work-27675801.json,SCPPER-CN JSON bundle,889,02aed58a58decf191867afd4f526203191b396d3995597caf83b2443ac097656,2026-08-14,CC BY-SA 3.0 unless a page records a different compatible notice,不灭孽蜥|合作|实验|补充材料|需更新,
da-author-mscarlet-78b5e8fb,MScarlet,da-work-27815109,27815109,精品原创SCP归档,https://scp-wiki-cn.wikidot.com/featured-scp-archive,https://scp-wiki-cn.wikidot.com/featured-scp-archive,SCP-CN via SCPPER-CN,2015-10-09,,True,excluded_or_unverified,zh,True,True,excluded,not_marked_chinese_original,data/raw/deep_author/works/da-work-27815109.json,SCPPER-CN JSON bundle,870,033e4c2b3d698e21b77c7b4c415ddbdefa96ab079f6c52f3267cf39f660841db,2026-08-14,CC BY-SA 3.0 unless a page records a different compatible notice,中心|精品,
da-author-mscarlet-78b5e8fb,MScarlet,da-work-27815213,27815213,精品原创故事归档,https://scp-wiki-cn.wikidot.com/featured-tale-archive,https://scp-wiki-cn.wikidot.com/featured-tale-archive,SCP-CN via SCPPER-CN,2015-10-09,,True,excluded_or_unverified,zh,True,True,excluded,not_marked_chinese_original,data/raw/deep_author/works/da-work-27815213.json,SCPPER-CN JSON bundle,891,29c086996e54225cbfc8dde3118db5a955db698472580b529c7750646d926518,2026-08-14,CC BY-SA 3.0 unless a page records a different compatible notice,中心|精品,
da-author-mscarlet-78b5e8fb,MScarlet,da-work-28295547,28295547,故人皮影戲,https://scp-wiki-cn.wikidot.com/scp-1112,https://scp-wiki-cn.wikidot.com/scp-1112,SCP-CN via SCPPER-CN,2015-10-29,,True,excluded_or_unverified,zh,True,True,excluded,not_marked_chinese_original,data/raw/deep_author/works/da-work-28295547.json,SCPPER-CN JSON bundle,946,35d560af01184df65cd1000914b189c0c3c2a139b0ef7180236fb682bd92aa55,2026-08-14,CC BY-SA 3.0 unless a page records a different compatible notice,crom:series-2|safe|scp|中国|人造物品|心灵感应|精神影响|自主|视觉性|阴影,
da-author-mscarlet-78b5e8fb,MScarlet,da-work-28428289,28428289,兽之瓶,https://scp-wiki-cn.wikidot.com/scp-019,https://scp-wiki-cn.wikidot.com/scp-019,SCP-CN via SCPPER-CN,2015-11-06,,True,excluded_or_unverified,zh,True,True,excluded,not_marked_chinese_original,data/raw/deep_author/works/da-work-28428289.json,SCPPER-CN JSON bundle,1021,b49fd2f0f8fce8002dad915b6033e6a8de9b4d00e5c17020bacfa67c3a600c43,2026-08-14,CC BY-SA 3.0 unless a page records a different compatible notice,crom:series-1|keter|scp|反熵|活物|适应性,
da-author-mscarlet-78b5e8fb,MScarlet,da-work-28531155,28531155,SCP-2111/警告,https://scp-wiki-cn.wikidot.com/fragment:scp-2111-1,https://scp-wiki-cn.wikidot.com/fragment:scp-2111-1,SCP-CN via SCPPER-CN,2015-11-13,,True,excluded_or_unverified,zh,True,True,excluded,not_marked_chinese_original,data/raw/deep_author/works/da-work-28531155.json,SCPPER-CN JSON bundle,773,1fecd51ca8d1c8f99e9c9471a36618f6f333418a1a0acfd1529d58ee484466eb,2026-08-14,CC BY-SA 3.0 unless a page records a different compatible notice,段落,
da-author-mscarlet-78b5e8fb,MScarlet,da-work-28531282,28531282,SCP-2111/红色护符,https://scp-wiki-cn.wikidot.com/fragment:scp-2111-2,https://scp-wiki-cn.wikidot.com/fragment:scp-2111-2,SCP-CN via SCPPER-CN,2015-11-13,,True,excluded_or_unverified,zh,True,True,excluded,not_marked_chinese_original,data/raw/deep_author/works/da-work-28531282.json,SCPPER-CN JSON bundle,859,fcbe2f5a27773027d76bda7ab7d9364cbada37ad9cd1a1755ee6d43a20b1ea83,2026-08-14,CC BY-SA 3.0 unless a page records a different compatible notice,段落,
da-author-mscarlet-78b5e8fb,MScarlet,da-work-28531620,28531620,SCP-2111/驾驭之舌,https://scp-wiki-cn.wikidot.com/fragment:scp-2111-3,https://scp-wiki-cn.wikidot.com/fragment:scp-2111-3,SCP-CN via SCPPER-CN,2015-11-13,,True,excluded_or_unverified,zh,True,True,excluded,not_marked_chinese_original,data/raw/deep_author/works/da-work-28531620.json,SCPPER-CN JSON bundle,959,049194e315ddd1693576fa067972fa780db6e7688e5370d1301d3dcf63556a1d,2026-08-14,CC BY-SA 3.0 unless a page records a different compatible notice,段落,
da-author-mscarlet-78b5e8fb,MScarlet,da-work-28538724,28538724,SCP-2111/归来者理论,https://scp-wiki-cn.wikidot.com/fragment:scp-2111-4,https://scp-wiki-cn.wikidot.com/fragment:scp-2111-4,SCP-CN via SCPPER-CN,2015-11-13,,True,excluded_or_unverified,zh,True,True,excluded,not_marked_chinese_original,data/raw/deep_author/works/da-work-28538724.json,SCPPER-CN JSON bundle,978,a89c5972e7ce67bd854ae4ef7de94599c4cede3a5cf78c9fe18ef0253f30fb48,2026-08-14,CC BY-SA 3.0 unless a page records a different compatible notice,段落,
da-author-mscarlet-78b5e8fb,MScarlet,da-work-28539679,28539679,SCP-2111/请读这,https://scp-wiki-cn.wikidot.com/fragment:scp-2111-5,https://scp-wiki-cn.wikidot.com/fragment:scp-2111-5,SCP-CN via SCPPER-CN,2015-11-13,,True,excluded_or_unverified,zh,True,True,excluded,not_marked_chinese_original,data/raw/deep_author/works/da-work-28539679.json,SCPPER-CN JSON bundle,749,33e8e797e70fb8ed843fb547d456dd2a404a2274f17520e6c3c5a1757228349d,2026-08-14,CC BY-SA 3.0 unless a page records a different compatible notice,段落,
da-author-mscarlet-78b5e8fb,MScarlet,da-work-28591720,28591720,我以前在什麼地方看過這…,https://scp-wiki-cn.wikidot.com/scp-2358,https://scp-wiki-cn.wikidot.com/scp-2358,SCP-CN via SCPPER-CN,2015-11-17,,True,excluded_or_unverified,zh,True,True,excluded,not_marked_chinese_original,data/raw/deep_author/works/da-work-28591720.json,SCPPER-CN JSON bundle,994,560a58ba44cd17fe5d19ecbc6a3c31ff6740048023a01f0d4d32ca45b934636b,2026-08-14,CC BY-SA 3.0 unless a page records a different compatible notice,crom:series-3|euclid|scp|幻觉|树木|模因|精神影响|视觉性|认知危害|逆模因,
da-author-mscarlet-78b5e8fb,MScarlet,da-work-28776623,28776623,Ukulele特工,https://scp-wiki-cn.wikidot.com/agent-ukelele,https://scp-wiki-cn.wikidot.com/agent-ukelele,SCP-CN via SCPPER-CN,2015-11-29,,True,excluded_or_unverified,zh,True,True,excluded,not_marked_chinese_original,data/raw/deep_author/works/da-work-28776623.json,SCPPER-CN JSON bundle,816,aed6361820e37f53cb9099bbc2230400126546ac9d66cf41b8eb4f2fc92595d1,2026-08-14,CC BY-SA 3.0 unless a page records a different compatible notice,clef博士|世界构建|全球超自然联盟|军事小说|悬疑|故事,
da-author-mscarlet-78b5e8fb,MScarlet,da-work-31698600,31698600,盲目痴愚之果,https://scp-wiki-cn.wikidot.com/scp-2682,https://scp-wiki-cn.wikidot.com/scp-2682,SCP-CN via SCPPER-CN,2016-01-01,,True,excluded_or_unverified,zh,True,True,excluded,not_marked_chinese_original,data/raw/deep_author/works/da-work-31698600.json,SCPPER-CN JSON bundle,967,a15817ebc3c2dc30810787d7667f2f7914e93efc21579133b5b1e9a8f11709d0,2026-08-14,CC BY-SA 3.0 unless a page records a different compatible notice,2000|crom:series-3|scp|心灵感应|感知力|无效化|时空|智能|植物|相啸魔|超维度,
da-author-mscarlet-78b5e8fb,MScarlet,da-work-31819387,31819387,頭炮,https://scp-wiki-cn.wikidot.com/scp-1132-j,https://scp-wiki-cn.wikidot.com/scp-1132-j,SCP-CN via SCPPER-CN,2016-01-07,,True,excluded_or_unverified,zh,True,True,excluded,not_marked_chinese_original,data/raw/deep_author/works/da-work-31819387.json,SCPPER-CN JSON bundle,909,91dfc66fecba116c32b936b931b58a504f0d3788c3545da29294c4970099cd07,2026-08-14,CC BY-SA 3.0 unless a page records a different compatible notice,safe|scp|变形|基金会职员|搞笑|武器,
da-author-mscarlet-78b5e8fb,MScarlet,da-work-32436637,32436637,元小说,https://scp-wiki-cn.wikidot.com/metafiction,https://scp-wiki-cn.wikidot.com/metafiction,SCP-CN via SCPPER-CN,2016-01-19,,True,excluded_or_unverified,zh,True,True,excluded,not_marked_chinese_original,data/raw/deep_author/works/da-work-32436637.json,SCPPER-CN JSON bundle,1083,fac9decbe2a2b8f0baedda9686a35f90dd95911aaf20800dd739d2b40cc340d2,2026-08-14,CC BY-SA 3.0 unless a page records a different compatible notice,clef博士|gears博士|gerald博士|kain-pathos-crow|kondraki博士|rights博士|故事,
da-author-mscarlet-78b5e8fb,MScarlet,da-work-43917402,43917402,被放逐者之图书馆归档页,https://scp-wiki-cn.wikidot.com/wanderers:the-library-archived,https://scp-wiki-cn.wikidot.com/wanderers:the-library-archived,SCP-CN via SCPPER-CN,2016-05-14,,True,excluded_or_unverified,zh,True,True,excluded,not_marked_chinese_original,data/raw/deep_author/works/da-work-43917402.json,SCPPER-CN JSON bundle,1070,33d93d6d05a5d0bb2386f8a5730cca6daf1f58e5213c2064f81eadc06c92e157,2026-08-14,CC BY-SA 3.0 unless a page records a different compatible notice,wanderers|中心|被归档,
da-author-mscarlet-78b5e8fb,MScarlet,da-work-43926942,43926942,旧新闻归档,https://scp-wiki-cn.wikidot.com/archived-news,https://scp-wiki-cn.wikidot.com/archived-news,SCP-CN via SCPPER-CN,2016-05-14,,True,excluded_or_unverified,zh,True,True,excluded,not_marked_chinese_original,data/raw/deep_author/works/da-work-43926942.json,SCPPER-CN JSON bundle,939,dfbb5037260dcfaa517cbf3e92ade4d7e3f163625452f8a888f0e744d19db459,2026-08-14,CC BY-SA 3.0 unless a page records a different compatible notice,中心|新闻,
da-author-mscarlet-78b5e8fb,MScarlet,da-work-43939038,43939038,归档,https://scp-wiki-cn.wikidot.com/wanderers:the-archives,https://scp-wiki-cn.wikidot.com/wanderers:the-archives,SCP-CN via SCPPER-CN,2016-05-15,,True,excluded_or_unverified,zh,True,True,excluded,not_marked_chinese_original,data/raw/deep_author/works/da-work-43939038.json,SCPPER-CN JSON bundle,869,5090310ba92fe268a42447f6d8338e6dc245c79a719120047754c3d7dbb3cb65,2026-08-14,CC BY-SA 3.0 unless a page records a different compatible notice,wanderers|中心|被归档,
da-author-mscarlet-78b5e8fb,MScarlet,da-work-43951662,43951662,醜響,https://scp-wiki-cn.wikidot.com/dirty-of-loudness,https://scp-wiki-cn.wikidot.com/dirty-of-loudness,SCP-CN via SCPPER-CN,2016-05-15,,True,single_selected_author,zh,False,False,included,,data/raw/deep_author/works/da-work-43951662.json,SCPPER-CN JSON bundle,24283,8532bc3cd10ac33c28c4e6004fd783b9a332c482f36e55256777c9675f845845,2026-08-14,CC BY-SA 3.0 unless a page records a different compatible notice,_ms|creepypasta|原创|故事,
da-author-mscarlet-78b5e8fb,MScarlet,da-work-44056026,44056026,斯卡麗的完美玩梗教室,https://scp-wiki-cn.wikidot.com/scarlet-perfect-cliche-classroom,https://scp-wiki-cn.wikidot.com/scarlet-perfect-cliche-classroom,SCP-CN via SCPPER-CN,2016-05-23,,True,single_selected_author,zh,False,False,included,,data/raw/deep_author/works/da-work-44056026.json,SCPPER-CN JSON bundle,36819,5983afa7061362a1f79b1e12777b94869ba7d19237e833a8f38668b67e1998ca,2026-08-14,CC BY-SA 3.0 unless a page records a different compatible notice,原创|文章,
da-author-mscarlet-78b5e8fb,MScarlet,da-work-44147810,44147810,删帖指导,https://scp-wiki-cn.wikidot.com/deletions-guide,https://scp-wiki-cn.wikidot.com/deletions-guide,SCP-CN via SCPPER-CN,2016-05-31,,True,excluded_or_unverified,zh,True,True,excluded,not_marked_chinese_original,data/raw/deep_author/works/da-work-44147810.json,SCPPER-CN JSON bundle,818,ed1b8c69fbe4fdb50b05bb51903355ca495c43882965efdc32214745ece9f5c5,2026-08-14,CC BY-SA 3.0 unless a page records a different compatible notice,必要|指导,
da-author-mscarlet-78b5e8fb,MScarlet,da-work-44184060,44184060,风暴之眼,https://scp-wiki-cn.wikidot.com/scp-1977,https://scp-wiki-cn.wikidot.com/scp-1977,SCP-CN via SCPPER-CN,2016-06-03,,True,excluded_or_unverified,zh,True,True,excluded,not_marked_chinese_original,data/raw/deep_author/works/da-work-44184060.json,SCPPER-CN JSON bundle,930,4b6837bad4f68d06824862cf644ca2e110625ee60968497720d6e640fb2ce541,2026-08-14,CC BY-SA 3.0 unless a page records a different compatible notice,crom:series-2|safe|scp|星球|智能|气体|生物性|电力|眼睛|移情作用|重力影响,
da-author-mscarlet-78b5e8fb,MScarlet,da-work-44199244,44199244,碎命眼鏡,https://scp-wiki-cn.wikidot.com/scp-cn-070,https://scp-wiki-cn.wikidot.com/scp-cn-070,SCP-CN via SCPPER-CN,2016-06-04,,True,single_selected_author,zh,False,False,included,,data/raw/deep_author/works/da-work-44199244.json,SCPPER-CN JSON bundle,37336,fb15a87e26ca7b985885c453f50ed34d40c1868cc2c946b92c2c969662be815d,2026-08-14,CC BY-SA 3.0 unless a page records a different compatible notice,_ms|cc|mc&d|scp|site-cn-71|thaumiel|不可摧毁|人造物品|原创|基金会制|观察影响|预测性,
da-author-mscarlet-78b5e8fb,MScarlet,da-work-44199641,44199641,附錄070-Beta,https://scp-wiki-cn.wikidot.com/scp-cn-070-beta,https://scp-wiki-cn.wikidot.com/scp-cn-070-beta,SCP-CN via SCPPER-CN,2016-06-04,,True,excluded_or_unverified,zh,True,True,excluded,not_marked_chinese_original,data/raw/deep_author/works/da-work-44199641.json,SCPPER-CN JSON bundle,868,c0503e51e497a5a8cbffab70e30d34b990b004ef62f06b5df3cf9eebb9229da3,2026-08-14,CC BY-SA 3.0 unless a page records a different compatible notice,补充材料,
da-author-mscarlet-78b5e8fb,MScarlet,da-work-44536092,44536092,SCP-RPG,https://scp-wiki-cn.wikidot.com/scp-245,https://scp-wiki-cn.wikidot.com/scp-245,SCP-CN via SCPPER-CN,2016-07-02,,True,excluded_or_unverified,zh,True,True,excluded,not_marked_chinese_original,data/raw/deep_author/works/da-work-44536092.json,SCPPER-CN JSON bundle,864,d352920d756c02398760dba7d520819b6b7680c8376fe3c40123a87641e3e8f9,2026-08-14,CC BY-SA 3.0 unless a page records a different compatible notice,crom:series-1|meta|safe|scp|互动性|叙述性|媒体|游戏,
da-author-mscarlet-78b5e8fb,MScarlet,da-work-44536498,44536498,SCP-245-1-A,https://scp-wiki-cn.wikidot.com/scp-245-1-a,https://scp-wiki-cn.wikidot.com/scp-245-1-a,SCP-CN via SCPPER-CN,2016-07-02,,True,excluded_or_unverified,zh,True,True,excluded,not_marked_chinese_original,data/raw/deep_author/works/da-work-44536498.json,SCPPER-CN JSON bundle,796,0200c9738265a6d288bc9354972271288bd89bf454ba331b554aeb00ad9bba64,2026-08-14,CC BY-SA 3.0 unless a page records a different compatible notice,补充材料,
da-author-mscarlet-78b5e8fb,MScarlet,da-work-44881272,44881272,湖中劍協議,https://scp-wiki-cn.wikidot.com/scp-cn-1m-j,https://scp-wiki-cn.wikidot.com/scp-cn-1m-j,SCP-CN via SCPPER-CN,2016-08-04,,True,single_selected_author,zh,False,False,included,,data/raw/deep_author/works/da-work-44881272.json,SCPPER-CN JSON bundle,20350,d614d17779e729326937966b6d45c4139280cbbbe1570f435608d8244ea79d6c,2026-08-14,CC BY-SA 3.0 unless a page records a different compatible notice,_ms|euclid|scp|原创|搞笑|游戏,
da-author-mscarlet-78b5e8fb,MScarlet,da-work-45055458,45055458,消逝的書中重生的數碼音樂奇幻,https://scp-wiki-cn.wikidot.com/scp-cn-326,https://scp-wiki-cn.wikidot.com/scp-cn-326,SCP-CN via SCPPER-CN,2016-08-17,,True,single_selected_author,zh,False,False,included,,data/raw/deep_author/works/da-work-45055458.json,SCPPER-CN JSON bundle,35286,8214bcae80f3791a43f19c1a3817c885e58adebf31a36d914e5b01c43fb6ca35,2026-08-14,CC BY-SA 3.0 unless a page records a different compatible notice,_ms|keter|scp|site-cn-71|原创|叙述性|媒体|彼卡洛特|心灵感应|电脑|病毒|线上|蛇之手|音乐性,
da-author-mscarlet-78b5e8fb,MScarlet,da-work-45055529,45055529,天空的黎明—殘章feat.Mia.S,https://scp-wiki-cn.wikidot.com/cn-326-b,https://scp-wiki-cn.wikidot.com/cn-326-b,SCP-CN via SCPPER-CN,2016-08-17,,True,excluded_or_unverified,zh,True,True,excluded,not_marked_chinese_original,data/raw/deep_author/works/da-work-45055529.json,SCPPER-CN JSON bundle,1475,34ecb1cb4d72ddddae743dad20b534e0d38d07c55d3e91d9cb11ef7aeb934cdb,2026-08-14,CC BY-SA 3.0 unless a page records a different compatible notice,补充材料,
da-author-mscarlet-78b5e8fb,MScarlet,da-work-46439783,46439783,等待解密[已锁],https://scp-wiki-cn.wikidot.com/scp-cn-001,https://scp-wiki-cn.wikidot.com/scp-cn-001,SCP-CN via SCPPER-CN,2016-12-09,,True,excluded_or_unverified,zh,True,True,excluded,not_marked_chinese_original,data/raw/deep_author/works/da-work-46439783.json,SCPPER-CN JSON bundle,908,07b27a44221b9b4f2067f4a8cb87007915f234aeb4924ed43be89caa4ac09b3a,2026-08-14,CC BY-SA 3.0 unless a page records a different compatible notice,_cc|中心,
da-author-mscarlet-78b5e8fb,MScarlet,da-work-46466399,46466399,諸皇之秘,https://scp-wiki-cn.wikidot.com/scarlet-s-proposal,https://scp-wiki-cn.wikidot.com/scarlet-s-proposal,SCP-CN via SCPPER-CN,2016-12-12,,True,excluded_or_unverified,zh,False,True,excluded,coauthored_or_unclear_attribution,data/raw/deep_author/works/da-work-46466399.json,SCPPER-CN JSON bundle,5920,c7e36b42b96a5e65a5558af4196f4e0545234e9b688209aa77152064ef3ccc4a,2026-08-14,CC BY-SA 3.0 unless a page records a different compatible notice,001提案|_ms|scp|thaumiel|历史性|原创|异学会|概念,
da-author-mscarlet-78b5e8fb,MScarlet,da-work-46471767,46471767,SCP-CN-001,https://scp-wiki-cn.wikidot.com/scarlet-s-proposal-scp-cn-001,https://scp-wiki-cn.wikidot.com/scarlet-s-proposal-scp-cn-001,SCP-CN via SCPPER-CN,2016-12-12,,True,excluded_or_unverified,zh,True,True,excluded,not_marked_chinese_original,data/raw/deep_author/works/da-work-46471767.json,SCPPER-CN JSON bundle,840,422c166d7a1892f87825e1cf6c3df8f977c9986a7e257af11cef28d56828a39c,2026-08-14,CC BY-SA 3.0 unless a page records a different compatible notice,补充材料,
da-author-mscarlet-78b5e8fb,MScarlet,da-work-46754263,46754263,斯卡麗的洋館,https://scp-wiki-cn.wikidot.com/scarlet-s-mansion,https://scp-wiki-cn.wikidot.com/scarlet-s-mansion,SCP-CN via SCPPER-CN,2017-01-05,,True,excluded_or_unverified,zh,True,True,excluded,not_marked_chinese_original,data/raw/deep_author/works/da-work-46754263.json,SCPPER-CN JSON bundle,912,28ee7444f733e33b0a3680bb895b836b2d971f5a7fe90b16ef34b464b7501df7,2026-08-14,CC BY-SA 3.0 unless a page records a different compatible notice,工房,
da-author-mscarlet-78b5e8fb,MScarlet,da-work-46966180,46966180,征文？我们有过征文吗？,https://scp-wiki-cn.wikidot.com/amnestic-contest,https://scp-wiki-cn.wikidot.com/amnestic-contest,SCP-CN via SCPPER-CN,2017-01-20,,True,excluded_or_unverified,zh,True,True,excluded,not_marked_chinese_original,data/raw/deep_author/works/da-work-46966180.json,SCPPER-CN JSON bundle,815,8cbc6f02b3c5646479ea0ad6ecb42ca8890498cf3151d0fb99798b7621a8cea0,2026-08-14,CC BY-SA 3.0 unless a page records a different compatible notice,2017冬季征文|中心|竞赛,
da-author-mscarlet-78b5e8fb,MScarlet,da-work-47000857,47000857,孩子氣的戰爭,https://scp-wiki-cn.wikidot.com/childish-wars,https://scp-wiki-cn.wikidot.com/childish-wars,SCP-CN via SCPPER-CN,2017-01-22,,True,single_selected_author,zh,False,False,included,,data/raw/deep_author/works/da-work-47000857.json,SCPPER-CN JSON bundle,26356,d427b0a2b10515c9de5dfb24e222262f3d137bf0210d40fa3b935d294283258a,2026-08-14,CC BY-SA 3.0 unless a page records a different compatible notice,_ms|原创|故事|银河联邦,
da-author-mscarlet-78b5e8fb,MScarlet,da-work-47235212,47235212,說個故事吧,https://scp-wiki-cn.wikidot.com/tell-you-tales,https://scp-wiki-cn.wikidot.com/tell-you-tales,SCP-CN via SCPPER-CN,2017-02-03,,True,single_selected_author,zh,False,False,included,,data/raw/deep_author/works/da-work-47235212.json,SCPPER-CN JSON bundle,71533,b93fb8f57c78c9dfe91d84f96377f5306d805e2d9f0c3ca08055730ab6663f95,2026-08-14,CC BY-SA 3.0 unless a page records a different compatible notice,2017冬季征文|_ms|marion-wheeler|原创|故事,
da-author-mscarlet-78b5e8fb,MScarlet,da-work-47380043,47380043,告別樂土,https://scp-wiki-cn.wikidot.com/sayonara-heaven,https://scp-wiki-cn.wikidot.com/sayonara-heaven,SCP-CN via SCPPER-CN,2017-02-11,,True,single_selected_author,zh,False,False,included,,data/raw/deep_author/works/da-work-47380043.json,SCPPER-CN JSON bundle,10669,048832b7bdcdcd56a7e9247f6332c538f9ff83d612c10edc51af9a3e09ab4caf,2026-08-14,CC BY-SA 3.0 unless a page records a different compatible notice,_ms|cc|原创|故事|港城江|生|解衔|香城,
da-author-mscarlet-78b5e8fb,MScarlet,da-work-47864128,47864128,SCP艺作中心页,https://scp-wiki-cn.wikidot.com/scp-artwork-hub,https://scp-wiki-cn.wikidot.com/scp-artwork-hub,SCP-CN via SCPPER-CN,2017-03-13,,True,excluded_or_unverified,zh,True,True,excluded,not_marked_chinese_original,data/raw/deep_author/works/da-work-47864128.json,SCPPER-CN JSON bundle,1151,62f2c75ce5e669c9d3b041ac663ed121e90c7413bafa3d6403057a9949846231,2026-08-14,CC BY-SA 3.0 unless a page records a different compatible notice,中心|艺术作品,
da-author-mscarlet-78b5e8fb,MScarlet,da-work-47864604,47864604,音频化条目,https://scp-wiki-cn.wikidot.com/audio-adaptations,https://scp-wiki-cn.wikidot.com/audio-adaptations,SCP-CN via SCPPER-CN,2017-03-13,,True,excluded_or_unverified,zh,True,True,excluded,not_marked_chinese_original,data/raw/deep_author/works/da-work-47864604.json,SCPPER-CN JSON bundle,862,607e4e3ba5dfedd848c624981df4a2d55750371a785d99a2bfa1d7d833a156a9,2026-08-14,CC BY-SA 3.0 unless a page records a different compatible notice,中心|需更新|音频,
da-author-mscarlet-78b5e8fb,MScarlet,da-work-47945467,47945467,全球超自然联盟档案,https://scp-wiki-cn.wikidot.com/goc-hub-page,https://scp-wiki-cn.wikidot.com/goc-hub-page,SCP-CN via SCPPER-CN,2017-03-18,,True,excluded_or_unverified,zh,True,True,excluded,not_marked_chinese_original,data/raw/deep_author/works/da-work-47945467.json,SCPPER-CN JSON bundle,1112,fab1f9526ebf3ca13dea6dfd7c8c1f736ccb4cc88d1f587668e3dfa3d94d88eb,2026-08-14,CC BY-SA 3.0 unless a page records a different compatible notice,中心|全球超自然联盟|军事小说|合作|奇幻|科幻小说|系列中心|组织中心,
da-author-mscarlet-78b5e8fb,MScarlet,da-work-47972334,47972334,设定中心,https://scp-wiki-cn.wikidot.com/canon-hub,https://scp-wiki-cn.wikidot.com/canon-hub,SCP-CN via SCPPER-CN,2017-03-19,,True,excluded_or_unverified,zh,True,True,excluded,not_marked_chinese_original,data/raw/deep_author/works/da-work-47972334.json,SCPPER-CN JSON bundle,833,bc02668cdd99b5226566db79b7f21b43059a5b5bfb89d6e3406608198b0adfab,2026-08-14,CC BY-SA 3.0 unless a page records a different compatible notice,中心|合作,
da-author-mscarlet-78b5e8fb,MScarlet,da-work-47972708,47972708,故事列表,https://scp-wiki-cn.wikidot.com/tales-by-page-name,https://scp-wiki-cn.wikidot.com/tales-by-page-name,SCP-CN via SCPPER-CN,2017-03-19,,True,excluded_or_unverified,zh,True,True,excluded,not_marked_chinese_original,data/raw/deep_author/works/da-work-47972708.json,SCPPER-CN JSON bundle,892,ad97f7f372c36e4f15e4ce2a5aa44618d3cdbaca7bf9a1909d2cd394c15c5468,2026-08-14,CC BY-SA 3.0 unless a page records a different compatible notice,中心,
da-author-mscarlet-78b5e8fb,MScarlet,da-work-47973058,47973058,中心页 Listpages 表格,https://scp-wiki-cn.wikidot.com/component:listpages-hubs,https://scp-wiki-cn.wikidot.com/component:listpages-hubs,SCP-CN via SCPPER-CN,2017-03-19,,True,excluded_or_unverified,zh,True,True,excluded,not_marked_chinese_original,data/raw/deep_author/works/da-work-47973058.json,SCPPER-CN JSON bundle,749,59779a7fa3036b5b177fd20a11538bf9eb3066fc550fcd1978efc94381b4da5c,2026-08-14,CC BY-SA 3.0 unless a page records a different compatible notice,组件,
da-author-mscarlet-78b5e8fb,MScarlet,da-work-47973133,47973133,故事系列,https://scp-wiki-cn.wikidot.com/series-archive,https://scp-wiki-cn.wikidot.com/series-archive,SCP-CN via SCPPER-CN,2017-03-19,,True,excluded_or_unverified,zh,True,True,excluded,not_marked_chinese_original,data/raw/deep_author/works/da-work-47973133.json,SCPPER-CN JSON bundle,790,79d511332f778391eae4900abfbe28035d7bb07cf1f1973c73df08e4647c7a72,2026-08-14,CC BY-SA 3.0 unless a page records a different compatible notice,中心,
da-author-mscarlet-78b5e8fb,MScarlet,da-work-47973348,47973348,征文竞赛,https://scp-wiki-cn.wikidot.com/contest-archive,https://scp-wiki-cn.wikidot.com/contest-archive,SCP-CN via SCPPER-CN,2017-03-19,,True,excluded_or_unverified,zh,True,True,excluded,not_marked_chinese_original,data/raw/deep_author/works/da-work-47973348.json,SCPPER-CN JSON bundle,918,2e316decc8e5383c9b0c1995db2d336f633bb10ffb028b53bbbef3b59806065d,2026-08-14,CC BY-SA 3.0 unless a page records a different compatible notice,中心|竞赛|需更新,
da-author-mscarlet-78b5e8fb,MScarlet,da-work-47973389,47973389,事故记录，目击证人采访，以及个人记录,https://scp-wiki-cn.wikidot.com/incident-reports-eye-witness-interviews-and-personal-logs,https://scp-wiki-cn.wikidot.com/incident-reports-eye-witness-interviews-and-personal-logs,SCP-CN via SCPPER-CN,2017-03-19,,True,excluded_or_unverified,zh,True,True,excluded,not_marked_chinese_original,data/raw/deep_author/works/da-work-47973389.json,SCPPER-CN JSON bundle,1393,4484524636df8623b7d0a1671d8fe635d9f80d49d1d10f7d45cee8bf43c6acf4,2026-08-14,CC BY-SA 3.0 unless a page records a different compatible notice,中心,
da-author-mscarlet-78b5e8fb,MScarlet,da-work-48262959,48262959,海灣設定中心,https://scp-wiki-cn.wikidot.com/the-gulf,https://scp-wiki-cn.wikidot.com/the-gulf,SCP-CN via SCPPER-CN,2017-04-01,,True,excluded_or_unverified,zh,True,True,excluded,not_marked_chinese_original,data/raw/deep_author/works/da-work-48262959.json,SCPPER-CN JSON bundle,924,05dd8511fcec8e9655b61c492efce8ce03473886532df98a020ce06d78f58f3f,2026-08-14,CC BY-SA 3.0 unless a page records a different compatible notice,中心|海湾|设定中心,
da-author-mscarlet-78b5e8fb,MScarlet,da-work-48595485,48595485,《展翅高飛》,https://scp-wiki-cn.wikidot.com/scp-cn-999,https://scp-wiki-cn.wikidot.com/scp-cn-999,SCP-CN via SCPPER-CN,2017-04-11,,True,single_selected_author,zh,False,False,included,,data/raw/deep_author/works/da-work-48595485.json,SCPPER-CN JSON bundle,36931,1565d4585f3844b7360b3a7aa7515a06ac6369e8a67db015585705b7e466201e,2026-08-14,CC BY-SA 3.0 unless a page records a different compatible notice,_ms|cc|euclid|scp|site-cn-71|uiu|原创|文件|港城江|精品|超维度,
da-author-mscarlet-78b5e8fb,MScarlet,da-work-49032590,49032590,翻譯不只是塊蛋糕,https://scp-wiki-cn.wikidot.com/sth-about-translation,https://scp-wiki-cn.wikidot.com/sth-about-translation,SCP-CN via SCPPER-CN,2017-04-23,,True,single_selected_author,zh,False,False,included,,data/raw/deep_author/works/da-work-49032590.json,SCPPER-CN JSON bundle,32999,a6c0d3621be6f8a99f77dffc2f79662ea89ef49f93c98014909368eed0a998a9,2026-08-14,CC BY-SA 3.0 unless a page records a different compatible notice,原创|文章,
da-author-mscarlet-78b5e8fb,MScarlet,da-work-49110889,49110889,GoI格式,https://scp-wiki-cn.wikidot.com/goi-formats,https://scp-wiki-cn.wikidot.com/goi-formats,SCP-CN via SCPPER-CN,2017-04-26,,True,excluded_or_unverified,zh,True,True,excluded,not_marked_chinese_original,data/raw/deep_author/works/da-work-49110889.json,SCPPER-CN JSON bundle,807,bb17ee42324c4bd7bec2140055ff58bd85602cc8a1742d9819916a4a1d01ccc7,2026-08-14,CC BY-SA 3.0 unless a page records a different compatible notice,中心,
da-author-mscarlet-78b5e8fb,MScarlet,da-work-49159232,49159232,中文分部征文竞赛,https://scp-wiki-cn.wikidot.com/contest-archive-cn,https://scp-wiki-cn.wikidot.com/contest-archive-cn,SCP-CN via SCPPER-CN,2017-04-26,,True,excluded_or_unverified,zh,False,True,excluded,structural_or_non_work_page,data/raw/deep_author/works/da-work-49159232.json,SCPPER-CN JSON bundle,886,7f25c916eed6d60f0a6822a2970b8cc2d349018a1f8cddbac42d4716fd9c6127,2026-08-14,CC BY-SA 3.0 unless a page records a different compatible notice,中心|原创|竞赛,
da-author-mscarlet-78b5e8fb,MScarlet,da-work-49303175,49303175,蛇说,https://scp-wiki-cn.wikidot.com/about-the-serpent,https://scp-wiki-cn.wikidot.com/about-the-serpent,SCP-CN via SCPPER-CN,2017-04-30,,True,excluded_or_unverified,zh,True,True,excluded,not_marked_chinese_original,data/raw/deep_author/works/da-work-49303175.json,SCPPER-CN JSON bundle,1035,e5ef0f46c50245e89e28a7189138c87533e13999dea74fe59cfefdaeca9408a3,2026-08-14,CC BY-SA 3.0 unless a page records a different compatible notice,alagadda|pangloss|robert-bumaro|夏异常|夜之子|大术士亚恩|故事|文言文|欲肉教|死之兄弟|狄瓦|破碎之神教会|缢王,
da-author-mscarlet-78b5e8fb,MScarlet,da-work-49606336,49606336,逆模因部中心頁,https://scp-wiki-cn.wikidot.com/antimemetics-division-hub,https://scp-wiki-cn.wikidot.com/antimemetics-division-hub,SCP-CN via SCPPER-CN,2017-05-08,,True,excluded_or_unverified,zh,True,True,excluded,not_marked_chinese_original,data/raw/deep_author/works/da-work-49606336.json,SCPPER-CN JSON bundle,1045,3049906f9160f8f1f4ed88aebacd87fd39c6400773c244e8bc2e0ae015de250e,2026-08-14,CC BY-SA 3.0 unless a page records a different compatible notice,marion-wheeler|中心|宇宙恐怖|恐怖|悬疑|科幻小说|系列中心|组织中心|逆模因部|鬼魂,
da-author-agent-phage-bc08199e,Agent Phage,da-work-52130700,52130700,禁止访问,https://scp-wiki-cn.wikidot.com/scp-cn-134,https://scp-wiki-cn.wikidot.com/scp-cn-134,SCP-CN via SCPPER-CN,2017-07-16,,True,single_selected_author,zh,False,False,included,,data/raw/deep_author/works/da-work-52130700.json,SCPPER-CN JSON bundle,57474,c6ec1ecb452a211cc1d3113b8bae4b5123440417eb39d53ee3136de0ad451ac4,2026-08-14,CC BY-SA 3.0 unless a page records a different compatible notice,keter|scp|原创|心灵感应|球体,
da-author-mscarlet-78b5e8fb,MScarlet,da-work-52439226,52439226,人蛋,https://scp-wiki-cn.wikidot.com/scp-1657,https://scp-wiki-cn.wikidot.com/scp-1657,SCP-CN via SCPPER-CN,2017-07-25,,True,excluded_or_unverified,zh,True,True,excluded,not_marked_chinese_original,data/raw/deep_author/works/da-work-52439226.json,SCPPER-CN JSON bundle,1130,4a05434662a2d166c6d188c86bab0815d45310b68c4f3c327bf0b84438a6f463,2026-08-14,CC BY-SA 3.0 unless a page records a different compatible notice,crom:series-2|euclid|scp|人形生物|活物|生殖性|食物,
da-author-agent-phage-bc08199e,Agent Phage,da-work-52720697,52720697,在你读到这里时，我已经达到我的目标了,https://scp-wiki-cn.wikidot.com/reach-my-goal,https://scp-wiki-cn.wikidot.com/reach-my-goal,SCP-CN via SCPPER-CN,2017-08-04,,True,single_selected_author,zh,False,False,included,,data/raw/deep_author/works/da-work-52720697.json,SCPPER-CN JSON bundle,36106,ce22686206efb70e6c5b39261988d16417686ed7da84bb6830d2699dbdf930e5,2026-08-14,CC BY-SA 3.0 unless a page records a different compatible notice,2017夏季征文|原创|故事,
da-author-qblevi-494cde49,QBLevi,da-work-52911297,52911297,在你读到这里时，我已经退场了,https://scp-wiki-cn.wikidot.com/oos,https://scp-wiki-cn.wikidot.com/oos,SCP-CN via SCPPER-CN,2017-08-08,,True,single_selected_author,zh,False,False,included,,data/raw/deep_author/works/da-work-52911297.json,SCPPER-CN JSON bundle,6490,5a16dbe07c4908e804d6e22cd0d78ae9bcc026a2201d11ec842a9c55c8401b95,2026-08-14,CC BY-SA 3.0 unless a page records a different compatible notice,2017夏季征文|原创|故事,
da-author-mscarlet-78b5e8fb,MScarlet,da-work-52913775,52913775,影评再现人世间,https://scp-wiki-cn.wikidot.com/scp-1756,https://scp-wiki-cn.wikidot.com/scp-1756,SCP-CN via SCPPER-CN,2017-08-08,,True,excluded_or_unverified,zh,True,True,excluded,not_marked_chinese_original,data/raw/deep_author/works/da-work-52913775.json,SCPPER-CN JSON bundle,1179,98ead0f783d4592b9011306c1b82b03161774a5ade67f647863b8e0eaa10fa52,2026-08-14,CC BY-SA 3.0 unless a page records a different compatible notice,crom:series-2|safe|scp|听觉影响|媒体|家用物品|形态改变|电子|电影|视觉性,
da-author-agent-phage-bc08199e,Agent Phage,da-work-53039189,53039189,人民管理制度,https://scp-wiki-cn.wikidot.com/scp-cn-132,https://scp-wiki-cn.wikidot.com/scp-cn-132,SCP-CN via SCPPER-CN,2017-08-11,,True,single_selected_author,zh,False,False,included,,data/raw/deep_author/works/da-work-53039189.json,SCPPER-CN JSON bundle,22085,3d3ef9fdabc3506471efefee7711b5d600ba84ecd29e97ff71c6b8600b02ab06,2026-08-14,CC BY-SA 3.0 unless a page records a different compatible notice,ob传媒|safe|scp|人形生物|原创|地下|地点|尸体|建筑|异常移动|生殖性|铭文,
da-author-agent-phage-bc08199e,Agent Phage,da-work-53132605,53132605,召回,https://scp-wiki-cn.wikidot.com/recall,https://scp-wiki-cn.wikidot.com/recall,SCP-CN via SCPPER-CN,2017-08-13,,True,single_selected_author,zh,False,False,included,,data/raw/deep_author/works/da-work-53132605.json,SCPPER-CN JSON bundle,12598,af72a19c786ffe6ca3655360d7f68c156b4ac592eb9aafd63ef7faa1de1a83f7,2026-08-14,CC BY-SA 3.0 unless a page records a different compatible notice,原创|故事,
da-author-agent-phage-bc08199e,Agent Phage,da-work-53171803,53171803,唯一,https://scp-wiki-cn.wikidot.com/the-only-one,https://scp-wiki-cn.wikidot.com/the-only-one,SCP-CN via SCPPER-CN,2017-08-14,,True,single_selected_author,zh,False,False,included,,data/raw/deep_author/works/da-work-53171803.json,SCPPER-CN JSON bundle,17005,2cfca7051aff5c3bd803d455f333d8d63ed8473432448ed3b168be952a4875aa,2026-08-14,CC BY-SA 3.0 unless a page records a different compatible notice,原创|故事|镜面闪点,
da-author-agent-phage-bc08199e,Agent Phage,da-work-53239187,53239187,未铭记，何谈淡忘,https://scp-wiki-cn.wikidot.com/never-remember,https://scp-wiki-cn.wikidot.com/never-remember,SCP-CN via SCPPER-CN,2017-08-15,,True,single_selected_author,zh,False,False,included,,data/raw/deep_author/works/da-work-53239187.json,SCPPER-CN JSON bundle,20351,68c71d2fb6bd623314a28e6b89a1c5e0a0dd6ed72085c973c20740671c2b06a7,2026-08-14,CC BY-SA 3.0 unless a page records a different compatible notice,原创|故事|生,
da-author-agent-phage-bc08199e,Agent Phage,da-work-53273436,53273436,特工噬菌体的人事档案,https://scp-wiki-cn.wikidot.com/phage-s-personnel-file,https://scp-wiki-cn.wikidot.com/phage-s-personnel-file,SCP-CN via SCPPER-CN,2017-08-16,,True,excluded_or_unverified,zh,False,True,excluded,structural_or_non_work_page,data/raw/deep_author/works/da-work-53273436.json,SCPPER-CN JSON bundle,1226,4013ef8f27a9a58af11e93282821df54874131e930f6cca02092430555d0cd3f,2026-08-14,CC BY-SA 3.0 unless a page records a different compatible notice,作者|原创,
da-author-qblevi-494cde49,QBLevi,da-work-53608900,53608900,编年史正本,https://scp-wiki-cn.wikidot.com/scp-cn-141,https://scp-wiki-cn.wikidot.com/scp-cn-141,SCP-CN via SCPPER-CN,2017-08-23,,True,single_selected_author,zh,False,False,included,,data/raw/deep_author/works/da-work-53608900.json,SCPPER-CN JSON bundle,23224,986c37fa013d80b8e80b60f52526cf5e63cb5d8e3fe4cf00caca4fa8b37210a9,2026-08-14,CC BY-SA 3.0 unless a page records a different compatible notice,euclid|scp|不可摧毁|原创|狄瓦|记忆影响|铭文,
da-author-qblevi-494cde49,QBLevi,da-work-53806893,53806893,天籁,https://scp-wiki-cn.wikidot.com/scp-cn-444,https://scp-wiki-cn.wikidot.com/scp-cn-444,SCP-CN via SCPPER-CN,2017-08-27,,True,single_selected_author,zh,False,False,included,,data/raw/deep_author/works/da-work-53806893.json,SCPPER-CN JSON bundle,10198,3f062e7f00d37e2fab003c3a971106e21d021ef5b4106fc7a4998b8901fbffc7,2026-08-14,CC BY-SA 3.0 unless a page records a different compatible notice,safe|scp|原创|星际|神经性|音乐性,
da-author-qblevi-494cde49,QBLevi,da-work-53908309,53908309,双雄会,https://scp-wiki-cn.wikidot.com/k-t,https://scp-wiki-cn.wikidot.com/k-t,SCP-CN via SCPPER-CN,2017-08-30,,True,single_selected_author,zh,False,False,included,,data/raw/deep_author/works/da-work-53908309.json,SCPPER-CN JSON bundle,7354,58e5f581acbc1f6c71b5a92d3288f51697f957f8e25b2f4e998e62e820fca10a,2026-08-14,CC BY-SA 3.0 unless a page records a different compatible notice,site-cn-34|原创|故事,
da-author-qblevi-494cde49,QBLevi,da-work-54073089,54073089,人类，已收容,https://scp-wiki-cn.wikidot.com/human-in-contain,https://scp-wiki-cn.wikidot.com/human-in-contain,SCP-CN via SCPPER-CN,2017-09-05,,True,single_selected_author,zh,False,False,included,,data/raw/deep_author/works/da-work-54073089.json,SCPPER-CN JSON bundle,8662,0041991a021fb80b8a4248a0c3905286b9f06623a6d8a6d4bdcab6fe56aa5054,2026-08-14,CC BY-SA 3.0 unless a page records a different compatible notice,原创|基金会4k|故事,
da-author-qblevi-494cde49,QBLevi,da-work-54321791,54321791,种太阳,https://scp-wiki-cn.wikidot.com/scp-cn-818,https://scp-wiki-cn.wikidot.com/scp-cn-818,SCP-CN via SCPPER-CN,2017-09-12,,True,single_selected_author,zh,False,False,included,,data/raw/deep_author/works/da-work-54321791.json,SCPPER-CN JSON bundle,16450,6605218b934fd2e9a3662bf30bffc119fa624616af40b6f71b25501eac2cc969,2026-08-14,CC BY-SA 3.0 unless a page records a different compatible notice,k级情景|ob传媒|safe|scp|site-cn-71|不可摧毁|仪器|原创|恒星|现实扭曲,
da-author-qblevi-494cde49,QBLevi,da-work-54366269,54366269,三倍的喵喵喵,https://scp-wiki-cn.wikidot.com/scp-cn-667-j,https://scp-wiki-cn.wikidot.com/scp-cn-667-j,SCP-CN via SCPPER-CN,2017-09-13,,True,single_selected_author,zh,False,False,included,,data/raw/deep_author/works/da-work-54366269.json,SCPPER-CN JSON bundle,8327,70416bf44fb00bd6ec95ebd28983ec2d1ebc79b54ccb876b9e8587c49d62d6fa,2026-08-14,CC BY-SA 3.0 unless a page records a different compatible notice,keter|k级情景|scp|原创|搞笑|猫科|认知危害,
da-author-qblevi-494cde49,QBLevi,da-work-54403335,54403335,4K序曲：梦魇摄政红行动,https://scp-wiki-cn.wikidot.com/nightmare-regent-red,https://scp-wiki-cn.wikidot.com/nightmare-regent-red,SCP-CN via SCPPER-CN,2017-09-14,,True,single_selected_author,zh,False,False,included,,data/raw/deep_author/works/da-work-54403335.json,SCPPER-CN JSON bundle,12794,c4848172ca28d4acf63e39398145788abc0af95de4f8a3355cdb7aefe79fd44f,2026-08-14,CC BY-SA 3.0 unless a page records a different compatible notice,全球超自然联盟|原创|基金会4k|故事|深红之王,
da-author-qblevi-494cde49,QBLevi,da-work-54524464,54524464,骑虎难下,https://scp-wiki-cn.wikidot.com/qblevi-s-proposal,https://scp-wiki-cn.wikidot.com/qblevi-s-proposal,SCP-CN via SCPPER-CN,2017-09-18,,True,single_selected_author,zh,False,False,included,,data/raw/deep_author/works/da-work-54524464.json,SCPPER-CN JSON bundle,17397,6608f3c1b5484ad8f2c85db0cd76f360886e1be1ea0ce37067766dcb39f645c8,2026-08-14,CC BY-SA 3.0 unless a page records a different compatible notice,001提案|euclid|scp|不可摧毁|原创|叙述性|异学会|混沌分裂者|电子|电脑,
da-author-qblevi-494cde49,QBLevi,da-work-54597850,54597850,4K序曲：从今往后，直到永远,https://scp-wiki-cn.wikidot.com/till-forever,https://scp-wiki-cn.wikidot.com/till-forever,SCP-CN via SCPPER-CN,2017-09-20,,True,single_selected_author,zh,False,False,included,,data/raw/deep_author/works/da-work-54597850.json,SCPPER-CN JSON bundle,9527,a5eb02f2fa43a7ba083469b23d9b7175f8980e4e7b47ce4e657c84869b6c8384,2026-08-14,CC BY-SA 3.0 unless a page records a different compatible notice,原创|基金会4k|故事,
da-author-qblevi-494cde49,QBLevi,da-work-54602641,54602641,李维的人事档案,https://scp-wiki-cn.wikidot.com/levi-s-personnel-file,https://scp-wiki-cn.wikidot.com/levi-s-personnel-file,SCP-CN via SCPPER-CN,2017-09-20,,True,excluded_or_unverified,zh,False,True,excluded,structural_or_non_work_page,data/raw/deep_author/works/da-work-54602641.json,SCPPER-CN JSON bundle,794,0af016bba63da110652b009dc4dad30ff7432c319e635a9b23e95c1cfe96eb95,2026-08-14,CC BY-SA 3.0 unless a page records a different compatible notice,作者|原创,
da-author-mscarlet-78b5e8fb,MScarlet,da-work-54686980,54686980,随机原创SCP,https://scp-wiki-cn.wikidot.com/random:random-scp-cn,https://scp-wiki-cn.wikidot.com/random:random-scp-cn,SCP-CN via SCPPER-CN,2017-09-22,,True,excluded_or_unverified,zh,True,True,excluded,not_marked_chinese_original,data/raw/deep_author/works/da-work-54686980.json,SCPPER-CN JSON bundle,753,206a1371fe08408378214bdacc9b00482e7fa59dc7b37350b77e2411d1c0e1e1,2026-08-14,CC BY-SA 3.0 unless a page records a different compatible notice,管理|重定向,
da-author-mscarlet-78b5e8fb,MScarlet,da-work-54687073,54687073,随机原创故事,https://scp-wiki-cn.wikidot.com/random:random-tale-cn,https://scp-wiki-cn.wikidot.com/random:random-tale-cn,SCP-CN via SCPPER-CN,2017-09-22,,True,excluded_or_unverified,zh,True,True,excluded,not_marked_chinese_original,data/raw/deep_author/works/da-work-54687073.json,SCPPER-CN JSON bundle,740,4ef7d739238b40044929029fa10035cc1363cbbe9e4835c8d9b714a7c6a05231,2026-08-14,CC BY-SA 3.0 unless a page records a different compatible notice,管理|重定向,
da-author-mscarlet-78b5e8fb,MScarlet,da-work-54699666,54699666,最近新增的翻译页面,https://scp-wiki-cn.wikidot.com/most-recently-created-translated,https://scp-wiki-cn.wikidot.com/most-recently-created-translated,SCP-CN via SCPPER-CN,2017-09-22,,True,excluded_or_unverified,zh,True,True,excluded,not_marked_chinese_original,data/raw/deep_author/works/da-work-54699666.json,SCPPER-CN JSON bundle,1169,c8bbf033ffa98d325005d1a3686a10489089d161294a38dfd12bc9ae1747dd5a,2026-08-14,CC BY-SA 3.0 unless a page records a different compatible notice,管理,
da-author-mscarlet-78b5e8fb,MScarlet,da-work-54699683,54699683,最近新增的原创作品,https://scp-wiki-cn.wikidot.com/most-recently-created-cn,https://scp-wiki-cn.wikidot.com/most-recently-created-cn,SCP-CN via SCPPER-CN,2017-09-22,,True,excluded_or_unverified,zh,True,True,excluded,not_marked_chinese_original,data/raw/deep_author/works/da-work-54699683.json,SCPPER-CN JSON bundle,1222,e429276faffbd245272b4578e08bb727f699b2174091d6a645c034e4d06e18e1,2026-08-14,CC BY-SA 3.0 unless a page records a different compatible notice,管理,
da-author-agent-phage-bc08199e,Agent Phage,da-work-55155853,55155853,镜面闪点 中心页,https://scp-wiki-cn.wikidot.com/mirror-flashpoint,https://scp-wiki-cn.wikidot.com/mirror-flashpoint,SCP-CN via SCPPER-CN,2017-10-02,,True,excluded_or_unverified,zh,False,True,excluded,structural_or_non_work_page,data/raw/deep_author/works/da-work-55155853.json,SCPPER-CN JSON bundle,985,14a896884041e07fcd1bf0844aea3c7d8af8172f22018f7e7681f0dfc1c495ae,2026-08-14,CC BY-SA 3.0 unless a page records a different compatible notice,_设定中心|中心|原创|合作|镜面闪点,
da-author-mscarlet-78b5e8fb,MScarlet,da-work-55406405,55406405,被放逐者之图书馆 版式,https://scp-wiki-cn.wikidot.com/wanderers:theme,https://scp-wiki-cn.wikidot.com/wanderers:theme,SCP-CN via SCPPER-CN,2017-10-08,,True,excluded_or_unverified,zh,True,True,excluded,not_marked_chinese_original,data/raw/deep_author/works/da-work-55406405.json,SCPPER-CN JSON bundle,785,754ff6f52975d99c570063a00f37721a73c850c85aec7148a52a79daf59c560d,2026-08-14,CC BY-SA 3.0 unless a page records a different compatible notice,wanderers|版式,
da-author-mscarlet-78b5e8fb,MScarlet,da-work-55846828,55846828,安保设施档案：Site-CN-71,https://scp-wiki-cn.wikidot.com/secure-facility-dossier-site-cn-71,https://scp-wiki-cn.wikidot.com/secure-facility-dossier-site-cn-71,SCP-CN via SCPPER-CN,2017-10-19,,True,excluded_or_unverified,zh,False,True,excluded,structural_or_non_work_page,data/raw/deep_author/works/da-work-55846828.json,SCPPER-CN JSON bundle,947,cd3dca251323c65d1d01fc2b744e1a793e151abb4222f10e95bc7b17d637014c,2026-08-14,CC BY-SA 3.0 unless a page records a different compatible notice,site-cn-71|中心|原创|站点,
da-author-agent-phage-bc08199e,Agent Phage,da-work-55905675,55905675,摧毁糖果屋,https://scp-wiki-cn.wikidot.com/destroy-candy-house,https://scp-wiki-cn.wikidot.com/destroy-candy-house,SCP-CN via SCPPER-CN,2017-10-22,,True,single_selected_author,zh,False,False,included,,data/raw/deep_author/works/da-work-55905675.json,SCPPER-CN JSON bundle,40059,d6e4db7070d32ba6218bbcc37dc0ed13d8dec1badb1bd1f58a27e712a9db80bf,2026-08-14,CC BY-SA 3.0 unless a page records a different compatible notice,site-cn-34|原创|故事|散结,
da-author-agent-phage-bc08199e,Agent Phage,da-work-55908233,55908233,乌有之人 中心页,https://scp-wiki-cn.wikidot.com/the-man-who-wasnt-there-hub,https://scp-wiki-cn.wikidot.com/the-man-who-wasnt-there-hub,SCP-CN via SCPPER-CN,2017-10-22,,True,excluded_or_unverified,zh,True,True,excluded,not_marked_chinese_original,data/raw/deep_author/works/da-work-55908233.json,SCPPER-CN JSON bundle,1017,2a7c2cce1c23ef269ea8ad7e0117386483ec794cc52b9eb6f0425dd5bd5ba999,2026-08-14,CC BY-SA 3.0 unless a page records a different compatible notice,nobody|中心|乌有之人|合作|旧页面|设定中心,
da-author-agent-phage-bc08199e,Agent Phage,da-work-56173721,56173721,行至天明 中心页,https://scp-wiki-cn.wikidot.com/sotmhub,https://scp-wiki-cn.wikidot.com/sotmhub,SCP-CN via SCPPER-CN,2017-10-29,,True,excluded_or_unverified,zh,True,True,excluded,not_marked_chinese_original,data/raw/deep_author/works/da-work-56173721.json,SCPPER-CN JSON bundle,858,a54918d368f6e3dfa1708db6ffc8c93c4061227ed6e940b61dd46717fdba3fd1,2026-08-14,CC BY-SA 3.0 unless a page records a different compatible notice,sotm|中心|合著|设定中心|音频,
da-author-mscarlet-78b5e8fb,MScarlet,da-work-56207264,56207264,SCP-S,https://scp-wiki-cn.wikidot.com/scp-s,https://scp-wiki-cn.wikidot.com/scp-s,SCP-CN via SCPPER-CN,2017-10-30,,True,excluded_or_unverified,zh,True,True,excluded,not_marked_chinese_original,data/raw/deep_author/works/da-work-56207264.json,SCPPER-CN JSON bundle,1124,91232f40dae90767afee36d130669b1f153b86da4665a18dfc93d0a6503913ff,2026-08-14,CC BY-SA 3.0 unless a page records a different compatible notice,基金会格式|恐怖|故事|相啸魔|研究员rosen,
da-author-qblevi-494cde49,QBLevi,da-work-56213413,56213413,天下大吉,https://scp-wiki-cn.wikidot.com/daji,https://scp-wiki-cn.wikidot.com/daji,SCP-CN via SCPPER-CN,2017-10-30,,True,single_selected_author,zh,False,False,included,,data/raw/deep_author/works/da-work-56213413.json,SCPPER-CN JSON bundle,14938,b7c22d7bd6cf5604a4d6aa31566f6a67862061b2e095724dfce5242748333acf,2026-08-14,CC BY-SA 3.0 unless a page records a different compatible notice,原创|故事|秦汉基金会,
da-author-agent-phage-bc08199e,Agent Phage,da-work-56482291,56482291,自始至终,https://scp-wiki-cn.wikidot.com/all-along,https://scp-wiki-cn.wikidot.com/all-along,SCP-CN via SCPPER-CN,2017-11-04,,True,excluded_or_unverified,zh,True,True,excluded,not_marked_chinese_original,data/raw/deep_author/works/da-work-56482291.json,SCPPER-CN JSON bundle,930,7e56edde638f7bcc253866caaafd1319346a26c39592c00bf37be18e847f8e15,2026-08-14,CC BY-SA 3.0 unless a page records a different compatible notice,sotm|故事|格鲁乌p部门|科幻小说,
da-author-mscarlet-78b5e8fb,MScarlet,da-work-56667668,56667668,1914,https://scp-wiki-cn.wikidot.com/1914,https://scp-wiki-cn.wikidot.com/1914,SCP-CN via SCPPER-CN,2017-11-09,,True,excluded_or_unverified,zh,True,True,excluded,not_marked_chinese_original,data/raw/deep_author/works/da-work-56667668.json,SCPPER-CN JSON bundle,813,78d7ceedcb301738855877a7ad1d111308673b438b28d585742d6f1981fe4f64,2026-08-14,CC BY-SA 3.0 unless a page records a different compatible notice,故事,
da-author-qblevi-494cde49,QBLevi,da-work-56675203,56675203,无照经营专项整治行动,https://scp-wiki-cn.wikidot.com/zhengzhi,https://scp-wiki-cn.wikidot.com/zhengzhi,SCP-CN via SCPPER-CN,2017-11-10,,True,single_selected_author,zh,False,False,included,,data/raw/deep_author/works/da-work-56675203.json,SCPPER-CN JSON bundle,16281,b8d05833650d57f54bf94a38910587977209c70d7da344ea9a6e30d41d111a4f,2026-08-14,CC BY-SA 3.0 unless a page records a different compatible notice,1111事件|ob传媒|site-cn-34|原创|故事,
da-author-qblevi-494cde49,QBLevi,da-work-56889366,56889366,主教之死,https://scp-wiki-cn.wikidot.com/death-of-bishop,https://scp-wiki-cn.wikidot.com/death-of-bishop,SCP-CN via SCPPER-CN,2017-11-17,,True,single_selected_author,zh,False,False,included,,data/raw/deep_author/works/da-work-56889366.json,SCPPER-CN JSON bundle,15452,5a859d4fc1b9755fc6a90ab6e793865e3cb76d2483bc0cb8530fc75f2d5d4c7f,2026-08-14,CC BY-SA 3.0 unless a page records a different compatible notice,1111事件|ob传媒|原创|故事,
da-author-qblevi-494cde49,QBLevi,da-work-56890107,56890107,1111事件中心页,https://scp-wiki-cn.wikidot.com/1111event,https://scp-wiki-cn.wikidot.com/1111event,SCP-CN via SCPPER-CN,2017-11-17,,True,excluded_or_unverified,zh,False,True,excluded,structural_or_non_work_page,data/raw/deep_author/works/da-work-56890107.json,SCPPER-CN JSON bundle,951,a2b064afd1078951f7f9d68ea3986caef52fbc00ca5565ab08eb58c410626791,2026-08-14,CC BY-SA 3.0 unless a page records a different compatible notice,1111事件|_故事中心|中心|原创,
da-author-qblevi-494cde49,QBLevi,da-work-57115674,57115674,咕咚来了,https://scp-wiki-cn.wikidot.com/goodon,https://scp-wiki-cn.wikidot.com/goodon,SCP-CN via SCPPER-CN,2017-11-24,,True,single_selected_author,zh,False,False,included,,data/raw/deep_author/works/da-work-57115674.json,SCPPER-CN JSON bundle,18166,98707727e58ae563c38501e4c9271dce2dae505f7180c3de7c9232c13704c37a,2026-08-14,CC BY-SA 3.0 unless a page records a different compatible notice,1111事件|ob传媒|原创|故事,
da-author-agent-phage-bc08199e,Agent Phage,da-work-57176819,57176819,海姆达尔计划,https://scp-wiki-cn.wikidot.com/project-heimdall,https://scp-wiki-cn.wikidot.com/project-heimdall,SCP-CN via SCPPER-CN,2017-11-26,,True,excluded_or_unverified,zh,True,True,excluded,not_marked_chinese_original,data/raw/deep_author/works/da-work-57176819.json,SCPPER-CN JSON bundle,927,17cd42566f62a6c92b4c2f067621a4f0103ede4c20e2c43fbe0702f7011660de,2026-08-14,CC BY-SA 3.0 unless a page records a different compatible notice,中心|合作|海姆达尔|设定中心,
da-author-qblevi-494cde49,QBLevi,da-work-57356222,57356222,█████████████,https://scp-wiki-cn.wikidot.com/fragment:scp-i-01,https://scp-wiki-cn.wikidot.com/fragment:scp-i-01,SCP-CN via SCPPER-CN,2017-12-01,,True,excluded_or_unverified,zh,True,True,excluded,not_marked_chinese_original,data/raw/deep_author/works/da-work-57356222.json,SCPPER-CN JSON bundle,1722,54e64d91d0fe1ebd345dbd671e79026e3dbb4aa5ec32381ac7f0a77f5c02f461,2026-08-14,CC BY-SA 3.0 unless a page records a different compatible notice,段落,
da-author-qblevi-494cde49,QBLevi,da-work-57356238,57356238,第三次████████纲要,https://scp-wiki-cn.wikidot.com/fragment:scp-i-02,https://scp-wiki-cn.wikidot.com/fragment:scp-i-02,SCP-CN via SCPPER-CN,2017-12-01,,True,excluded_or_unverified,zh,True,True,excluded,not_marked_chinese_original,data/raw/deep_author/works/da-work-57356238.json,SCPPER-CN JSON bundle,1722,7e4be8234df9a10b6499ccf926866cba1c56b6d8a02a786e13e704cd641fc999,2026-08-14,CC BY-SA 3.0 unless a page records a different compatible notice,段落,
da-author-qblevi-494cde49,QBLevi,da-work-57356292,57356292,SCP-i,https://scp-wiki-cn.wikidot.com/fragment:scp-i-04,https://scp-wiki-cn.wikidot.com/fragment:scp-i-04,SCP-CN via SCPPER-CN,2017-12-01,,True,excluded_or_unverified,zh,True,True,excluded,not_marked_chinese_original,data/raw/deep_author/works/da-work-57356292.json,SCPPER-CN JSON bundle,863,968a0a8393b7594e9f155b30828ca377af9685bd1746fe015fb75f086d9c162b,2026-08-14,CC BY-SA 3.0 unless a page records a different compatible notice,段落,
da-author-qblevi-494cde49,QBLevi,da-work-57357587,57357587,SCP-i,https://scp-wiki-cn.wikidot.com/scp-i,https://scp-wiki-cn.wikidot.com/scp-i,SCP-CN via SCPPER-CN,2017-12-01,,True,single_selected_author,zh,False,False,excluded,insufficient_extracted_chinese_text,data/raw/deep_author/works/da-work-57357587.json,SCPPER-CN JSON bundle,8213,d15ce913a690b42e614da79ad324118bad1dae40dfc23a579c3972f4d50dd2cc,2026-08-14,CC BY-SA 3.0 unless a page records a different compatible notice,原创|故事,
da-author-qblevi-494cde49,QBLevi,da-work-57358013,57358013,第三次████行动计划纲要,https://scp-wiki-cn.wikidot.com/fragment:scp-i-03,https://scp-wiki-cn.wikidot.com/fragment:scp-i-03,SCP-CN via SCPPER-CN,2017-12-01,,True,excluded_or_unverified,zh,True,True,excluded,not_marked_chinese_original,data/raw/deep_author/works/da-work-57358013.json,SCPPER-CN JSON bundle,1721,b06078daee0b2d3a1e6d72ff3484d2fc5e7fbce47e60f4960bf7b590eadcf9fb,2026-08-14,CC BY-SA 3.0 unless a page records a different compatible notice,段落,
da-author-breaddddd-d9923f3d,breaddddd,da-work-57380648,57380648,专业性文档写作,https://scp-wiki-cn.wikidot.com/technical-writing,https://scp-wiki-cn.wikidot.com/technical-writing,SCP-CN via SCPPER-CN,2017-12-02,,True,excluded_or_unverified,zh,True,True,excluded,not_marked_chinese_original,data/raw/deep_author/works/da-work-57380648.json,SCPPER-CN JSON bundle,926,74e0e420bf092533d727d5f5d0210a81422bbb1f22bb0084c1b287ebea476b5c,2026-08-14,CC BY-SA 3.0 unless a page records a different compatible notice,指导,
da-author-agent-phage-bc08199e,Agent Phage,da-work-57600914,57600914,瞭望塔,https://scp-wiki-cn.wikidot.com/the-watchtower,https://scp-wiki-cn.wikidot.com/the-watchtower,SCP-CN via SCPPER-CN,2017-12-09,,True,excluded_or_unverified,zh,True,True,excluded,not_marked_chinese_original,data/raw/deep_author/works/da-work-57600914.json,SCPPER-CN JSON bundle,772,d3e1629e8f4b429283938f2751ddcc8c2b83554a78f1550b16bf05d5b7fac564,2026-08-14,CC BY-SA 3.0 unless a page records a different compatible notice,sotm|故事|音频,
da-author-qblevi-494cde49,QBLevi,da-work-57678755,57678755,人类，收容失效,https://scp-wiki-cn.wikidot.com/human-containment-breach,https://scp-wiki-cn.wikidot.com/human-containment-breach,SCP-CN via SCPPER-CN,2017-12-12,,True,single_selected_author,zh,False,False,included,,data/raw/deep_author/works/da-work-57678755.json,SCPPER-CN JSON bundle,20199,9254f0abbe66dcd1b502fd946dd59a97da5acc58793e5d1797a2adf28d128cb8,2026-08-14,CC BY-SA 3.0 unless a page records a different compatible notice,原创|基金会4k|故事,
da-author-qblevi-494cde49,QBLevi,da-work-57743314,57743314,基金会4K,https://scp-wiki-cn.wikidot.com/f4k,https://scp-wiki-cn.wikidot.com/f4k,SCP-CN via SCPPER-CN,2017-12-14,,True,excluded_or_unverified,zh,False,True,excluded,structural_or_non_work_page,data/raw/deep_author/works/da-work-57743314.json,SCPPER-CN JSON bundle,809,e9e487b77368f8364501392609548fb51528309bf093fd879618ae8da03380cb,2026-08-14,CC BY-SA 3.0 unless a page records a different compatible notice,_设定中心|中心|原创|基金会4k,
da-author-qblevi-494cde49,QBLevi,da-work-58196932,58196932,大鲧陵,https://scp-wiki-cn.wikidot.com/scp-cn-136,https://scp-wiki-cn.wikidot.com/scp-cn-136,SCP-CN via SCPPER-CN,2017-12-25,,True,single_selected_author,zh,False,False,included,,data/raw/deep_author/works/da-work-58196932.json,SCPPER-CN JSON bundle,33818,1575098ea84754bf11b550da00afa640f004839f47a65297433c2aaf4d3cac3c,2026-08-14,CC BY-SA 3.0 unless a page records a different compatible notice,safe|scp|site-cn-34|历史性|原创|地点|地质|工具,
da-author-qblevi-494cde49,QBLevi,da-work-59516832,59516832,流浪地球,https://scp-wiki-cn.wikidot.com/wandering-earth,https://scp-wiki-cn.wikidot.com/wandering-earth,SCP-CN via SCPPER-CN,2018-01-01,,True,single_selected_author,zh,False,False,included,,data/raw/deep_author/works/da-work-59516832.json,SCPPER-CN JSON bundle,16684,94d5a735ff229cc7b6ca6e3e97710b97df55b542c2b1f56d1f2213477d6ab80e,2026-08-14,CC BY-SA 3.0 unless a page records a different compatible notice,crossover项目|原创|基金会4k|故事,
da-author-qblevi-494cde49,QBLevi,da-work-60529704,60529704,SCP-CN-136研究团队第二十五次例行会议记录,https://scp-wiki-cn.wikidot.com/scp-cn-136-25,https://scp-wiki-cn.wikidot.com/scp-cn-136-25,SCP-CN via SCPPER-CN,2018-01-05,,True,excluded_or_unverified,zh,True,True,excluded,not_marked_chinese_original,data/raw/deep_author/works/da-work-60529704.json,SCPPER-CN JSON bundle,976,08ad327640aff817cf27c3edbd6e62b5712ebe3bba4e64e1fd66ae0de55970b6,2026-08-14,CC BY-SA 3.0 unless a page records a different compatible notice,补充材料,
da-author-qblevi-494cde49,QBLevi,da-work-64454665,64454665,资本论,https://scp-wiki-cn.wikidot.com/das-kapital,https://scp-wiki-cn.wikidot.com/das-kapital,SCP-CN via SCPPER-CN,2018-01-27,,True,single_selected_author,zh,False,False,included,,data/raw/deep_author/works/da-work-64454665.json,SCPPER-CN JSON bundle,21970,f259d47f38f5026bd7ea179c3adffa7e1e0f46a6b78d62d1cb42d6862c5656da,2026-08-14,CC BY-SA 3.0 unless a page records a different compatible notice,1111事件|ob传媒|原创|故事,
da-author-breaddddd-d9923f3d,breaddddd,da-work-64756660,64756660,“悲伤是暂时的”,https://scp-wiki-cn.wikidot.com/scp-2465,https://scp-wiki-cn.wikidot.com/scp-2465,SCP-CN via SCPPER-CN,2018-02-03,,True,excluded_or_unverified,zh,True,True,excluded,not_marked_chinese_original,data/raw/deep_author/works/da-work-64756660.json,SCPPER-CN JSON bundle,939,7223bd889c2f61b9ff18efd743a653422ea449bbbd3b5dc16558342f743fc505,2026-08-14,CC BY-SA 3.0 unless a page records a different compatible notice,crom:series-3|safe|scp|精神影响|艺术性|视觉性|认知危害,
da-author-breaddddd-d9923f3d,breaddddd,da-work-64892753,64892753,古董航天器,https://scp-wiki-cn.wikidot.com/scp-1445,https://scp-wiki-cn.wikidot.com/scp-1445,SCP-CN via SCPPER-CN,2018-02-04,,True,excluded_or_unverified,zh,True,True,excluded,not_marked_chinese_original,data/raw/deep_author/works/da-work-64892753.json,SCPPER-CN JSON bundle,874,0d69db1c32043fed9a7fecc4f90c5da468612cfb2189074a3d72bfa92cc43a50,2026-08-14,CC BY-SA 3.0 unless a page records a different compatible notice,crom:series-2|safe|scp|人造物品|历史性|天空|星际|载具,
da-author-breaddddd-d9923f3d,breaddddd,da-work-65045465,65045465,模型城市,https://scp-wiki-cn.wikidot.com/scp-3037,https://scp-wiki-cn.wikidot.com/scp-3037,SCP-CN via SCPPER-CN,2018-02-06,,True,excluded_or_unverified,zh,True,True,excluded,not_marked_chinese_original,data/raw/deep_author/works/da-work-65045465.json,SCPPER-CN JSON bundle,862,b40c46cd444c606f91aae8e9948360755688b88f9b3101282726b44a82ffcddf,2026-08-14,CC BY-SA 3.0 unless a page records a different compatible notice,crom:series-4|safe|scp|人造物品|微型|精神影响|艺术性|触觉影响|认知危害,
da-author-breaddddd-d9923f3d,breaddddd,da-work-65174448,65174448,过度包装,https://scp-wiki-cn.wikidot.com/scp-cn-723,https://scp-wiki-cn.wikidot.com/scp-cn-723,SCP-CN via SCPPER-CN,2018-02-09,,True,single_selected_author,zh,False,False,included,,data/raw/deep_author/works/da-work-65174448.json,SCPPER-CN JSON bundle,28361,df289ca2c451516f4b69e113382a2731ae9e212d8af42cd11c87bd55d7dfd460,2026-08-14,CC BY-SA 3.0 unless a page records a different compatible notice,keter|scp|不可摧毁|人造物品|传染性|原创|艺术性|触觉影响,
da-author-mscarlet-78b5e8fb,MScarlet,da-work-65207530,65207530,隨筆：關於Site-██對於SCP-008的研究與「復生計劃」,https://scp-wiki-cn.wikidot.com/research-of-008-and-project-resurrection,https://scp-wiki-cn.wikidot.com/research-of-008-and-project-resurrection,SCP-CN via SCPPER-CN,2018-02-10,,True,single_selected_author,zh,False,False,included,,data/raw/deep_author/works/da-work-65207530.json,SCPPER-CN JSON bundle,47176,2f975f16fa465a1ff12bc23a3879b8f6c4bc81ad593ba7c424ff7c5c9d53dbd0,2026-08-14,CC BY-SA 3.0 unless a page records a different compatible notice,2018冬季征文|_ms|原创|故事,
da-author-agent-phage-bc08199e,Agent Phage,da-work-65220238,65220238,地球美食售货机,https://scp-wiki-cn.wikidot.com/scp-cn-522,https://scp-wiki-cn.wikidot.com/scp-cn-522,SCP-CN via SCPPER-CN,2018-02-10,,True,single_selected_author,zh,False,False,included,,data/raw/deep_author/works/da-work-65220238.json,SCPPER-CN JSON bundle,14095,845e26728c96c775869ab2efde44f0ee803944a31a3da9b3f18adb280e96598a,2026-08-14,CC BY-SA 3.0 unless a page records a different compatible notice,ob传媒|safe|scp|原创|星际,
da-author-qblevi-494cde49,QBLevi,da-work-65317650,65317650,好评,https://scp-wiki-cn.wikidot.com/upvoted,https://scp-wiki-cn.wikidot.com/upvoted,SCP-CN via SCPPER-CN,2018-02-13,,True,single_selected_author,zh,False,False,included,,data/raw/deep_author/works/da-work-65317650.json,SCPPER-CN JSON bundle,10922,082a96a192c158bb4069acea4c48c3f1682ce6431d663376822f8f0f91c5add4,2026-08-14,CC BY-SA 3.0 unless a page records a different compatible notice,2018冬季征文|原创|故事,
da-author-qblevi-494cde49,QBLevi,da-work-65455858,65455858,除夕夜大作战,https://scp-wiki-cn.wikidot.com/chuxi,https://scp-wiki-cn.wikidot.com/chuxi,SCP-CN via SCPPER-CN,2018-02-15,,True,single_selected_author,zh,False,False,included,,data/raw/deep_author/works/da-work-65455858.json,SCPPER-CN JSON bundle,15233,e1df03e1f9c5695891b66e1f14bf3600094a295a76d24e3438ac12dee61360ed,2026-08-14,CC BY-SA 3.0 unless a page records a different compatible notice,2018冬季征文|原创|故事,
da-author-breaddddd-d9923f3d,breaddddd,da-work-65465527,65465527,图表症,https://scp-wiki-cn.wikidot.com/scp-cn-767,https://scp-wiki-cn.wikidot.com/scp-cn-767,SCP-CN via SCPPER-CN,2018-02-15,,True,single_selected_author,zh,False,False,included,,data/raw/deep_author/works/da-work-65465527.json,SCPPER-CN JSON bundle,8682,5f2ed5dfd740a3e2b28d8ff27f2ec0dfa6700c36f511ef3154ebcfed5ad64b83,2026-08-14,CC BY-SA 3.0 unless a page records a different compatible notice,euclid|meta|scp|site-cn-34|原创|强迫性|文件|观察影响|认知危害,
da-author-agent-phage-bc08199e,Agent Phage,da-work-65472396,65472396,逝水的风沙,https://scp-wiki-cn.wikidot.com/shi-shui-de-feng-sha,https://scp-wiki-cn.wikidot.com/shi-shui-de-feng-sha,SCP-CN via SCPPER-CN,2018-02-15,,True,single_selected_author,zh,False,False,included,,data/raw/deep_author/works/da-work-65472396.json,SCPPER-CN JSON bundle,25314,ce34f710480f72188818456031949904ae747bd5026ea7fcca16a484ca4b2b95,2026-08-14,CC BY-SA 3.0 unless a page records a different compatible notice,2018冬季征文|原创|故事,
da-author-breaddddd-d9923f3d,breaddddd,da-work-65501683,65501683,面包菌的人事档案,https://scp-wiki-cn.wikidot.com/breaddddd-s-personnel-file,https://scp-wiki-cn.wikidot.com/breaddddd-s-personnel-file,SCP-CN via SCPPER-CN,2018-02-16,,True,excluded_or_unverified,zh,False,True,excluded,structural_or_non_work_page,data/raw/deep_author/works/da-work-65501683.json,SCPPER-CN JSON bundle,852,8aad1eb4b447febe36d548908ddc6d0456d68ee7e52fe8c8a395245e136224bc,2026-08-14,CC BY-SA 3.0 unless a page records a different compatible notice,作者|原创,
da-author-breaddddd-d9923f3d,breaddddd,da-work-65585231,65585231,一支非常真实的铅笔,https://scp-wiki-cn.wikidot.com/scp-3222,https://scp-wiki-cn.wikidot.com/scp-3222,SCP-CN via SCPPER-CN,2018-02-19,,True,excluded_or_unverified,zh,True,True,excluded,not_marked_chinese_original,data/raw/deep_author/works/da-work-65585231.json,SCPPER-CN JSON bundle,1128,2ecd921242a57b2bbba7bcdeef5789df45644006055374d81583b2c596eb2022,2026-08-14,CC BY-SA 3.0 unless a page records a different compatible notice,crom:series-4|meta|safe|scp|工具|心灵感应,
da-author-agent-phage-bc08199e,Agent Phage,da-work-65588644,65588644,沉的思念重的忆,https://scp-wiki-cn.wikidot.com/scp-cn-543,https://scp-wiki-cn.wikidot.com/scp-cn-543,SCP-CN via SCPPER-CN,2018-02-19,,True,single_selected_author,zh,False,False,included,,data/raw/deep_author/works/da-work-65588644.json,SCPPER-CN JSON bundle,21504,a4995afd0ff9be7ed46129de742c0fbef2f53be2d70e7b73db3c519bd8627190,2026-08-14,CC BY-SA 3.0 unless a page records a different compatible notice,euclid|scp|人形生物|原创|重力影响,
da-author-breaddddd-d9923f3d,breaddddd,da-work-65742004,65742004,回忆沙漠,https://scp-wiki-cn.wikidot.com/scp-cn-826,https://scp-wiki-cn.wikidot.com/scp-cn-826,SCP-CN via SCPPER-CN,2018-02-21,,True,single_selected_author,zh,False,False,included,,data/raw/deep_author/works/da-work-65742004.json,SCPPER-CN JSON bundle,37246,408d7dcd8ff094fdd11d98b193b88a8db2593ddc03bfb4f76743bcaafaa22888,2026-08-14,CC BY-SA 3.0 unless a page records a different compatible notice,safe|scp|site-cn-34|不可移动|原创|地点|移情作用|精神影响,
da-author-re-spectators-464e4708,Re_spectators,da-work-66105575,66105575,扩散性缸中之脑,https://scp-wiki-cn.wikidot.com/scp-cn-493,https://scp-wiki-cn.wikidot.com/scp-cn-493,SCP-CN via SCPPER-CN,2018-02-28,,True,single_selected_author,zh,False,False,included,,data/raw/deep_author/works/da-work-66105575.json,SCPPER-CN JSON bundle,12540,d033cdced582aa7368981fee8af05a46e660b62408deba9f1b64706342b66978,2026-08-14,CC BY-SA 3.0 unless a page records a different compatible notice,euclid|meta|scp|互动性|原创|模因,
da-author-re-spectators-464e4708,Re_spectators,da-work-66105823,66105823,SCP-CN-493,https://scp-wiki-cn.wikidot.com/fragment:scp-cn-493-02,https://scp-wiki-cn.wikidot.com/fragment:scp-cn-493-02,SCP-CN via SCPPER-CN,2018-02-28,,True,excluded_or_unverified,zh,True,True,excluded,not_marked_chinese_original,data/raw/deep_author/works/da-work-66105823.json,SCPPER-CN JSON bundle,765,4476c2e6e5d828684e4dc6e5edbd063f515fd2a48b2e2f29178912e5333959c2,2026-08-14,CC BY-SA 3.0 unless a page records a different compatible notice,段落,
da-author-re-spectators-464e4708,Re_spectators,da-work-66106076,66106076,SCP基金会 - 内部个人邮箱,https://scp-wiki-cn.wikidot.com/fragment:scp-cn-493-03,https://scp-wiki-cn.wikidot.com/fragment:scp-cn-493-03,SCP-CN via SCPPER-CN,2018-02-28,,True,excluded_or_unverified,zh,True,True,excluded,not_marked_chinese_original,data/raw/deep_author/works/da-work-66106076.json,SCPPER-CN JSON bundle,725,0599af4a5011fdeec743bef0bc4b254a114174b3503ad0c18e9253632f4b6834,2026-08-14,CC BY-SA 3.0 unless a page records a different compatible notice,段落,
da-author-re-spectators-464e4708,Re_spectators,da-work-66106312,66106312,SCP基金会 - 内部IM系统,https://scp-wiki-cn.wikidot.com/fragment:scp-cn-493-04,https://scp-wiki-cn.wikidot.com/fragment:scp-cn-493-04,SCP-CN via SCPPER-CN,2018-02-28,,True,excluded_or_unverified,zh,True,True,excluded,not_marked_chinese_original,data/raw/deep_author/works/da-work-66106312.json,SCPPER-CN JSON bundle,751,dcf17188d570c6e9e201467c957fe7c8cbc3be9dee98601247655fb4dfec09a0,2026-08-14,CC BY-SA 3.0 unless a page records a different compatible notice,段落,
da-author-re-spectators-464e4708,Re_spectators,da-work-66106366,66106366,SCP-CN-493,https://scp-wiki-cn.wikidot.com/fragment:scp-cn-493-05,https://scp-wiki-cn.wikidot.com/fragment:scp-cn-493-05,SCP-CN via SCPPER-CN,2018-02-28,,True,excluded_or_unverified,zh,True,True,excluded,not_marked_chinese_original,data/raw/deep_author/works/da-work-66106366.json,SCPPER-CN JSON bundle,781,7f236b4e24fad6c87f4eb947da47034d523e5094e51be09e4ddab15bfdb71ec5,2026-08-14,CC BY-SA 3.0 unless a page records a different compatible notice,段落,
da-author-re-spectators-464e4708,Re_spectators,da-work-66106705,66106705,SCP-CN-493,https://scp-wiki-cn.wikidot.com/fragment:scp-cn-493-01,https://scp-wiki-cn.wikidot.com/fragment:scp-cn-493-01,SCP-CN via SCPPER-CN,2018-02-28,,True,excluded_or_unverified,zh,True,True,excluded,not_marked_chinese_original,data/raw/deep_author/works/da-work-66106705.json,SCPPER-CN JSON bundle,841,2f279a20025b084d06fb60121951d97b40be716d47390a504d679bfd61ae54a7,2026-08-14,CC BY-SA 3.0 unless a page records a different compatible notice,段落,
da-author-qblevi-494cde49,QBLevi,da-work-66142500,66142500,崇祯秘史,https://scp-wiki-cn.wikidot.com/chongzhen,https://scp-wiki-cn.wikidot.com/chongzhen,SCP-CN via SCPPER-CN,2018-03-01,,True,single_selected_author,zh,False,False,included,,data/raw/deep_author/works/da-work-66142500.json,SCPPER-CN JSON bundle,29178,97c364e573bb8899aec7695bd4e127bd7d752e997c69b394446dfce8b468f403,2026-08-14,CC BY-SA 3.0 unless a page records a different compatible notice,原创|异学会|故事,
da-author-agent-phage-bc08199e,Agent Phage,da-work-66305179,66305179,五年,https://scp-wiki-cn.wikidot.com/five-years,https://scp-wiki-cn.wikidot.com/five-years,SCP-CN via SCPPER-CN,2018-03-03,,True,excluded_or_unverified,zh,True,True,excluded,not_marked_chinese_original,data/raw/deep_author/works/da-work-66305179.json,SCPPER-CN JSON bundle,806,5443bf3bc9bab1f9386ff38344b5edc6f07df41ecc723d0a4407fabe0a5c55eb,2026-08-14,CC BY-SA 3.0 unless a page records a different compatible notice,sotm|故事,
da-author-re-spectators-464e4708,Re_spectators,da-work-66375665,66375665,SCP-CN-620,https://scp-wiki-cn.wikidot.com/fragment:scp-cn-620-01,https://scp-wiki-cn.wikidot.com/fragment:scp-cn-620-01,SCP-CN via SCPPER-CN,2018-03-04,,True,excluded_or_unverified,zh,True,True,excluded,not_marked_chinese_original,data/raw/deep_author/works/da-work-66375665.json,SCPPER-CN JSON bundle,785,1f4af15b2da860cfc82aee96c51de00856ffefdf0389b8885c2941bd3c813c59,2026-08-14,CC BY-SA 3.0 unless a page records a different compatible notice,段落,
da-author-re-spectators-464e4708,Re_spectators,da-work-66376104,66376104,SCP-CN-620,https://scp-wiki-cn.wikidot.com/fragment:scp-cn-620-02,https://scp-wiki-cn.wikidot.com/fragment:scp-cn-620-02,SCP-CN via SCPPER-CN,2018-03-04,,True,excluded_or_unverified,zh,True,True,excluded,not_marked_chinese_original,data/raw/deep_author/works/da-work-66376104.json,SCPPER-CN JSON bundle,815,53547344be9029d4c07f0579d5fa20b40ce1bef1b035fd88ebace129807f79ca,2026-08-14,CC BY-SA 3.0 unless a page records a different compatible notice,段落,
da-author-re-spectators-464e4708,Re_spectators,da-work-66381882,66381882,五角场,https://scp-wiki-cn.wikidot.com/scp-cn-620,https://scp-wiki-cn.wikidot.com/scp-cn-620,SCP-CN via SCPPER-CN,2018-03-04,,True,single_selected_author,zh,False,False,included,,data/raw/deep_author/works/da-work-66381882.json,SCPPER-CN JSON bundle,11847,0d06e67f94a27b96c969ce1551f33697853e87f23f6b125ca29a646e37fa7386,2026-08-14,CC BY-SA 3.0 unless a page records a different compatible notice,keter|scp|人造物品|原创|异学会|文言文|破碎之神教会,
da-author-re-spectators-464e4708,Re_spectators,da-work-66450039,66450039,破碎的创世纪,https://scp-wiki-cn.wikidot.com/mechanical-genesis,https://scp-wiki-cn.wikidot.com/mechanical-genesis,SCP-CN via SCPPER-CN,2018-03-05,,True,single_selected_author,zh,False,False,included,,data/raw/deep_author/works/da-work-66450039.json,SCPPER-CN JSON bundle,34354,4b6f9aa8b262db2e496c682e70c441389dffe261ee769bb24e0806b6a451915c,2026-08-14,CC BY-SA 3.0 unless a page records a different compatible notice,site-cn-91|原创|故事|破碎之神教会,
da-author-re-spectators-464e4708,Re_spectators,da-work-66896600,66896600,Site-CN-13,https://scp-wiki-cn.wikidot.com/scp-cn-313,https://scp-wiki-cn.wikidot.com/scp-cn-313,SCP-CN via SCPPER-CN,2018-03-10,,True,single_selected_author,zh,False,False,included,,data/raw/deep_author/works/da-work-66896600.json,SCPPER-CN JSON bundle,37581,d30a6e05ad7d938493a9ea1206aed4aaa4aa5ef899f8ae7bb68a3011731cf477,2026-08-14,CC BY-SA 3.0 unless a page records a different compatible notice,area-cn-07|keter|k级情景|scp|原创|预测性,
da-author-breaddddd-d9923f3d,breaddddd,da-work-66936351,66936351,烘焙交响乐,https://scp-wiki-cn.wikidot.com/scp-cn-424,https://scp-wiki-cn.wikidot.com/scp-cn-424,SCP-CN via SCPPER-CN,2018-03-11,,True,single_selected_author,zh,False,False,included,,data/raw/deep_author/works/da-work-66936351.json,SCPPER-CN JSON bundle,39984,f1494f9839ff8882e78ab763ebc2cc07ca532b9c4f83e21c734358385436c75c,2026-08-14,CC BY-SA 3.0 unless a page records a different compatible notice,euclid|scp|site-cn-34|原创|感知影响|成瘾性|音乐性|食物,
da-author-re-spectators-464e4708,Re_spectators,da-work-66984978,66984978,SCP-CN-991,https://scp-wiki-cn.wikidot.com/1999-2,https://scp-wiki-cn.wikidot.com/1999-2,SCP-CN via SCPPER-CN,2018-03-12,,True,single_selected_author,zh,False,False,included,,data/raw/deep_author/works/da-work-66984978.json,SCPPER-CN JSON bundle,99557,93c9a1a8490413c90473338d92471ad7e4049c9c4f835a967efdbc700aa032c4,2026-08-14,CC BY-SA 3.0 unless a page records a different compatible notice,原创|补充材料,
da-author-re-spectators-464e4708,Re_spectators,da-work-66985017,66985017,1999,https://scp-wiki-cn.wikidot.com/scp-cn-991,https://scp-wiki-cn.wikidot.com/scp-cn-991,SCP-CN via SCPPER-CN,2018-03-12,,True,single_selected_author,zh,False,False,included,,data/raw/deep_author/works/da-work-66985017.json,SCPPER-CN JSON bundle,19561,5d9d531fa63a382c653c8fda6e5f8a1fdceb5c70a6f71feb5a82c5b0465bcecb,2026-08-14,CC BY-SA 3.0 unless a page records a different compatible notice,area-cn-07|euclid|scp|历史性|原创|现实扭曲,
da-author-re-spectators-464e4708,Re_spectators,da-work-66987732,66987732,一切必将终结。,https://scp-wiki-cn.wikidot.com/re-spectator-s-personnel-file,https://scp-wiki-cn.wikidot.com/re-spectator-s-personnel-file,SCP-CN via SCPPER-CN,2018-03-12,,True,excluded_or_unverified,zh,False,True,excluded,structural_or_non_work_page,data/raw/deep_author/works/da-work-66987732.json,SCPPER-CN JSON bundle,923,e93b2a3a7b2947b56435af6e0b6ccac88ba5374431bcd2f3d7264cc1a3e96389,2026-08-14,CC BY-SA 3.0 unless a page records a different compatible notice,作者|原创|图像保留权利,
da-author-breaddddd-d9923f3d,breaddddd,da-work-67084153,67084153,面包菌的一号胶带仓库,https://scp-wiki-cn.wikidot.com/breaddddd-art-1,https://scp-wiki-cn.wikidot.com/breaddddd-art-1,SCP-CN via SCPPER-CN,2018-03-15,,True,excluded_or_unverified,zh,False,True,excluded,structural_or_non_work_page,data/raw/deep_author/works/da-work-67084153.json,SCPPER-CN JSON bundle,1061,4cc073f68907bac209e66370be1c05b83ccf398191225640ccc05d9f29d5c804,2026-08-14,CC BY-SA 3.0 unless a page records a different compatible notice,原创|艺术作品,
da-author-qblevi-494cde49,QBLevi,da-work-67086107,67086107,叄肆奇妙冒险第①话,https://scp-wiki-cn.wikidot.com/34ba1,https://scp-wiki-cn.wikidot.com/34ba1,SCP-CN via SCPPER-CN,2018-03-15,,True,single_selected_author,zh,False,False,included,,data/raw/deep_author/works/da-work-67086107.json,SCPPER-CN JSON bundle,22291,b611ad3d01bc3ee82d814599c504fa4054e1888b4fe500a1b72adaece90cbcbe,2026-08-14,CC BY-SA 3.0 unless a page records a different compatible notice,crossover项目|site-cn-34|原创|故事,
da-author-qblevi-494cde49,QBLevi,da-work-67086295,67086295,叄肆奇妙冒险第②话,https://scp-wiki-cn.wikidot.com/34ba2,https://scp-wiki-cn.wikidot.com/34ba2,SCP-CN via SCPPER-CN,2018-03-15,,True,single_selected_author,zh,False,False,included,,data/raw/deep_author/works/da-work-67086295.json,SCPPER-CN JSON bundle,48412,d5dab1f7da145af129fbcad83fcb314cc37a9865a36af3924d42dfce15ac48c7,2026-08-14,CC BY-SA 3.0 unless a page records a different compatible notice,crossover项目|site-cn-34|原创|故事,
da-author-breaddddd-d9923f3d,breaddddd,da-work-67198014,67198014,大画幅相机,https://scp-wiki-cn.wikidot.com/scp-2626,https://scp-wiki-cn.wikidot.com/scp-2626,SCP-CN via SCPPER-CN,2018-03-18,,True,excluded_or_unverified,zh,True,True,excluded,not_marked_chinese_original,data/raw/deep_author/works/da-work-67198014.json,SCPPER-CN JSON bundle,990,874f60457ffc03920ea9000905aed78eccc02ebafcc550ac1bc59900544c1643,2026-08-14,CC BY-SA 3.0 unless a page records a different compatible notice,crom:series-3|safe|scp|人造物品|摄像|机械|艺术性|视觉性|认知危害|记录,
da-author-re-spectators-464e4708,Re_spectators,da-work-67574727,67574727,混沌之渊,https://scp-wiki-cn.wikidot.com/scp-cn-492,https://scp-wiki-cn.wikidot.com/scp-cn-492,SCP-CN via SCPPER-CN,2018-03-24,,True,single_selected_author,zh,False,False,excluded,insufficient_extracted_chinese_text,data/raw/deep_author/works/da-work-67574727.json,SCPPER-CN JSON bundle,12147,6535b9e31a3bbf747b3f85c8951a5219d411af54f21a8513654ca279b4abf9e2,2026-08-14,CC BY-SA 3.0 unless a page records a different compatible notice,keter|scp|动物|原创|异学会|欲肉教|水生,
da-author-agent-phage-bc08199e,Agent Phage,da-work-67618533,67618533,档案 - FSF 运输者号,https://scp-wiki-cn.wikidot.com/dossier-fsf-delivery,https://scp-wiki-cn.wikidot.com/dossier-fsf-delivery,SCP-CN via SCPPER-CN,2018-03-25,,True,excluded_or_unverified,zh,True,True,excluded,not_marked_chinese_original,data/raw/deep_author/works/da-work-67618533.json,SCPPER-CN JSON bundle,755,9758c6dca041821a1d1e16a4941b4606c54e1b4599b6870066561e1a7c67dae2,2026-08-14,CC BY-SA 3.0 unless a page records a different compatible notice,sotm|故事,
da-author-agent-phage-bc08199e,Agent Phage,da-work-67619757,67619757,春眠不觉晓,https://scp-wiki-cn.wikidot.com/chun-mian-bu-jue-xiao,https://scp-wiki-cn.wikidot.com/chun-mian-bu-jue-xiao,SCP-CN via SCPPER-CN,2018-03-25,,True,single_selected_author,zh,False,False,included,,data/raw/deep_author/works/da-work-67619757.json,SCPPER-CN JSON bundle,41574,3ba602f41da695a06f6acecfc26fbbeb4cd343043affa992c180c35a5b8abc4b,2026-08-14,CC BY-SA 3.0 unless a page records a different compatible notice,原创|故事,
da-author-mscarlet-78b5e8fb,MScarlet,da-work-67697906,67697906,四方桌仙,https://scp-wiki-cn.wikidot.com/scp-cn-440,https://scp-wiki-cn.wikidot.com/scp-cn-440,SCP-CN via SCPPER-CN,2018-03-25,,True,single_selected_author,zh,False,False,included,,data/raw/deep_author/works/da-work-67697906.json,SCPPER-CN JSON bundle,62988,c48a5b12cd1d7ebd943f167a452c2142854bf2c8246f6d4b28187f1f13a0f28a,2026-08-14,CC BY-SA 3.0 unless a page records a different compatible notice,_ms|safe|scp|site-cn-71|人造物品|原创|岿阳派|概率性|游戏|精神影响,
da-author-breaddddd-d9923f3d,breaddddd,da-work-67753651,67753651,游戏机场,https://scp-wiki-cn.wikidot.com/scp-cn-747,https://scp-wiki-cn.wikidot.com/scp-cn-747,SCP-CN via SCPPER-CN,2018-03-26,,True,single_selected_author,zh,False,False,included,,data/raw/deep_author/works/da-work-67753651.json,SCPPER-CN JSON bundle,45369,a853fc490f587690ee9ad8e624e3e808ed903ec0aef14d877e01bfc8009c44f8,2026-08-14,CC BY-SA 3.0 unless a page records a different compatible notice,euclid|letters娱乐|scp|site-cn-34|传送|原创|建筑|游戏,
da-author-qblevi-494cde49,QBLevi,da-work-69986265,69986265,乌有星,https://scp-wiki-cn.wikidot.com/utoplanet,https://scp-wiki-cn.wikidot.com/utoplanet,SCP-CN via SCPPER-CN,2018-04-01,,True,single_selected_author,zh,False,False,included,,data/raw/deep_author/works/da-work-69986265.json,SCPPER-CN JSON bundle,51198,b919419d966137d737321c6677683c060a847fd2f3d9bd0a1123ee843f3d157f,2026-08-14,CC BY-SA 3.0 unless a page records a different compatible notice,原创|基金会4k|故事,
da-author-qblevi-494cde49,QBLevi,da-work-69994467,69994467,中国分部超常事件记录,https://scp-wiki-cn.wikidot.com/fragment:log-of-extranormal-events-c1,https://scp-wiki-cn.wikidot.com/fragment:log-of-extranormal-events-c1,SCP-CN via SCPPER-CN,2018-04-01,,True,excluded_or_unverified,zh,True,True,excluded,not_marked_chinese_original,data/raw/deep_author/works/da-work-69994467.json,SCPPER-CN JSON bundle,795,d750d4522c215696615db7237edfe9a42194b1f1612355caf663ea065c2ff659,2026-08-14,CC BY-SA 3.0 unless a page records a different compatible notice,段落,
da-author-qblevi-494cde49,QBLevi,da-work-69995504,69995504,SCP-CN-███,https://scp-wiki-cn.wikidot.com/fragment:log-of-extranormal-events-c2,https://scp-wiki-cn.wikidot.com/fragment:log-of-extranormal-events-c2,SCP-CN via SCPPER-CN,2018-04-01,,True,excluded_or_unverified,zh,True,True,excluded,not_marked_chinese_original,data/raw/deep_author/works/da-work-69995504.json,SCPPER-CN JSON bundle,883,e92a7e36abccab32c3846a399d9da5484fed087540f4ff1531c8a342c1f1f973,2026-08-14,CC BY-SA 3.0 unless a page records a different compatible notice,段落,
da-author-qblevi-494cde49,QBLevi,da-work-69995746,69995746,SCP-CN-███,https://scp-wiki-cn.wikidot.com/fragment:log-of-extranormal-events-c3,https://scp-wiki-cn.wikidot.com/fragment:log-of-extranormal-events-c3,SCP-CN via SCPPER-CN,2018-04-01,,True,excluded_or_unverified,zh,True,True,excluded,not_marked_chinese_original,data/raw/deep_author/works/da-work-69995746.json,SCPPER-CN JSON bundle,739,3a56c0721df26ad8fb0b7acdf5896be644f4cfc22d73c10d66500c5862686c9a,2026-08-14,CC BY-SA 3.0 unless a page records a different compatible notice,段落,
da-author-qblevi-494cde49,QBLevi,da-work-69996031,69996031,SCP-CN-001,https://scp-wiki-cn.wikidot.com/fragment:log-of-extranormal-events-c4,https://scp-wiki-cn.wikidot.com/fragment:log-of-extranormal-events-c4,SCP-CN via SCPPER-CN,2018-04-01,,True,excluded_or_unverified,zh,True,True,excluded,not_marked_chinese_original,data/raw/deep_author/works/da-work-69996031.json,SCPPER-CN JSON bundle,781,9faec2c4cd499f26164f713f89dc47075e3ebec724d244bdd2e594d4f34cbc22,2026-08-14,CC BY-SA 3.0 unless a page records a different compatible notice,段落,
da-author-qblevi-494cde49,QBLevi,da-work-69996711,69996711,DLC,https://scp-wiki-cn.wikidot.com/scp-cn-001-j,https://scp-wiki-cn.wikidot.com/scp-cn-001-j,SCP-CN via SCPPER-CN,2018-04-01,,True,single_selected_author,zh,False,False,included,,data/raw/deep_author/works/da-work-69996711.json,SCPPER-CN JSON bundle,4181,df08d6397d13391d5be27bca1c32de653f90960cb1a8f75bde1a7368778390f0,2026-08-14,CC BY-SA 3.0 unless a page records a different compatible notice,001提案|keter|k级情景|scp|原创|搞笑,
da-author-qblevi-494cde49,QBLevi,da-work-69997851,69997851,SCP-CN-001-J档案,https://scp-wiki-cn.wikidot.com/scp-cn-001-j-d,https://scp-wiki-cn.wikidot.com/scp-cn-001-j-d,SCP-CN via SCPPER-CN,2018-04-01,,True,excluded_or_unverified,zh,True,True,excluded,not_marked_chinese_original,data/raw/deep_author/works/da-work-69997851.json,SCPPER-CN JSON bundle,833,ca3d06828182af867ead716f627bee72d96c94d3ef9a7673af52f678b160940b,2026-08-14,CC BY-SA 3.0 unless a page records a different compatible notice,补充材料,
da-author-breaddddd-d9923f3d,breaddddd,da-work-70049850,70049850,昨日回响,https://scp-wiki-cn.wikidot.com/scp-2812,https://scp-wiki-cn.wikidot.com/scp-2812,SCP-CN via SCPPER-CN,2018-04-01,,True,excluded_or_unverified,zh,True,True,excluded,not_marked_chinese_original,data/raw/deep_author/works/da-work-70049850.json,SCPPER-CN JSON bundle,962,f533e0541c1e4f27150a9a063aa14307de719651a94d532937600fcb8b7b140c,2026-08-14,CC BY-SA 3.0 unless a page records a different compatible notice,crom:series-3|euclid|scp|人形生物|传送|工具|强迫性|循环|敌意|电力|自主|隔地促动|音乐性,
da-author-agent-phage-bc08199e,Agent Phage,da-work-70960410,70960410,55名先驱者,https://scp-wiki-cn.wikidot.com/first55,https://scp-wiki-cn.wikidot.com/first55,SCP-CN via SCPPER-CN,2018-04-06,,True,excluded_or_unverified,zh,True,True,excluded,not_marked_chinese_original,data/raw/deep_author/works/da-work-70960410.json,SCPPER-CN JSON bundle,1027,9ffc20b3db4012e97e78e23c3bfbe481678121b627704c7110b0a89c010501fd,2026-08-14,CC BY-SA 3.0 unless a page records a different compatible notice,sotm|全球超自然联盟|故事|格鲁乌p部门,
da-author-mscarlet-78b5e8fb,MScarlet,da-work-71697680,71697680,寂靜的音樂,https://scp-wiki-cn.wikidot.com/scp-cn-570,https://scp-wiki-cn.wikidot.com/scp-cn-570,SCP-CN via SCPPER-CN,2018-04-10,,True,single_selected_author,zh,False,False,included,,data/raw/deep_author/works/da-work-71697680.json,SCPPER-CN JSON bundle,34908,798cfb14990eb6e570c1207924acca70ff65a76d075a7bf8ba369825fad8f63d,2026-08-14,CC BY-SA 3.0 unless a page records a different compatible notice,_ms|safe|scp|site-cn-71|原创|听觉影响|媒体|彼卡洛特|港城江|猫科|音乐性|香城,
da-author-breaddddd-d9923f3d,breaddddd,da-work-72587967,72587967,美颜相机,https://scp-wiki-cn.wikidot.com/scp-cn-412,https://scp-wiki-cn.wikidot.com/scp-cn-412,SCP-CN via SCPPER-CN,2018-04-14,,True,single_selected_author,zh,False,False,included,,data/raw/deep_author/works/da-work-72587967.json,SCPPER-CN JSON bundle,17229,e8d21c9df80bb94bfffb3e94ce4edf9201b78dfdb96416e4b9308c6c7067a426,2026-08-14,CC BY-SA 3.0 unless a page records a different compatible notice,safe|scp|site-cn-34|传染性|原创|摄像|模因|视觉性,
da-author-agent-phage-bc08199e,Agent Phage,da-work-72714936,72714936,探月者,https://scp-wiki-cn.wikidot.com/moonrakers,https://scp-wiki-cn.wikidot.com/moonrakers,SCP-CN via SCPPER-CN,2018-04-15,,True,excluded_or_unverified,zh,True,True,excluded,not_marked_chinese_original,data/raw/deep_author/works/da-work-72714936.json,SCPPER-CN JSON bundle,772,08261023c772a69ac2cccb60a93cc2efaa377e789eb23af1a1e77b08365c7553,2026-08-14,CC BY-SA 3.0 unless a page records a different compatible notice,sotm|故事,
da-author-agent-phage-bc08199e,Agent Phage,da-work-72726577,72726577,液态现实稳定锚,https://scp-wiki-cn.wikidot.com/scp-cn-696,https://scp-wiki-cn.wikidot.com/scp-cn-696,SCP-CN via SCPPER-CN,2018-04-15,,True,single_selected_author,zh,False,False,included,,data/raw/deep_author/works/da-work-72726577.json,SCPPER-CN JSON bundle,48809,0bbf6d0ab9f27c34f5f9b24646d347bbb39d503a3d27fe2cbdff2700b7d83170,2026-08-14,CC BY-SA 3.0 unless a page records a different compatible notice,keter|scp|原创|星际|液体|超维度,
da-author-agent-phage-bc08199e,Agent Phage,da-work-75106730,75106730,SCP-2000 “科幻” 竞赛 中心页,https://scp-wiki-cn.wikidot.com/scp2000contesthub,https://scp-wiki-cn.wikidot.com/scp2000contesthub,SCP-CN via SCPPER-CN,2018-05-05,,True,excluded_or_unverified,zh,True,True,excluded,not_marked_chinese_original,data/raw/deep_author/works/da-work-75106730.json,SCPPER-CN JSON bundle,927,94b2bdf2913d7911188cae9aa81b5f3ff65217611d3b621b935281e376f1618c,2026-08-14,CC BY-SA 3.0 unless a page records a different compatible notice,2000|中心|竞赛,
da-author-agent-phage-bc08199e,Agent Phage,da-work-75311756,75311756,石化，墙中，混凝土,https://scp-wiki-cn.wikidot.com/scp-cn-628,https://scp-wiki-cn.wikidot.com/scp-cn-628,SCP-CN via SCPPER-CN,2018-05-06,,True,single_selected_author,zh,False,False,included,,data/raw/deep_author/works/da-work-75311756.json,SCPPER-CN JSON bundle,39939,3cb8769cf1bfbf9d387af607ee07ec381f3dd6664d64bbd899111e696b851600,2026-08-14,CC BY-SA 3.0 unless a page records a different compatible notice,safe|scp|传染性|原创|病毒,
da-author-qblevi-494cde49,QBLevi,da-work-75381557,75381557,笑脸太阳,https://scp-wiki-cn.wikidot.com/scp-cn-155,https://scp-wiki-cn.wikidot.com/scp-cn-155,SCP-CN via SCPPER-CN,2018-05-07,,True,single_selected_author,zh,False,False,included,,data/raw/deep_author/works/da-work-75381557.json,SCPPER-CN JSON bundle,29317,dc1b7277bd007fa0ac0958faf24fb298d25d069100ef5f387358952fda84dc55,2026-08-14,CC BY-SA 3.0 unless a page records a different compatible notice,scp|site-cn-77|原创|恒星|无效化,
da-author-breaddddd-d9923f3d,breaddddd,da-work-75495595,75495595,旁白,https://scp-wiki-cn.wikidot.com/scp-cn-868,https://scp-wiki-cn.wikidot.com/scp-cn-868,SCP-CN via SCPPER-CN,2018-05-07,,True,single_selected_author,zh,False,False,included,,data/raw/deep_author/works/da-work-75495595.json,SCPPER-CN JSON bundle,41426,a36d8db61badabf3f2af30e270061090c1866e348bf638bd9353d2a640bcd956,2026-08-14,CC BY-SA 3.0 unless a page records a different compatible notice,keter|meta|scp|原创|叙述性|声音|未收容|精神影响,
da-author-agent-phage-bc08199e,Agent Phage,da-work-77150018,77150018,面条虫,https://scp-wiki-cn.wikidot.com/scp-cn-720,https://scp-wiki-cn.wikidot.com/scp-cn-720,SCP-CN via SCPPER-CN,2018-05-12,,True,single_selected_author,zh,False,False,included,,data/raw/deep_author/works/da-work-77150018.json,SCPPER-CN JSON bundle,16051,99551dee0c1c1b6eb92db0ebc6b508fdccee4fbb919e3bb83bc35754c25c0863,2026-08-14,CC BY-SA 3.0 unless a page records a different compatible notice,safe|scp|动物|原创|寄生性|无脊椎动物|活物|生物危害|生物性|眼睛|腐蚀性|蠕虫|逆模因,
da-author-agent-phage-bc08199e,Agent Phage,da-work-77194250,77194250,公款旅游：周末购物,https://scp-wiki-cn.wikidot.com/zhou-mo-gou-wu,https://scp-wiki-cn.wikidot.com/zhou-mo-gou-wu,SCP-CN via SCPPER-CN,2018-05-13,,True,single_selected_author,zh,False,False,included,,data/raw/deep_author/works/da-work-77194250.json,SCPPER-CN JSON bundle,36778,a2d0edbcb02ae67a1d4cedddf0aa3d586fd2d6490f705af17ed4f5dc3af2da99,2026-08-14,CC BY-SA 3.0 unless a page records a different compatible notice,公款旅游|原创|故事,
da-author-mscarlet-78b5e8fb,MScarlet,da-work-77523585,77523585,一切儘歸於鐵,https://scp-wiki-cn.wikidot.com/scp-131-jp,https://scp-wiki-cn.wikidot.com/scp-131-jp,SCP-CN via SCPPER-CN,2018-05-14,,True,excluded_or_unverified,zh,True,True,excluded,not_marked_chinese_original,data/raw/deep_author/works/da-work-77523585.json,SCPPER-CN JSON bundle,954,da99b1329a2d0c45e05419112f775d573bc856d0593e18b90530ca57d3a03e6b,2026-08-14,CC BY-SA 3.0 unless a page records a different compatible notice,05|2017交叉竞赛jp|euclid|jp|scp|人形生物|日本生类创研|热力学|熵|超熵,
da-author-breaddddd-d9923f3d,breaddddd,da-work-78844309,78844309,二合一说明书,https://scp-wiki-cn.wikidot.com/scp-cn-353,https://scp-wiki-cn.wikidot.com/scp-cn-353,SCP-CN via SCPPER-CN,2018-05-18,,True,single_selected_author,zh,False,False,included,,data/raw/deep_author/works/da-work-78844309.json,SCPPER-CN JSON bundle,28675,628e83af2af56000c83c96ad5ac78c996a30ed4e48758e9d4309097b0d5ef6c8,2026-08-14,CC BY-SA 3.0 unless a page records a different compatible notice,letters娱乐|safe|scp|site-cn-34|原创|文件|游戏,
da-author-breaddddd-d9923f3d,breaddddd,da-work-78846026,78846026,SCP-CN-353实验记录,https://scp-wiki-cn.wikidot.com/scp-cn-353-test,https://scp-wiki-cn.wikidot.com/scp-cn-353-test,SCP-CN via SCPPER-CN,2018-05-18,,True,excluded_or_unverified,zh,False,True,excluded,structural_or_non_work_page,data/raw/deep_author/works/da-work-78846026.json,SCPPER-CN JSON bundle,968,d81621cacea6c7b48ce2c6f0e93e5bc54c927efc10f94407473c2556dc276727,2026-08-14,CC BY-SA 3.0 unless a page records a different compatible notice,letters娱乐|原创|合作|实验|补充材料,
da-author-qblevi-494cde49,QBLevi,da-work-81308913,81308913,李维之死,https://scp-wiki-cn.wikidot.com/death-of-levi,https://scp-wiki-cn.wikidot.com/death-of-levi,SCP-CN via SCPPER-CN,2018-05-26,,True,single_selected_author,zh,False,False,included,,data/raw/deep_author/works/da-work-81308913.json,SCPPER-CN JSON bundle,27111,d171e0a3fb8925bed679b1990241ca8ccf937a98bd8f6a2e2d3234e2ff838614,2026-08-14,CC BY-SA 3.0 unless a page records a different compatible notice,1111事件|ob传媒|原创|故事,
da-author-breaddddd-d9923f3d,breaddddd,da-work-81594691,81594691,黑暗料理餐厅,https://scp-wiki-cn.wikidot.com/scp-cn-383,https://scp-wiki-cn.wikidot.com/scp-cn-383,SCP-CN via SCPPER-CN,2018-05-27,,True,single_selected_author,zh,False,False,included,,data/raw/deep_author/works/da-work-81594691.json,SCPPER-CN JSON bundle,31417,4ae03beff469a889cecc7ea397a77def280d03cb47d86b330e807145733fa989,2026-08-14,CC BY-SA 3.0 unless a page records a different compatible notice,euclid|letters娱乐|ob传媒|scp|site-cn-34|原创|建筑|机器人|游戏|食物,
da-author-etinjat-1c584251,Etinjat,da-work-86845638,86845638,异学零壹贰 律召调阳,https://scp-wiki-cn.wikidot.com/yixue012,https://scp-wiki-cn.wikidot.com/yixue012,SCP-CN via SCPPER-CN,2018-06-15,,True,single_selected_author,zh,False,False,included,,data/raw/deep_author/works/da-work-86845638.json,SCPPER-CN JSON bundle,119797,ab2e0b2fbad58150fc5b3bf7c43d0471e5d68b961820d4abe6980204ee27c8da,2026-08-14,CC BY-SA 3.0 unless a page records a different compatible notice,_异学会|goi格式|万劫历数|原创|夏异常|岿阳派|异学会|文言文|欲肉教|火炬之子|狄瓦|破碎之神教会|精品,
da-author-mscarlet-78b5e8fb,MScarlet,da-work-87111229,87111229,本月最高评分的页面,https://scp-wiki-cn.wikidot.com/top-rated-pages-this-month,https://scp-wiki-cn.wikidot.com/top-rated-pages-this-month,SCP-CN via SCPPER-CN,2018-06-16,,True,excluded_or_unverified,zh,True,True,excluded,not_marked_chinese_original,data/raw/deep_author/works/da-work-87111229.json,SCPPER-CN JSON bundle,860,f76ec2a84a9df38ce7098c208480f1180ef36bd833328b96b4e454fd61178f1c,2026-08-14,CC BY-SA 3.0 unless a page records a different compatible notice,中心,
da-author-breaddddd-d9923f3d,breaddddd,da-work-87219256,87219256,拼命工作的一天,https://scp-wiki-cn.wikidot.com/scp-3599,https://scp-wiki-cn.wikidot.com/scp-3599,SCP-CN via SCPPER-CN,2018-06-17,,True,excluded_or_unverified,zh,True,True,excluded,not_marked_chinese_original,data/raw/deep_author/works/da-work-87219256.json,SCPPER-CN JSON bundle,916,3df8d384bc5d235f20d7ae25ddc08eb926288ebae246a807b4b8ee72c22ab6f2,2026-08-14,CC BY-SA 3.0 unless a page records a different compatible notice,crom:series-4|euclid|scp|电脑|精神影响|超维度|门径,
da-author-agent-phage-bc08199e,Agent Phage,da-work-87346869,87346869,安保设施档案：Lunar Area-32,https://scp-wiki-cn.wikidot.com/secure-facility-dossier-lunar-area-32,https://scp-wiki-cn.wikidot.com/secure-facility-dossier-lunar-area-32,SCP-CN via SCPPER-CN,2018-06-18,,True,excluded_or_unverified,zh,True,True,excluded,not_marked_chinese_original,data/raw/deep_author/works/da-work-87346869.json,SCPPER-CN JSON bundle,1066,55626a7b09fd5d6c58e8ddd14adb3132adad0df74641ed1e2c21f75a6e2cb550,2026-08-14,CC BY-SA 3.0 unless a page records a different compatible notice,中心|站点,
da-author-agent-phage-bc08199e,Agent Phage,da-work-87521834,87521834,HAMI-BOMBARD蓝调，Part I,https://scp-wiki-cn.wikidot.com/hamibombard1,https://scp-wiki-cn.wikidot.com/hamibombard1,SCP-CN via SCPPER-CN,2018-06-19,,True,excluded_or_unverified,zh,True,True,excluded,not_marked_chinese_original,data/raw/deep_author/works/da-work-87521834.json,SCPPER-CN JSON bundle,1065,f9ab2dd6ce796736059b6160a2188ff6777ccbf73ba7ea29e40111f00471ac4d,2026-08-14,CC BY-SA 3.0 unless a page records a different compatible notice,sotm|全球超自然联盟|故事|格鲁乌p部门,
da-author-qblevi-494cde49,QBLevi,da-work-87676565,87676565,叄肆奇妙冒险第③话,https://scp-wiki-cn.wikidot.com/34ba3,https://scp-wiki-cn.wikidot.com/34ba3,SCP-CN via SCPPER-CN,2018-06-20,,True,single_selected_author,zh,False,False,included,,data/raw/deep_author/works/da-work-87676565.json,SCPPER-CN JSON bundle,36122,9cbba6626e3502cc15d0d640d39a78efea13b5ed02c1304ad54a0e42e1ee9b72,2026-08-14,CC BY-SA 3.0 unless a page records a different compatible notice,crossover项目|site-cn-34|原创|故事,
da-author-breaddddd-d9923f3d,breaddddd,da-work-89089899,89089899,鸡腿堡,https://scp-wiki-cn.wikidot.com/scp-cn-565,https://scp-wiki-cn.wikidot.com/scp-cn-565,SCP-CN via SCPPER-CN,2018-06-24,,True,single_selected_author,zh,False,False,included,,data/raw/deep_author/works/da-work-89089899.json,SCPPER-CN JSON bundle,61776,a27c3589287e6c0b6d54666a4346a6385e7a9c48fe2c7b4f4d50533e155f248c,2026-08-14,CC BY-SA 3.0 unless a page records a different compatible notice,euclid|scp|site-cn-34|动物|原创|味觉影响|建筑|载具|食物,
da-author-agent-phage-bc08199e,Agent Phage,da-work-90739777,90739777,恒星风中如惊鸿掠过，诀别不须骊歌,https://scp-wiki-cn.wikidot.com/jue-bie-bu-xu-li-ge,https://scp-wiki-cn.wikidot.com/jue-bie-bu-xu-li-ge,SCP-CN via SCPPER-CN,2018-06-30,,True,single_selected_author,zh,False,False,included,,data/raw/deep_author/works/da-work-90739777.json,SCPPER-CN JSON bundle,50987,d5ba9a8aa4eb4935822c93bbac3a8a822f432c31da3858757f2740a2033c0d34,2026-08-14,CC BY-SA 3.0 unless a page records a different compatible notice,sotm|原创|故事,
da-author-mscarlet-78b5e8fb,MScarlet,da-work-91848682,91848682,學生檔案—S11013387,https://scp-wiki-cn.wikidot.com/reg-profile-s11013387,https://scp-wiki-cn.wikidot.com/reg-profile-s11013387,SCP-CN via SCPPER-CN,2018-07-05,,True,single_selected_author,zh,False,False,included,,data/raw/deep_author/works/da-work-91848682.json,SCPPER-CN JSON bundle,70638,a207c77e356298e01320de2766fc9757d68165cab31d3f7642cb7058c3038104,2026-08-14,CC BY-SA 3.0 unless a page records a different compatible notice,_ms|_scc|cc|goi格式|原创|反大麻玩家|小小先生|港城江|精品|香城,
da-author-agent-phage-bc08199e,Agent Phage,da-work-92147887,92147887,学习字母表 中心页,https://scp-wiki-cn.wikidot.com/learning-the-alphabet-hub,https://scp-wiki-cn.wikidot.com/learning-the-alphabet-hub,SCP-CN via SCPPER-CN,2018-07-07,,True,excluded_or_unverified,zh,True,True,excluded,not_marked_chinese_original,data/raw/deep_author/works/da-work-92147887.json,SCPPER-CN JSON bundle,852,0a417d5dfce95d4d5259a5343ccc69cfd583262db1529bb1f8c9d097c7e668bd,2026-08-14,CC BY-SA 3.0 unless a page records a different compatible notice,_故事中心|中心,
da-author-agent-phage-bc08199e,Agent Phage,da-work-93552098,93552098,Dr. Cimmerian的人事档案,https://scp-wiki-cn.wikidot.com/dr-cimmerian-s-personnel-file,https://scp-wiki-cn.wikidot.com/dr-cimmerian-s-personnel-file,SCP-CN via SCPPER-CN,2018-07-15,,True,excluded_or_unverified,zh,True,True,excluded,not_marked_chinese_original,data/raw/deep_author/works/da-work-93552098.json,SCPPER-CN JSON bundle,723,bd61b51ccbad9db60ffaf163f5e885060991e7ef8ed494e5f2f9fe46b6fb9b5b,2026-08-14,CC BY-SA 3.0 unless a page records a different compatible notice,作者,
da-author-breaddddd-d9923f3d,breaddddd,da-work-93948209,93948209,便捷出行电话亭,https://scp-wiki-cn.wikidot.com/scp-cn-583,https://scp-wiki-cn.wikidot.com/scp-cn-583,SCP-CN via SCPPER-CN,2018-07-18,,True,excluded_or_unverified,zh,False,True,excluded,structural_or_non_work_page,data/raw/deep_author/works/da-work-93948209.json,SCPPER-CN JSON bundle,1258,4e96a36ee96f58fcae04da7de6a14146e7a997c4ad3b7b184dd35a964223de03,2026-08-14,CC BY-SA 3.0 unless a page records a different compatible notice,euclid|scp|site-cn-91|不可摧毁|传送|原创|合著|声音|建筑|感知力|智能|载具,
da-author-breaddddd-d9923f3d,breaddddd,da-work-93948210,93948210,一笔兔,https://scp-wiki-cn.wikidot.com/scp-cn-585,https://scp-wiki-cn.wikidot.com/scp-cn-585,SCP-CN via SCPPER-CN,2018-07-18,,True,excluded_or_unverified,zh,False,True,excluded,structural_or_non_work_page,data/raw/deep_author/works/da-work-93948210.json,SCPPER-CN JSON bundle,938,a4ed1109df96b8219c74804eb1cffde45d39d50c7d155d5c6e369cf01241b00f,2026-08-14,CC BY-SA 3.0 unless a page records a different compatible notice,euclid|meta|scp|原创|合著|形态改变,
da-author-breaddddd-d9923f3d,breaddddd,da-work-95136464,95136464,小小世界,https://scp-wiki-cn.wikidot.com/scp-cn-757,https://scp-wiki-cn.wikidot.com/scp-cn-757,SCP-CN via SCPPER-CN,2018-07-25,,True,single_selected_author,zh,False,False,included,,data/raw/deep_author/works/da-work-95136464.json,SCPPER-CN JSON bundle,151656,bb19034ec60e41f48b75d3d1e961df3e6973ca00e3bee650e56d0de269319e7a,2026-08-14,CC BY-SA 3.0 unless a page records a different compatible notice,keter|letters娱乐|scp|site-cn-34|人造物品|原创|建筑|心灵感应|游戏|电脑|精品|记忆影响|逆模因,
da-author-mscarlet-78b5e8fb,MScarlet,da-work-96021240,96021240,立國之本,https://scp-wiki-cn.wikidot.com/foundation-of-the-empire,https://scp-wiki-cn.wikidot.com/foundation-of-the-empire,SCP-CN via SCPPER-CN,2018-07-28,,True,single_selected_author,zh,False,False,included,,data/raw/deep_author/works/da-work-96021240.json,SCPPER-CN JSON bundle,31033,ee8f6bdf58443a63bc3626f245075f160e1aaeb03411ba0da176379b2712fb65,2026-08-14,CC BY-SA 3.0 unless a page records a different compatible notice,2018夏季征文|_ms|wondertainment博士|主题精品|原创|故事,
da-author-agent-phage-bc08199e,Agent Phage,da-work-96065592,96065592,批准改造精神/生理影响性集群意识蠕虫以帮助阻断博拉德综合症患者与外界联系的申请,https://scp-wiki-cn.wikidot.com/grant-request-for-remoulding-worm-to-help-blood,https://scp-wiki-cn.wikidot.com/grant-request-for-remoulding-worm-to-help-blood,SCP-CN via SCPPER-CN,2018-07-29,,True,single_selected_author,zh,False,False,included,,data/raw/deep_author/works/da-work-96065592.json,SCPPER-CN JSON bundle,37488,64875257502b21ed4eb2649ab0f6c464c5d73552bb0f456bb5c2d6e2ba1c0232,2026-08-14,CC BY-SA 3.0 unless a page records a different compatible notice,2018夏季征文|_普罗米修斯实验室|goi格式|原创|普罗米修斯实验室|第三定律|精品,
da-author-qblevi-494cde49,QBLevi,da-work-96997022,96997022,SCP-███,https://scp-wiki-cn.wikidot.com/fragment:qblevi-s-proposal-ii-01,https://scp-wiki-cn.wikidot.com/fragment:qblevi-s-proposal-ii-01,SCP-CN via SCPPER-CN,2018-08-02,,True,excluded_or_unverified,zh,True,True,excluded,not_marked_chinese_original,data/raw/deep_author/works/da-work-96997022.json,SCPPER-CN JSON bundle,928,8ce81efa1e36c7d8ed69bba86cfc6b514d7161783375eef26f97111d5bc072ca,2026-08-14,CC BY-SA 3.0 unless a page records a different compatible notice,段落,
da-author-qblevi-494cde49,QBLevi,da-work-96997569,96997569,SCP-███,https://scp-wiki-cn.wikidot.com/fragment:qblevi-s-proposal-ii-02,https://scp-wiki-cn.wikidot.com/fragment:qblevi-s-proposal-ii-02,SCP-CN via SCPPER-CN,2018-08-02,,True,excluded_or_unverified,zh,True,True,excluded,not_marked_chinese_original,data/raw/deep_author/works/da-work-96997569.json,SCPPER-CN JSON bundle,786,25f22dc5d3f5f5016261c8f29e426a55da44a4da3af9e52238a7711c80f37d0d,2026-08-14,CC BY-SA 3.0 unless a page records a different compatible notice,段落,
da-author-qblevi-494cde49,QBLevi,da-work-96997865,96997865,SCP-CN-001,https://scp-wiki-cn.wikidot.com/fragment:qblevi-s-proposal-ii-03,https://scp-wiki-cn.wikidot.com/fragment:qblevi-s-proposal-ii-03,SCP-CN via SCPPER-CN,2018-08-02,,True,excluded_or_unverified,zh,True,True,excluded,not_marked_chinese_original,data/raw/deep_author/works/da-work-96997865.json,SCPPER-CN JSON bundle,905,b97e41408214900fac4c2c23fc9e69e4d9e0626c8b53b5df826b09c6ad02064b,2026-08-14,CC BY-SA 3.0 unless a page records a different compatible notice,段落,
da-author-qblevi-494cde49,QBLevi,da-work-96998322,96998322,苍穹之上事件记录,https://scp-wiki-cn.wikidot.com/fragment:qblevi-s-proposal-ii-04,https://scp-wiki-cn.wikidot.com/fragment:qblevi-s-proposal-ii-04,SCP-CN via SCPPER-CN,2018-08-02,,True,excluded_or_unverified,zh,True,True,excluded,not_marked_chinese_original,data/raw/deep_author/works/da-work-96998322.json,SCPPER-CN JSON bundle,849,0a3c9ad25ba53c1aae04d5a8bb5cc7b2eb40f187cb836f3dfb1bc814be5e738b,2026-08-14,CC BY-SA 3.0 unless a page records a different compatible notice,段落,
da-author-qblevi-494cde49,QBLevi,da-work-96998778,96998778,苍穹之上,https://scp-wiki-cn.wikidot.com/qblevi-s-proposal-ii,https://scp-wiki-cn.wikidot.com/qblevi-s-proposal-ii,SCP-CN via SCPPER-CN,2018-08-02,,True,single_selected_author,zh,False,False,included,,data/raw/deep_author/works/da-work-96998778.json,SCPPER-CN JSON bundle,5617,8e217d7d59807a5e2aa7e97a88647d8d26b1b470efdf88ca97d3ac59b30d4937,2026-08-14,CC BY-SA 3.0 unless a page records a different compatible notice,001提案|_image|keter|k级情景|nobody|scp|不可摧毁|原创|星际,
da-author-qblevi-494cde49,QBLevi,da-work-97026417,97026417,反恐24小时,https://scp-wiki-cn.wikidot.com/24h,https://scp-wiki-cn.wikidot.com/24h,SCP-CN via SCPPER-CN,2018-08-02,,True,single_selected_author,zh,False,False,included,,data/raw/deep_author/works/da-work-97026417.json,SCPPER-CN JSON bundle,63494,e07dbbb1f19c41ec900e551d721d045c80a14ec929cf41aa7aff7fbc4fecc43b,2026-08-14,CC BY-SA 3.0 unless a page records a different compatible notice,2018夏季征文|ob传媒|site-cn-91|全球超自然联盟|原创|故事|未建立,
da-author-mscarlet-78b5e8fb,MScarlet,da-work-97195798,97195798,熔合收容站點：Site-36,https://scp-wiki-cn.wikidot.com/singularity-site-36,https://scp-wiki-cn.wikidot.com/singularity-site-36,SCP-CN via SCPPER-CN,2018-08-03,,True,single_selected_author,zh,False,False,included,,data/raw/deep_author/works/da-work-97195798.json,SCPPER-CN JSON bundle,131984,146bf740728830c446f68b0b09658ec2ff9809d6378df4c2e86e8bd0bc0e1a89,2026-08-14,CC BY-SA 3.0 unless a page records a different compatible notice,_ms|crossover项目|原创|故事,
da-author-etinjat-1c584251,Etinjat,da-work-99731126,99731126,万里河山沉旧画 百年风雨醉新觞,https://scp-wiki-cn.wikidot.com/history-drowned-in-the-ash-of-memories,https://scp-wiki-cn.wikidot.com/history-drowned-in-the-ash-of-memories,SCP-CN via SCPPER-CN,2018-08-10,,True,single_selected_author,zh,False,False,included,,data/raw/deep_author/works/da-work-99731126.json,SCPPER-CN JSON bundle,67350,04724bf1aaafd32fc5bb7d12559dc3b10cead5fb4764bfab668bf1f7306bcc1b,2026-08-14,CC BY-SA 3.0 unless a page records a different compatible notice,2018夏季征文|alagadda|robert-bumaro|万劫历数|医院|原创|夏异常|大术士亚恩|岿阳派|异学会|故事|文言文|欲肉教|深红之王|火炬之子|狄瓦|破碎之神教会|精品|缢王|诗歌,
da-author-breaddddd-d9923f3d,breaddddd,da-work-101419290,101419290,SCP-CN-757宣传广告,https://scp-wiki-cn.wikidot.com/scp-cn-757-art,https://scp-wiki-cn.wikidot.com/scp-cn-757-art,SCP-CN via SCPPER-CN,2018-08-14,,True,excluded_or_unverified,zh,False,True,excluded,structural_or_non_work_page,data/raw/deep_author/works/da-work-101419290.json,SCPPER-CN JSON bundle,985,cf3de8e96aac5250d9d8bcc9aafa8f08c5056cf846cd5302cbc95ddfdff567a9,2026-08-14,CC BY-SA 3.0 unless a page records a different compatible notice,site-cn-34|原创|合著|艺术作品,
da-author-re-spectators-464e4708,Re_spectators,da-work-102129028,102129028,Area-CN-07-δ,https://scp-wiki-cn.wikidot.com/area-cn-07-4,https://scp-wiki-cn.wikidot.com/area-cn-07-4,SCP-CN via SCPPER-CN,2018-08-16,,True,excluded_or_unverified,zh,True,True,excluded,not_marked_chinese_original,data/raw/deep_author/works/da-work-102129028.json,SCPPER-CN JSON bundle,812,862cb8ff6063ada1306088faaf79a4c501b7fc6fcd31f47213230246fa7993a5,2026-08-14,CC BY-SA 3.0 unless a page records a different compatible notice,area-cn-07|补充材料,
da-author-etinjat-1c584251,Etinjat,da-work-102674405,102674405,诗钞——乐土长歌行,https://scp-wiki-cn.wikidot.com/wanderers:the-poem-that-eternally-wandering-in-paradise-lost,https://scp-wiki-cn.wikidot.com/wanderers:the-poem-that-eternally-wandering-in-paradise-lost,SCP-CN via SCPPER-CN,2018-08-18,,True,single_selected_author,zh,False,False,included,,data/raw/deep_author/works/da-work-102674405.json,SCPPER-CN JSON bundle,26438,8e098869798e0f884b690181f1f2101cb7d101867e612be6b035107daf157fa0,2026-08-14,CC BY-SA 3.0 unless a page records a different compatible notice,wanderers|历史|原创|日记|狱卒|琅嬛福地藏书阁|记载|韵文,
da-author-qblevi-494cde49,QBLevi,da-work-103791839,103791839,基金会内参（2018年8月刊）,https://scp-wiki-cn.wikidot.com/personofaugust,https://scp-wiki-cn.wikidot.com/personofaugust,SCP-CN via SCPPER-CN,2018-08-22,,True,single_selected_author,zh,False,False,included,,data/raw/deep_author/works/da-work-103791839.json,SCPPER-CN JSON bundle,7911,4ad295e1c95abd0aec365688be5a68d5412cd983ff80c8d2fca222f046eea9be,2026-08-14,CC BY-SA 3.0 unless a page records a different compatible notice,原创|故事|看图说话-香蒲,
da-author-etinjat-1c584251,Etinjat,da-work-103862417,103862417,关于一次收容失效的详细报告,https://scp-wiki-cn.wikidot.com/breach,https://scp-wiki-cn.wikidot.com/breach,SCP-CN via SCPPER-CN,2018-08-22,,True,excluded_or_unverified,zh,False,True,excluded,structural_or_non_work_page,data/raw/deep_author/works/da-work-103862417.json,SCPPER-CN JSON bundle,919,ec10ade01583e90211b6dee97857e5befde987ef1f5eb8af5a7d80eeb0b2739f,2026-08-14,CC BY-SA 3.0 unless a page records a different compatible notice,05|crossover项目|原创|合著|搞笑|故事,
da-author-agent-phage-bc08199e,Agent Phage,da-work-104815943,104815943,抱着蟑螂睡一觉,https://scp-wiki-cn.wikidot.com/scp-cn-933,https://scp-wiki-cn.wikidot.com/scp-cn-933,SCP-CN via SCPPER-CN,2018-08-25,,True,single_selected_author,zh,False,False,included,,data/raw/deep_author/works/da-work-104815943.json,SCPPER-CN JSON bundle,14899,a2497088f9c52a5f6f10189637a72cdc00247f327c5aec0e6553ade579f477af,2026-08-14,CC BY-SA 3.0 unless a page records a different compatible notice,safe|scp|动物|原创|循环|昆虫|星际|节肢动物,
da-author-mscarlet-78b5e8fb,MScarlet,da-work-105849713,105849713,圣克里斯汀娜书院版式,https://scp-wiki-cn.wikidot.com/component:cc-theme,https://scp-wiki-cn.wikidot.com/component:cc-theme,SCP-CN via SCPPER-CN,2018-08-29,,True,excluded_or_unverified,zh,False,True,excluded,structural_or_non_work_page,data/raw/deep_author/works/da-work-105849713.json,SCPPER-CN JSON bundle,808,252e69aa6d55be5e00d6189b3501a45b6f5fb0b2dc1162c2e0d74189fbca1c1b,2026-08-14,CC BY-SA 3.0 unless a page records a different compatible notice,原创|版式,
da-author-breaddddd-d9923f3d,breaddddd,da-work-106475257,106475257,Letters娱乐主页,https://scp-wiki-cn.wikidot.com/letters,https://scp-wiki-cn.wikidot.com/letters,SCP-CN via SCPPER-CN,2018-09-02,,True,excluded_or_unverified,zh,False,True,excluded,structural_or_non_work_page,data/raw/deep_author/works/da-work-106475257.json,SCPPER-CN JSON bundle,867,8df802c444dfdf3b810f4edbb3aad2fd06e9ff06422c7268a6fc5f7bcf83d311,2026-08-14,CC BY-SA 3.0 unless a page records a different compatible notice,letters娱乐|中心|原创,
da-author-breaddddd-d9923f3d,breaddddd,da-work-106600352,106600352,艺术作品 SCP-2300周期表小人,https://scp-wiki-cn.wikidot.com/gengo,https://scp-wiki-cn.wikidot.com/gengo,SCP-CN via SCPPER-CN,2018-09-03,,True,excluded_or_unverified,zh,True,True,excluded,not_marked_chinese_original,data/raw/deep_author/works/da-work-106600352.json,SCPPER-CN JSON bundle,771,c6c2cae25606ddef0b33084c1f870890022f033aa5abb9b2f973ebe2ee1a5f57,2026-08-14,CC BY-SA 3.0 unless a page records a different compatible notice,jp|艺术作品,
da-author-agent-phage-bc08199e,Agent Phage,da-work-106634300,106634300,虚渊矽宇鲸,https://scp-wiki-cn.wikidot.com/scp-cn-813,https://scp-wiki-cn.wikidot.com/scp-cn-813,SCP-CN via SCPPER-CN,2018-09-04,,True,single_selected_author,zh,False,False,included,,data/raw/deep_author/works/da-work-106634300.json,SCPPER-CN JSON bundle,33430,93ac546db91bf1eb8c1cfd6df82da265193594cf5c9c8f0583c82009c4918afa,2026-08-14,CC BY-SA 3.0 unless a page records a different compatible notice,safe|scp|spi|原创|掠食性|星际|矽宇市|迷宫|鲸类,
da-author-etinjat-1c584251,Etinjat,da-work-106838529,106838529,迷失之忆,https://scp-wiki-cn.wikidot.com/fragment:rollback-01,https://scp-wiki-cn.wikidot.com/fragment:rollback-01,SCP-CN via SCPPER-CN,2018-09-07,,True,excluded_or_unverified,zh,True,True,excluded,not_marked_chinese_original,data/raw/deep_author/works/da-work-106838529.json,SCPPER-CN JSON bundle,768,4a8d4697096f0b6474c444daad84ee6a1fb349d3b8139f0f0fab37afbf038c7b,2026-08-14,CC BY-SA 3.0 unless a page records a different compatible notice,段落,
da-author-etinjat-1c584251,Etinjat,da-work-107004721,107004721,● REC : 浮生掠影,https://scp-wiki-cn.wikidot.com/rollback,https://scp-wiki-cn.wikidot.com/rollback,SCP-CN via SCPPER-CN,2018-09-12,,True,excluded_or_unverified,zh,False,True,excluded,structural_or_non_work_page,data/raw/deep_author/works/da-work-107004721.json,SCPPER-CN JSON bundle,1088,0198a336839687f4645c1505276052aa495c350a45fb0e62add603b4f7abe323,2026-08-14,CC BY-SA 3.0 unless a page records a different compatible notice,05|crossover项目|nobody|互动性|原创|合著|故事|欲肉教|看图说话-香蒲|破碎之神教会|缢王|赫曼·富勒,
da-author-agent-phage-bc08199e,Agent Phage,da-work-107297856,107297856,再非静滞时空,https://scp-wiki-cn.wikidot.com/scp-cn-738,https://scp-wiki-cn.wikidot.com/scp-cn-738,SCP-CN via SCPPER-CN,2018-09-16,,True,single_selected_author,zh,False,False,included,,data/raw/deep_author/works/da-work-107297856.json,SCPPER-CN JSON bundle,46485,6026560d5de9b476632353be2f135b06a104e67d3bac5d9e6b38c32ae4ea6c6e,2026-08-14,CC BY-SA 3.0 unless a page records a different compatible notice,keter|k级情景|scp|不可移动|原创|时间影响|月球|矽宇市|空间影响|迷宫|重力影响,
da-author-qblevi-494cde49,QBLevi,da-work-107329691,107329691,凌晨星,https://scp-wiki-cn.wikidot.com/weeplanet,https://scp-wiki-cn.wikidot.com/weeplanet,SCP-CN via SCPPER-CN,2018-09-18,,True,single_selected_author,zh,False,False,included,,data/raw/deep_author/works/da-work-107329691.json,SCPPER-CN JSON bundle,34333,d404fd721be8684375709b6e788d6b4dd89c627446cce46caa8243d90d295f23,2026-08-14,CC BY-SA 3.0 unless a page records a different compatible notice,sotm|原创|基金会4k|故事,
da-author-etinjat-1c584251,Etinjat,da-work-107596043,107596043,登入应急系统,https://scp-wiki-cn.wikidot.com/fragment:scp-cn-866-01,https://scp-wiki-cn.wikidot.com/fragment:scp-cn-866-01,SCP-CN via SCPPER-CN,2018-09-24,,True,excluded_or_unverified,zh,True,True,excluded,not_marked_chinese_original,data/raw/deep_author/works/da-work-107596043.json,SCPPER-CN JSON bundle,799,83de744f471a668a1f133217b68bc1849c80241b9f76f4240447228e43e9c38c,2026-08-14,CC BY-SA 3.0 unless a page records a different compatible notice,段落,
da-author-etinjat-1c584251,Etinjat,da-work-107596118,107596118,SCP-CN-866(已锁定),https://scp-wiki-cn.wikidot.com/fragment:scp-cn-866-02,https://scp-wiki-cn.wikidot.com/fragment:scp-cn-866-02,SCP-CN via SCPPER-CN,2018-09-24,,True,excluded_or_unverified,zh,True,True,excluded,not_marked_chinese_original,data/raw/deep_author/works/da-work-107596118.json,SCPPER-CN JSON bundle,1193,3339e9c4de159d43dd5500f9122251d1c95751bcc6ccd8adf787bbdb679bff30,2026-08-14,CC BY-SA 3.0 unless a page records a different compatible notice,段落,
da-author-qblevi-494cde49,QBLevi,da-work-107823928,107823928,叄肆奇妙冒险最终话,https://scp-wiki-cn.wikidot.com/34bae,https://scp-wiki-cn.wikidot.com/34bae,SCP-CN via SCPPER-CN,2018-09-27,,True,single_selected_author,zh,False,False,included,,data/raw/deep_author/works/da-work-107823928.json,SCPPER-CN JSON bundle,24456,fb70187aa178dabcc624d3170cbefa292cc0447304e66e5ded246518881b7ac0,2026-08-14,CC BY-SA 3.0 unless a page records a different compatible notice,crossover项目|site-cn-34|原创|故事,
da-author-etinjat-1c584251,Etinjat,da-work-108601495,108601495,净莲宝卷——花开福地劝民序歌,https://scp-wiki-cn.wikidot.com/wanderers:the-gospel-of-lotus-that-bloom-in-the-wonderland,https://scp-wiki-cn.wikidot.com/wanderers:the-gospel-of-lotus-that-bloom-in-the-wonderland,SCP-CN via SCPPER-CN,2018-10-01,,True,single_selected_author,zh,False,False,included,,data/raw/deep_author/works/da-work-108601495.json,SCPPER-CN JSON bundle,8437,055e558956506c35b1c416b030883c62ec25b75cebbce049a789ac749f35879d,2026-08-14,CC BY-SA 3.0 unless a page records a different compatible notice,wanderers|原创|宗教性|文言文|日记|琅嬛福地藏书阁|记载|韵文,
da-author-etinjat-1c584251,Etinjat,da-work-111176355,111176355,慨 歌 终 古,https://scp-wiki-cn.wikidot.com/fragment:scp-cn-866-03,https://scp-wiki-cn.wikidot.com/fragment:scp-cn-866-03,SCP-CN via SCPPER-CN,2018-10-04,,True,excluded_or_unverified,zh,True,True,excluded,not_marked_chinese_original,data/raw/deep_author/works/da-work-111176355.json,SCPPER-CN JSON bundle,916,f304156bf4064a77091da7c877b31b712b4ad4b8c51815cf3a6d3ec23f49a3e1,2026-08-14,CC BY-SA 3.0 unless a page records a different compatible notice,段落,
da-author-etinjat-1c584251,Etinjat,da-work-111231467,111231467,╠       篡史者滚！,https://scp-wiki-cn.wikidot.com/scp-cn-866,https://scp-wiki-cn.wikidot.com/scp-cn-866,SCP-CN via SCPPER-CN,2018-10-04,,True,excluded_or_unverified,zh,False,True,excluded,structural_or_non_work_page,data/raw/deep_author/works/da-work-111231467.json,SCPPER-CN JSON bundle,1989,6a4d90d451cc8791a5598c5dfa6bde5a53168ac29e510fdae920df2cebe44c2d,2026-08-14,CC BY-SA 3.0 unless a page records a different compatible notice,apollyon|k级情景|meta|nobody|scp|site-cn-03|互动性|信息危害|原创|合著|声音|感知力|敌意|时空|模因|现实扭曲|相啸魔|管理员|精神影响|认知危害|逆模因,
da-author-etinjat-1c584251,Etinjat,da-work-112329273,112329273,启动ERRORR!!!,https://scp-wiki-cn.wikidot.com/fragment:scp-cn-866-04,https://scp-wiki-cn.wikidot.com/fragment:scp-cn-866-04,SCP-CN via SCPPER-CN,2018-10-05,,True,excluded_or_unverified,zh,True,True,excluded,not_marked_chinese_original,data/raw/deep_author/works/da-work-112329273.json,SCPPER-CN JSON bundle,910,fbae251449c322f4d640898dbb5bc69765b6da1d66dc3929e7a478540d26e4b5,2026-08-14,CC BY-SA 3.0 unless a page records a different compatible notice,段落,
da-author-etinjat-1c584251,Etinjat,da-work-112331489,112331489,Scp Cn 866 （ 已suoding ）,https://scp-wiki-cn.wikidot.com/fragment:scp-cn-866-05,https://scp-wiki-cn.wikidot.com/fragment:scp-cn-866-05,SCP-CN via SCPPER-CN,2018-10-05,,True,excluded_or_unverified,zh,True,True,excluded,not_marked_chinese_original,data/raw/deep_author/works/da-work-112331489.json,SCPPER-CN JSON bundle,824,7a53ad51ff49dbdad2f62d45082acd0cf571567534322d3d2c205935b53e8172,2026-08-14,CC BY-SA 3.0 unless a page records a different compatible notice,段落,
da-author-etinjat-1c584251,Etinjat,da-work-117860200,117860200,国风——下民,https://scp-wiki-cn.wikidot.com/wanderers:the-ballad-that-poor-man,https://scp-wiki-cn.wikidot.com/wanderers:the-ballad-that-poor-man,SCP-CN via SCPPER-CN,2018-10-06,,True,single_selected_author,zh,False,False,included,,data/raw/deep_author/works/da-work-117860200.json,SCPPER-CN JSON bundle,21533,410ab53280a1b501c566a43a827453a01c5ed472829df2daa93782a626eb996f,2026-08-14,CC BY-SA 3.0 unless a page records a different compatible notice,wanderers|历史|原创|日记|琅嬛福地藏书阁|记载|韵文,
da-author-breaddddd-d9923f3d,breaddddd,da-work-120693103,120693103,现在我的手中抓住了希望！,https://scp-wiki-cn.wikidot.com/scp-cn-648-j,https://scp-wiki-cn.wikidot.com/scp-cn-648-j,SCP-CN via SCPPER-CN,2018-10-07,,True,excluded_or_unverified,zh,False,True,excluded,structural_or_non_work_page,data/raw/deep_author/works/da-work-120693103.json,SCPPER-CN JSON bundle,984,b9e9ea6847a3bec25fc637f0cfbcce853c953b3032acb11c05a94cfe24a95eaf,2026-08-14,CC BY-SA 3.0 unless a page records a different compatible notice,euclid|meta|scp|互动性|原创|合著|搞笑|概率性|精品|精神影响|线上,
da-author-agent-phage-bc08199e,Agent Phage,da-work-120861372,120861372,‘起源弹’(T3Y44/ML520/SH28J),https://scp-wiki-cn.wikidot.com/origin-bullet-t3y44-ml520-sh28j,https://scp-wiki-cn.wikidot.com/origin-bullet-t3y44-ml520-sh28j,SCP-CN via SCPPER-CN,2018-10-07,,True,single_selected_author,zh,False,False,included,,data/raw/deep_author/works/da-work-120861372.json,SCPPER-CN JSON bundle,38413,009b7fc720b775c5c374627d148208c0d373802a35c2bfcf190de6e42e8bb1ee,2026-08-14,CC BY-SA 3.0 unless a page records a different compatible notice,_mc&d|goi格式|linkage|mc&d|原创|矽宇市|破碎之神教会|精品|迷宫,
da-author-breaddddd-d9923f3d,breaddddd,da-work-130279409,130279409,思乡画家的作品,https://scp-wiki-cn.wikidot.com/scp-3314,https://scp-wiki-cn.wikidot.com/scp-3314,SCP-CN via SCPPER-CN,2018-10-10,,True,excluded_or_unverified,zh,True,True,excluded,not_marked_chinese_original,data/raw/deep_author/works/da-work-130279409.json,SCPPER-CN JSON bundle,975,b5637771058e74e1fd47b1f59aeb6b4d8d143ab3d781ed42e60967b7535ae3de,2026-08-14,CC BY-SA 3.0 unless a page records a different compatible notice,crom:series-4|safe|scp|声音|幻觉|感知影响|艺术性|观察影响|视觉性,
da-author-etinjat-1c584251,Etinjat,da-work-138031692,138031692,龙王胆,https://scp-wiki-cn.wikidot.com/scp-cn-681,https://scp-wiki-cn.wikidot.com/scp-cn-681,SCP-CN via SCPPER-CN,2018-10-11,,True,excluded_or_unverified,zh,False,True,excluded,structural_or_non_work_page,data/raw/deep_author/works/da-work-138031692.json,SCPPER-CN JSON bundle,1094,21e1a034179f077227cc208abeb552adc29803c6e7f13861b924b3ed2019341a,2026-08-14,CC BY-SA 3.0 unless a page records a different compatible notice,ijamea|safe|scp|历史性|原创|合著|尸体|异学会|文言文|气象|认知危害,
da-author-etinjat-1c584251,Etinjat,da-work-151871452,151871452,诗,https://scp-wiki-cn.wikidot.com/fragment:the-poem-that-national-humiliation,https://scp-wiki-cn.wikidot.com/fragment:the-poem-that-national-humiliation,SCP-CN via SCPPER-CN,2018-10-12,,True,excluded_or_unverified,zh,True,True,excluded,not_marked_chinese_original,data/raw/deep_author/works/da-work-151871452.json,SCPPER-CN JSON bundle,1009,5e97c06f1d0e879dbb3e884b59575683696b3058d38c31e6a8463a6039509726,2026-08-14,CC BY-SA 3.0 unless a page records a different compatible notice,段落,
da-author-agent-phage-bc08199e,Agent Phage,da-work-171135627,171135627,LTE-1969-Blaecca-Ford-Osmanthus-Spiral,https://scp-wiki-cn.wikidot.com/lte-1969-blaecca-ford-osmanthus-spiral,https://scp-wiki-cn.wikidot.com/lte-1969-blaecca-ford-osmanthus-spiral,SCP-CN via SCPPER-CN,2018-10-17,,True,single_selected_author,zh,False,False,included,,data/raw/deep_author/works/da-work-171135627.json,SCPPER-CN JSON bundle,54716,619c5093dce2a23251270b8673155f519a8a5e5d7be860aac5626d2bd778d13e,2026-08-14,CC BY-SA 3.0 unless a page records a different compatible notice,_全球超自然联盟|goi格式|linkage|全球超自然联盟|原创|矽宇市|破碎之神教会|迷宫,
da-author-etinjat-1c584251,Etinjat,da-work-179577128,179577128,辉羽宝卷——圣教会苏生明王偈,https://scp-wiki-cn.wikidot.com/the-gospel-of-lightfeather-the-hymn-of-lord-bright,https://scp-wiki-cn.wikidot.com/the-gospel-of-lightfeather-the-hymn-of-lord-bright,SCP-CN via SCPPER-CN,2018-10-19,,True,single_selected_author,zh,False,False,excluded,insufficient_extracted_chinese_text,data/raw/deep_author/works/da-work-179577128.json,SCPPER-CN JSON bundle,10706,9153d8a897dbe681f2bf0ab4425ad58d86dd4ef173c9c88693a30ce82ad076c5,2026-08-14,CC BY-SA 3.0 unless a page records a different compatible notice,bright博士|原创|故事|教会博士|诗歌,
da-author-mscarlet-78b5e8fb,MScarlet,da-work-186207437,186207437,SCP-CN-1000 “流传” 竞赛中心页,https://scp-wiki-cn.wikidot.com/scpcn1000contesthub,https://scp-wiki-cn.wikidot.com/scpcn1000contesthub,SCP-CN via SCPPER-CN,2018-10-20,,True,excluded_or_unverified,zh,False,True,excluded,structural_or_non_work_page,data/raw/deep_author/works/da-work-186207437.json,SCPPER-CN JSON bundle,1361,5434973ddeffe87e0472221ac6970e25aaf46ed2d0a28ab04753f2df6abe32a4,2026-08-14,CC BY-SA 3.0 unless a page records a different compatible notice,cn1000|中心|原创|竞赛,
da-author-mscarlet-78b5e8fb,MScarlet,da-work-190106104,190106104,SCP-CN系列 2,https://scp-wiki-cn.wikidot.com/scp-series-cn-2,https://scp-wiki-cn.wikidot.com/scp-series-cn-2,SCP-CN via SCPPER-CN,2018-10-20,,True,excluded_or_unverified,zh,False,True,excluded,structural_or_non_work_page,data/raw/deep_author/works/da-work-190106104.json,SCPPER-CN JSON bundle,1276,954f5a8dcdf6849aadbb905f795df4cf30a9d9d3a270d30874f9e9e565999ca7,2026-08-14,CC BY-SA 3.0 unless a page records a different compatible notice,中心|原创,
da-author-mscarlet-78b5e8fb,MScarlet,da-work-192427849,192427849,UIU城市檔案：香城,https://scp-wiki-cn.wikidot.com/hong-shing-hub,https://scp-wiki-cn.wikidot.com/hong-shing-hub,SCP-CN via SCPPER-CN,2018-10-20,,True,excluded_or_unverified,zh,False,True,excluded,structural_or_non_work_page,data/raw/deep_author/works/da-work-192427849.json,SCPPER-CN JSON bundle,949,9845c556bcf371ee9f44db397feba2da24f17e3047c163147bd17c9a0364cbaf,2026-08-14,CC BY-SA 3.0 unless a page records a different compatible notice,_ms|_故事中心|cc|uiu|中心|原创|故事|港城江|香城,
da-author-etinjat-1c584251,Etinjat,da-work-283577088,283577088,Gp快递：Phy-Ele-T169534964，dado买了个吉安帕,https://scp-wiki-cn.wikidot.com/gp-phy-ele-t169534964,https://scp-wiki-cn.wikidot.com/gp-phy-ele-t169534964,SCP-CN via SCPPER-CN,2018-10-30,,True,single_selected_author,zh,False,False,included,,data/raw/deep_author/works/da-work-283577088.json,SCPPER-CN JSON bundle,38747,0d726d72d035d998d0dad2344d981988f7ee74b7372fd082ba4095a864c1636e,2026-08-14,CC BY-SA 3.0 unless a page records a different compatible notice,_gp快递|are-we-cool-yet|dado|goi格式|gp快递|uiu|三波特兰|全球超自然联盟|原创|安德森机器人|破碎之神教会|芝加哥鬼灵,
da-author-breaddddd-d9923f3d,breaddddd,da-work-298824867,298824867,幻想遗物,https://scp-wiki-cn.wikidot.com/scp-cn-1999,https://scp-wiki-cn.wikidot.com/scp-cn-1999,SCP-CN via SCPPER-CN,2018-10-31,,True,single_selected_author,zh,False,False,included,,data/raw/deep_author/works/da-work-298824867.json,SCPPER-CN JSON bundle,7552,af714ba8ddf0bdbea83cd4f787264330038245c0eed7a21353935ae43a83491c,2026-08-14,CC BY-SA 3.0 unless a page records a different compatible notice,cn1000|euclid|scp|主题精品|原创|基金会4k|天空|无定形|移情作用,
da-author-breaddddd-d9923f3d,breaddddd,da-work-298825352,298825352,SCP-CN-1999-1,https://scp-wiki-cn.wikidot.com/fragment:cn1000breaddddd-01,https://scp-wiki-cn.wikidot.com/fragment:cn1000breaddddd-01,SCP-CN via SCPPER-CN,2018-10-31,,True,excluded_or_unverified,zh,True,True,excluded,not_marked_chinese_original,data/raw/deep_author/works/da-work-298825352.json,SCPPER-CN JSON bundle,801,ee62135c039d3e8c99987ef616dd5d4383c8b6b40daf2622a0e4a825178db10e,2026-08-14,CC BY-SA 3.0 unless a page records a different compatible notice,段落,
da-author-breaddddd-d9923f3d,breaddddd,da-work-298825590,298825590,SCP-CN-1999-2,https://scp-wiki-cn.wikidot.com/fragment:cn1000breaddddd-02,https://scp-wiki-cn.wikidot.com/fragment:cn1000breaddddd-02,SCP-CN via SCPPER-CN,2018-10-31,,True,excluded_or_unverified,zh,True,True,excluded,not_marked_chinese_original,data/raw/deep_author/works/da-work-298825590.json,SCPPER-CN JSON bundle,893,bf2a8755fe03bb0e84a11ffbbcac9f74328070a6313134c815485d21454b27ca,2026-08-14,CC BY-SA 3.0 unless a page records a different compatible notice,段落,
da-author-breaddddd-d9923f3d,breaddddd,da-work-298825822,298825822,SCP-CN-1999-3,https://scp-wiki-cn.wikidot.com/fragment:cn1000breaddddd-03,https://scp-wiki-cn.wikidot.com/fragment:cn1000breaddddd-03,SCP-CN via SCPPER-CN,2018-10-31,,True,excluded_or_unverified,zh,True,True,excluded,not_marked_chinese_original,data/raw/deep_author/works/da-work-298825822.json,SCPPER-CN JSON bundle,925,c4737d8cb856302eedc83bc1e612692fed4b5df5145dc16fad60fc55357b0173,2026-08-14,CC BY-SA 3.0 unless a page records a different compatible notice,段落,
da-author-breaddddd-d9923f3d,breaddddd,da-work-298826257,298826257,SCP-CN-1999-4,https://scp-wiki-cn.wikidot.com/fragment:cn1000breaddddd-04,https://scp-wiki-cn.wikidot.com/fragment:cn1000breaddddd-04,SCP-CN via SCPPER-CN,2018-10-31,,True,excluded_or_unverified,zh,True,True,excluded,not_marked_chinese_original,data/raw/deep_author/works/da-work-298826257.json,SCPPER-CN JSON bundle,871,d23f23f6c02dd20ecbecfba25646218e257ca80ff33e300fe86bb2f081503c5f,2026-08-14,CC BY-SA 3.0 unless a page records a different compatible notice,段落,
da-author-etinjat-1c584251,Etinjat,da-work-323030459,323030459,国风——河水,https://scp-wiki-cn.wikidot.com/wanderers:the-ballad-that-the-river,https://scp-wiki-cn.wikidot.com/wanderers:the-ballad-that-the-river,SCP-CN via SCPPER-CN,2018-11-09,,True,single_selected_author,zh,False,False,included,,data/raw/deep_author/works/da-work-323030459.json,SCPPER-CN JSON bundle,52744,18bdd6543cfa7586acbdf3ef0a25fdc154567e64b7dd225f91ce7f53ec568eed,2026-08-14,CC BY-SA 3.0 unless a page records a different compatible notice,wanderers|仪式|原创|宗教性|日记|琅嬛福地藏书阁|神话|记载|韵文,
da-author-etinjat-1c584251,Etinjat,da-work-331672064,331672064,靶向指定：超常事件ㄢ-1100,https://scp-wiki-cn.wikidot.com/fragment:cn1000-dove-01,https://scp-wiki-cn.wikidot.com/fragment:cn1000-dove-01,SCP-CN via SCPPER-CN,2018-11-11,,True,excluded_or_unverified,zh,True,True,excluded,not_marked_chinese_original,data/raw/deep_author/works/da-work-331672064.json,SCPPER-CN JSON bundle,1575,97ce61fba481ea2e20ecff370defcb90bd925619274eff3a3506d72f1b95bfa3,2026-08-14,CC BY-SA 3.0 unless a page records a different compatible notice,段落,
da-author-etinjat-1c584251,Etinjat,da-work-331672384,331672384,待分配编号SCP-CN-ㄣ,https://scp-wiki-cn.wikidot.com/fragment:cn1000-dove-02,https://scp-wiki-cn.wikidot.com/fragment:cn1000-dove-02,SCP-CN via SCPPER-CN,2018-11-11,,True,excluded_or_unverified,zh,True,True,excluded,not_marked_chinese_original,data/raw/deep_author/works/da-work-331672384.json,SCPPER-CN JSON bundle,1076,f88f13827241961e950c688e50faa70c679abe252d2ae77ab7f3d55da53a4e34,2026-08-14,CC BY-SA 3.0 unless a page records a different compatible notice,段落,
da-author-etinjat-1c584251,Etinjat,da-work-331691904,331691904,代号：Eitoth,https://scp-wiki-cn.wikidot.com/fragment:cn1000-dove-03,https://scp-wiki-cn.wikidot.com/fragment:cn1000-dove-03,SCP-CN via SCPPER-CN,2018-11-11,,True,excluded_or_unverified,zh,True,True,excluded,not_marked_chinese_original,data/raw/deep_author/works/da-work-331691904.json,SCPPER-CN JSON bundle,1272,ccdee82ef90df6f143ad071f631b38d08efa3fcd23d8d043f6f11c3e44a0045f,2026-08-14,CC BY-SA 3.0 unless a page records a different compatible notice,段落,
da-author-etinjat-1c584251,Etinjat,da-work-331768388,331768388,文 明 I,https://scp-wiki-cn.wikidot.com/fragment:cn1000-dove-04,https://scp-wiki-cn.wikidot.com/fragment:cn1000-dove-04,SCP-CN via SCPPER-CN,2018-11-11,,True,excluded_or_unverified,zh,True,True,excluded,not_marked_chinese_original,data/raw/deep_author/works/da-work-331768388.json,SCPPER-CN JSON bundle,810,8c3b8e8242cd78b5ea0fb4c08a5dd463d4df7646956939c746b4da7e9d330b23,2026-08-14,CC BY-SA 3.0 unless a page records a different compatible notice,段落,
da-author-etinjat-1c584251,Etinjat,da-work-365486957,365486957,原颂——太初，又称，无上至真纯灵造物煮飞天面条创世雅歌,https://scp-wiki-cn.wikidot.com/wanderers:the-ode-of-pastafarianism-that-the-true-genesis,https://scp-wiki-cn.wikidot.com/wanderers:the-ode-of-pastafarianism-that-the-true-genesis,SCP-CN via SCPPER-CN,2018-11-19,,True,single_selected_author,zh,False,False,included,,data/raw/deep_author/works/da-work-365486957.json,SCPPER-CN JSON bundle,27124,91bfae814c11a4f3fef3793a27411d8b9766799a64a2dca032a19cf40857ec71,2026-08-14,CC BY-SA 3.0 unless a page records a different compatible notice,wanderers|个体|原创|宗教性|日记|琅嬛福地藏书阁|神话|精品|记载|韵文,
da-author-etinjat-1c584251,Etinjat,da-work-365496875,365496875,超常事件ㄢ-1100,https://scp-wiki-cn.wikidot.com/the-extranormal-event-about-yin-k,https://scp-wiki-cn.wikidot.com/the-extranormal-event-about-yin-k,SCP-CN via SCPPER-CN,2018-11-19,,True,excluded_or_unverified,zh,True,True,excluded,not_marked_chinese_original,data/raw/deep_author/works/da-work-365496875.json,SCPPER-CN JSON bundle,857,2a9ef154592c48a03cb215cafdb5055a36deb629f6ca8acc96379bb2e1faa2be,2026-08-14,CC BY-SA 3.0 unless a page records a different compatible notice,亚伯|补充材料,
da-author-mscarlet-78b5e8fb,MScarlet,da-work-378309033,378309033,當魔法與奇術交織之時,https://scp-wiki-cn.wikidot.com/scp-cn-1997,https://scp-wiki-cn.wikidot.com/scp-cn-1997,SCP-CN via SCPPER-CN,2018-11-23,,True,single_selected_author,zh,False,False,included,,data/raw/deep_author/works/da-work-378309033.json,SCPPER-CN JSON bundle,215089,78541bf0ab9764cf327b718696325f3a88de2c511a6fdcc161533116928e2025,2026-08-14,CC BY-SA 3.0 unless a page records a different compatible notice,_ms|cn1000|euclid|k级情景|scp|site-cn-71|原创|地点|城市|基金会制|放射性|未收容|港城江|超维度|香城,
da-author-etinjat-1c584251,Etinjat,da-work-383901068,383901068,超常事件ㄢ-1100 档案记录,https://scp-wiki-cn.wikidot.com/numbered,https://scp-wiki-cn.wikidot.com/numbered,SCP-CN via SCPPER-CN,2018-11-25,,True,excluded_or_unverified,zh,False,True,excluded,structural_or_non_work_page,data/raw/deep_author/works/da-work-383901068.json,SCPPER-CN JSON bundle,1051,b2c03e3de0551d486930bed8400eb6ee795978684b017000918023f9badcdfd5,2026-08-14,CC BY-SA 3.0 unless a page records a different compatible notice,cn1000|k级情景|scp|全球超自然联盟|原创|合著|敌意|机密分级|第二海托世教会|管理员|精神影响|认知危害|超维度|门径,
da-author-agent-phage-bc08199e,Agent Phage,da-work-383975978,383975978,一切终将逝去,https://scp-wiki-cn.wikidot.com/scp-cn-1004,https://scp-wiki-cn.wikidot.com/scp-cn-1004,SCP-CN via SCPPER-CN,2018-11-26,,True,single_selected_author,zh,False,False,included,,data/raw/deep_author/works/da-work-383975978.json,SCPPER-CN JSON bundle,518298,ce6c0cb5a295573a59900b1446482eba0070aa95c750d3627741146c2b460802,2026-08-14,CC BY-SA 3.0 unless a page records a different compatible notice,cn1000|safe|scp|人形生物|原创|建筑|认知危害,
da-author-mscarlet-78b5e8fb,MScarlet,da-work-428735946,428735946,Gp快递：Un-Che-B9942420，鳳凰族的創世學/化學教材,https://scp-wiki-cn.wikidot.com/gp-un-che-b9942420,https://scp-wiki-cn.wikidot.com/gp-un-che-b9942420,SCP-CN via SCPPER-CN,2018-12-08,,True,single_selected_author,zh,False,False,included,,data/raw/deep_author/works/da-work-428735946.json,SCPPER-CN JSON bundle,55063,2aa876b6e4beba3e5bc4bfac9e10bbb0fec7de934ac6b529885eb0ede8ade599,2026-08-14,CC BY-SA 3.0 unless a page records a different compatible notice,_gp快递|_ms|cc|goi格式|gp快递|原创|彼卡洛特|港城江|香城,
da-author-etinjat-1c584251,Etinjat,da-work-431676058,431676058,],https://scp-wiki-cn.wikidot.com/scp-cn-1100,https://scp-wiki-cn.wikidot.com/scp-cn-1100,SCP-CN via SCPPER-CN,2018-12-08,,True,excluded_or_unverified,zh,False,True,excluded,coauthored_or_unclear_attribution,data/raw/deep_author/works/da-work-431676058.json,SCPPER-CN JSON bundle,2301,a27fd8e2b2edd6b93b2af186ab68b8cde6d8d44df7e0dc63fa99e1a786635111,2026-08-14,CC BY-SA 3.0 unless a page records a different compatible notice,原创|掩藏页,
da-author-agent-phage-bc08199e,Agent Phage,da-work-437477013,437477013,深海珊瑚梦,https://scp-wiki-cn.wikidot.com/scp-cn-1400,https://scp-wiki-cn.wikidot.com/scp-cn-1400,SCP-CN via SCPPER-CN,2018-12-09,,True,single_selected_author,zh,False,False,included,,data/raw/deep_author/works/da-work-437477013.json,SCPPER-CN JSON bundle,30172,80a158b9f837e261a55052dccf35b294f51831bd75a07c79c22965a6181df04d,2026-08-14,CC BY-SA 3.0 unless a page records a different compatible notice,archon|scp|原创|迷宫,
da-author-breaddddd-d9923f3d,breaddddd,da-work-437478981,437478981,急行电车,https://scp-wiki-cn.wikidot.com/scp-cn-1991,https://scp-wiki-cn.wikidot.com/scp-cn-1991,SCP-CN via SCPPER-CN,2018-12-09,,True,single_selected_author,zh,False,False,included,,data/raw/deep_author/works/da-work-437478981.json,SCPPER-CN JSON bundle,27621,2e76802c24763ccea4592b9e2bd4e14be8d114650ac69d036505c11cbaa96fa8,2026-08-14,CC BY-SA 3.0 unless a page records a different compatible notice,keter|scp|site-cn-34|原创|建筑|无形|模因|载具,
da-author-qblevi-494cde49,QBLevi,da-work-440694002,440694002,万世创伤,https://scp-wiki-cn.wikidot.com/scp-cn-1300,https://scp-wiki-cn.wikidot.com/scp-cn-1300,SCP-CN via SCPPER-CN,2018-12-10,,True,single_selected_author,zh,False,False,included,,data/raw/deep_author/works/da-work-440694002.json,SCPPER-CN JSON bundle,6304,43822fc70f09f6ed0d0f51cf7384a32c4f4b7257b1d9207f56ca9fb1424bb1fc,2026-08-14,CC BY-SA 3.0 unless a page records a different compatible notice,euclid|ob传媒|scp|site-cn-91|丰饶公社|人形生物|原创|听觉影响|武器|深渊之光|现实扭曲|认知危害|超维度,
da-author-qblevi-494cde49,QBLevi,da-work-440700065,440700065,SCP-CN-1300,https://scp-wiki-cn.wikidot.com/fragment:scp-cn-1300-01,https://scp-wiki-cn.wikidot.com/fragment:scp-cn-1300-01,SCP-CN via SCPPER-CN,2018-12-10,,True,excluded_or_unverified,zh,True,True,excluded,not_marked_chinese_original,data/raw/deep_author/works/da-work-440700065.json,SCPPER-CN JSON bundle,714,0cc69c78d64ac6239f6d2e5a9acd13120ff2e04854a53c482586e905a4f938fa,2026-08-14,CC BY-SA 3.0 unless a page records a different compatible notice,段落,
da-author-qblevi-494cde49,QBLevi,da-work-440707995,440707995,天之痕,https://scp-wiki-cn.wikidot.com/fragment:scp-cn-1300-02,https://scp-wiki-cn.wikidot.com/fragment:scp-cn-1300-02,SCP-CN via SCPPER-CN,2018-12-10,,True,excluded_or_unverified,zh,True,True,excluded,not_marked_chinese_original,data/raw/deep_author/works/da-work-440707995.json,SCPPER-CN JSON bundle,754,afa6e0acff5ab615dfa83e133b668450ae8b1a7b1a002e65f27c67aae06ee363,2026-08-14,CC BY-SA 3.0 unless a page records a different compatible notice,段落,
da-author-qblevi-494cde49,QBLevi,da-work-440722983,440722983,SCP-86-1300,https://scp-wiki-cn.wikidot.com/fragment:scp-cn-1300-03,https://scp-wiki-cn.wikidot.com/fragment:scp-cn-1300-03,SCP-CN via SCPPER-CN,2018-12-10,,True,excluded_or_unverified,zh,True,True,excluded,not_marked_chinese_original,data/raw/deep_author/works/da-work-440722983.json,SCPPER-CN JSON bundle,850,25663f263fcd23b11760370ced86a75f43814e211ae7bb418e408b69da7c2d92,2026-08-14,CC BY-SA 3.0 unless a page records a different compatible notice,段落,
da-author-qblevi-494cde49,QBLevi,da-work-440734041,440734041,创伤,https://scp-wiki-cn.wikidot.com/fragment:scp-cn-1300-04,https://scp-wiki-cn.wikidot.com/fragment:scp-cn-1300-04,SCP-CN via SCPPER-CN,2018-12-10,,True,excluded_or_unverified,zh,True,True,excluded,not_marked_chinese_original,data/raw/deep_author/works/da-work-440734041.json,SCPPER-CN JSON bundle,883,9eaaa76a8928e4af7cf494a967f39a01ebc5d3f99dc61d129e6ad2337fd6d4f3,2026-08-14,CC BY-SA 3.0 unless a page records a different compatible notice,段落,
da-author-qblevi-494cde49,QBLevi,da-work-440755532,440755532,SCP-CN-1300,https://scp-wiki-cn.wikidot.com/fragment:scp-cn-1300-05,https://scp-wiki-cn.wikidot.com/fragment:scp-cn-1300-05,SCP-CN via SCPPER-CN,2018-12-10,,True,excluded_or_unverified,zh,True,True,excluded,not_marked_chinese_original,data/raw/deep_author/works/da-work-440755532.json,SCPPER-CN JSON bundle,756,cb21a7e868b2ff9c773962941d1badb5aaedebedc3c6127984800b732bfe0c1f,2026-08-14,CC BY-SA 3.0 unless a page records a different compatible notice,段落,
da-author-etinjat-1c584251,Etinjat,da-work-444426558,444426558,羽化归天曷共一,https://scp-wiki-cn.wikidot.com/etinjat,https://scp-wiki-cn.wikidot.com/etinjat,SCP-CN via SCPPER-CN,2018-12-10,,True,excluded_or_unverified,zh,False,True,excluded,structural_or_non_work_page,data/raw/deep_author/works/da-work-444426558.json,SCPPER-CN JSON bundle,1141,7ade26276bbd9e33d0d9bd14a52aa4504bdcc90f43bb469727d0df3dd1cc80ce,2026-08-14,CC BY-SA 3.0 unless a page records a different compatible notice,作者|原创,
da-author-etinjat-1c584251,Etinjat,da-work-444698621,444698621,Scp Cn 000：元龙 辰,https://scp-wiki-cn.wikidot.com/fragment:the-dragon-lord,https://scp-wiki-cn.wikidot.com/fragment:the-dragon-lord,SCP-CN via SCPPER-CN,2018-12-10,,True,excluded_or_unverified,zh,True,True,excluded,not_marked_chinese_original,data/raw/deep_author/works/da-work-444698621.json,SCPPER-CN JSON bundle,817,78bdcf8ab0bd27b54009e23ca4c4afaf52fdab5e665c29a1b6c1def0dc578d2e,2026-08-14,CC BY-SA 3.0 unless a page records a different compatible notice,段落,
da-author-qblevi-494cde49,QBLevi,da-work-468040969,468040969,SCP-CN-1300,https://scp-wiki-cn.wikidot.com/fragment:scp-cn-1300-06,https://scp-wiki-cn.wikidot.com/fragment:scp-cn-1300-06,SCP-CN via SCPPER-CN,2018-12-12,,True,excluded_or_unverified,zh,True,True,excluded,not_marked_chinese_original,data/raw/deep_author/works/da-work-468040969.json,SCPPER-CN JSON bundle,828,f3bda33221db2d62aaacbbe2178229ce1068e8d9914de6bb4006e55379b0dd76,2026-08-14,CC BY-SA 3.0 unless a page records a different compatible notice,段落,
da-author-breaddddd-d9923f3d,breaddddd,da-work-481354892,481354892,踢飞小行星,https://scp-wiki-cn.wikidot.com/scp-4344,https://scp-wiki-cn.wikidot.com/scp-4344,SCP-CN via SCPPER-CN,2018-12-16,,True,excluded_or_unverified,zh,True,True,excluded,not_marked_chinese_original,data/raw/deep_author/works/da-work-481354892.json,SCPPER-CN JSON bundle,988,af468108c3ae66bfc8bd2c2a42681a54dda06fd8f169933b306bb5331689b437,2026-08-14,CC BY-SA 3.0 unless a page records a different compatible notice,crom:series-5|euclid|scp|动物|尸体|恐龙|星际|未收容|武器|爬行类动物|载具|金属,
da-author-qblevi-494cde49,QBLevi,da-work-486740375,486740375,绝望终局,https://scp-wiki-cn.wikidot.com/the-promised-end,https://scp-wiki-cn.wikidot.com/the-promised-end,SCP-CN via SCPPER-CN,2018-12-19,,True,single_selected_author,zh,False,False,included,,data/raw/deep_author/works/da-work-486740375.json,SCPPER-CN JSON bundle,44927,d72dbf296d5522a14b1db94f624270c25b0a0a3689cb1ab514402addc80258c3,2026-08-14,CC BY-SA 3.0 unless a page records a different compatible notice,ob传媒|site-cn-91|全球超自然联盟|原创|故事|未建立,
da-author-etinjat-1c584251,Etinjat,da-work-493982623,493982623,劲爆！年终贺岁，满级SCP点击就送，0元即领传说级特工装备，05议会刺激对决，精彩尽在《SCP：收容失效II》,https://scp-wiki-cn.wikidot.com/scp-containment-breach-secondly,https://scp-wiki-cn.wikidot.com/scp-containment-breach-secondly,SCP-CN via SCPPER-CN,2018-12-22,,True,excluded_or_unverified,zh,False,True,excluded,structural_or_non_work_page,data/raw/deep_author/works/da-work-493982623.json,SCPPER-CN JSON bundle,1118,1804e356ad64ffd77f2ed5a6c7d4d19a4d9ed6c11d006277f598676a925d4ddd,2026-08-14,CC BY-SA 3.0 unless a page records a different compatible notice,05|bright博士|crossover项目|nobody|site-cn-03|互动性|原创|合著|搞笑|故事|欢乐基金会|混沌分裂者|研究员塔罗兰|精品,
da-author-etinjat-1c584251,Etinjat,da-work-505089439,505089439,无何有之乡,https://scp-wiki-cn.wikidot.com/fragment:etinjat-02,https://scp-wiki-cn.wikidot.com/fragment:etinjat-02,SCP-CN via SCPPER-CN,2018-12-31,,True,excluded_or_unverified,zh,True,True,excluded,not_marked_chinese_original,data/raw/deep_author/works/da-work-505089439.json,SCPPER-CN JSON bundle,1449,8e8724049f3e6ecde07fd10ec3d9b11b59fba8cff95437a7ec2a8b38f1d262e9,2026-08-14,CC BY-SA 3.0 unless a page records a different compatible notice,段落,
da-author-etinjat-1c584251,Etinjat,da-work-509161993,509161993,诗钞——玄牝,https://scp-wiki-cn.wikidot.com/wanderers:the-poem-in-dust-that-xuanpin,https://scp-wiki-cn.wikidot.com/wanderers:the-poem-in-dust-that-xuanpin,SCP-CN via SCPPER-CN,2019-01-01,,True,single_selected_author,zh,False,False,included,,data/raw/deep_author/works/da-work-509161993.json,SCPPER-CN JSON bundle,28521,71201e6b2e3e76931a07d8197f0f11551a8eca1bc21723716c62e0d3c0794f6a,2026-08-14,CC BY-SA 3.0 unless a page records a different compatible notice,wanderers|历史|原创|宗教性|文言文|日记|琅嬛福地藏书阁|蛇手|记载|韵文,
da-author-agent-phage-bc08199e,Agent Phage,da-work-526986522,526986522,起升密涅瓦,https://scp-wiki-cn.wikidot.com/minerva-lifted,https://scp-wiki-cn.wikidot.com/minerva-lifted,SCP-CN via SCPPER-CN,2019-01-05,,True,excluded_or_unverified,zh,True,True,excluded,not_marked_chinese_original,data/raw/deep_author/works/da-work-526986522.json,SCPPER-CN JSON bundle,963,2c95b8d67df29628041e025e4f6226e28df94df5631d64a74cd8c108ee5b92a6,2026-08-14,CC BY-SA 3.0 unless a page records a different compatible notice,sotm|故事,
da-author-breaddddd-d9923f3d,breaddddd,da-work-527681322,527681322,狡兔三窟,https://scp-wiki-cn.wikidot.com/scp-cn-1413,https://scp-wiki-cn.wikidot.com/scp-cn-1413,SCP-CN via SCPPER-CN,2019-01-06,,True,single_selected_author,zh,False,False,included,,data/raw/deep_author/works/da-work-527681322.json,SCPPER-CN JSON bundle,45481,a07ae39b194cb1c984de8d1b1437b71ec87b403f33a1af79efb4e9cd78a118ca,2026-08-14,CC BY-SA 3.0 unless a page records a different compatible notice,euclid|scp|site-cn-21|spi|传送|兔类|动物|原创|地下|寄生性|种群|蜂巢意识,
da-author-mscarlet-78b5e8fb,MScarlet,da-work-527868251,527868251,仙畫幻界，彼世遺民,https://scp-wiki-cn.wikidot.com/scp-cn-280,https://scp-wiki-cn.wikidot.com/scp-cn-280,SCP-CN via SCPPER-CN,2019-01-06,,True,single_selected_author,zh,False,False,included,,data/raw/deep_author/works/da-work-527868251.json,SCPPER-CN JSON bundle,138786,ce3048dcb26f6584a33cbf99427f17c26133890ca0888593b1b27e808e27b8f6,2026-08-14,CC BY-SA 3.0 unless a page records a different compatible notice,_ms|keter|scp|site-cn-71|人形生物|原创|岿阳派|彼卡洛特|放射性|智能|港城江|铭文,
da-author-breaddddd-d9923f3d,breaddddd,da-work-573347797,573347797,面包菌的标志墙,https://scp-wiki-cn.wikidot.com/breaddddd-art-2,https://scp-wiki-cn.wikidot.com/breaddddd-art-2,SCP-CN via SCPPER-CN,2019-01-19,,True,excluded_or_unverified,zh,False,True,excluded,structural_or_non_work_page,data/raw/deep_author/works/da-work-573347797.json,SCPPER-CN JSON bundle,1409,9cd2ec165bc70ed5e859498f75b353239d388e7908b546c09cc03b1406218cf6,2026-08-14,CC BY-SA 3.0 unless a page records a different compatible notice,原创|艺术作品,
da-author-breaddddd-d9923f3d,breaddddd,da-work-592326771,592326771,时间穿越者圣诞老人,https://scp-wiki-cn.wikidot.com/scp-4255,https://scp-wiki-cn.wikidot.com/scp-4255,SCP-CN via SCPPER-CN,2019-01-23,,True,excluded_or_unverified,zh,True,True,excluded,not_marked_chinese_original,data/raw/deep_author/works/da-work-592326771.json,SCPPER-CN JSON bundle,1044,f815e1fb630596055eb25acaf419dfdcaca915d3f15e8e28fa0c37cbec4cad69,2026-08-14,CC BY-SA 3.0 unless a page records a different compatible notice,crom:series-5|keter|k级情景|scp|人形生物|喜剧|圣诞节|奇幻|悖论|时间影响|智能|未收容|活物|科幻小说,
da-author-etinjat-1c584251,Etinjat,da-work-594525495,594525495,绽放在废墟上的鲜花,https://scp-wiki-cn.wikidot.com/blooming-on-the-remains,https://scp-wiki-cn.wikidot.com/blooming-on-the-remains,SCP-CN via SCPPER-CN,2019-01-26,,True,single_selected_author,zh,False,False,included,,data/raw/deep_author/works/da-work-594525495.json,SCPPER-CN JSON bundle,23438,005bd283bbf6aa00f64bacfed4e4ff0a02a4740e573c313338f58cc3536859a8,2026-08-14,CC BY-SA 3.0 unless a page records a different compatible notice,_修正花卉|goi格式|nobody|修正花卉|原创|夜之子|岿阳派|欲肉教|死之兄弟,
da-author-etinjat-1c584251,Etinjat,da-work-596381436,596381436,国风——日薄,https://scp-wiki-cn.wikidot.com/wanderers:the-ballad-that-sunset,https://scp-wiki-cn.wikidot.com/wanderers:the-ballad-that-sunset,SCP-CN via SCPPER-CN,2019-01-29,,True,single_selected_author,zh,False,False,included,,data/raw/deep_author/works/da-work-596381436.json,SCPPER-CN JSON bundle,10946,1cc085bc068607d64bb2ac3f2617c97f086712089f15804ca108a476ee65de89,2026-08-14,CC BY-SA 3.0 unless a page records a different compatible notice,wanderers|原创|日记|琅嬛福地藏书阁|记载|韵文,
da-author-agent-phage-bc08199e,Agent Phage,da-work-598141989,598141989,可否当上次遇见只是一场彩排,https://scp-wiki-cn.wikidot.com/goc-tale-ke-fou-zhi-shi-cai-pai,https://scp-wiki-cn.wikidot.com/goc-tale-ke-fou-zhi-shi-cai-pai,SCP-CN via SCPPER-CN,2019-02-01,,True,single_selected_author,zh,False,False,included,,data/raw/deep_author/works/da-work-598141989.json,SCPPER-CN JSON bundle,29028,e254c4eadb5a1a34be00e7e33298c4c11371f0b33b7cbafbe6e693cdea0d8502,2026-08-14,CC BY-SA 3.0 unless a page records a different compatible notice,linkage|全球超自然联盟|原创|故事|破碎之神教会|迷宫,
da-author-etinjat-1c584251,Etinjat,da-work-598174553,598174553,群书众主,https://scp-wiki-cn.wikidot.com/wanderers:of-the-masters-of-books,https://scp-wiki-cn.wikidot.com/wanderers:of-the-masters-of-books,SCP-CN via SCPPER-CN,2019-02-02,,True,excluded_or_unverified,zh,True,True,excluded,not_marked_chinese_original,data/raw/deep_author/works/da-work-598174553.json,SCPPER-CN JSON bundle,1585,12872dfe7093e94eec68621d18112c1518d2a657236c7e7ca8ce462ab257d465,2026-08-14,CC BY-SA 3.0 unless a page records a different compatible notice,wanderers|历史|图书馆|密径|归档|文言文|韵文,
da-author-etinjat-1c584251,Etinjat,da-work-598185913,598185913,已收集的备忘录,https://scp-wiki-cn.wikidot.com/wanderers:min-min,https://scp-wiki-cn.wikidot.com/wanderers:min-min,SCP-CN via SCPPER-CN,2019-02-03,,True,excluded_or_unverified,zh,True,True,excluded,not_marked_chinese_original,data/raw/deep_author/works/da-work-598185913.json,SCPPER-CN JSON bundle,1078,659afead787df9f85a834032fef7e70a8c4f166fb79885d2f5abb3dde0c502c7,2026-08-14,CC BY-SA 3.0 unless a page records a different compatible notice,wanderers|作者,
da-author-etinjat-1c584251,Etinjat,da-work-598190260,598190260,被自毁的笔记,https://scp-wiki-cn.wikidot.com/wanderers:a-suicide-note,https://scp-wiki-cn.wikidot.com/wanderers:a-suicide-note,SCP-CN via SCPPER-CN,2019-02-03,,True,excluded_or_unverified,zh,True,True,excluded,not_marked_chinese_original,data/raw/deep_author/works/da-work-598190260.json,SCPPER-CN JSON bundle,855,e2344ed962b180edec5d398cdcd7da99c34bca7a2749af14ebf5c68069c727fa,2026-08-14,CC BY-SA 3.0 unless a page records a different compatible notice,relationship03|thorn|wanderers|首页征文,
da-author-etinjat-1c584251,Etinjat,da-work-598231604,598231604,寂寂音乐厅,https://scp-wiki-cn.wikidot.com/wanderers:a-lonely-music-hall,https://scp-wiki-cn.wikidot.com/wanderers:a-lonely-music-hall,SCP-CN via SCPPER-CN,2019-02-05,,True,excluded_or_unverified,zh,True,True,excluded,not_marked_chinese_original,data/raw/deep_author/works/da-work-598231604.json,SCPPER-CN JSON bundle,1700,f83e155f3bf789cc0f19e891423723fa83f41fb76702b0bc3abcfa4e785cfb7f,2026-08-14,CC BY-SA 3.0 unless a page records a different compatible notice,wanderers|记载|韵文,
da-author-etinjat-1c584251,Etinjat,da-work-598281923,598281923,藏幽之书,https://scp-wiki-cn.wikidot.com/wanderers:book-of-the-hidden,https://scp-wiki-cn.wikidot.com/wanderers:book-of-the-hidden,SCP-CN via SCPPER-CN,2019-02-07,,True,excluded_or_unverified,zh,True,True,excluded,not_marked_chinese_original,data/raw/deep_author/works/da-work-598281923.json,SCPPER-CN JSON bundle,861,e102098e8734cc5f2e3f408b4eb9f275f9a287004c043226b85bffa5f7daa8e3,2026-08-14,CC BY-SA 3.0 unless a page records a different compatible notice,pangur|wanderers,
da-author-etinjat-1c584251,Etinjat,da-work-598300870,598300870,糖之颂歌,https://scp-wiki-cn.wikidot.com/wanderers:song-of-sugar,https://scp-wiki-cn.wikidot.com/wanderers:song-of-sugar,SCP-CN via SCPPER-CN,2019-02-08,,True,excluded_or_unverified,zh,True,True,excluded,not_marked_chinese_original,data/raw/deep_author/works/da-work-598300870.json,SCPPER-CN JSON bundle,781,9d8c1192bd62dd1e3a7c1bfbc95d333bef6d2fa169d1ea119683e3caeea4137d,2026-08-14,CC BY-SA 3.0 unless a page records a different compatible notice,pangur|wanderers|记载|韵文,
da-author-breaddddd-d9923f3d,breaddddd,da-work-598334976,598334976,物遗想幻,https://scp-wiki-cn.wikidot.com/scp-cn-1699,https://scp-wiki-cn.wikidot.com/scp-cn-1699,SCP-CN via SCPPER-CN,2019-02-10,,True,single_selected_author,zh,False,False,included,,data/raw/deep_author/works/da-work-598334976.json,SCPPER-CN JSON bundle,42668,5ecf1125a98cbd535411d9e2173d686648fe88b3b46172139ad9f4c757fce34d,2026-08-14,CC BY-SA 3.0 unless a page records a different compatible notice,keter|scp|site-cn-34|原创|城市|天空|建筑|精神影响|自我修复,
da-author-etinjat-1c584251,Etinjat,da-work-598345906,598345906,残忍之战的圣歌,https://scp-wiki-cn.wikidot.com/wanderers:hymns-for-the-cruel-wars,https://scp-wiki-cn.wikidot.com/wanderers:hymns-for-the-cruel-wars,SCP-CN via SCPPER-CN,2019-02-10,,True,excluded_or_unverified,zh,True,True,excluded,not_marked_chinese_original,data/raw/deep_author/works/da-work-598345906.json,SCPPER-CN JSON bundle,1214,f8990af786b1044efa1ba04ac34410125475ade1178b7713b9134d6a8afef745,2026-08-14,CC BY-SA 3.0 unless a page records a different compatible notice,wanderers|军队|图片|异界|散文,
da-author-breaddddd-d9923f3d,breaddddd,da-work-598353484,598353484,回忆相机,https://scp-wiki-cn.wikidot.com/scp-cn-414,https://scp-wiki-cn.wikidot.com/scp-cn-414,SCP-CN via SCPPER-CN,2019-02-11,,True,single_selected_author,zh,False,False,included,,data/raw/deep_author/works/da-work-598353484.json,SCPPER-CN JSON bundle,36269,181d47f5b23d16895586ee7b030220389e07753eba95397658d27973a1145edd,2026-08-14,CC BY-SA 3.0 unless a page records a different compatible notice,are-we-cool-yet|safe|scp|site-cn-34|原创|摄像|艺术性,
da-author-etinjat-1c584251,Etinjat,da-work-598405320,598405320,古法修研,https://scp-wiki-cn.wikidot.com/wanderers:the-study-of-ancient-spells,https://scp-wiki-cn.wikidot.com/wanderers:the-study-of-ancient-spells,SCP-CN via SCPPER-CN,2019-02-14,,True,excluded_or_unverified,zh,True,True,excluded,not_marked_chinese_original,data/raw/deep_author/works/da-work-598405320.json,SCPPER-CN JSON bundle,919,94eeffb4c97767aa9ded4f7949d7269fb18baef0e6e6cc1153418ddcd9ef4a32,2026-08-14,CC BY-SA 3.0 unless a page records a different compatible notice,wanderers|个体|典籍|历史|日记|旧页面|物体|神话|记载,
da-author-etinjat-1c584251,Etinjat,da-work-606119885,606119885,大伙都到了，不要再等啦，不是那个啊,https://scp-wiki-cn.wikidot.com/big-lads-on-scene-no-wait-not-that,https://scp-wiki-cn.wikidot.com/big-lads-on-scene-no-wait-not-that,SCP-CN via SCPPER-CN,2019-02-19,,True,excluded_or_unverified,zh,True,True,excluded,not_marked_chinese_original,data/raw/deep_author/works/da-work-606119885.json,SCPPER-CN JSON bundle,955,e7f6300a3c1a034fc7bc39ca09b2ca3da3ea3140e76593e8e80953f595f05a97,2026-08-14,CC BY-SA 3.0 unless a page records a different compatible notice,mc&d|安布罗斯餐厅|故事|诗歌,
da-author-etinjat-1c584251,Etinjat,da-work-606121501,606121501,控剬,https://scp-wiki-cn.wikidot.com/secure,https://scp-wiki-cn.wikidot.com/secure,SCP-CN via SCPPER-CN,2019-02-19,,True,excluded_or_unverified,zh,True,True,excluded,not_marked_chinese_original,data/raw/deep_author/works/da-work-606121501.json,SCPPER-CN JSON bundle,1646,066e3388596004ae0e8b057287a049b179db7dbced7156709c593b93cd47f592,2026-08-14,CC BY-SA 3.0 unless a page records a different compatible notice,故事|诗歌,
da-author-mscarlet-78b5e8fb,MScarlet,da-work-606122515,606122515,4k序曲：基金會幻時代,https://scp-wiki-cn.wikidot.com/foundation-fi,https://scp-wiki-cn.wikidot.com/foundation-fi,SCP-CN via SCPPER-CN,2019-02-19,,True,single_selected_author,zh,False,False,included,,data/raw/deep_author/works/da-work-606122515.json,SCPPER-CN JSON bundle,38956,64ab5cd46dbd6cb0ab7e60797d99988a8f0515e90af56268340c419123da68ea,2026-08-14,CC BY-SA 3.0 unless a page records a different compatible notice,_ms|letters娱乐|原创|基金会4k|故事|精品,
da-author-etinjat-1c584251,Etinjat,da-work-606261086,606261086,収㝐,https://scp-wiki-cn.wikidot.com/contain,https://scp-wiki-cn.wikidot.com/contain,SCP-CN via SCPPER-CN,2019-02-20,,True,excluded_or_unverified,zh,True,True,excluded,not_marked_chinese_original,data/raw/deep_author/works/da-work-606261086.json,SCPPER-CN JSON bundle,1632,71b0f7a14f14706bbf7c2c1d7ae6f98f895d03b467e3cd766469176019a9dc8f,2026-08-14,CC BY-SA 3.0 unless a page records a different compatible notice,故事|诗歌,
da-author-etinjat-1c584251,Etinjat,da-work-606262108,606262108,保護,https://scp-wiki-cn.wikidot.com/protect2,https://scp-wiki-cn.wikidot.com/protect2,SCP-CN via SCPPER-CN,2019-02-20,,True,excluded_or_unverified,zh,True,True,excluded,not_marked_chinese_original,data/raw/deep_author/works/da-work-606262108.json,SCPPER-CN JSON bundle,1651,b4e917edbd4cd360321e309cc86b2915c93d42b8ce2ab5a63f0f22a9aca3ef2a,2026-08-14,CC BY-SA 3.0 unless a page records a different compatible notice,故事|诗歌,
da-author-etinjat-1c584251,Etinjat,da-work-606553492,606553492,异常的诗集,https://scp-wiki-cn.wikidot.com/scpoems,https://scp-wiki-cn.wikidot.com/scpoems,SCP-CN via SCPPER-CN,2019-02-21,,True,excluded_or_unverified,zh,True,True,excluded,not_marked_chinese_original,data/raw/deep_author/works/da-work-606553492.json,SCPPER-CN JSON bundle,1430,d46e46328821ce31d809cd46894300219f803af37bde1e4bfacdbe0abd91993a,2026-08-14,CC BY-SA 3.0 unless a page records a different compatible notice,are-we-cool-yet|eric|leslie|wondertainment博士|伊里斯·汤普森|十个点|合作|夜之子|工厂|布莱克伍德|故事|斯克兰顿博士|欲肉教|研究员lloyd|破碎之神教会|第五教会|管理员|诗歌|需更新|黑兔公司|黑皇后,
da-author-etinjat-1c584251,Etinjat,da-work-606603546,606603546,蓝光,https://scp-wiki-cn.wikidot.com/scp-3816,https://scp-wiki-cn.wikidot.com/scp-3816,SCP-CN via SCPPER-CN,2019-02-23,,True,excluded_or_unverified,zh,True,True,excluded,not_marked_chinese_original,data/raw/deep_author/works/da-work-606603546.json,SCPPER-CN JSON bundle,939,247744ce79840ea4bf0e07f584b1dd9f0be9bec03bd851e33ff5ab71d968b905,2026-08-14,CC BY-SA 3.0 unless a page records a different compatible notice,crom:series-4|safe|scp|光照影响|工具|建筑|视觉性,
da-author-etinjat-1c584251,Etinjat,da-work-606617605,606617605,一天，我与516谈话,https://scp-wiki-cn.wikidot.com/talked-with-516,https://scp-wiki-cn.wikidot.com/talked-with-516,SCP-CN via SCPPER-CN,2019-02-24,,True,excluded_or_unverified,zh,True,True,excluded,not_marked_chinese_original,data/raw/deep_author/works/da-work-606617605.json,SCPPER-CN JSON bundle,1671,052e6e55b191ccd99115fcc53dd6bd3b7dd9a5ed032dcd06c1d7a990882f8ea0,2026-08-14,CC BY-SA 3.0 unless a page records a different compatible notice,故事|诗歌,
da-author-etinjat-1c584251,Etinjat,da-work-606629015,606629015,Randomraven的艺术作品,https://scp-wiki-cn.wikidot.com/randomraven-artwork-hub,https://scp-wiki-cn.wikidot.com/randomraven-artwork-hub,SCP-CN via SCPPER-CN,2019-02-25,,True,excluded_or_unverified,zh,True,True,excluded,not_marked_chinese_original,data/raw/deep_author/works/da-work-606629015.json,SCPPER-CN JSON bundle,809,4a2ada23ade1f79e3638d3c8cdaa36649f8f5b4fc4ee0439f24b34e639173dc9,2026-08-14,CC BY-SA 3.0 unless a page records a different compatible notice,艺术家,
da-author-etinjat-1c584251,Etinjat,da-work-606638936,606638936,收容失效：万圣夜惊魂,https://scp-wiki-cn.wikidot.com/the-halloween-breach,https://scp-wiki-cn.wikidot.com/the-halloween-breach,SCP-CN via SCPPER-CN,2019-02-25,,True,excluded_or_unverified,zh,True,True,excluded,not_marked_chinese_original,data/raw/deep_author/works/da-work-606638936.json,SCPPER-CN JSON bundle,992,dd70867e2300c6ccc8c23d749fac02440bd399401a5a0a1fbc24c7b4ebf45022,2026-08-14,CC BY-SA 3.0 unless a page records a different compatible notice,2012万圣节竞赛|万圣节|喜剧|故事|诗歌|越狱|黑色喜剧,
da-author-etinjat-1c584251,Etinjat,da-work-606871125,606871125,可怕的咕咕,https://scp-wiki-cn.wikidot.com/scp-3683,https://scp-wiki-cn.wikidot.com/scp-3683,SCP-CN via SCPPER-CN,2019-02-26,,True,excluded_or_unverified,zh,True,True,excluded,not_marked_chinese_original,data/raw/deep_author/works/da-work-606871125.json,SCPPER-CN JSON bundle,1082,da4087ca50065e1c83d3e405fa783cd0de604cbaf71a624b6a9fbd1b5348fd95,2026-08-14,CC BY-SA 3.0 unless a page records a different compatible notice,crom:series-4|keter|k级情景|scp|动物|天空|形态改变|活物|生殖性|种群|适应性|鸟类,
da-author-etinjat-1c584251,Etinjat,da-work-607193274,607193274,大家啊，都是好蛋！,https://scp-wiki-cn.wikidot.com/scp-4209,https://scp-wiki-cn.wikidot.com/scp-4209,SCP-CN via SCPPER-CN,2019-02-26,,True,excluded_or_unverified,zh,True,True,excluded,not_marked_chinese_original,data/raw/deep_author/works/da-work-607193274.json,SCPPER-CN JSON bundle,882,bcfc6fe12799c7e87fb3ded52d8701c4a1f15cad1b8f527a2c35b8031f8c66e4,2026-08-14,CC BY-SA 3.0 unless a page records a different compatible notice,crom:series-5|safe|scp|食物,
da-author-etinjat-1c584251,Etinjat,da-work-607201745,607201745,Aruspice的SCP艺术作品,https://scp-wiki-cn.wikidot.com/aruspice-s-scp-artwork-hub,https://scp-wiki-cn.wikidot.com/aruspice-s-scp-artwork-hub,SCP-CN via SCPPER-CN,2019-02-27,,True,excluded_or_unverified,zh,True,True,excluded,not_marked_chinese_original,data/raw/deep_author/works/da-work-607201745.json,SCPPER-CN JSON bundle,908,077f925c9e74c547ff67d32f05d5b6789702eae69470ce39f8ff1eb79226fde0,2026-08-14,CC BY-SA 3.0 unless a page records a different compatible notice,艺术家,
da-author-breaddddd-d9923f3d,breaddddd,da-work-607402871,607402871,幻梦锡杖与佛指舍利,https://scp-wiki-cn.wikidot.com/scp-cn-1313,https://scp-wiki-cn.wikidot.com/scp-cn-1313,SCP-CN via SCPPER-CN,2019-02-28,,True,excluded_or_unverified,zh,False,True,excluded,structural_or_non_work_page,data/raw/deep_author/works/da-work-607402871.json,SCPPER-CN JSON bundle,1769,250f8f2ac55597dad73260599db7397257e71aad334be47383b52059fbddb97d,2026-08-14,CC BY-SA 3.0 unless a page records a different compatible notice,_cc|keter|k级情景|mc&d|meta|pangloss|scp|site-cn-34|不可摧毁|仪式性|信息危害|历史性|原创|合著|夜之子|宗教|幻觉|建筑|异学会|强迫性|形态改变|循环|心灵感应|悖论|感知影响|成瘾性|文言文|智能|梦神集团|欲肉教|现实扭曲|生物性|睡眠|破碎之神教会|神话传说|空间影响|精品|精神影响|自主|自我修复|艺术性|蛇之手|被放逐者之图书馆|观察影响|视觉性|触觉影响|认知危害|超维度|铭文|隔地促动|饰品,
da-author-etinjat-1c584251,Etinjat,da-work-607414723,607414723,DK级 大金刚末日情景,https://scp-wiki-cn.wikidot.com/dk-class-donkey-kong-scenario,https://scp-wiki-cn.wikidot.com/dk-class-donkey-kong-scenario,SCP-CN via SCPPER-CN,2019-03-01,,True,excluded_or_unverified,zh,True,True,excluded,not_marked_chinese_original,data/raw/deep_author/works/da-work-607414723.json,SCPPER-CN JSON bundle,818,009bc3c114eb0cd190cf56bffaaf5aace319c928dd4fb4968e4a1c35bb8176f2,2026-08-14,CC BY-SA 3.0 unless a page records a different compatible notice,故事,
da-author-etinjat-1c584251,Etinjat,da-work-615857104,615857104,初始之章：第一乐诗,https://scp-wiki-cn.wikidot.com/chapter-1-verse-1,https://scp-wiki-cn.wikidot.com/chapter-1-verse-1,SCP-CN via SCPPER-CN,2019-03-03,,True,excluded_or_unverified,zh,True,True,excluded,not_marked_chinese_original,data/raw/deep_author/works/da-work-615857104.json,SCPPER-CN JSON bundle,789,37a4db2b7da88e7fc7b9ef6f12989169055ab89e09bb5e5a3bbcc5f7ce53f210,2026-08-14,CC BY-SA 3.0 unless a page records a different compatible notice,故事|文言文|死之兄弟,
da-author-breaddddd-d9923f3d,breaddddd,da-work-620527152,620527152,Letters样版页,https://scp-wiki-cn.wikidot.com/component:letters-theme,https://scp-wiki-cn.wikidot.com/component:letters-theme,SCP-CN via SCPPER-CN,2019-03-04,,True,excluded_or_unverified,zh,False,True,excluded,structural_or_non_work_page,data/raw/deep_author/works/da-work-620527152.json,SCPPER-CN JSON bundle,798,751af6d5ed3bf4a4332583a3f16ec7b83942d98693ed1d71e9b53aa0538599aa,2026-08-14,CC BY-SA 3.0 unless a page records a different compatible notice,原创|版式,
da-author-breaddddd-d9923f3d,breaddddd,da-work-620853905,620853905,下向,https://scp-wiki-cn.wikidot.com/scp-cn-1994,https://scp-wiki-cn.wikidot.com/scp-cn-1994,SCP-CN via SCPPER-CN,2019-03-04,,True,excluded_or_unverified,zh,False,True,excluded,structural_or_non_work_page,data/raw/deep_author/works/da-work-620853905.json,SCPPER-CN JSON bundle,1233,f3e0148667f28f1c96bd71cd69549b741d25ecd04d09794f7b1a3b9ea2563e6c,2026-08-14,CC BY-SA 3.0 unless a page records a different compatible notice,area-cn-07|keter|scp|原创|合著|地下|门径,
da-author-breaddddd-d9923f3d,breaddddd,da-work-624209317,624209317,耳机派对,https://scp-wiki-cn.wikidot.com/scp-cn-1515,https://scp-wiki-cn.wikidot.com/scp-cn-1515,SCP-CN via SCPPER-CN,2019-03-05,,True,single_selected_author,zh,False,False,included,,data/raw/deep_author/works/da-work-624209317.json,SCPPER-CN JSON bundle,11217,2a3e4de80bb28f87eeadf5db265f402f1a433d095e59ef8c69a596bb2af17824,2026-08-14,CC BY-SA 3.0 unless a page records a different compatible notice,euclid|scp|原创|听觉影响|声音|家用物品|电子,
da-author-etinjat-1c584251,Etinjat,da-work-630645512,630645512,SCP-4104（旧）,https://scp-wiki-cn.wikidot.com/old:scp-4104,https://scp-wiki-cn.wikidot.com/old:scp-4104,SCP-CN via SCPPER-CN,2019-03-07,,True,excluded_or_unverified,zh,True,True,excluded,not_marked_chinese_original,data/raw/deep_author/works/da-work-630645512.json,SCPPER-CN JSON bundle,916,ae94b6501be9fe5a681fcf1dc0d9fc3ed1be1d8ce4390410c9058d61c0549f3d,2026-08-14,CC BY-SA 3.0 unless a page records a different compatible notice,2019老掉牙竞赛|k级情景|scp|旧页面|未收容|机密分级|记忆影响,
da-author-etinjat-1c584251,Etinjat,da-work-630968776,630968776,Springingtraps的作者页,https://scp-wiki-cn.wikidot.com/springingtraps-author-page,https://scp-wiki-cn.wikidot.com/springingtraps-author-page,SCP-CN via SCPPER-CN,2019-03-07,,True,excluded_or_unverified,zh,True,True,excluded,not_marked_chinese_original,data/raw/deep_author/works/da-work-630968776.json,SCPPER-CN JSON bundle,803,9d6b8bb581a98fc31a967571dc1446f1222e312d4f38e4429daa5bb2c236b132,2026-08-14,CC BY-SA 3.0 unless a page records a different compatible notice,作者,
da-author-etinjat-1c584251,Etinjat,da-work-633753434,633753434,Hawks 与 艺术作品,https://scp-wiki-cn.wikidot.com/hawks-n-artworks,https://scp-wiki-cn.wikidot.com/hawks-n-artworks,SCP-CN via SCPPER-CN,2019-03-08,,True,excluded_or_unverified,zh,True,True,excluded,not_marked_chinese_original,data/raw/deep_author/works/da-work-633753434.json,SCPPER-CN JSON bundle,862,c43a9b7b4d98e9244f918290500c5a3cc2e9a61544a4306836f13bc7a2966198,2026-08-14,CC BY-SA 3.0 unless a page records a different compatible notice,艺术家,
da-author-etinjat-1c584251,Etinjat,da-work-633794486,633794486,相形见绌,https://scp-wiki-cn.wikidot.com/scp-020-j,https://scp-wiki-cn.wikidot.com/scp-020-j,SCP-CN via SCPPER-CN,2019-03-08,,True,excluded_or_unverified,zh,True,True,excluded,not_marked_chinese_original,data/raw/deep_author/works/da-work-633794486.json,SCPPER-CN JSON bundle,943,5956ba1b45d8d2981d162467e8cd293d56dcf44e9bc873cce207545d4aa75fe6,2026-08-14,CC BY-SA 3.0 unless a page records a different compatible notice,cimmerian博士|safe|scp|不可摧毁|工具|强迫性|搞笑|认知危害,
da-author-etinjat-1c584251,Etinjat,da-work-637420754,637420754,噢，我感觉到了，我感觉到了整个宇宙！,https://scp-wiki-cn.wikidot.com/oh-i-feel-it-i-feel-the-cosmos,https://scp-wiki-cn.wikidot.com/oh-i-feel-it-i-feel-the-cosmos,SCP-CN via SCPPER-CN,2019-03-10,,True,excluded_or_unverified,zh,True,True,excluded,not_marked_chinese_original,data/raw/deep_author/works/da-work-637420754.json,SCPPER-CN JSON bundle,910,a3349557db61b33cfa0ccf7f8dd87e6d30766b9ceff52999f26635d3270840a4,2026-08-14,CC BY-SA 3.0 unless a page records a different compatible notice,2019goi竞赛|aiad|故事|银河联邦,
da-author-mscarlet-78b5e8fb,MScarlet,da-work-637421251,637421251,精品原创GOI格式归档,https://scp-wiki-cn.wikidot.com/featured-goi-format-archive,https://scp-wiki-cn.wikidot.com/featured-goi-format-archive,SCP-CN via SCPPER-CN,2019-03-10,,True,excluded_or_unverified,zh,False,True,excluded,structural_or_non_work_page,data/raw/deep_author/works/da-work-637421251.json,SCPPER-CN JSON bundle,924,48296a03a68569b3d85f4612f2bb0e16318a63b7d2d1a05d38440a859cf49019,2026-08-14,CC BY-SA 3.0 unless a page records a different compatible notice,中心|原创|精品,
da-author-mscarlet-78b5e8fb,MScarlet,da-work-637421263,637421263,精品主题作品归档,https://scp-wiki-cn.wikidot.com/event-featured-archive,https://scp-wiki-cn.wikidot.com/event-featured-archive,SCP-CN via SCPPER-CN,2019-03-10,,True,excluded_or_unverified,zh,True,True,excluded,not_marked_chinese_original,data/raw/deep_author/works/da-work-637421263.json,SCPPER-CN JSON bundle,743,7136f5844e5fbbe5f4f040ddd97effc0d86fbd5c8c60775f6807cfe5dacf89d9,2026-08-14,CC BY-SA 3.0 unless a page records a different compatible notice,中心|主题精品,
da-author-etinjat-1c584251,Etinjat,da-work-637581301,637581301,曲音——长亭四叠,https://scp-wiki-cn.wikidot.com/wanderers:the-ring-that-pavilion-farewell,https://scp-wiki-cn.wikidot.com/wanderers:the-ring-that-pavilion-farewell,SCP-CN via SCPPER-CN,2019-03-11,,True,single_selected_author,zh,False,False,included,,data/raw/deep_author/works/da-work-637581301.json,SCPPER-CN JSON bundle,5600,0fabe90f292fcdd6e4a658043de8537cb1eb0033c118311ecc69de51e3d8e9e0,2026-08-14,CC BY-SA 3.0 unless a page records a different compatible notice,wanderers|原创|日记|琅嬛福地藏书阁|记载|韵文,
da-author-etinjat-1c584251,Etinjat,da-work-637814600,637814600,没有人会陷入麻烦,https://scp-wiki-cn.wikidot.com/nobody-in-trouble,https://scp-wiki-cn.wikidot.com/nobody-in-trouble,SCP-CN via SCPPER-CN,2019-03-11,,True,excluded_or_unverified,zh,True,True,excluded,not_marked_chinese_original,data/raw/deep_author/works/da-work-637814600.json,SCPPER-CN JSON bundle,889,dedafd576a0127e2bd1e269ef7458aecfed2292ae5f1407d9bda81338a2af11b,2026-08-14,CC BY-SA 3.0 unless a page records a different compatible notice,2019连写竞赛|_长毛狗|nobody|故事,
da-author-breaddddd-d9923f3d,breaddddd,da-work-638312903,638312903,化茧,https://scp-wiki-cn.wikidot.com/scp-cn-1221,https://scp-wiki-cn.wikidot.com/scp-cn-1221,SCP-CN via SCPPER-CN,2019-03-12,,True,single_selected_author,zh,False,False,included,,data/raw/deep_author/works/da-work-638312903.json,SCPPER-CN JSON bundle,10785,a45e977212a2a73395f3bf74ca912b07e9d30b5593056c05b74a49f568dd0162,2026-08-14,CC BY-SA 3.0 unless a page records a different compatible notice,safe|scp|site-cn-34|原创|衣物,
da-author-etinjat-1c584251,Etinjat,da-work-638790543,638790543,步虚列仙传——西方行者金公录,https://scp-wiki-cn.wikidot.com/wanderers:the-scripture-of-ky-that-jin-gong,https://scp-wiki-cn.wikidot.com/wanderers:the-scripture-of-ky-that-jin-gong,SCP-CN via SCPPER-CN,2019-03-13,,True,single_selected_author,zh,False,False,included,,data/raw/deep_author/works/da-work-638790543.json,SCPPER-CN JSON bundle,12217,d0ae902917b1777f141f38ff95bf4caf69bf675cc7ccacbc59d40141470e19bd,2026-08-14,CC BY-SA 3.0 unless a page records a different compatible notice,wanderers|个体|原创|反转生死竞赛|宗教性|散文|日记|琅嬛福地藏书阁|神话|记载|韵文,
da-author-etinjat-1c584251,Etinjat,da-work-639376584,639376584,疑心生暗鬼,https://scp-wiki-cn.wikidot.com/scp-cn-1990,https://scp-wiki-cn.wikidot.com/scp-cn-1990,SCP-CN via SCPPER-CN,2019-03-16,,True,single_selected_author,zh,False,False,included,,data/raw/deep_author/works/da-work-639376584.json,SCPPER-CN JSON bundle,35589,cfb8f606f7ca6d972d4b113d09ba496a6127fa9387052692a787a4c84fdbafe5,2026-08-14,CC BY-SA 3.0 unless a page records a different compatible notice,keter|k级情景|meta|scp|人形生物|信息危害|原创|强迫性|感知影响|模因|认知危害|记忆影响|逆模因,
da-author-etinjat-1c584251,Etinjat,da-work-639394479,639394479,宣誓,https://scp-wiki-cn.wikidot.com/to-swear-an-oath,https://scp-wiki-cn.wikidot.com/to-swear-an-oath,SCP-CN via SCPPER-CN,2019-03-17,,True,excluded_or_unverified,zh,True,True,excluded,not_marked_chinese_original,data/raw/deep_author/works/da-work-639394479.json,SCPPER-CN JSON bundle,1020,6e405e914efab319f67c73c72a5e843942ab1645c0a6bb0ca1fc1d1179f1bd91,2026-08-14,CC BY-SA 3.0 unless a page records a different compatible notice,故事|诗歌,
da-author-etinjat-1c584251,Etinjat,da-work-642876007,642876007,蛇说神幻经,https://scp-wiki-cn.wikidot.com/theology-of-a-snake,https://scp-wiki-cn.wikidot.com/theology-of-a-snake,SCP-CN via SCPPER-CN,2019-03-23,,True,excluded_or_unverified,zh,True,True,excluded,not_marked_chinese_original,data/raw/deep_author/works/da-work-642876007.json,SCPPER-CN JSON bundle,838,6b5e0977debe72c0db052000c6a04c0c13d768ef8f93b84a9276f83340729589,2026-08-14,CC BY-SA 3.0 unless a page records a different compatible notice,alagadda|夏异常|故事|文言文|缢王,
da-author-etinjat-1c584251,Etinjat,da-work-651848201,651848201,被放逐者的护封 主题版式,https://scp-wiki-cn.wikidot.com/wanderers:dustjacket-theme,https://scp-wiki-cn.wikidot.com/wanderers:dustjacket-theme,SCP-CN via SCPPER-CN,2019-03-25,,True,excluded_or_unverified,zh,True,True,excluded,not_marked_chinese_original,data/raw/deep_author/works/da-work-651848201.json,SCPPER-CN JSON bundle,854,5225957569aed4093cd60783e54acfbca2718d3da09ae73ced8ead16a46415d0,2026-08-14,CC BY-SA 3.0 unless a page records a different compatible notice,wanderers|版式,
da-author-etinjat-1c584251,Etinjat,da-work-655533071,655533071,我看到了此世间的黑暗,https://scp-wiki-cn.wikidot.com/wanderers:see-the-darkness,https://scp-wiki-cn.wikidot.com/wanderers:see-the-darkness,SCP-CN via SCPPER-CN,2019-03-26,,True,excluded_or_unverified,zh,True,True,excluded,not_marked_chinese_original,data/raw/deep_author/works/da-work-655533071.json,SCPPER-CN JSON bundle,830,19b5b730a203a074b6ee5e95a74f3bad8e8d70598aad119e11464ca004cb3ae8,2026-08-14,CC BY-SA 3.0 unless a page records a different compatible notice,ilvos|wanderers|个体|韵文,
da-author-etinjat-1c584251,Etinjat,da-work-655534024,655534024,公民的报道,https://scp-wiki-cn.wikidot.com/wanderers:citizen-report,https://scp-wiki-cn.wikidot.com/wanderers:citizen-report,SCP-CN via SCPPER-CN,2019-03-26,,True,excluded_or_unverified,zh,True,True,excluded,not_marked_chinese_original,data/raw/deep_author/works/da-work-655534024.json,SCPPER-CN JSON bundle,1716,05c1ac33bea79b8141d94cf71ef920e011993f7a3d61e7d41fb00959a92a0fde,2026-08-14,CC BY-SA 3.0 unless a page records a different compatible notice,wanderers|个体|韵文,
da-author-etinjat-1c584251,Etinjat,da-work-670742005,670742005,赫曼·富勒的展出：高贵的玛雅,https://scp-wiki-cn.wikidot.com/maya-the-magnificent,https://scp-wiki-cn.wikidot.com/maya-the-magnificent,SCP-CN via SCPPER-CN,2019-04-01,,True,excluded_or_unverified,zh,True,True,excluded,not_marked_chinese_original,data/raw/deep_author/works/da-work-670742005.json,SCPPER-CN JSON bundle,887,b6eb2837956d235c7f973ce61cdba47c494196cdec57ae0d658c60a8500aa180,2026-08-14,CC BY-SA 3.0 unless a page records a different compatible notice,_赫曼·富勒|goi格式|恐惧&马戏团|赫曼·富勒,
da-author-etinjat-1c584251,Etinjat,da-work-671986835,671986835,传承熊图伟业项目的合集,https://scp-wiki-cn.wikidot.com/bearitage-collection,https://scp-wiki-cn.wikidot.com/bearitage-collection,SCP-CN via SCPPER-CN,2019-04-01,,True,excluded_or_unverified,zh,True,True,excluded,not_marked_chinese_original,data/raw/deep_author/works/da-work-671986835.json,SCPPER-CN JSON bundle,1030,a08fc372b2a84b211d3da10950cd3a84920f3c24d60a06464d89d7f926a71b73,2026-08-14,CC BY-SA 3.0 unless a page records a different compatible notice,中心|威尔逊野生动物|搞笑,
da-author-etinjat-1c584251,Etinjat,da-work-672956802,672956802,列侬/麦卡特尼,https://scp-wiki-cn.wikidot.com/scp-4930,https://scp-wiki-cn.wikidot.com/scp-4930,SCP-CN via SCPPER-CN,2019-04-03,,True,excluded_or_unverified,zh,True,True,excluded,not_marked_chinese_original,data/raw/deep_author/works/da-work-672956802.json,SCPPER-CN JSON bundle,1341,63207201f273b1c601b1a95b4b2ba3d285f10aeb9b637d7e97fc33888926e0c6,2026-08-14,CC BY-SA 3.0 unless a page records a different compatible notice,crom:series-5|euclid|meta|scp|人形生物|信息危害|感知力|智能|活物|第五教会|音乐性,
da-author-etinjat-1c584251,Etinjat,da-work-672960820,672960820,Scp 4930 1,https://scp-wiki-cn.wikidot.com/fragment:scp-4930-1,https://scp-wiki-cn.wikidot.com/fragment:scp-4930-1,SCP-CN via SCPPER-CN,2019-04-03,,True,excluded_or_unverified,zh,True,True,excluded,not_marked_chinese_original,data/raw/deep_author/works/da-work-672960820.json,SCPPER-CN JSON bundle,1581,023f6c7c69237013f7d1e30f6f18afdb2db287451364ebcdca55263624706eb7,2026-08-14,CC BY-SA 3.0 unless a page records a different compatible notice,段落,
da-author-etinjat-1c584251,Etinjat,da-work-672962411,672962411,Scp 4930 2,https://scp-wiki-cn.wikidot.com/fragment:scp-4930-2,https://scp-wiki-cn.wikidot.com/fragment:scp-4930-2,SCP-CN via SCPPER-CN,2019-04-03,,True,excluded_or_unverified,zh,True,True,excluded,not_marked_chinese_original,data/raw/deep_author/works/da-work-672962411.json,SCPPER-CN JSON bundle,718,95cd726395f224dbf6ef8d8bbf44058f8fde61a24535c77e503b5526972584ce,2026-08-14,CC BY-SA 3.0 unless a page records a different compatible notice,段落,
da-author-etinjat-1c584251,Etinjat,da-work-674166473,674166473,舞动的巨熊,https://scp-wiki-cn.wikidot.com/scp-2579,https://scp-wiki-cn.wikidot.com/scp-2579,SCP-CN via SCPPER-CN,2019-04-04,,True,excluded_or_unverified,zh,True,True,excluded,not_marked_chinese_original,data/raw/deep_author/works/da-work-674166473.json,SCPPER-CN JSON bundle,1061,c633e7d037c69cb2fb58e2b61dca755978baf750edd44ba75ee9c2287a9106d5,2026-08-14,CC BY-SA 3.0 unless a page records a different compatible notice,crom:series-3|safe|scp|动物|活物|熊类|电脑|音乐性,
da-author-etinjat-1c584251,Etinjat,da-work-674765138,674765138,游记——清明岿阳行,https://scp-wiki-cn.wikidot.com/wanderers:the-travel-notes-of-qingming,https://scp-wiki-cn.wikidot.com/wanderers:the-travel-notes-of-qingming,SCP-CN via SCPPER-CN,2019-04-05,,True,single_selected_author,zh,False,False,included,,data/raw/deep_author/works/da-work-674765138.json,SCPPER-CN JSON bundle,17745,419058c37dbf23f407c8a391668b1072a2e1723c58a84bdd221fef2fee02a719,2026-08-14,CC BY-SA 3.0 unless a page records a different compatible notice,wanderers|个体|仪式|原创|反转生死竞赛|宗教性|散文|日记|焚书人|琅嬛福地藏书阁|神话|记载|韵文,
da-author-etinjat-1c584251,Etinjat,da-work-675060457,675060457,Woed的音乐播放器 样版,https://scp-wiki-cn.wikidot.com/component:audio-player-woed,https://scp-wiki-cn.wikidot.com/component:audio-player-woed,SCP-CN via SCPPER-CN,2019-04-07,,True,excluded_or_unverified,zh,True,True,excluded,not_marked_chinese_original,data/raw/deep_author/works/da-work-675060457.json,SCPPER-CN JSON bundle,789,e9bfc1819535ae914f4f61651dd138172c26c24a62524f9d0d68eef60fc94e59,2026-08-14,CC BY-SA 3.0 unless a page records a different compatible notice,组件,
da-author-etinjat-1c584251,Etinjat,da-work-675060677,675060677,Woed的音乐播放器的源代码,https://scp-wiki-cn.wikidot.com/component:audio-player-woed-source,https://scp-wiki-cn.wikidot.com/component:audio-player-woed-source,SCP-CN via SCPPER-CN,2019-04-07,,True,excluded_or_unverified,zh,True,True,excluded,not_marked_chinese_original,data/raw/deep_author/works/da-work-675060677.json,SCPPER-CN JSON bundle,816,2c3a1a009d567afcdeda25fd37d6cc4ec2a7402d8e9e74640dc56bc3c7066507,2026-08-14,CC BY-SA 3.0 unless a page records a different compatible notice,组件后端,
da-author-etinjat-1c584251,Etinjat,da-work-680226663,680226663,笔记：没有人知道这家伙,https://scp-wiki-cn.wikidot.com/nobody-recognizes-it,https://scp-wiki-cn.wikidot.com/nobody-recognizes-it,SCP-CN via SCPPER-CN,2019-04-09,,True,single_selected_author,zh,False,False,included,,data/raw/deep_author/works/da-work-680226663.json,SCPPER-CN JSON bundle,10811,eca0ce3aad803f87cf8b5f82899662ab6705057e58ed6de1f30a68d1b1619f99,2026-08-14,CC BY-SA 3.0 unless a page records a different compatible notice,_nobody|goi格式|nobody|原创|被放逐者之图书馆|黑皇后,
da-author-etinjat-1c584251,Etinjat,da-work-683095589,683095589,2019书架整理竞赛,https://scp-wiki-cn.wikidot.com/wanderers:reshelving-2019,https://scp-wiki-cn.wikidot.com/wanderers:reshelving-2019,SCP-CN via SCPPER-CN,2019-04-10,,True,excluded_or_unverified,zh,True,True,excluded,not_marked_chinese_original,data/raw/deep_author/works/da-work-683095589.json,SCPPER-CN JSON bundle,1077,79b564898cb5423dfdb39125963363623441fa07ff7d09dec4ae65b21fd89cd7,2026-08-14,CC BY-SA 3.0 unless a page records a different compatible notice,wanderers|中心|竞赛|需更新,
da-author-breaddddd-d9923f3d,breaddddd,da-work-693864879,693864879,蝴蝶的白日梦,https://scp-wiki-cn.wikidot.com/scp-cn-1412,https://scp-wiki-cn.wikidot.com/scp-cn-1412,SCP-CN via SCPPER-CN,2019-04-13,,True,single_selected_author,zh,False,False,included,,data/raw/deep_author/works/da-work-693864879.json,SCPPER-CN JSON bundle,19269,947e8ca2e7a4b508f2dd05812d4045b8f9e532e052b78e390e62f6b1bb487d6a,2026-08-14,CC BY-SA 3.0 unless a page records a different compatible notice,euclid|scp|原创|昆虫|睡眠|精神影响,
da-author-etinjat-1c584251,Etinjat,da-work-701361202,701361202,伴月星恒（暗色）,https://scp-wiki-cn.wikidot.com/fragment:the-moons-stellar-companion-0,https://scp-wiki-cn.wikidot.com/fragment:the-moons-stellar-companion-0,SCP-CN via SCPPER-CN,2019-04-14,,True,excluded_or_unverified,zh,True,True,excluded,not_marked_chinese_original,data/raw/deep_author/works/da-work-701361202.json,SCPPER-CN JSON bundle,1086,acbbf11be16cfd08a7cbe43a55863393e479a4de8d7ae82ba54ca89c73beba3b,2026-08-14,CC BY-SA 3.0 unless a page records a different compatible notice,段落,
da-author-etinjat-1c584251,Etinjat,da-work-701405876,701405876,伴月星恒（亮色）,https://scp-wiki-cn.wikidot.com/fragment:the-moons-stellar-companion-1,https://scp-wiki-cn.wikidot.com/fragment:the-moons-stellar-companion-1,SCP-CN via SCPPER-CN,2019-04-14,,True,excluded_or_unverified,zh,True,True,excluded,not_marked_chinese_original,data/raw/deep_author/works/da-work-701405876.json,SCPPER-CN JSON bundle,810,2990808dd6bdec70c20961ad96a522ea9c66803447517c81121607f4cdc5433f,2026-08-14,CC BY-SA 3.0 unless a page records a different compatible notice,段落,
da-author-etinjat-1c584251,Etinjat,da-work-701436797,701436797,伴月星恒,https://scp-wiki-cn.wikidot.com/the-moons-stellar-companion,https://scp-wiki-cn.wikidot.com/the-moons-stellar-companion,SCP-CN via SCPPER-CN,2019-04-14,,True,excluded_or_unverified,zh,True,True,excluded,not_marked_chinese_original,data/raw/deep_author/works/da-work-701436797.json,SCPPER-CN JSON bundle,816,dfd7b0ebb8ef6b3346d73ed4f7e817acf2701168205629a1bedae590c64aff2b,2026-08-14,CC BY-SA 3.0 unless a page records a different compatible notice,2019goi竞赛|故事|银河联邦,
da-author-breaddddd-d9923f3d,breaddddd,da-work-706086481,706086481,缓行电车,https://scp-wiki-cn.wikidot.com/scp-cn-797,https://scp-wiki-cn.wikidot.com/scp-cn-797,SCP-CN via SCPPER-CN,2019-04-15,,True,single_selected_author,zh,False,False,included,,data/raw/deep_author/works/da-work-706086481.json,SCPPER-CN JSON bundle,108837,33edb3d5df0c163354664b320875e90f265e5055d22605c4b8fc4206aa87f5b1,2026-08-14,CC BY-SA 3.0 unless a page records a different compatible notice,euclid|scp|site-cn-34|传送|原创|精品|载具,
da-author-etinjat-1c584251,Etinjat,da-work-728622642,728622642,sheppards刷过的艺术页（超酷！！！）,https://scp-wiki-cn.wikidot.com/lukesart,https://scp-wiki-cn.wikidot.com/lukesart,SCP-CN via SCPPER-CN,2019-04-18,,True,excluded_or_unverified,zh,True,True,excluded,not_marked_chinese_original,data/raw/deep_author/works/da-work-728622642.json,SCPPER-CN JSON bundle,798,ee5b9551dfc863e02459089762a6498a8c8ae8c069f6162f1b2eb0224f24f907,2026-08-14,CC BY-SA 3.0 unless a page records a different compatible notice,旧页面|艺术家,
da-author-etinjat-1c584251,Etinjat,da-work-734475167,734475167,银河接引中心页-迭代2,https://scp-wiki-cn.wikidot.com/fragment:sky-sermon-hub-2,https://scp-wiki-cn.wikidot.com/fragment:sky-sermon-hub-2,SCP-CN via SCPPER-CN,2019-04-19,,True,excluded_or_unverified,zh,True,True,excluded,not_marked_chinese_original,data/raw/deep_author/works/da-work-734475167.json,SCPPER-CN JSON bundle,772,ba4e7a048bb9f8a560660edc75201da266cdbec7895f6415db4c721336748751,2026-08-14,CC BY-SA 3.0 unless a page records a different compatible notice,段落,
da-author-etinjat-1c584251,Etinjat,da-work-734514466,734514466,银河接引中心页-迭代1,https://scp-wiki-cn.wikidot.com/fragment:sky-sermon-hub-1,https://scp-wiki-cn.wikidot.com/fragment:sky-sermon-hub-1,SCP-CN via SCPPER-CN,2019-04-19,,True,excluded_or_unverified,zh,True,True,excluded,not_marked_chinese_original,data/raw/deep_author/works/da-work-734514466.json,SCPPER-CN JSON bundle,746,a950608ef08f155a19264a45a8905d7c9a3f479e0a392e230bc848de5ba3f12d,2026-08-14,CC BY-SA 3.0 unless a page records a different compatible notice,段落,
da-author-etinjat-1c584251,Etinjat,da-work-734541281,734541281,银河接引中心页,https://scp-wiki-cn.wikidot.com/sky-sermon-hub,https://scp-wiki-cn.wikidot.com/sky-sermon-hub,SCP-CN via SCPPER-CN,2019-04-19,,True,excluded_or_unverified,zh,True,True,excluded,not_marked_chinese_original,data/raw/deep_author/works/da-work-734541281.json,SCPPER-CN JSON bundle,814,2eb1ce7d065be6f5a59bfe4415e15039c99622f6715ca907b9b1884f5334fd56,2026-08-14,CC BY-SA 3.0 unless a page records a different compatible notice,2019goi竞赛|_故事中心|中心|银河联邦,
da-author-etinjat-1c584251,Etinjat,da-work-745320942,745320942,非先知团体 中心页,https://scp-wiki-cn.wikidot.com/non-prophet-organization-hub,https://scp-wiki-cn.wikidot.com/non-prophet-organization-hub,SCP-CN via SCPPER-CN,2019-04-20,,True,excluded_or_unverified,zh,True,True,excluded,not_marked_chinese_original,data/raw/deep_author/works/da-work-745320942.json,SCPPER-CN JSON bundle,975,63f222e4e445f4eb36223330e03b90e09895a42fb73ed4ee16a2c3f88011e003,2026-08-14,CC BY-SA 3.0 unless a page records a different compatible notice,2019goi竞赛|_故事中心|中心|合著|宗教小说|火炬之子|系列中心|蓝宝石,
da-author-breaddddd-d9923f3d,breaddddd,da-work-745324397,745324397,一瞬的寂静,https://scp-wiki-cn.wikidot.com/scp-4330,https://scp-wiki-cn.wikidot.com/scp-4330,SCP-CN via SCPPER-CN,2019-04-20,,True,excluded_or_unverified,zh,True,True,excluded,not_marked_chinese_original,data/raw/deep_author/works/da-work-745324397.json,SCPPER-CN JSON bundle,932,f2183eb9a91f49df7df5c14b316dd6a61f4b02aefe9acc51ca6b7464b68eff52,2026-08-14,CC BY-SA 3.0 unless a page records a different compatible notice,crom:series-5|keter|scp|全球超自然联盟|声音|未收容,
da-author-etinjat-1c584251,Etinjat,da-work-750621197,750621197,出路 主题版式,https://scp-wiki-cn.wikidot.com/theme:the-way-out,https://scp-wiki-cn.wikidot.com/theme:the-way-out,SCP-CN via SCPPER-CN,2019-04-20,,True,excluded_or_unverified,zh,True,True,excluded,not_marked_chinese_original,data/raw/deep_author/works/da-work-750621197.json,SCPPER-CN JSON bundle,1023,c9f1d4bbdba94bb253cdf9ab479a99fa3035804516dbc891f3b1b1ff141f155b,2026-08-14,CC BY-SA 3.0 unless a page records a different compatible notice,版式,
da-author-etinjat-1c584251,Etinjat,da-work-753104729,753104729,“它的肚子咕咕叫”,https://scp-wiki-cn.wikidot.com/djkaktus-s-proposal-j,https://scp-wiki-cn.wikidot.com/djkaktus-s-proposal-j,SCP-CN via SCPPER-CN,2019-04-21,,True,excluded_or_unverified,zh,True,True,excluded,not_marked_chinese_original,data/raw/deep_author/works/da-work-753104729.json,SCPPER-CN JSON bundle,1148,dc5dabc7c1f8898cd8d4e11ada2ff3bea0f5522ac9b5b764cfb9b04c99a3f477,2026-08-14,CC BY-SA 3.0 unless a page records a different compatible notice,001提案|k级情景|scp|兔类|动物|历史性|声音|性|搞笑|敌意|无名|智能|机密分级|活物|熊类|猫科|马类|鸟类,
da-author-agent-phage-bc08199e,Agent Phage,da-work-755521269,755521269,基金会政治笑话集锦（二）,https://scp-wiki-cn.wikidot.com/foundation-political-jokes-2,https://scp-wiki-cn.wikidot.com/foundation-political-jokes-2,SCP-CN via SCPPER-CN,2019-04-21,,True,excluded_or_unverified,zh,False,True,excluded,structural_or_non_work_page,data/raw/deep_author/works/da-work-755521269.json,SCPPER-CN JSON bundle,891,a60382ff9a887e2682235dd510f29aa9bc71fe327ef59f2d6129e63d31ff0495,2026-08-14,CC BY-SA 3.0 unless a page records a different compatible notice,crossover项目|原创|合作|补充材料,
da-author-etinjat-1c584251,Etinjat,da-work-757227982,757227982,一个男孩的狗狗,https://scp-wiki-cn.wikidot.com/scp-4091,https://scp-wiki-cn.wikidot.com/scp-4091,SCP-CN via SCPPER-CN,2019-04-22,,True,excluded_or_unverified,zh,True,True,excluded,not_marked_chinese_original,data/raw/deep_author/works/da-work-757227982.json,SCPPER-CN JSON bundle,872,0ebd16bd96a03f7166e6dfc20e7efb622b7fa882ad70faa4481b3a6df145521b,2026-08-14,CC BY-SA 3.0 unless a page records a different compatible notice,crom:series-5|euclid|scp|传送|动物|感知力|智能|活物|犬类,
da-author-etinjat-1c584251,Etinjat,da-work-757235056,757235056,决战SCP系列,https://scp-wiki-cn.wikidot.com/in-opposition-to,https://scp-wiki-cn.wikidot.com/in-opposition-to,SCP-CN via SCPPER-CN,2019-04-23,,True,excluded_or_unverified,zh,True,True,excluded,not_marked_chinese_original,data/raw/deep_author/works/da-work-757235056.json,SCPPER-CN JSON bundle,965,a12b4d901374cfa510a33122633c04df4f253f8aa4c4b5adb1e27c8adeb3ecef,2026-08-14,CC BY-SA 3.0 unless a page records a different compatible notice,_故事中心|cimmerian博士|clef博士|gears博士|shaw博士|中心,
da-author-etinjat-1c584251,Etinjat,da-work-757316534,757316534,夜何幽，地何寒,https://scp-wiki-cn.wikidot.com/world-went-beautiful,https://scp-wiki-cn.wikidot.com/world-went-beautiful,SCP-CN via SCPPER-CN,2019-04-25,,True,excluded_or_unverified,zh,True,True,excluded,not_marked_chinese_original,data/raw/deep_author/works/da-work-757316534.json,SCPPER-CN JSON bundle,940,985acc3efb2b363e355f2b923ef3d9f346386d7794a7dc07b47983ce67329b77,2026-08-14,CC BY-SA 3.0 unless a page records a different compatible notice,乌托邦|后启示录|故事|无对话|音频,
da-author-etinjat-1c584251,Etinjat,da-work-757366074,757366074,项目等级条区 源代码,https://scp-wiki-cn.wikidot.com/component:object-class-bar-source,https://scp-wiki-cn.wikidot.com/component:object-class-bar-source,SCP-CN via SCPPER-CN,2019-04-26,,True,excluded_or_unverified,zh,True,True,excluded,not_marked_chinese_original,data/raw/deep_author/works/da-work-757366074.json,SCPPER-CN JSON bundle,792,864d37d174aa2a6bc7d147f4aa8b7f03c5aa848da05cca6c88b4db7b8c454d6d,2026-08-14,CC BY-SA 3.0 unless a page records a different compatible notice,_源代码|样版,
da-author-etinjat-1c584251,Etinjat,da-work-757366718,757366718,项目等级条区 样版,https://scp-wiki-cn.wikidot.com/component:object-class-bar,https://scp-wiki-cn.wikidot.com/component:object-class-bar,SCP-CN via SCPPER-CN,2019-04-26,,True,excluded_or_unverified,zh,True,True,excluded,not_marked_chinese_original,data/raw/deep_author/works/da-work-757366718.json,SCPPER-CN JSON bundle,749,4b1a8227b87a361565cf9f2c45f98c3ae415143122fd16a35d860aa6af51802a,2026-08-14,CC BY-SA 3.0 unless a page records a different compatible notice,样版,
da-author-etinjat-1c584251,Etinjat,da-work-757367394,757367394,警告板 样版,https://scp-wiki-cn.wikidot.com/component:object-warning-box,https://scp-wiki-cn.wikidot.com/component:object-warning-box,SCP-CN via SCPPER-CN,2019-04-26,,True,excluded_or_unverified,zh,True,True,excluded,not_marked_chinese_original,data/raw/deep_author/works/da-work-757367394.json,SCPPER-CN JSON bundle,959,1ed96f622287e5ac715f010d8f011aff9aa0ca99782d76ff31cae49764c6430e,2026-08-14,CC BY-SA 3.0 unless a page records a different compatible notice,组件,
da-author-etinjat-1c584251,Etinjat,da-work-757367472,757367472,警告板 源代码,https://scp-wiki-cn.wikidot.com/component:object-warning-box-source,https://scp-wiki-cn.wikidot.com/component:object-warning-box-source,SCP-CN via SCPPER-CN,2019-04-26,,True,excluded_or_unverified,zh,True,True,excluded,not_marked_chinese_original,data/raw/deep_author/works/da-work-757367472.json,SCPPER-CN JSON bundle,820,ba80141e0e36b9fe797567b685edcaed6caeedb1c7b919423fb26d73677f3891,2026-08-14,CC BY-SA 3.0 unless a page records a different compatible notice,_源代码|组件后端,
da-author-etinjat-1c584251,Etinjat,da-work-759001519,759001519,UIU档案：1996-005,https://scp-wiki-cn.wikidot.com/deleted:uiu-file-1996-005,https://scp-wiki-cn.wikidot.com/deleted:uiu-file-1996-005,SCP-CN via SCPPER-CN,2019-04-27,,True,single_selected_author,zh,False,False,included,,data/raw/deep_author/works/da-work-759001519.json,SCPPER-CN JSON bundle,2695,20bb1680615ff214b0c04b84e35f64005b0578b530bc520769fbc31659414943,2026-08-14,CC BY-SA 3.0 unless a page records a different compatible notice,_uiu|cc|goi格式|gp快递|mc&d|nobody|uiu|万劫历数|原创|安布罗斯餐厅|打鲨鱼中心|港城江|香城,
da-author-etinjat-1c584251,Etinjat,da-work-759345528,759345528,UIU档案：1996-005【新版式】,https://scp-wiki-cn.wikidot.com/fragment:uiu-file-1996-005-01,https://scp-wiki-cn.wikidot.com/fragment:uiu-file-1996-005-01,SCP-CN via SCPPER-CN,2019-04-27,,True,excluded_or_unverified,zh,True,True,excluded,not_marked_chinese_original,data/raw/deep_author/works/da-work-759345528.json,SCPPER-CN JSON bundle,728,3386e5c9b6045c9cc4a34d8ccb90c385bf4dd9957173c078158e779e57c8d393,2026-08-14,CC BY-SA 3.0 unless a page records a different compatible notice,段落,
da-author-etinjat-1c584251,Etinjat,da-work-759345587,759345587,UIU档案：1996-005【老式版】,https://scp-wiki-cn.wikidot.com/fragment:uiu-file-1996-005-02,https://scp-wiki-cn.wikidot.com/fragment:uiu-file-1996-005-02,SCP-CN via SCPPER-CN,2019-04-27,,True,excluded_or_unverified,zh,True,True,excluded,not_marked_chinese_original,data/raw/deep_author/works/da-work-759345587.json,SCPPER-CN JSON bundle,728,48fc3831444bbe4cfa5d179ac63768a1040dcaaa4277b43ba91d7c75010efff3,2026-08-14,CC BY-SA 3.0 unless a page records a different compatible notice,段落,
da-author-breaddddd-d9923f3d,breaddddd,da-work-761497281,761497281,占卜大战,https://scp-wiki-cn.wikidot.com/scp-cn-505,https://scp-wiki-cn.wikidot.com/scp-cn-505,SCP-CN via SCPPER-CN,2019-04-30,,True,excluded_or_unverified,zh,False,True,excluded,structural_or_non_work_page,data/raw/deep_author/works/da-work-761497281.json,SCPPER-CN JSON bundle,1062,f3d8a5b64ebca3087023d1078926d3e12f5d5af5786221e0e701262e2bc74c19,2026-08-14,CC BY-SA 3.0 unless a page records a different compatible notice,area-cn-07|cc|euclid|letters娱乐|scp|仪式性|原创|合著|宗教|港城江|游戏|知识|香城,
da-author-etinjat-1c584251,Etinjat,da-work-763105006,763105006,架起桥梁，让世界骨肉相连,https://scp-wiki-cn.wikidot.com/scp-cn-1950,https://scp-wiki-cn.wikidot.com/scp-cn-1950,SCP-CN via SCPPER-CN,2019-05-01,,True,single_selected_author,zh,False,False,included,,data/raw/deep_author/works/da-work-763105006.json,SCPPER-CN JSON bundle,16962,16e734f6fabefeed519bd2f246cc06a6b6c10f363b3bb4caca651ee829f66de4,2026-08-14,CC BY-SA 3.0 unless a page records a different compatible notice,_cc|keter|k级情景|scp|不可移动|原创|尸体|建筑|强迫性|感知影响|未收容|欲肉教|相啸魔|群体性|认知危害|骨骼,
da-author-breaddddd-d9923f3d,breaddddd,da-work-783917970,783917970,“反转生死”竞赛访谈,https://scp-wiki-cn.wikidot.com/reverse-death-alive-contest-interview,https://scp-wiki-cn.wikidot.com/reverse-death-alive-contest-interview,SCP-CN via SCPPER-CN,2019-05-05,,True,single_selected_author,zh,False,False,included,,data/raw/deep_author/works/da-work-783917970.json,SCPPER-CN JSON bundle,137178,0736063e54a9f96479d8cf389b373bee948ade6fc0cb81e19fa8dbc47cee2275,2026-08-14,CC BY-SA 3.0 unless a page records a different compatible notice,原创|文章,
da-author-etinjat-1c584251,Etinjat,da-work-789928911,789928911,2018社区调查报告,https://scp-wiki-cn.wikidot.com/2018-survey-results,https://scp-wiki-cn.wikidot.com/2018-survey-results,SCP-CN via SCPPER-CN,2019-05-07,,True,excluded_or_unverified,zh,True,True,excluded,not_marked_chinese_original,data/raw/deep_author/works/da-work-789928911.json,SCPPER-CN JSON bundle,702,f3036fc80d723a11a51a9d955f98ad1160ac465726a94da4e3e42a6422c63438,2026-08-14,CC BY-SA 3.0 unless a page records a different compatible notice,管理,
da-author-etinjat-1c584251,Etinjat,da-work-789981763,789981763,楚辞——云梦仙,https://scp-wiki-cn.wikidot.com/wanderers:the-chuci-that-the-goddess-in-cloudydream,https://scp-wiki-cn.wikidot.com/wanderers:the-chuci-that-the-goddess-in-cloudydream,SCP-CN via SCPPER-CN,2019-05-09,,True,single_selected_author,zh,False,False,included,,data/raw/deep_author/works/da-work-789981763.json,SCPPER-CN JSON bundle,107072,ff9190b9eb996ea4456e077ea4332b337de42e51cbc353a8b6335f7574059976,2026-08-14,CC BY-SA 3.0 unless a page records a different compatible notice,wanderers|个体|原创|地区|文言文|日记|琅嬛福地藏书阁|神话|记载|韵文,
da-author-etinjat-1c584251,Etinjat,da-work-790041653,790041653,Woedenaz：一份别有风味的秘藏珍品,https://scp-wiki-cn.wikidot.com/woedenaz,https://scp-wiki-cn.wikidot.com/woedenaz,SCP-CN via SCPPER-CN,2019-05-11,,True,excluded_or_unverified,zh,True,True,excluded,not_marked_chinese_original,data/raw/deep_author/works/da-work-790041653.json,SCPPER-CN JSON bundle,851,9bb7d2dd7629919a23e80fad92dfecce777f6f6323d09bcb26aab529026f179e,2026-08-14,CC BY-SA 3.0 unless a page records a different compatible notice,作者,
da-author-etinjat-1c584251,Etinjat,da-work-790189354,790189354,调查报告：五行虹天目的神话传说,https://scp-wiki-cn.wikidot.com/zetetic-bulletin-wu-xing-iris,https://scp-wiki-cn.wikidot.com/zetetic-bulletin-wu-xing-iris,SCP-CN via SCPPER-CN,2019-05-12,,True,excluded_or_unverified,zh,True,True,excluded,not_marked_chinese_original,data/raw/deep_author/works/da-work-790189354.json,SCPPER-CN JSON bundle,1087,330549b4693bea875c0eb0443b03b473216fbfc0390d650bba3169d6f3486587,2026-08-14,CC BY-SA 3.0 unless a page records a different compatible notice,2019goi竞赛|_蓝宝石|goi格式|会意出版社|布莱克伍德|火炬之子|蓝宝石,
da-author-breaddddd-d9923f3d,breaddddd,da-work-790242651,790242651,文语谈 第一期：酸奶,https://scp-wiki-cn.wikidot.com/page-and-view-yoghurt,https://scp-wiki-cn.wikidot.com/page-and-view-yoghurt,SCP-CN via SCPPER-CN,2019-05-12,,True,single_selected_author,zh,False,False,included,,data/raw/deep_author/works/da-work-790242651.json,SCPPER-CN JSON bundle,69343,0fb4acfe8a59550ebe0a640f46700bb8590d836a59f49dcc627115ed941e5adb,2026-08-14,CC BY-SA 3.0 unless a page records a different compatible notice,原创|文章,
da-author-breaddddd-d9923f3d,breaddddd,da-work-790456839,790456839,天下没有不散的筵席,https://scp-wiki-cn.wikidot.com/scp-cn-1715,https://scp-wiki-cn.wikidot.com/scp-cn-1715,SCP-CN via SCPPER-CN,2019-05-13,,True,single_selected_author,zh,False,False,included,,data/raw/deep_author/works/da-work-790456839.json,SCPPER-CN JSON bundle,28508,61c5afa7564eacf8c32dcc244e8c9b384f831bafc411dbf1ef179831100879f7,2026-08-14,CC BY-SA 3.0 unless a page records a different compatible notice,_cc|safe|scp|site-cn-34|传送|原创|循环|摄像|艺术性,
da-author-etinjat-1c584251,Etinjat,da-work-791719616,791719616,蛇与手：给基金会作者的介绍,https://scp-wiki-cn.wikidot.com/wanderers:for-foundation-writers,https://scp-wiki-cn.wikidot.com/wanderers:for-foundation-writers,SCP-CN via SCPPER-CN,2019-05-14,,True,excluded_or_unverified,zh,True,True,excluded,not_marked_chinese_original,data/raw/deep_author/works/da-work-791719616.json,SCPPER-CN JSON bundle,773,ee8d63c2e2c2218153450763eb01a666b26274b6a613c15bfa5ae9685c6b0b3c,2026-08-14,CC BY-SA 3.0 unless a page records a different compatible notice,wanderers|指引,
da-author-etinjat-1c584251,Etinjat,da-work-795340883,795340883,숲의 여우 (幽林狐影),https://scp-wiki-cn.wikidot.com/the-fox-in-the-forest,https://scp-wiki-cn.wikidot.com/the-fox-in-the-forest,SCP-CN via SCPPER-CN,2019-05-15,,True,excluded_or_unverified,zh,True,True,excluded,not_marked_chinese_original,data/raw/deep_author/works/da-work-795340883.json,SCPPER-CN JSON bundle,760,519764c8096bba36ba51a524661201a811b10eb3b9eeb3419c21e11ec2402969,2026-08-14,CC BY-SA 3.0 unless a page records a different compatible notice,故事|诗歌,
da-author-etinjat-1c584251,Etinjat,da-work-799620866,799620866,异学贰玖玖 巫山神女,https://scp-wiki-cn.wikidot.com/yixue299,https://scp-wiki-cn.wikidot.com/yixue299,SCP-CN via SCPPER-CN,2019-05-18,,True,single_selected_author,zh,False,False,included,,data/raw/deep_author/works/da-work-799620866.json,SCPPER-CN JSON bundle,59242,3d8a34e5d206e068e80447b02e451482e7470227b8faa087645467ece654a52c,2026-08-14,CC BY-SA 3.0 unless a page records a different compatible notice,_异学会|goi格式|万劫历数|原创|夏异常|岿阳派|异学会|文言文|欲肉教|破碎之神教会,
da-author-etinjat-1c584251,Etinjat,da-work-801119283,801119283,Camileytor2008的艺术志,https://scp-wiki-cn.wikidot.com/camileytor2008-s-art-diary,https://scp-wiki-cn.wikidot.com/camileytor2008-s-art-diary,SCP-CN via SCPPER-CN,2019-05-19,,True,excluded_or_unverified,zh,True,True,excluded,not_marked_chinese_original,data/raw/deep_author/works/da-work-801119283.json,SCPPER-CN JSON bundle,756,cde30c3a6924654552b94f371fc0c3d118cf4ee1ed51659d6f231826f0c38889,2026-08-14,CC BY-SA 3.0 unless a page records a different compatible notice,艺术作品,
da-author-etinjat-1c584251,Etinjat,da-work-801597930,801597930,压力马桶,https://scp-wiki-cn.wikidot.com/scp-pl-005,https://scp-wiki-cn.wikidot.com/scp-pl-005,SCP-CN via SCPPER-CN,2019-05-20,,True,excluded_or_unverified,zh,True,True,excluded,not_marked_chinese_original,data/raw/deep_author/works/da-work-801597930.json,SCPPER-CN JSON bundle,891,d2ddf7adf2f3522931156caa10fa571ec6f2777d0a04ea264b5e6601121d89e2,2026-08-14,CC BY-SA 3.0 unless a page records a different compatible notice,pl|safe|scp|二次翻译|人造物品|认知危害|辉煌居业,
da-author-etinjat-1c584251,Etinjat,da-work-801742297,801742297,Discord聊天室 源代码,https://scp-wiki-cn.wikidot.com/component:discord-chat-source,https://scp-wiki-cn.wikidot.com/component:discord-chat-source,SCP-CN via SCPPER-CN,2019-05-22,,True,excluded_or_unverified,zh,True,True,excluded,not_marked_chinese_original,data/raw/deep_author/works/da-work-801742297.json,SCPPER-CN JSON bundle,820,42fbf3886234e55a1ccbcd24df4e170833c495d65c194de042db849d43bde4d4,2026-08-14,CC BY-SA 3.0 unless a page records a different compatible notice,_源代码|样版,
da-author-etinjat-1c584251,Etinjat,da-work-801742343,801742343,Discord聊天室 样版,https://scp-wiki-cn.wikidot.com/component:discord-chat,https://scp-wiki-cn.wikidot.com/component:discord-chat,SCP-CN via SCPPER-CN,2019-05-22,,True,excluded_or_unverified,zh,True,True,excluded,not_marked_chinese_original,data/raw/deep_author/works/da-work-801742343.json,SCPPER-CN JSON bundle,753,d55c5f81f6461e782b9370f023a487d0fe5488cdd1f976d60c1a95d0ebe3a018,2026-08-14,CC BY-SA 3.0 unless a page records a different compatible notice,样版,
da-author-etinjat-1c584251,Etinjat,da-work-801771217,801771217,老贵族 主题版式,https://scp-wiki-cn.wikidot.com/theme:old-money-theme,https://scp-wiki-cn.wikidot.com/theme:old-money-theme,SCP-CN via SCPPER-CN,2019-05-24,,True,excluded_or_unverified,zh,True,True,excluded,not_marked_chinese_original,data/raw/deep_author/works/da-work-801771217.json,SCPPER-CN JSON bundle,753,0ae61d137faeaa0bf06a00b7cccdde71b8ed56b629d4bdec46bc1674bc7c2966,2026-08-14,CC BY-SA 3.0 unless a page records a different compatible notice,版式,
da-author-mscarlet-78b5e8fb,MScarlet,da-work-801885584,801885584,免 費 Wi-fi 隨 處 用,https://scp-wiki-cn.wikidot.com/scp-cn-1144,https://scp-wiki-cn.wikidot.com/scp-cn-1144,SCP-CN via SCPPER-CN,2019-05-30,,True,single_selected_author,zh,False,False,included,,data/raw/deep_author/works/da-work-801885584.json,SCPPER-CN JSON bundle,106639,3a8ec02c8ff7120e5db4e717bae0d5ce86b9e0595d3fd372615b8b543d7bc125,2026-08-14,CC BY-SA 3.0 unless a page records a different compatible notice,_ms|euclid|linkage|scp|site-cn-34|site-cn-71|传染性|原创|未收容|电子|破碎之神教会|线上|金属,
da-author-etinjat-1c584251,Etinjat,da-work-801888812,801888812,Woedenaz的技术,https://scp-wiki-cn.wikidot.com/fragment:woedenaz-tech,https://scp-wiki-cn.wikidot.com/fragment:woedenaz-tech,SCP-CN via SCPPER-CN,2019-05-31,,True,excluded_or_unverified,zh,True,True,excluded,not_marked_chinese_original,data/raw/deep_author/works/da-work-801888812.json,SCPPER-CN JSON bundle,683,53bc21a2c489ff9ba22343f117821e74eae29e6d1842f4eefcf89e218c976e54,2026-08-14,CC BY-SA 3.0 unless a page records a different compatible notice,段落,
da-author-etinjat-1c584251,Etinjat,da-work-802210347,802210347,CSS守则,https://scp-wiki-cn.wikidot.com/css-policy,https://scp-wiki-cn.wikidot.com/css-policy,SCP-CN via SCPPER-CN,2019-05-31,,True,excluded_or_unverified,zh,True,True,excluded,not_marked_chinese_original,data/raw/deep_author/works/da-work-802210347.json,SCPPER-CN JSON bundle,803,2821acf4f10b948f995c345db322da54557c6b58df2730b9893cd4a8b3e81dcd,2026-08-14,CC BY-SA 3.0 unless a page records a different compatible notice,指导,
da-author-etinjat-1c584251,Etinjat,da-work-802211790,802211790,SCP 办公室 主题版式,https://scp-wiki-cn.wikidot.com/theme:scp-offices-theme,https://scp-wiki-cn.wikidot.com/theme:scp-offices-theme,SCP-CN via SCPPER-CN,2019-05-31,,True,excluded_or_unverified,zh,True,True,excluded,not_marked_chinese_original,data/raw/deep_author/works/da-work-802211790.json,SCPPER-CN JSON bundle,1026,8ac77d9f302399a7785864c677b5418f76acd0cb2cab8cc7c6fe95d8f3b26be1,2026-08-14,CC BY-SA 3.0 unless a page records a different compatible notice,版式,
da-author-etinjat-1c584251,Etinjat,da-work-802216234,802216234,骄傲标记笔,https://scp-wiki-cn.wikidot.com/component:pride-highlighter,https://scp-wiki-cn.wikidot.com/component:pride-highlighter,SCP-CN via SCPPER-CN,2019-06-01,,True,excluded_or_unverified,zh,True,True,excluded,not_marked_chinese_original,data/raw/deep_author/works/da-work-802216234.json,SCPPER-CN JSON bundle,839,edec58b9debb1b081f5e5a833819db987ed3eed706ae27f883a90f3e931cf0d1,2026-08-14,CC BY-SA 3.0 unless a page records a different compatible notice,样版,
da-author-breaddddd-d9923f3d,breaddddd,da-work-802230065,802230065,文语谈 第三期：WA,https://scp-wiki-cn.wikidot.com/page-and-view-wa,https://scp-wiki-cn.wikidot.com/page-and-view-wa,SCP-CN via SCPPER-CN,2019-06-02,,True,single_selected_author,zh,False,False,included,,data/raw/deep_author/works/da-work-802230065.json,SCPPER-CN JSON bundle,112244,7a3374aa7c20ead08abd9ea287e78da8240c1480bff010c04d6d82f50e7a61ea,2026-08-14,CC BY-SA 3.0 unless a page records a different compatible notice,原创|文章,
da-author-etinjat-1c584251,Etinjat,da-work-802233131,802233131,Woedenaz的文章,https://scp-wiki-cn.wikidot.com/fragment:woedenaz-writing,https://scp-wiki-cn.wikidot.com/fragment:woedenaz-writing,SCP-CN via SCPPER-CN,2019-06-03,,True,excluded_or_unverified,zh,True,True,excluded,not_marked_chinese_original,data/raw/deep_author/works/da-work-802233131.json,SCPPER-CN JSON bundle,1017,42c4f97ed9f06f9eb22954194ed2a47a4742dc79a80cb2c8ee192e3ad0bd6485,2026-08-14,CC BY-SA 3.0 unless a page records a different compatible notice,段落,
da-author-etinjat-1c584251,Etinjat,da-work-802282835,802282835,破碎的世界 BHL 主题,https://scp-wiki-cn.wikidot.com/theme:broken-world,https://scp-wiki-cn.wikidot.com/theme:broken-world,SCP-CN via SCPPER-CN,2019-06-08,,True,excluded_or_unverified,zh,False,True,excluded,structural_or_non_work_page,data/raw/deep_author/works/da-work-802282835.json,SCPPER-CN JSON bundle,786,159c33fdd8525b0d83761ce61dad86a42f295271e516c6b6acabea12ea98104f,2026-08-14,CC BY-SA 3.0 unless a page records a different compatible notice,原创|版式,
da-author-etinjat-1c584251,Etinjat,da-work-802283032,802283032,三坟崖书 · 人才卷 · 无囿,https://scp-wiki-cn.wikidot.com/the-old-gospel-of-fuxi-that-wuyou,https://scp-wiki-cn.wikidot.com/the-old-gospel-of-fuxi-that-wuyou,SCP-CN via SCPPER-CN,2019-06-08,,True,single_selected_author,zh,False,False,included,,data/raw/deep_author/works/da-work-802283032.json,SCPPER-CN JSON bundle,59962,c74b84a72c8007aa0ca5cf8175ffd5e1c16b3bdd4ac1d8e7c47c6ddcc1ff5d6c,2026-08-14,CC BY-SA 3.0 unless a page records a different compatible notice,_破碎之神教会|goi格式|万劫历数|原创|夏异常|岿阳派|异学会|文言文|欲肉教|深红之王|破碎之神教会,
da-author-etinjat-1c584251,Etinjat,da-work-802288998,802288998,SAPHIR 版式,https://scp-wiki-cn.wikidot.com/theme:saphir,https://scp-wiki-cn.wikidot.com/theme:saphir,SCP-CN via SCPPER-CN,2019-06-09,,True,excluded_or_unverified,zh,True,True,excluded,not_marked_chinese_original,data/raw/deep_author/works/da-work-802288998.json,SCPPER-CN JSON bundle,811,7386e0d722989d0d6fd034d45d6e67fe5d13bd0c82e8acb2c6062c4cdcca94b5,2026-08-14,CC BY-SA 3.0 unless a page records a different compatible notice,fr|版式|需更新,
da-author-etinjat-1c584251,Etinjat,da-work-806659345,806659345,香城开发票，兼代办证、代购产品、代写论文,https://scp-wiki-cn.wikidot.com/wanderers:xiang-cheng-kai-fa-piao,https://scp-wiki-cn.wikidot.com/wanderers:xiang-cheng-kai-fa-piao,SCP-CN via SCPPER-CN,2019-06-15,,True,single_selected_author,zh,False,False,included,,data/raw/deep_author/works/da-work-806659345.json,SCPPER-CN JSON bundle,50336,49eaa6a13def44af4dabfbed34396c25911613efb004b4e5d57073bd8cfb734d,2026-08-14,CC BY-SA 3.0 unless a page records a different compatible notice,_cc|wanderers|主题精品|仪式|信件|原创|图片|地区|恶性裂痕|档案|记载,
da-author-etinjat-1c584251,Etinjat,da-work-813506531,813506531,░▒▓ 美 学 主 题 版 式 ▓▒░,https://scp-wiki-cn.wikidot.com/theme:aesthetic-theme,https://scp-wiki-cn.wikidot.com/theme:aesthetic-theme,SCP-CN via SCPPER-CN,2019-06-20,,True,excluded_or_unverified,zh,True,True,excluded,not_marked_chinese_original,data/raw/deep_author/works/da-work-813506531.json,SCPPER-CN JSON bundle,864,80c8be2448fa0ac7f53037545396b2aa2c2ba7a066995a1fe528fb5c47622786,2026-08-14,CC BY-SA 3.0 unless a page records a different compatible notice,版式,
da-author-agent-phage-bc08199e,Agent Phage,da-work-813903536,813903536,凡人终死竞赛,https://scp-wiki-cn.wikidot.com/memento-mori-hub,https://scp-wiki-cn.wikidot.com/memento-mori-hub,SCP-CN via SCPPER-CN,2019-06-20,,True,excluded_or_unverified,zh,False,True,excluded,structural_or_non_work_page,data/raw/deep_author/works/da-work-813903536.json,SCPPER-CN JSON bundle,1180,72e0297afb45e4a68486b083d7e4f1f5d51f3161317ac417597c5965bd2ea4a9,2026-08-14,CC BY-SA 3.0 unless a page records a different compatible notice,中心|凡人终死竞赛|原创|竞赛,
da-author-breaddddd-d9923f3d,breaddddd,da-work-814110819,814110819,星空便利店,https://scp-wiki-cn.wikidot.com/scp-cn-1717,https://scp-wiki-cn.wikidot.com/scp-cn-1717,SCP-CN via SCPPER-CN,2019-06-20,,True,single_selected_author,zh,False,False,included,,data/raw/deep_author/works/da-work-814110819.json,SCPPER-CN JSON bundle,19994,07265ce9867f563acbc95b57b60d93b0d6aa40c1315af361c80b827ca9dd83f2,2026-08-14,CC BY-SA 3.0 unless a page records a different compatible notice,euclid|scp|原创|夜间活动|建筑|时间影响|星际,
da-author-etinjat-1c584251,Etinjat,da-work-815414847,815414847,外典：衔花之蛇,https://scp-wiki-cn.wikidot.com/wanderers:the-serpent-who-hold-a-flower-in-mouth,https://scp-wiki-cn.wikidot.com/wanderers:the-serpent-who-hold-a-flower-in-mouth,SCP-CN via SCPPER-CN,2019-06-21,,True,single_selected_author,zh,False,False,included,,data/raw/deep_author/works/da-work-815414847.json,SCPPER-CN JSON bundle,21542,1f58a02ce80eb954f010e14f664d308092fffa3ed96f9639687b24a942442c3d,2026-08-14,CC BY-SA 3.0 unless a page records a different compatible notice,wanderers|军队|原创|图书馆|奥秘动物|宗教性|档案|灰烬残页|神话|蛇手|记载|贵族,
da-author-agent-phage-bc08199e,Agent Phage,da-work-817623443,817623443,世末积雨云,https://scp-wiki-cn.wikidot.com/scp-cn-1040,https://scp-wiki-cn.wikidot.com/scp-cn-1040,SCP-CN via SCPPER-CN,2019-06-21,,True,single_selected_author,zh,False,False,included,,data/raw/deep_author/works/da-work-817623443.json,SCPPER-CN JSON bundle,50069,e26514d0bce7e70e19e5e1cb4c9ef8cefc860986b18bf52faa59a236e513eccf,2026-08-14,CC BY-SA 3.0 unless a page records a different compatible notice,euclid|scp|原创|天空|气象|电力|迷宫,
da-author-etinjat-1c584251,Etinjat,da-work-818952033,818952033,特异事故处 黑标主题版式,https://scp-wiki-cn.wikidot.com/theme:uiu-bhl-theme,https://scp-wiki-cn.wikidot.com/theme:uiu-bhl-theme,SCP-CN via SCPPER-CN,2019-06-22,,True,excluded_or_unverified,zh,True,True,excluded,not_marked_chinese_original,data/raw/deep_author/works/da-work-818952033.json,SCPPER-CN JSON bundle,762,c787ca8fc80a60144eb2f066ebce64739dc037d7e72d1dafeef779e342e9b64d,2026-08-14,CC BY-SA 3.0 unless a page records a different compatible notice,版式,
da-author-breaddddd-d9923f3d,breaddddd,da-work-822917699,822917699,文语谈 第五期：斯卡,https://scp-wiki-cn.wikidot.com/page-and-view-scarlet,https://scp-wiki-cn.wikidot.com/page-and-view-scarlet,SCP-CN via SCPPER-CN,2019-06-24,,True,single_selected_author,zh,False,False,included,,data/raw/deep_author/works/da-work-822917699.json,SCPPER-CN JSON bundle,101085,743478ec0155cfc00b203b929f60443d0275c0cfe2073e5ff4c80084a886227f,2026-08-14,CC BY-SA 3.0 unless a page records a different compatible notice,原创|文章,
da-author-etinjat-1c584251,Etinjat,da-work-822936274,822936274,拿破仑一世 帝国异能学院 版式,https://scp-wiki-cn.wikidot.com/theme:sai-napoleon-i,https://scp-wiki-cn.wikidot.com/theme:sai-napoleon-i,SCP-CN via SCPPER-CN,2019-06-25,,True,excluded_or_unverified,zh,True,True,excluded,not_marked_chinese_original,data/raw/deep_author/works/da-work-822936274.json,SCPPER-CN JSON bundle,1000,ed98bfb71b0bed7f1979531880f5e676d33492367347b26a5bdaed250794a850,2026-08-14,CC BY-SA 3.0 unless a page records a different compatible notice,fr|版式,
da-author-etinjat-1c584251,Etinjat,da-work-822936549,822936549,拿破仑三世 帝国异能学院 版式,https://scp-wiki-cn.wikidot.com/theme:sai-napoleon-iii,https://scp-wiki-cn.wikidot.com/theme:sai-napoleon-iii,SCP-CN via SCPPER-CN,2019-06-25,,True,excluded_or_unverified,zh,True,True,excluded,not_marked_chinese_original,data/raw/deep_author/works/da-work-822936549.json,SCPPER-CN JSON bundle,841,3d7ebd1564933ae1265b4a4da4fe79989d0e09267f3ca14b7364eb83a1660668,2026-08-14,CC BY-SA 3.0 unless a page records a different compatible notice,fr|版式,
da-author-etinjat-1c584251,Etinjat,da-work-822940210,822940210,LTE-4444-Bosch-ExMachina-Goodrick-Spiral,https://scp-wiki-cn.wikidot.com/lte-4444-bosch-exmachina-goodrick-spiral,https://scp-wiki-cn.wikidot.com/lte-4444-bosch-exmachina-goodrick-spiral,SCP-CN via SCPPER-CN,2019-06-25,,True,single_selected_author,zh,False,False,included,,data/raw/deep_author/works/da-work-822940210.json,SCPPER-CN JSON bundle,83495,757c8105eab6c0098b2fa7e7a3b4d0bb21c15a1211cd13810ca9465479a84541,2026-08-14,CC BY-SA 3.0 unless a page records a different compatible notice,_全球超自然联盟|goi格式|nobody|全球超自然联盟|凡人终死竞赛|原创|地平线倡议|深红之王|炼金学部|登神|破碎之神教会|蛇之手|被放逐者之图书馆,
da-author-breaddddd-d9923f3d,breaddddd,da-work-822940421,822940421,文语谈 中心页,https://scp-wiki-cn.wikidot.com/page-and-view-hub,https://scp-wiki-cn.wikidot.com/page-and-view-hub,SCP-CN via SCPPER-CN,2019-06-25,,True,excluded_or_unverified,zh,False,True,excluded,structural_or_non_work_page,data/raw/deep_author/works/da-work-822940421.json,SCPPER-CN JSON bundle,917,5423f086d98543479a2522c08ce9dbf1e557e91279dc6711ddc9142f210d4986,2026-08-14,CC BY-SA 3.0 unless a page records a different compatible notice,中心|原创|文章,
da-author-etinjat-1c584251,Etinjat,da-work-832673661,832673661,7happy7 的 SVG-动画 画廊,https://scp-wiki-cn.wikidot.com/svg-animation,https://scp-wiki-cn.wikidot.com/svg-animation,SCP-CN via SCPPER-CN,2019-07-01,,True,excluded_or_unverified,zh,True,True,excluded,not_marked_chinese_original,data/raw/deep_author/works/da-work-832673661.json,SCPPER-CN JSON bundle,1099,02dae798d43a4530ef4ed62719a7a5df5ae858118f5760cfdc23b12482b25fde,2026-08-14,CC BY-SA 3.0 unless a page records a different compatible notice,动画|标志|艺术家,
da-author-agent-phage-bc08199e,Agent Phage,da-work-834731206,834731206,忘却的旋律,https://scp-wiki-cn.wikidot.com/forgotten-melody,https://scp-wiki-cn.wikidot.com/forgotten-melody,SCP-CN via SCPPER-CN,2019-07-05,,True,single_selected_author,zh,False,False,included,,data/raw/deep_author/works/da-work-834731206.json,SCPPER-CN JSON bundle,266879,103fee2ecbee7335c577a3146c729d57832e7e58880839231b14a7f42a19a7de,2026-08-14,CC BY-SA 3.0 unless a page records a different compatible notice,凡人终死竞赛|原创|故事|迷宫,
da-author-etinjat-1c584251,Etinjat,da-work-835208379,835208379,SCP 维基上的用户工具,https://scp-wiki-cn.wikidot.com/usertools,https://scp-wiki-cn.wikidot.com/usertools,SCP-CN via SCPPER-CN,2019-07-06,,True,excluded_or_unverified,zh,True,True,excluded,not_marked_chinese_original,data/raw/deep_author/works/da-work-835208379.json,SCPPER-CN JSON bundle,1118,6a10069d58485ce7f891438f0c407d812ecf575b27c3b84d9b0bc491fadac0aa,2026-08-14,CC BY-SA 3.0 unless a page records a different compatible notice,管理,
da-author-etinjat-1c584251,Etinjat,da-work-835219410,835219410,爪爪逸闻：Inukai 和 Tekisasu ！,https://scp-wiki-cn.wikidot.com/pawpaw-news-inukai-and-tekisasu,https://scp-wiki-cn.wikidot.com/pawpaw-news-inukai-and-tekisasu,SCP-CN via SCPPER-CN,2019-07-07,,True,single_selected_author,zh,False,False,included,,data/raw/deep_author/works/da-work-835219410.json,SCPPER-CN JSON bundle,33026,fcd2181cf4b22b4f6406b0d7da79053fe2f7cc49dd3f6d50cb87bf00761d1276,2026-08-14,CC BY-SA 3.0 unless a page records a different compatible notice,_cc|_威尔逊野生动物|asci|goi格式|gp快递|uiu|原创|威尔逊野生动物|欲肉教,
da-author-etinjat-1c584251,Etinjat,da-work-835225404,835225404,曝光 主题版式,https://scp-wiki-cn.wikidot.com/theme:expose,https://scp-wiki-cn.wikidot.com/theme:expose,SCP-CN via SCPPER-CN,2019-07-08,,True,excluded_or_unverified,zh,True,True,excluded,not_marked_chinese_original,data/raw/deep_author/works/da-work-835225404.json,SCPPER-CN JSON bundle,1096,c6681b95cb21c53692491e9d7bf4869f4f18356dc787df74f3b356201e74bd78,2026-08-14,CC BY-SA 3.0 unless a page records a different compatible notice,版式,
da-author-etinjat-1c584251,Etinjat,da-work-835238136,835238136,黑色标记笔 主题中心,https://scp-wiki-cn.wikidot.com/black-highlighter-themes,https://scp-wiki-cn.wikidot.com/black-highlighter-themes,SCP-CN via SCPPER-CN,2019-07-09,,True,excluded_or_unverified,zh,True,True,excluded,not_marked_chinese_original,data/raw/deep_author/works/da-work-835238136.json,SCPPER-CN JSON bundle,1226,fbf4cfaee8de084bb02fdc564943ff05ffd745fbf4cb5cd088daf530ab84b5c5,2026-08-14,CC BY-SA 3.0 unless a page records a different compatible notice,中心|合作,
da-author-mscarlet-78b5e8fb,MScarlet,da-work-835251652,835251652,港．城．江 中心頁,https://scp-wiki-cn.wikidot.com/k-s-g-hub,https://scp-wiki-cn.wikidot.com/k-s-g-hub,SCP-CN via SCPPER-CN,2019-07-10,,True,excluded_or_unverified,zh,False,True,excluded,structural_or_non_work_page,data/raw/deep_author/works/da-work-835251652.json,SCPPER-CN JSON bundle,1111,02330e16825b1b72341f83d6dd791c83a2c6e0ffd6043b9441470a8c6dcf12a1,2026-08-14,CC BY-SA 3.0 unless a page records a different compatible notice,_设定中心|中心|原创|合作|港城江,
da-author-breaddddd-d9923f3d,breaddddd,da-work-846459613,846459613,盒子快递,https://scp-wiki-cn.wikidot.com/scp-cn-1188,https://scp-wiki-cn.wikidot.com/scp-cn-1188,SCP-CN via SCPPER-CN,2019-07-16,,True,single_selected_author,zh,False,False,included,,data/raw/deep_author/works/da-work-846459613.json,SCPPER-CN JSON bundle,25410,179493e588c4ebf5ecbe9e231498872ea37618fbca08aabe91dc0fd7e33d49b5,2026-08-14,CC BY-SA 3.0 unless a page records a different compatible notice,_cc|cc|euclid|scp|site-cn-71|site-cn-91|人造物品|原创|异常移动|港城江|自我修复|视觉性|香城,
da-author-etinjat-1c584251,Etinjat,da-work-846706820,846706820,你最后的SCP！,https://scp-wiki-cn.wikidot.com/your-very-last-scp,https://scp-wiki-cn.wikidot.com/your-very-last-scp,SCP-CN via SCPPER-CN,2019-07-19,,True,excluded_or_unverified,zh,True,True,excluded,not_marked_chinese_original,data/raw/deep_author/works/da-work-846706820.json,SCPPER-CN JSON bundle,718,4f12460c321931a3eede87c677b0d081d6d9e6f3ada396bf49ab2df1100e60dc,2026-08-14,CC BY-SA 3.0 unless a page records a different compatible notice,dado|故事,
da-author-etinjat-1c584251,Etinjat,da-work-846940595,846940595,何曾歌日下？幻梦坠幽冥,https://scp-wiki-cn.wikidot.com/all-is-hell-that-begins-in-dreams,https://scp-wiki-cn.wikidot.com/all-is-hell-that-begins-in-dreams,SCP-CN via SCPPER-CN,2019-07-24,,True,single_selected_author,zh,False,False,included,,data/raw/deep_author/works/da-work-846940595.json,SCPPER-CN JSON bundle,50680,eef64efa8826f429404629d7ddf6f373235c20b3b486310b6e34527fc5dc498b,2026-08-14,CC BY-SA 3.0 unless a page records a different compatible notice,_oo|凡人终死竞赛|原创|故事|梦神集团|深红之王,
da-author-etinjat-1c584251,Etinjat,da-work-847067200,847067200,所有的宇航员都会飞上天堂,https://scp-wiki-cn.wikidot.com/wanderers:all-astronauts-go-to-heaven,https://scp-wiki-cn.wikidot.com/wanderers:all-astronauts-go-to-heaven,SCP-CN via SCPPER-CN,2019-07-26,,True,excluded_or_unverified,zh,True,True,excluded,not_marked_chinese_original,data/raw/deep_author/works/da-work-847067200.json,SCPPER-CN JSON bundle,922,54f1676f037b35a8cf2a49f9aec15f9322fbb3a97a1c83c22c384c02e09fe4e6,2026-08-14,CC BY-SA 3.0 unless a page records a different compatible notice,kragg|wanderers|叙述|散文|记载,
da-author-breaddddd-d9923f3d,breaddddd,da-work-847205462,847205462,第二卷，世界77，节选：千城之城,https://scp-wiki-cn.wikidot.com/wanderers:travellers-book-city-of-a-thousand-city,https://scp-wiki-cn.wikidot.com/wanderers:travellers-book-city-of-a-thousand-city,SCP-CN via SCPPER-CN,2019-07-27,,True,single_selected_author,zh,False,False,included,,data/raw/deep_author/works/da-work-847205462.json,SCPPER-CN JSON bundle,39195,89bc84b9b928610655afe269091018b37621d26e63e6978ed7579edc8347e13e,2026-08-14,CC BY-SA 3.0 unless a page records a different compatible notice,wanderers|原创|旅行者之书|日记|精品|记载,
da-author-agent-phage-bc08199e,Agent Phage,da-work-850079576,850079576,KTE-1357-Smitty,https://scp-wiki-cn.wikidot.com/kte-1357-smitty,https://scp-wiki-cn.wikidot.com/kte-1357-smitty,SCP-CN via SCPPER-CN,2019-07-31,,True,single_selected_author,zh,False,False,included,,data/raw/deep_author/works/da-work-850079576.json,SCPPER-CN JSON bundle,47694,1bb2b1556d74975056345cbcfd7d3d111ba4a08b3aaed1186af76ddee4f2d32c,2026-08-14,CC BY-SA 3.0 unless a page records a different compatible notice,_全球超自然联盟|goi格式|全球超自然联盟|原创,
da-author-agent-phage-bc08199e,Agent Phage,da-work-852946049,852946049,LTE-8118-Moro,https://scp-wiki-cn.wikidot.com/lte-8118-moro,https://scp-wiki-cn.wikidot.com/lte-8118-moro,SCP-CN via SCPPER-CN,2019-08-03,,True,single_selected_author,zh,False,False,included,,data/raw/deep_author/works/da-work-852946049.json,SCPPER-CN JSON bundle,65702,e96916fd9d61683055a1c05603370f74f17e8956d9ca2a1be3c3dd37397845f8,2026-08-14,CC BY-SA 3.0 unless a page records a different compatible notice,_全球超自然联盟|goi格式|linkage|全球超自然联盟|原创|矽宇市|破碎之神教会,
da-author-etinjat-1c584251,Etinjat,da-work-852946410,852946410,Creepypasta 版式,https://scp-wiki-cn.wikidot.com/theme:creepypasta,https://scp-wiki-cn.wikidot.com/theme:creepypasta,SCP-CN via SCPPER-CN,2019-08-03,,True,excluded_or_unverified,zh,True,True,excluded,not_marked_chinese_original,data/raw/deep_author/works/da-work-852946410.json,SCPPER-CN JSON bundle,813,ebb5c4de7db12b0371a3d28d3da43ac73094e186b55c27992f2f631b0d2c7ffd,2026-08-14,CC BY-SA 3.0 unless a page records a different compatible notice,版式,
da-author-etinjat-1c584251,Etinjat,da-work-852947169,852947169,57 号设施版式,https://scp-wiki-cn.wikidot.com/theme:i-57,https://scp-wiki-cn.wikidot.com/theme:i-57,SCP-CN via SCPPER-CN,2019-08-03,,True,excluded_or_unverified,zh,True,True,excluded,not_marked_chinese_original,data/raw/deep_author/works/da-work-852947169.json,SCPPER-CN JSON bundle,761,2de7a7c16879dea4db345f5fcb8ad7ab424df677884edc30dacde284b93d97b7,2026-08-14,CC BY-SA 3.0 unless a page records a different compatible notice,es|i-57|版式,
da-author-etinjat-1c584251,Etinjat,da-work-854828557,854828557,圣人夜行 BHL 主题,https://scp-wiki-cn.wikidot.com/theme:walk-in-the-dark,https://scp-wiki-cn.wikidot.com/theme:walk-in-the-dark,SCP-CN via SCPPER-CN,2019-08-09,,True,excluded_or_unverified,zh,False,True,excluded,structural_or_non_work_page,data/raw/deep_author/works/da-work-854828557.json,SCPPER-CN JSON bundle,775,bced009850d44e000097253f38180b6d9bd1831e34bfd3ca77f5db368e2188c4,2026-08-14,CC BY-SA 3.0 unless a page records a different compatible notice,原创|版式,
da-author-qblevi-494cde49,QBLevi,da-work-854836245,854836245,重返流浪地球,https://scp-wiki-cn.wikidot.com/return-to-wandering-earth,https://scp-wiki-cn.wikidot.com/return-to-wandering-earth,SCP-CN via SCPPER-CN,2019-08-10,,True,single_selected_author,zh,False,False,included,,data/raw/deep_author/works/da-work-854836245.json,SCPPER-CN JSON bundle,18516,ebe03cb5b6989bc15a8921f2cfc0fb2dd9b489ac8c67ee8830febd081448ab9c,2026-08-14,CC BY-SA 3.0 unless a page records a different compatible notice,2019夏季征文|原创|基金会4k|故事,
da-author-etinjat-1c584251,Etinjat,da-work-855349838,855349838,Nx-07,https://scp-wiki-cn.wikidot.com/nx-07,https://scp-wiki-cn.wikidot.com/nx-07,SCP-CN via SCPPER-CN,2019-08-10,,True,excluded_or_unverified,zh,True,True,excluded,not_marked_chinese_original,data/raw/deep_author/works/da-work-855349838.json,SCPPER-CN JSON bundle,737,c14f21c273d7962a3b8f7b2916a012bb9932b55a9def84ae2d4aac2c5f28792b,2026-08-14,CC BY-SA 3.0 unless a page records a different compatible notice,故事,
da-author-agent-phage-bc08199e,Agent Phage,da-work-855597840,855597840,第十二号迷宫的捐赠品,https://scp-wiki-cn.wikidot.com/12th-maze-donation,https://scp-wiki-cn.wikidot.com/12th-maze-donation,SCP-CN via SCPPER-CN,2019-08-12,,True,single_selected_author,zh,False,False,included,,data/raw/deep_author/works/da-work-855597840.json,SCPPER-CN JSON bundle,36082,60b4311e2ac7d1a4d9820b8a2f250f808f79aa7cb49e508e3b56003fa7e1e2d7,2026-08-14,CC BY-SA 3.0 unless a page records a different compatible notice,_玛娜慈善基金会|goi格式|原创|玛娜慈善基金会|迷宫,
da-author-agent-phage-bc08199e,Agent Phage,da-work-857753354,857753354,不飞的纸飞机,https://scp-wiki-cn.wikidot.com/scp-cn-298,https://scp-wiki-cn.wikidot.com/scp-cn-298,SCP-CN via SCPPER-CN,2019-08-14,,True,single_selected_author,zh,False,False,included,,data/raw/deep_author/works/da-work-857753354.json,SCPPER-CN JSON bundle,15101,d93ead9a28552d8376095da08a814a049991b74a1a0a8ae91aa10b822a984475,2026-08-14,CC BY-SA 3.0 unless a page records a different compatible notice,scp|原创|无效化,
da-author-etinjat-1c584251,Etinjat,da-work-858220549,858220549,青铜碑上歌（约见于晋永康元年）,https://scp-wiki-cn.wikidot.com/poem-found-on-a-bronze-tablet,https://scp-wiki-cn.wikidot.com/poem-found-on-a-bronze-tablet,SCP-CN via SCPPER-CN,2019-08-15,,True,excluded_or_unverified,zh,True,True,excluded,not_marked_chinese_original,data/raw/deep_author/works/da-work-858220549.json,SCPPER-CN JSON bundle,1759,851c61497ee4820aecb3d3d0618389f89e509d352050e38115c84a97a8e1a40c,2026-08-14,CC BY-SA 3.0 unless a page records a different compatible notice,故事|破碎之神教会|诗歌,
da-author-etinjat-1c584251,Etinjat,da-work-858222208,858222208,流浪者站 主题版式,https://scp-wiki-cn.wikidot.com/wanderers:wanderers-station,https://scp-wiki-cn.wikidot.com/wanderers:wanderers-station,SCP-CN via SCPPER-CN,2019-08-15,,True,excluded_or_unverified,zh,True,True,excluded,not_marked_chinese_original,data/raw/deep_author/works/da-work-858222208.json,SCPPER-CN JSON bundle,809,d62b22466928eabb9c454ea7ed9b4baea2ece3fdca8f1cfc2e66153535c1fc42,2026-08-14,CC BY-SA 3.0 unless a page records a different compatible notice,wanderers|版式,
da-author-breaddddd-d9923f3d,breaddddd,da-work-858222222,858222222,项目计划书 2024-336至339：“所以你想创作一份有关动物保护的作品”,https://scp-wiki-cn.wikidot.com/project-proposal-2024-336-339,https://scp-wiki-cn.wikidot.com/project-proposal-2024-336-339,SCP-CN via SCPPER-CN,2019-08-15,,True,single_selected_author,zh,False,False,included,,data/raw/deep_author/works/da-work-858222222.json,SCPPER-CN JSON bundle,7640,d02ca975f5032327b994a13d06d7497759ddd614bb13f58eaf99261667ed7513,2026-08-14,CC BY-SA 3.0 unless a page records a different compatible notice,2019夏季征文|_are-we-cool-yet|are-we-cool-yet|goi格式|原创|精品,
da-author-breaddddd-d9923f3d,breaddddd,da-work-858222223,858222223,项目计划书2024-336：“反叛的小白鼠”,https://scp-wiki-cn.wikidot.com/fragment:project-proposal-2024-336-339-1,https://scp-wiki-cn.wikidot.com/fragment:project-proposal-2024-336-339-1,SCP-CN via SCPPER-CN,2019-08-15,,True,excluded_or_unverified,zh,True,True,excluded,not_marked_chinese_original,data/raw/deep_author/works/da-work-858222223.json,SCPPER-CN JSON bundle,989,4e2311633708d642d407a3d582731ab47042acd90ad0b2c311d4d9e65eeecb1d,2026-08-14,CC BY-SA 3.0 unless a page records a different compatible notice,段落,
da-author-breaddddd-d9923f3d,breaddddd,da-work-858222270,858222270,项目计划书2024-337：“反抗”,https://scp-wiki-cn.wikidot.com/fragment:project-proposal-2024-336-339-2,https://scp-wiki-cn.wikidot.com/fragment:project-proposal-2024-336-339-2,SCP-CN via SCPPER-CN,2019-08-15,,True,excluded_or_unverified,zh,True,True,excluded,not_marked_chinese_original,data/raw/deep_author/works/da-work-858222270.json,SCPPER-CN JSON bundle,785,ebdf5c05f0b8c27a363ff3ecbd743039e5dd0fec5f674af972ae487c3bd546f5,2026-08-14,CC BY-SA 3.0 unless a page records a different compatible notice,段落,
da-author-breaddddd-d9923f3d,breaddddd,da-work-858222272,858222272,项目计划书2024-337：“我即鼠”,https://scp-wiki-cn.wikidot.com/fragment:project-proposal-2024-336-339-3,https://scp-wiki-cn.wikidot.com/fragment:project-proposal-2024-336-339-3,SCP-CN via SCPPER-CN,2019-08-15,,True,excluded_or_unverified,zh,True,True,excluded,not_marked_chinese_original,data/raw/deep_author/works/da-work-858222272.json,SCPPER-CN JSON bundle,854,ef09eebbf6a8c32c1f810676cd1e3ffe9e1e4d8eec6cea087ad990db84d2cec7,2026-08-14,CC BY-SA 3.0 unless a page records a different compatible notice,段落,
da-author-breaddddd-d9923f3d,breaddddd,da-work-858222274,858222274,项目计划书2024-338：“驱动一个工厂”,https://scp-wiki-cn.wikidot.com/fragment:project-proposal-2024-336-339-4,https://scp-wiki-cn.wikidot.com/fragment:project-proposal-2024-336-339-4,SCP-CN via SCPPER-CN,2019-08-15,,True,excluded_or_unverified,zh,True,True,excluded,not_marked_chinese_original,data/raw/deep_author/works/da-work-858222274.json,SCPPER-CN JSON bundle,935,02d9d14b5805046cf3c65ff5582c3df7598142e414a9a7fe93a982a604805a12,2026-08-14,CC BY-SA 3.0 unless a page records a different compatible notice,段落,
da-author-breaddddd-d9923f3d,breaddddd,da-work-858222275,858222275,项目计划书2024-338：“杀生的价值”,https://scp-wiki-cn.wikidot.com/fragment:project-proposal-2024-336-339-5,https://scp-wiki-cn.wikidot.com/fragment:project-proposal-2024-336-339-5,SCP-CN via SCPPER-CN,2019-08-15,,True,excluded_or_unverified,zh,True,True,excluded,not_marked_chinese_original,data/raw/deep_author/works/da-work-858222275.json,SCPPER-CN JSON bundle,1112,6c3f6aeaa4e1e1ad4eeb0be76ef565c47800688d14d0d2390be52bd7d633dbec,2026-08-14,CC BY-SA 3.0 unless a page records a different compatible notice,段落,
da-author-breaddddd-d9923f3d,breaddddd,da-work-858222287,858222287,项目计划书2024-339：“白鼠教育计划”,https://scp-wiki-cn.wikidot.com/fragment:project-proposal-2024-336-339-6,https://scp-wiki-cn.wikidot.com/fragment:project-proposal-2024-336-339-6,SCP-CN via SCPPER-CN,2019-08-15,,True,excluded_or_unverified,zh,True,True,excluded,not_marked_chinese_original,data/raw/deep_author/works/da-work-858222287.json,SCPPER-CN JSON bundle,929,acd687bbe82df1262af6b7baba2107d1200e0faf4b5f4c630392260afbf5719b,2026-08-14,CC BY-SA 3.0 unless a page records a different compatible notice,段落,
da-author-breaddddd-d9923f3d,breaddddd,da-work-858222288,858222288,项目计划书2024-339：“药物作用”,https://scp-wiki-cn.wikidot.com/fragment:project-proposal-2024-336-339-7,https://scp-wiki-cn.wikidot.com/fragment:project-proposal-2024-336-339-7,SCP-CN via SCPPER-CN,2019-08-15,,True,excluded_or_unverified,zh,True,True,excluded,not_marked_chinese_original,data/raw/deep_author/works/da-work-858222288.json,SCPPER-CN JSON bundle,863,5b42f03bea3c68a8f0951633f0ad344c58cd533b63638a6d65993aa20d55d5cf,2026-08-14,CC BY-SA 3.0 unless a page records a different compatible notice,段落,
da-author-breaddddd-d9923f3d,breaddddd,da-work-858222291,858222291,项目计划书2024-339：“善恶树”,https://scp-wiki-cn.wikidot.com/fragment:project-proposal-2024-336-339-8,https://scp-wiki-cn.wikidot.com/fragment:project-proposal-2024-336-339-8,SCP-CN via SCPPER-CN,2019-08-15,,True,excluded_or_unverified,zh,True,True,excluded,not_marked_chinese_original,data/raw/deep_author/works/da-work-858222291.json,SCPPER-CN JSON bundle,830,46c0621f860463a9775645ac13d6149a7329e43c0df11661e04cbdda8f511eee,2026-08-14,CC BY-SA 3.0 unless a page records a different compatible notice,段落,
da-author-breaddddd-d9923f3d,breaddddd,da-work-858222295,858222295,项目计划书2024-339：“动物法庭”,https://scp-wiki-cn.wikidot.com/fragment:project-proposal-2024-336-339-9,https://scp-wiki-cn.wikidot.com/fragment:project-proposal-2024-336-339-9,SCP-CN via SCPPER-CN,2019-08-15,,True,excluded_or_unverified,zh,True,True,excluded,not_marked_chinese_original,data/raw/deep_author/works/da-work-858222295.json,SCPPER-CN JSON bundle,977,7a5540730d1657134c25b5695c363c482fcf7107bcd8f3331db9669d78726c76,2026-08-14,CC BY-SA 3.0 unless a page records a different compatible notice,段落,
da-author-etinjat-1c584251,Etinjat,da-work-858223466,858223466,Nexus 中心页,https://scp-wiki-cn.wikidot.com/nexus-hub,https://scp-wiki-cn.wikidot.com/nexus-hub,SCP-CN via SCPPER-CN,2019-08-15,,True,excluded_or_unverified,zh,True,True,excluded,not_marked_chinese_original,data/raw/deep_author/works/da-work-858223466.json,SCPPER-CN JSON bundle,845,f11a19d8c1cca9a537370ef8a9a1d024e8aa1a8568af41e398f7eca462d8f94f,2026-08-14,CC BY-SA 3.0 unless a page records a different compatible notice,de|nexus|中心|二次翻译|故事,
da-author-etinjat-1c584251,Etinjat,da-work-858270130,858270130,马卡达：博弈天下,https://scp-wiki-cn.wikidot.com/mc-d-the-chess-game,https://scp-wiki-cn.wikidot.com/mc-d-the-chess-game,SCP-CN via SCPPER-CN,2019-08-16,,True,excluded_or_unverified,zh,True,True,excluded,not_marked_chinese_original,data/raw/deep_author/works/da-work-858270130.json,SCPPER-CN JSON bundle,1399,9ded210737f53617e2a5b481123a33d8677ddcda11a7501fbc0f3c9e6e7ceb0c,2026-08-14,CC BY-SA 3.0 unless a page records a different compatible notice,mc&d|合著|故事|混沌分裂者|诗歌,
da-author-etinjat-1c584251,Etinjat,da-work-858288847,858288847,无人更唱风中曲,https://scp-wiki-cn.wikidot.com/nobody-would-sing-the-rhythm-in-the-wing-again-and-again,https://scp-wiki-cn.wikidot.com/nobody-would-sing-the-rhythm-in-the-wing-again-and-again,SCP-CN via SCPPER-CN,2019-08-17,,True,single_selected_author,zh,False,False,included,,data/raw/deep_author/works/da-work-858288847.json,SCPPER-CN JSON bundle,16421,26cccc03c60dd4e7584782bc90f80d25e80b0b9ddcc05ca82b82ebd15748a2d1,2026-08-14,CC BY-SA 3.0 unless a page records a different compatible notice,2019夏季征文|alagadda|nobody|pangloss|robert-bumaro|万劫历数|三重月倡议会|全球超自然联盟|原创|夏异常|夜之子|大术士亚恩|故事|欲肉教|死之兄弟|深红之王|火炬之子|狄瓦|破碎之神教会|缢王|蛇之手|被放逐者之图书馆|诗歌,
da-author-agent-phage-bc08199e,Agent Phage,da-work-858290566,858290566,电影提案会议,https://scp-wiki-cn.wikidot.com/pitchmeet,https://scp-wiki-cn.wikidot.com/pitchmeet,SCP-CN via SCPPER-CN,2019-08-17,,True,excluded_or_unverified,zh,True,True,excluded,not_marked_chinese_original,data/raw/deep_author/works/da-work-858290566.json,SCPPER-CN JSON bundle,763,17095c47fe3855a49aa17ef7b69b97eb22f2586b25d31f850e1931fa7bec00b2,2026-08-14,CC BY-SA 3.0 unless a page records a different compatible notice,sotm|故事,
da-author-etinjat-1c584251,Etinjat,da-work-858300932,858300932,天职,https://scp-wiki-cn.wikidot.com/wanderers:i-work-in-the-sky,https://scp-wiki-cn.wikidot.com/wanderers:i-work-in-the-sky,SCP-CN via SCPPER-CN,2019-08-18,,True,excluded_or_unverified,zh,True,True,excluded,not_marked_chinese_original,data/raw/deep_author/works/da-work-858300932.json,SCPPER-CN JSON bundle,1713,61022d751cb9a8f38fef341888b378ba341922ee8f9b180eb4f3632784695a75,2026-08-14,CC BY-SA 3.0 unless a page records a different compatible notice,wanderers|图片|记载|韵文,
da-author-etinjat-1c584251,Etinjat,da-work-858356178,858356178,停引,https://scp-wiki-cn.wikidot.com/wanderers:turn-off-gravity,https://scp-wiki-cn.wikidot.com/wanderers:turn-off-gravity,SCP-CN via SCPPER-CN,2019-08-19,,True,excluded_or_unverified,zh,True,True,excluded,not_marked_chinese_original,data/raw/deep_author/works/da-work-858356178.json,SCPPER-CN JSON bundle,826,c814cbf22a5cf1f434306ed996f0841cfe6e1ad247c74edc84524409376b6f66,2026-08-14,CC BY-SA 3.0 unless a page records a different compatible notice,wanderers|ws2019|叙述|记载,
da-author-etinjat-1c584251,Etinjat,da-work-858377558,858377558,外典：蛇之箴言,https://scp-wiki-cn.wikidot.com/wanderers:the-serpent-s-edification,https://scp-wiki-cn.wikidot.com/wanderers:the-serpent-s-edification,SCP-CN via SCPPER-CN,2019-08-20,,True,single_selected_author,zh,False,False,included,,data/raw/deep_author/works/da-work-858377558.json,SCPPER-CN JSON bundle,6843,ffc2bf9240470d93e1c99ed1d688bf91afdb2fa47ebf08c54297fbdfa5de1519,2026-08-14,CC BY-SA 3.0 unless a page records a different compatible notice,_cc|wanderers|个体|信件|原创|叙述|图片|宗教性|寓言|灰烬残页|神话|蛇手|记载|韵文,
da-author-mscarlet-78b5e8fb,MScarlet,da-work-858424800,858424800,那熔蝕根基的熔岩之地,https://scp-wiki-cn.wikidot.com/floor-of-lava-that-melting-the-base,https://scp-wiki-cn.wikidot.com/floor-of-lava-that-melting-the-base,SCP-CN via SCPPER-CN,2019-08-22,,True,single_selected_author,zh,False,False,included,,data/raw/deep_author/works/da-work-858424800.json,SCPPER-CN JSON bundle,78357,f2c5f4a1379d83e3ca008be6d36484e09366cf3a736dd61528f7846bd3a04ff3,2026-08-14,CC BY-SA 3.0 unless a page records a different compatible notice,2019夏季征文|_ms|原创|故事|港城江|香城,
da-author-etinjat-1c584251,Etinjat,da-work-858456111,858456111,逸商书 · 金誓 · 注疏,https://scp-wiki-cn.wikidot.com/the-lost-book-of-documents-in-shang-that-golden-declaration,https://scp-wiki-cn.wikidot.com/the-lost-book-of-documents-in-shang-that-golden-declaration,SCP-CN via SCPPER-CN,2019-08-22,,True,single_selected_author,zh,False,False,included,,data/raw/deep_author/works/da-work-858456111.json,SCPPER-CN JSON bundle,70805,9882e756e32971aace1ecff3f3ac579e0d29a6e23637d9cd8255ba1aee0de036,2026-08-14,CC BY-SA 3.0 unless a page records a different compatible notice,2019夏季征文|_破碎之神教会|alagadda|goi格式|nobody|pangloss|robert-bumaro|万劫历数|原创|夏异常|夜之子|大术士亚恩|岿阳派|异学会|文言文|欲肉教|死之兄弟|深红之王|火炬之子|狄瓦|破碎之神教会|第二海托世教会|缢王|蛇之手|诗歌|金帐军,
da-author-breaddddd-d9923f3d,breaddddd,da-work-858998995,858998995,项目计划书2024-339：“灭虫”,https://scp-wiki-cn.wikidot.com/fragment:project-proposal-2024-336-339-10,https://scp-wiki-cn.wikidot.com/fragment:project-proposal-2024-336-339-10,SCP-CN via SCPPER-CN,2019-08-23,,True,excluded_or_unverified,zh,True,True,excluded,not_marked_chinese_original,data/raw/deep_author/works/da-work-858998995.json,SCPPER-CN JSON bundle,840,b6c230f481b2906556bd03e8908dd3c3fda2196bdd685dda6a74159663b48bef,2026-08-14,CC BY-SA 3.0 unless a page records a different compatible notice,段落,
da-author-etinjat-1c584251,Etinjat,da-work-859031205,859031205,四齿致盲,https://scp-wiki-cn.wikidot.com/four-tines-blind,https://scp-wiki-cn.wikidot.com/four-tines-blind,SCP-CN via SCPPER-CN,2019-08-23,,True,excluded_or_unverified,zh,True,True,excluded,not_marked_chinese_original,data/raw/deep_author/works/da-work-859031205.json,SCPPER-CN JSON bundle,1483,714f041c182b7c7538e12d1c36c1f30ad1c6f249938625ff2d33461326f51953,2026-08-14,CC BY-SA 3.0 unless a page records a different compatible notice,故事|诗歌,
da-author-etinjat-1c584251,Etinjat,da-work-861710000,861710000,基金会 主题版式,https://scp-wiki-cn.wikidot.com/theme:the-foundation-theme,https://scp-wiki-cn.wikidot.com/theme:the-foundation-theme,SCP-CN via SCPPER-CN,2019-08-28,,True,excluded_or_unverified,zh,True,True,excluded,not_marked_chinese_original,data/raw/deep_author/works/da-work-861710000.json,SCPPER-CN JSON bundle,805,18233b3cfdffdf35d787d8bb30ebdfa0d8072bfd07182c1eb6923d8e85040c5f,2026-08-14,CC BY-SA 3.0 unless a page records a different compatible notice,版式,
da-author-etinjat-1c584251,Etinjat,da-work-877112266,877112266,思也，明也，生也,https://scp-wiki-cn.wikidot.com/thinking-knowing-living,https://scp-wiki-cn.wikidot.com/thinking-knowing-living,SCP-CN via SCPPER-CN,2019-09-01,,True,excluded_or_unverified,zh,True,True,excluded,not_marked_chinese_original,data/raw/deep_author/works/da-work-877112266.json,SCPPER-CN JSON bundle,1269,36c517f173216ae98da44267a6022047e40efc27c889b8171a0985c46c8d01d4,2026-08-14,CC BY-SA 3.0 unless a page records a different compatible notice,故事|诗歌,
da-author-breaddddd-d9923f3d,breaddddd,da-work-896429708,896429708,文语谈 第六期：喵肉,https://scp-wiki-cn.wikidot.com/page-and-view-miumeat,https://scp-wiki-cn.wikidot.com/page-and-view-miumeat,SCP-CN via SCPPER-CN,2019-09-07,,True,single_selected_author,zh,False,False,included,,data/raw/deep_author/works/da-work-896429708.json,SCPPER-CN JSON bundle,116797,69760242dbece0c3e2f27f7f1f853be844115f0b6c732117170c981f984bb7ac,2026-08-14,CC BY-SA 3.0 unless a page records a different compatible notice,原创|文章,
da-author-etinjat-1c584251,Etinjat,da-work-898567533,898567533,官方资助守则,https://scp-wiki-cn.wikidot.com/donations-policy,https://scp-wiki-cn.wikidot.com/donations-policy,SCP-CN via SCPPER-CN,2019-09-09,,True,excluded_or_unverified,zh,True,True,excluded,not_marked_chinese_original,data/raw/deep_author/works/da-work-898567533.json,SCPPER-CN JSON bundle,930,d7dadbed169ab81f19daa7c233b9fd328356c1cbe71ec68b3062e4a6e089f3aa,2026-08-14,CC BY-SA 3.0 unless a page records a different compatible notice,指导,
da-author-etinjat-1c584251,Etinjat,da-work-901564094,901564094,诗钞——悠悠霜玉轮,https://scp-wiki-cn.wikidot.com/wanderers:rolling-moon,https://scp-wiki-cn.wikidot.com/wanderers:rolling-moon,SCP-CN via SCPPER-CN,2019-09-13,,True,single_selected_author,zh,False,False,included,,data/raw/deep_author/works/da-work-901564094.json,SCPPER-CN JSON bundle,5225,82fe67a947f3b18df98114b49415974f62a0ece3efea39c3c3efbe83ace7f874,2026-08-14,CC BY-SA 3.0 unless a page records a different compatible notice,_cc|wanderers|信件|原创|图片|琅嬛福地藏书阁|韵文,
da-author-etinjat-1c584251,Etinjat,da-work-903667259,903667259,「午間橡樹」流浪樂團 版式,https://scp-wiki-cn.wikidot.com/theme:note-theme,https://scp-wiki-cn.wikidot.com/theme:note-theme,SCP-CN via SCPPER-CN,2019-09-16,,True,excluded_or_unverified,zh,True,True,excluded,not_marked_chinese_original,data/raw/deep_author/works/da-work-903667259.json,SCPPER-CN JSON bundle,823,7b45f0eebbb683763dfccca17be145eb23a58d3e91bdc1d20bbab7cfde0330ca,2026-08-14,CC BY-SA 3.0 unless a page records a different compatible notice,ko|版式,
da-author-etinjat-1c584251,Etinjat,da-work-903689387,903689387,超熵 版式,https://scp-wiki-cn.wikidot.com/component:beyondentropy-theme,https://scp-wiki-cn.wikidot.com/component:beyondentropy-theme,SCP-CN via SCPPER-CN,2019-09-16,,True,excluded_or_unverified,zh,True,True,excluded,not_marked_chinese_original,data/raw/deep_author/works/da-work-903689387.json,SCPPER-CN JSON bundle,788,a20fe49637eba1803f29ac82761208a9377cbc18fd231ed92d2e6e18b0ee5039,2026-08-14,CC BY-SA 3.0 unless a page records a different compatible notice,ko|版式,
da-author-etinjat-1c584251,Etinjat,da-work-903699962,903699962,流浪乐团 书页,https://scp-wiki-cn.wikidot.com/component:note-page,https://scp-wiki-cn.wikidot.com/component:note-page,SCP-CN via SCPPER-CN,2019-09-17,,True,excluded_or_unverified,zh,True,True,excluded,not_marked_chinese_original,data/raw/deep_author/works/da-work-903699962.json,SCPPER-CN JSON bundle,748,c591f1f135a8617e7a3cb98a6529983264120d815a5984921396da85c99a9670,2026-08-14,CC BY-SA 3.0 unless a page records a different compatible notice,ko|样版,
da-author-qblevi-494cde49,QBLevi,da-work-909936628,909936628,无际曲象,https://scp-wiki-cn.wikidot.com/the-great-distortion,https://scp-wiki-cn.wikidot.com/the-great-distortion,SCP-CN via SCPPER-CN,2019-09-23,,True,single_selected_author,zh,False,False,included,,data/raw/deep_author/works/da-work-909936628.json,SCPPER-CN JSON bundle,17075,d5b0831e55749fc92c467c1c9724d55c045b42b96076593f216e00c57124b8c7,2026-08-14,CC BY-SA 3.0 unless a page records a different compatible notice,原创|基金会4k|故事,
da-author-etinjat-1c584251,Etinjat,da-work-911484071,911484071,√（旧）,https://scp-wiki-cn.wikidot.com/old:crash-proposal,https://scp-wiki-cn.wikidot.com/old:crash-proposal,SCP-CN via SCPPER-CN,2019-09-26,,True,excluded_or_unverified,zh,True,True,excluded,not_marked_chinese_original,data/raw/deep_author/works/da-work-911484071.json,SCPPER-CN JSON bundle,1006,a2824c0eea48285588e9cf4796e0276e4d7d975059882217c314ce183160e7b9,2026-08-14,CC BY-SA 3.0 unless a page records a different compatible notice,scp|伦理委员会|搞笑|数学性|无定形|旧页面|机密分级|活物|现实扭曲|管理员,
da-author-etinjat-1c584251,Etinjat,da-work-912229461,912229461,诗钞——宴天行,https://scp-wiki-cn.wikidot.com/wanderers:dying-world,https://scp-wiki-cn.wikidot.com/wanderers:dying-world,SCP-CN via SCPPER-CN,2019-09-27,,True,single_selected_author,zh,False,False,included,,data/raw/deep_author/works/da-work-912229461.json,SCPPER-CN JSON bundle,33615,d971ebf17a39d3381e6923a8b03aa4eeb8cde41dde49ce15573f37a9f2aaf72e,2026-08-14,CC BY-SA 3.0 unless a page records a different compatible notice,wanderers|信件|原创|地区|密径|寓言|文言文|日记|琅嬛福地藏书阁|神话|记载|韵文,
da-author-etinjat-1c584251,Etinjat,da-work-912942107,912942107,诗钞——破碎之心,https://scp-wiki-cn.wikidot.com/wanderers:broken-heart,https://scp-wiki-cn.wikidot.com/wanderers:broken-heart,SCP-CN via SCPPER-CN,2019-09-28,,True,single_selected_author,zh,False,False,included,,data/raw/deep_author/works/da-work-912942107.json,SCPPER-CN JSON bundle,11117,9de65306509e59a1664fbebf01d71109a55f59b1b8ad53381118de7bf4a74c23,2026-08-14,CC BY-SA 3.0 unless a page records a different compatible notice,wanderers|信件|原创|地区|日记|琅嬛福地藏书阁|记载|韵文,
da-author-breaddddd-d9923f3d,breaddddd,da-work-914167982,914167982,SCP-CN-1771,https://scp-wiki-cn.wikidot.com/fragment:scp-cn-1771-2,https://scp-wiki-cn.wikidot.com/fragment:scp-cn-1771-2,SCP-CN via SCPPER-CN,2019-09-30,,True,excluded_or_unverified,zh,True,True,excluded,not_marked_chinese_original,data/raw/deep_author/works/da-work-914167982.json,SCPPER-CN JSON bundle,882,44bea9b26f6b743a41fdbcaf4491063c36b2327766efe41a15bd13b6cfc3e9f2,2026-08-14,CC BY-SA 3.0 unless a page records a different compatible notice,段落,
da-author-breaddddd-d9923f3d,breaddddd,da-work-914167985,914167985,幽灵过山车,https://scp-wiki-cn.wikidot.com/scp-cn-1771,https://scp-wiki-cn.wikidot.com/scp-cn-1771,SCP-CN via SCPPER-CN,2019-09-30,,True,single_selected_author,zh,False,False,included,,data/raw/deep_author/works/da-work-914167985.json,SCPPER-CN JSON bundle,4946,d570e9be0a1bd4caa46b98746206fc602336e9624551f2b3de14d3c174a1e2e1,2026-08-14,CC BY-SA 3.0 unless a page records a different compatible notice,scp|原创|心灵感应|感知影响|无效化|载具,
da-author-breaddddd-d9923f3d,breaddddd,da-work-914167987,914167987,SCP-CN-1771,https://scp-wiki-cn.wikidot.com/fragment:scp-cn-1771-1,https://scp-wiki-cn.wikidot.com/fragment:scp-cn-1771-1,SCP-CN via SCPPER-CN,2019-09-30,,True,excluded_or_unverified,zh,True,True,excluded,not_marked_chinese_original,data/raw/deep_author/works/da-work-914167987.json,SCPPER-CN JSON bundle,872,84654d0fca6d182c3d1e4b2034f901a642f47003e27da0fa1e3dfdf640a3d467,2026-08-14,CC BY-SA 3.0 unless a page records a different compatible notice,段落,
da-author-etinjat-1c584251,Etinjat,da-work-914927233,914927233,七子,https://scp-wiki-cn.wikidot.com/seven-children,https://scp-wiki-cn.wikidot.com/seven-children,SCP-CN via SCPPER-CN,2019-10-02,,True,excluded_or_unverified,zh,True,True,excluded,not_marked_chinese_original,data/raw/deep_author/works/da-work-914927233.json,SCPPER-CN JSON bundle,1715,09807a59c5387579036affc68b78f1b6d72dea0fd4b3326099478210729db14f,2026-08-14,CC BY-SA 3.0 unless a page records a different compatible notice,故事|第二海托世教会|诗歌,
da-author-etinjat-1c584251,Etinjat,da-work-915346698,915346698,SCP-026-CZ（旧）,https://scp-wiki-cn.wikidot.com/old:scp-026-cs,https://scp-wiki-cn.wikidot.com/old:scp-026-cs,SCP-CN via SCPPER-CN,2019-10-05,,True,excluded_or_unverified,zh,True,True,excluded,not_marked_chinese_original,data/raw/deep_author/works/da-work-915346698.json,SCPPER-CN JSON bundle,847,7bc0143f10ad1c4941fcec5caa1fdfdbe84abdd42212f2952e5f8076e5a5af9f,2026-08-14,CC BY-SA 3.0 unless a page records a different compatible notice,cs|scp|thaumiel|二次翻译|旧页面|未收容|艺术性,
da-author-etinjat-1c584251,Etinjat,da-work-915487375,915487375,商籁诗：寡德实验,https://scp-wiki-cn.wikidot.com/sonnet-for-unethical-practices,https://scp-wiki-cn.wikidot.com/sonnet-for-unethical-practices,SCP-CN via SCPPER-CN,2019-10-05,,True,excluded_or_unverified,zh,True,True,excluded,not_marked_chinese_original,data/raw/deep_author/works/da-work-915487375.json,SCPPER-CN JSON bundle,839,39bad7a0d1dc1e2ee437bd872ff5c7a2dff1a4b32d78e7e142111f7929f9879f,2026-08-14,CC BY-SA 3.0 unless a page records a different compatible notice,故事|诗歌,
da-author-etinjat-1c584251,Etinjat,da-work-915532492,915532492,商籁诗：死地,https://scp-wiki-cn.wikidot.com/place-to-die,https://scp-wiki-cn.wikidot.com/place-to-die,SCP-CN via SCPPER-CN,2019-10-05,,True,excluded_or_unverified,zh,True,True,excluded,not_marked_chinese_original,data/raw/deep_author/works/da-work-915532492.json,SCPPER-CN JSON bundle,747,07f851b34aa61514b273b603a6cb1d41fc134d8b64111eada12497671ab09b84,2026-08-14,CC BY-SA 3.0 unless a page records a different compatible notice,故事|诗歌,
da-author-etinjat-1c584251,Etinjat,da-work-915986279,915986279,妈妈，妈妈，我多么想你啊,https://scp-wiki-cn.wikidot.com/mother-mother-i-miss-you-so,https://scp-wiki-cn.wikidot.com/mother-mother-i-miss-you-so,SCP-CN via SCPPER-CN,2019-10-06,,True,excluded_or_unverified,zh,True,True,excluded,not_marked_chinese_original,data/raw/deep_author/works/da-work-915986279.json,SCPPER-CN JSON bundle,1711,08943c8d5b7333d79e53dc9710941c56e14153c4af3696c610c0ccbbe32fc52f,2026-08-14,CC BY-SA 3.0 unless a page records a different compatible notice,故事|诗歌,
da-author-etinjat-1c584251,Etinjat,da-work-916035413,916035413,石头可打碎我骨，但言语永不伤我身,https://scp-wiki-cn.wikidot.com/stones-can-break-my-bones-but-words-can-never-hurt-me,https://scp-wiki-cn.wikidot.com/stones-can-break-my-bones-but-words-can-never-hurt-me,SCP-CN via SCPPER-CN,2019-10-06,,True,excluded_or_unverified,zh,True,True,excluded,not_marked_chinese_original,data/raw/deep_author/works/da-work-916035413.json,SCPPER-CN JSON bundle,1670,5c2bafc060c34c124992e8f84ab6ecc9e3b006f52dc938346a153d9803951737,2026-08-14,CC BY-SA 3.0 unless a page records a different compatible notice,故事|诗歌,
da-author-etinjat-1c584251,Etinjat,da-work-916177456,916177456,横山歌,https://scp-wiki-cn.wikidot.com/the-sideways-mountain,https://scp-wiki-cn.wikidot.com/the-sideways-mountain,SCP-CN via SCPPER-CN,2019-10-06,,True,excluded_or_unverified,zh,True,True,excluded,not_marked_chinese_original,data/raw/deep_author/works/da-work-916177456.json,SCPPER-CN JSON bundle,1666,e454747898dee19e897c090ac6ed23821f057d34e060813a3998f1536df2e5a9,2026-08-14,CC BY-SA 3.0 unless a page records a different compatible notice,故事|诗歌,
da-author-etinjat-1c584251,Etinjat,da-work-916205225,916205225,一些末日情景，我想是的,https://scp-wiki-cn.wikidot.com/somethingk-class-scenario-i-guess,https://scp-wiki-cn.wikidot.com/somethingk-class-scenario-i-guess,SCP-CN via SCPPER-CN,2019-10-06,,True,excluded_or_unverified,zh,True,True,excluded,not_marked_chinese_original,data/raw/deep_author/works/da-work-916205225.json,SCPPER-CN JSON bundle,1792,3994c142ed6e53837ae51b2079217ec48a8c0cb503eb5a75329b53efbca2bfa9,2026-08-14,CC BY-SA 3.0 unless a page records a different compatible notice,2018连写竞赛|_月黑风高|故事|诗歌,
da-author-etinjat-1c584251,Etinjat,da-work-919136025,919136025,每家都有这么一个,https://scp-wiki-cn.wikidot.com/wanderers:one-in-every-home,https://scp-wiki-cn.wikidot.com/wanderers:one-in-every-home,SCP-CN via SCPPER-CN,2019-10-10,,True,excluded_or_unverified,zh,True,True,excluded,not_marked_chinese_original,data/raw/deep_author/works/da-work-919136025.json,SCPPER-CN JSON bundle,900,f6199a5c6a096459fd1e6cdd8cab6ca7e57ea8339eac35e75246002dbb7bfde8,2026-08-14,CC BY-SA 3.0 unless a page records a different compatible notice,wanderers|叙述|记载,
da-author-etinjat-1c584251,Etinjat,da-work-919140211,919140211,诗钞——拟幻想遗物其三 并序附注,https://scp-wiki-cn.wikidot.com/wanderers:fantasy-come-to-reality,https://scp-wiki-cn.wikidot.com/wanderers:fantasy-come-to-reality,SCP-CN via SCPPER-CN,2019-10-10,,True,single_selected_author,zh,False,False,included,,data/raw/deep_author/works/da-work-919140211.json,SCPPER-CN JSON bundle,17542,c50cfe2409d96d5dd4cf84166f9c0228aeae2beb1ae3da5aa87141bc0bf5cf7e,2026-08-14,CC BY-SA 3.0 unless a page records a different compatible notice,wanderers|原创|文言文|琅嬛福地藏书阁|韵文,
da-author-breaddddd-d9923f3d,breaddddd,da-work-919160150,919160150,绘星城购物指南,https://scp-wiki-cn.wikidot.com/stargazing-city-guide,https://scp-wiki-cn.wikidot.com/stargazing-city-guide,SCP-CN via SCPPER-CN,2019-10-12,,True,single_selected_author,zh,False,False,included,,data/raw/deep_author/works/da-work-919160150.json,SCPPER-CN JSON bundle,335011,b19f0d6a1051c1aa2468c4cc76a1f512377a961894a6dd71e3a999640827c24b,2026-08-14,CC BY-SA 3.0 unless a page records a different compatible notice,_梦神集团|goi格式|原创|图像保留权利|梦神集团|精品,
da-author-breaddddd-d9923f3d,breaddddd,da-work-924639194,924639194,跳跃字符,https://scp-wiki-cn.wikidot.com/scp-cn-1311,https://scp-wiki-cn.wikidot.com/scp-cn-1311,SCP-CN via SCPPER-CN,2019-10-30,,True,single_selected_author,zh,False,False,included,,data/raw/deep_author/works/da-work-924639194.json,SCPPER-CN JSON bundle,56887,4b130cbf0987331eb5813b9af8ca78c25c1329a91891b09f88fbaf11c2129962,2026-08-14,CC BY-SA 3.0 unless a page records a different compatible notice,_cc|eco出版社|euclid|scp|site-cn-34|原创|形态改变|感知力|文件,
da-author-etinjat-1c584251,Etinjat,da-work-931773380,931773380,烛龙,https://scp-wiki-cn.wikidot.com/scp-3965,https://scp-wiki-cn.wikidot.com/scp-3965,SCP-CN via SCPPER-CN,2019-11-05,,True,excluded_or_unverified,zh,True,True,excluded,not_marked_chinese_original,data/raw/deep_author/works/da-work-931773380.json,SCPPER-CN JSON bundle,1136,fb62b251936438c81a565f60c4eb71029804d99225943e72b0eb47d560faed12,2026-08-14,CC BY-SA 3.0 unless a page records a different compatible notice,crom:series-4|euclid|scp|传送|光照影响|反熵|地点|声音|夏异常|宗教|恒星|放射性|星际|智能|气象|活物|火炬之子|爬行类动物|猫科|电磁|语言,
da-author-etinjat-1c584251,Etinjat,da-work-931790602,931790602,掀开帷幕,https://scp-wiki-cn.wikidot.com/wanderers:unveiling,https://scp-wiki-cn.wikidot.com/wanderers:unveiling,SCP-CN via SCPPER-CN,2019-11-07,,True,excluded_or_unverified,zh,True,True,excluded,not_marked_chinese_original,data/raw/deep_author/works/da-work-931790602.json,SCPPER-CN JSON bundle,1695,9b76f336091a5d45291486d137acda052147a953a6958b666cee9a03bbfe98ae,2026-08-14,CC BY-SA 3.0 unless a page records a different compatible notice,wanderers|记载|韵文,
da-author-etinjat-1c584251,Etinjat,da-work-931796609,931796609,狴犴门，其色灰,https://scp-wiki-cn.wikidot.com/the-doors-are-grey,https://scp-wiki-cn.wikidot.com/the-doors-are-grey,SCP-CN via SCPPER-CN,2019-11-07,,True,excluded_or_unverified,zh,True,True,excluded,not_marked_chinese_original,data/raw/deep_author/works/da-work-931796609.json,SCPPER-CN JSON bundle,1699,102434ba6625a1dd89bf643b6c252d58a2e3e3d525db824290b1d930ac6ad3c8,2026-08-14,CC BY-SA 3.0 unless a page records a different compatible notice,合著|故事|诗歌,
da-author-etinjat-1c584251,Etinjat,da-work-932042462,932042462,开天窗 中心页,https://scp-wiki-cn.wikidot.com/mainline-hub,https://scp-wiki-cn.wikidot.com/mainline-hub,SCP-CN via SCPPER-CN,2019-11-08,,True,excluded_or_unverified,zh,True,True,excluded,not_marked_chinese_original,data/raw/deep_author/works/da-work-932042462.json,SCPPER-CN JSON bundle,829,58355fdc5947a63344657ab235e4363df75404ab7312f5c3f45124282bd468e1,2026-08-14,CC BY-SA 3.0 unless a page records a different compatible notice,_故事中心|中心,
da-author-etinjat-1c584251,Etinjat,da-work-934889356,934889356,登仙,https://scp-wiki-cn.wikidot.com/la-naissance-d-un-immortel,https://scp-wiki-cn.wikidot.com/la-naissance-d-un-immortel,SCP-CN via SCPPER-CN,2019-11-17,,True,excluded_or_unverified,zh,True,True,excluded,not_marked_chinese_original,data/raw/deep_author/works/da-work-934889356.json,SCPPER-CN JSON bundle,833,a24a8f81a0f45cea08c151e87b7f6327715e88546273896e521675f2395a6400,2026-08-14,CC BY-SA 3.0 unless a page records a different compatible notice,2019goi竞赛|fr|二次翻译|岿阳派|故事,
da-author-etinjat-1c584251,Etinjat,da-work-939124405,939124405,DCD 版式,https://scp-wiki-cn.wikidot.com/theme:dcd,https://scp-wiki-cn.wikidot.com/theme:dcd,SCP-CN via SCPPER-CN,2019-11-25,,True,excluded_or_unverified,zh,True,True,excluded,not_marked_chinese_original,data/raw/deep_author/works/da-work-939124405.json,SCPPER-CN JSON bundle,674,74f6c1d0c5ba81153dd46395029110fa00f4950b6aeea783e5a255f1092c61f9,2026-08-14,CC BY-SA 3.0 unless a page records a different compatible notice,fr|版式,
da-author-breaddddd-d9923f3d,breaddddd,da-work-940816568,940816568,可食用美容套装,https://scp-wiki-cn.wikidot.com/scp-cn-1656,https://scp-wiki-cn.wikidot.com/scp-cn-1656,SCP-CN via SCPPER-CN,2019-12-01,,True,excluded_or_unverified,zh,False,True,excluded,structural_or_non_work_page,data/raw/deep_author/works/da-work-940816568.json,SCPPER-CN JSON bundle,954,5d53a1815ed6e6511b33e0445a045a853d2255db1d4011940499d118a96f46d8,2026-08-14,CC BY-SA 3.0 unless a page records a different compatible notice,euclid|ob传媒|scp|site-cn-75|原创|合著|家用物品|成瘾性|食物,
da-author-breaddddd-d9923f3d,breaddddd,da-work-941042572,941042572,周末的世界,https://scp-wiki-cn.wikidot.com/scp-cn-1411,https://scp-wiki-cn.wikidot.com/scp-cn-1411,SCP-CN via SCPPER-CN,2019-12-01,,True,single_selected_author,zh,False,False,included,,data/raw/deep_author/works/da-work-941042572.json,SCPPER-CN JSON bundle,47350,d78f97d76b50fb00e3c6ba8f525d8c42ecfbb5987c1b03c577689b0e8fd107eb,2026-08-14,CC BY-SA 3.0 unless a page records a different compatible notice,euclid|scp|site-cn-91|原创|地点|酩酊街,
da-author-breaddddd-d9923f3d,breaddddd,da-work-942606126,942606126,雨中漫步,https://scp-wiki-cn.wikidot.com/scp-cn-1511,https://scp-wiki-cn.wikidot.com/scp-cn-1511,SCP-CN via SCPPER-CN,2019-12-02,,True,single_selected_author,zh,False,False,included,,data/raw/deep_author/works/da-work-942606126.json,SCPPER-CN JSON bundle,11285,369ed25152c6f60db75498624423d8794b2a2a9bfcbcd1b122c6ad5bc72c9c58,2026-08-14,CC BY-SA 3.0 unless a page records a different compatible notice,_cc|euclid|scp|原创|听觉影响|表演|视觉性|音乐性,
da-author-etinjat-1c584251,Etinjat,da-work-943046033,943046033,长歌行——逐鹿何遑遑,https://scp-wiki-cn.wikidot.com/wanderers:zhulu,https://scp-wiki-cn.wikidot.com/wanderers:zhulu,SCP-CN via SCPPER-CN,2019-12-02,,True,single_selected_author,zh,False,False,included,,data/raw/deep_author/works/da-work-943046033.json,SCPPER-CN JSON bundle,9651,ea76ead8e8312412c059271f762227535a0edd0a07aa230f782e448cd541f741,2026-08-14,CC BY-SA 3.0 unless a page records a different compatible notice,wanderers|个体|信件|军队|历史|原创|叙述|寓言|文言文|日记|琅嬛福地藏书阁|记载|韵文,
da-author-etinjat-1c584251,Etinjat,da-work-963388335,963388335,岿阳谶——鹿尘子伏龙还丹诀,https://scp-wiki-cn.wikidot.com/wanderers:the-magic-code-that-conquer-the-black-dragon,https://scp-wiki-cn.wikidot.com/wanderers:the-magic-code-that-conquer-the-black-dragon,SCP-CN via SCPPER-CN,2019-12-13,,True,single_selected_author,zh,False,False,included,,data/raw/deep_author/works/da-work-963388335.json,SCPPER-CN JSON bundle,7281,193727244cb71c2c38a1e60d7623c0a6afa75ed554ad20caa2f774c07f129008,2026-08-14,CC BY-SA 3.0 unless a page records a different compatible notice,wanderers|个体|仪式|信件|原创|叙述|奥秘动物|宗教性|寓言|文言文|日记|物体|琅嬛福地藏书阁|神话|韵文,
da-author-etinjat-1c584251,Etinjat,da-work-985822887,985822887,木鼹鼠,https://scp-wiki-cn.wikidot.com/scp-ro-007-arc,https://scp-wiki-cn.wikidot.com/scp-ro-007-arc,SCP-CN via SCPPER-CN,2019-12-19,,True,excluded_or_unverified,zh,True,True,excluded,not_marked_chinese_original,data/raw/deep_author/works/da-work-985822887.json,SCPPER-CN JSON bundle,865,8f700f6f895132be50bb8799d475fb647f58285aeee02f2a3204e2928a84dbcd,2026-08-14,CC BY-SA 3.0 unless a page records a different compatible notice,euclid|ro|scp|二次翻译|被归档,
da-author-agent-phage-bc08199e,Agent Phage,da-work-985862865,985862865,SC-27/136-28/800,https://scp-wiki-cn.wikidot.com/sc-27-136-28-800,https://scp-wiki-cn.wikidot.com/sc-27-136-28-800,SCP-CN via SCPPER-CN,2019-12-21,,True,single_selected_author,zh,False,False,included,,data/raw/deep_author/works/da-work-985862865.json,SCPPER-CN JSON bundle,27202,c3b8f2a9ec22bfddd88a18f5e963cadc0946862f05185d32dcc0ad74aa20e20d,2026-08-14,CC BY-SA 3.0 unless a page records a different compatible notice,_混沌分裂者|goi格式|原创|混沌分裂者|矽宇市,
da-author-agent-phage-bc08199e,Agent Phage,da-work-985862979,985862979,青竹计划，1936年,https://scp-wiki-cn.wikidot.com/project-aodake,https://scp-wiki-cn.wikidot.com/project-aodake,SCP-CN via SCPPER-CN,2019-12-21,,True,single_selected_author,zh,False,False,included,,data/raw/deep_author/works/da-work-985862979.json,SCPPER-CN JSON bundle,22092,8200bcae87178d3e403caaac5fddf05203959f06c66cf6b14fe29675a133d9a9,2026-08-14,CC BY-SA 3.0 unless a page records a different compatible notice,_ijamea|goi格式|ijamea|医院|原创,
da-author-agent-phage-bc08199e,Agent Phage,da-work-985863073,985863073,安德森机器人安装指南：您最新的红腿小隼系列生命强化单元！,https://scp-wiki-cn.wikidot.com/new-red-thighed-falconet-life-unit,https://scp-wiki-cn.wikidot.com/new-red-thighed-falconet-life-unit,SCP-CN via SCPPER-CN,2019-12-21,,True,single_selected_author,zh,False,False,included,,data/raw/deep_author/works/da-work-985863073.json,SCPPER-CN JSON bundle,33935,b59686b6541c4c26d012f4b630fa172b8a34e4f1f38b0948c73915ef948e02fc,2026-08-14,CC BY-SA 3.0 unless a page records a different compatible notice,_安德森机器人|goi格式|原创|安德森机器人,
da-author-agent-phage-bc08199e,Agent Phage,da-work-985863162,985863162,翻开重生之夜篇章,https://scp-wiki-cn.wikidot.com/goc-tale-fan-kai-chong-sheng-zhi-ye-pian-zhang,https://scp-wiki-cn.wikidot.com/goc-tale-fan-kai-chong-sheng-zhi-ye-pian-zhang,SCP-CN via SCPPER-CN,2019-12-21,,True,single_selected_author,zh,False,False,included,,data/raw/deep_author/works/da-work-985863162.json,SCPPER-CN JSON bundle,22476,0d49d9c775e80fd5edfa8b0cb05e1301570639e8ed2214d67037a7460c050a3f,2026-08-14,CC BY-SA 3.0 unless a page records a different compatible notice,linkage|原创|故事,
da-author-breaddddd-d9923f3d,breaddddd,da-work-985912542,985912542,小学作文四则,https://scp-wiki-cn.wikidot.com/wanderers:elementary-composition,https://scp-wiki-cn.wikidot.com/wanderers:elementary-composition,SCP-CN via SCPPER-CN,2019-12-24,,True,single_selected_author,zh,False,False,included,,data/raw/deep_author/works/da-work-985912542.json,SCPPER-CN JSON bundle,18627,4873dbee8e81eb83d52a19165e9066c5642782960974869dc5a244a5acc09045,2026-08-14,CC BY-SA 3.0 unless a page records a different compatible notice,wanderers|原创|苍树与血,
da-author-etinjat-1c584251,Etinjat,da-work-985993929,985993929,远灾谣,https://scp-wiki-cn.wikidot.com/ballad-for-a-faraway-disaster,https://scp-wiki-cn.wikidot.com/ballad-for-a-faraway-disaster,SCP-CN via SCPPER-CN,2019-12-31,,True,excluded_or_unverified,zh,True,True,excluded,not_marked_chinese_original,data/raw/deep_author/works/da-work-985993929.json,SCPPER-CN JSON bundle,1673,6bb5bde891409f57888e7e87ad26dea099384333fd482a71a214692b2a3178ce,2026-08-14,CC BY-SA 3.0 unless a page records a different compatible notice,故事|诗歌,
da-author-breaddddd-d9923f3d,breaddddd,da-work-986029089,986029089,旅行相机,https://scp-wiki-cn.wikidot.com/scp-cn-993,https://scp-wiki-cn.wikidot.com/scp-cn-993,SCP-CN via SCPPER-CN,2020-01-02,,True,single_selected_author,zh,False,False,included,,data/raw/deep_author/works/da-work-986029089.json,SCPPER-CN JSON bundle,15351,4f12177f4ece3c9da8b6192d462b96c856d2203fcea5ff3a55b6c7b077a4f557,2026-08-14,CC BY-SA 3.0 unless a page records a different compatible notice,euclid|scp|原创|建筑|异常移动|循环|摄像,
da-author-etinjat-1c584251,Etinjat,da-work-986155031,986155031,君怀此世,https://scp-wiki-cn.wikidot.com/a-world-unto-yourself,https://scp-wiki-cn.wikidot.com/a-world-unto-yourself,SCP-CN via SCPPER-CN,2020-01-13,,True,excluded_or_unverified,zh,True,True,excluded,not_marked_chinese_original,data/raw/deep_author/works/da-work-986155031.json,SCPPER-CN JSON bundle,1686,bc56ebbb54646410515474e44e70fa2662b284f900b98cb314dbbdc76ee8dbcc,2026-08-14,CC BY-SA 3.0 unless a page records a different compatible notice,故事|相啸魔|诗歌,
da-author-etinjat-1c584251,Etinjat,da-work-986165542,986165542,北哨兵星,https://scp-wiki-cn.wikidot.com/scp-5060,https://scp-wiki-cn.wikidot.com/scp-5060,SCP-CN via SCPPER-CN,2020-01-14,,True,excluded_or_unverified,zh,True,True,excluded,not_marked_chinese_original,data/raw/deep_author/works/da-work-986165542.json,SCPPER-CN JSON bundle,1326,4a5232fac56748904b9a4983183adf739ad37400f3ce1557dc20019494c5351d,2026-08-14,CC BY-SA 3.0 unless a page records a different compatible notice,5000|crom:series-6|euclid|scp|星球|星际|智能|海姆达尔|种群,
da-author-etinjat-1c584251,Etinjat,da-work-986174528,986174528,人类，扬升,https://scp-wiki-cn.wikidot.com/scp-5998,https://scp-wiki-cn.wikidot.com/scp-5998,SCP-CN via SCPPER-CN,2020-01-15,,True,excluded_or_unverified,zh,True,True,excluded,not_marked_chinese_original,data/raw/deep_author/works/da-work-986174528.json,SCPPER-CN JSON bundle,1001,8cbccd7d9c346eb15f86cc5a8c77297b2978d6c1785e74dc7104db0b0fc61681,2026-08-14,CC BY-SA 3.0 unless a page records a different compatible notice,5000|crom:series-6|euclid|scp|人形生物|历史性|宗教|尸体|战术神学部|敌意|移情作用|精神影响,
da-author-etinjat-1c584251,Etinjat,da-work-986177994,986177994,本应该让他沉眠的,https://scp-wiki-cn.wikidot.com/scp-3448-j,https://scp-wiki-cn.wikidot.com/scp-3448-j,SCP-CN via SCPPER-CN,2020-01-15,,True,excluded_or_unverified,zh,True,True,excluded,not_marked_chinese_original,data/raw/deep_author/works/da-work-986177994.json,SCPPER-CN JSON bundle,1070,205d63acd60faa416dd5a1c68459ae080966b91fdcfcd327296f6a07a790308a,2026-08-14,CC BY-SA 3.0 unless a page records a different compatible notice,euclid|scp|人形生物|历史性|感知力|搞笑|政治性|智能|死亡终结|活物|自我修复,
da-author-etinjat-1c584251,Etinjat,da-work-986179241,986179241,钩子，长线，浮标,https://scp-wiki-cn.wikidot.com/scp-5505,https://scp-wiki-cn.wikidot.com/scp-5505,SCP-CN via SCPPER-CN,2020-01-15,,True,excluded_or_unverified,zh,True,True,excluded,not_marked_chinese_original,data/raw/deep_author/works/da-work-986179241.json,SCPPER-CN JSON bundle,1211,d58bda581ce40aaf45a891e56de1f1dc26c8f0f08ad23301c084bf6032795391,2026-08-14,CC BY-SA 3.0 unless a page records a different compatible notice,5000|crom:series-6|scp|幻觉|感知力|感知影响|掠食性|智能|等待分级|超维度|鱼类,
da-author-etinjat-1c584251,Etinjat,da-work-986188509,986188509,衰竭,https://scp-wiki-cn.wikidot.com/scp-5003,https://scp-wiki-cn.wikidot.com/scp-5003,SCP-CN via SCPPER-CN,2020-01-16,,True,excluded_or_unverified,zh,True,True,excluded,not_marked_chinese_original,data/raw/deep_author/works/da-work-986188509.json,SCPPER-CN JSON bundle,1058,eabc024146412672e6cee82f85c5c9bc83329ae0ba280745d67a7ef5557360c8,2026-08-14,CC BY-SA 3.0 unless a page records a different compatible notice,5000|crom:series-6|safe|scp|伦理委员会|地下|建筑|机械|电力|电磁,
da-author-etinjat-1c584251,Etinjat,da-work-986211468,986211468,Kiryu实验室 版式,https://scp-wiki-cn.wikidot.com/theme:kiryu-labs-theme,https://scp-wiki-cn.wikidot.com/theme:kiryu-labs-theme,SCP-CN via SCPPER-CN,2020-01-18,,True,excluded_or_unverified,zh,True,True,excluded,not_marked_chinese_original,data/raw/deep_author/works/da-work-986211468.json,SCPPER-CN JSON bundle,970,c4eefb21e0416be3efaa3a461807962fd1c8890fcda0e951a9e416c1e147ba84,2026-08-14,CC BY-SA 3.0 unless a page records a different compatible notice,版式,
da-author-etinjat-1c584251,Etinjat,da-work-986220250,986220250,华翼科技 异号第3579项协议,https://scp-wiki-cn.wikidot.com/huayi-bc02-y-3579,https://scp-wiki-cn.wikidot.com/huayi-bc02-y-3579,SCP-CN via SCPPER-CN,2020-01-18,,True,single_selected_author,zh,False,False,included,,data/raw/deep_author/works/da-work-986220250.json,SCPPER-CN JSON bundle,53889,e4e483db6a1e0b3f0b1496a8bffc45e26a85cdd1f46f2da0b073805f0e7efc48,2026-08-14,CC BY-SA 3.0 unless a page records a different compatible notice,_cc|_其他|cc|goi格式|gp快递|ijamea|万劫历数|东弊重工|修正花卉|原创|异学会|打鲨鱼中心|普罗米修斯实验室|负号部队,
da-author-etinjat-1c584251,Etinjat,da-work-986232376,986232376,切勿多疑，切勿深思，切勿相击,https://scp-wiki-cn.wikidot.com/scp-cn-1550,https://scp-wiki-cn.wikidot.com/scp-cn-1550,SCP-CN via SCPPER-CN,2020-01-19,,True,single_selected_author,zh,False,False,included,,data/raw/deep_author/works/da-work-986232376.json,SCPPER-CN JSON bundle,21053,1c3006e88a7cdd168495e377e264cdc1cafb0f9e26890eda02553c5195e5ed1b,2026-08-14,CC BY-SA 3.0 unless a page records a different compatible notice,k级情景|meta|nobody|scp|信息危害|原创|机密分级|精神影响|观察影响|认知危害|记忆影响,
da-author-etinjat-1c584251,Etinjat,da-work-986255831,986255831,夜中不能寐,https://scp-wiki-cn.wikidot.com/creepy-night,https://scp-wiki-cn.wikidot.com/creepy-night,SCP-CN via SCPPER-CN,2020-01-20,,True,single_selected_author,zh,False,False,included,,data/raw/deep_author/works/da-work-986255831.json,SCPPER-CN JSON bundle,19927,2f1ef11f86c0cae6274c473c7bea41aed444a7b9835dd72df6514f33edffbb5c,2026-08-14,CC BY-SA 3.0 unless a page records a different compatible notice,creepypasta|原创|故事,
da-author-etinjat-1c584251,Etinjat,da-work-986278655,986278655,剧透,https://scp-wiki-cn.wikidot.com/scp-5321,https://scp-wiki-cn.wikidot.com/scp-5321,SCP-CN via SCPPER-CN,2020-01-22,,True,excluded_or_unverified,zh,True,True,excluded,not_marked_chinese_original,data/raw/deep_author/works/da-work-986278655.json,SCPPER-CN JSON bundle,1047,601ef8b83bc63b6f0821546fa6ecc2dacc342c9a9d2d7cc7c7da5126bfe08459,2026-08-14,CC BY-SA 3.0 unless a page records a different compatible notice,5000|apollyon|crom:series-6|scp|人工智能|后启示录|无效化|知识|神经性|管理员|精神影响,
da-author-etinjat-1c584251,Etinjat,da-work-986308111,986308111,岿阳诀 —— 碧游春,https://scp-wiki-cn.wikidot.com/wanderers:chun,https://scp-wiki-cn.wikidot.com/wanderers:chun,SCP-CN via SCPPER-CN,2020-01-24,,True,single_selected_author,zh,False,False,included,,data/raw/deep_author/works/da-work-986308111.json,SCPPER-CN JSON bundle,6133,a621ee1f71a1b91eeb08179c0233982d6e21d811e4c3b9335679950f55735193,2026-08-14,CC BY-SA 3.0 unless a page records a different compatible notice,wanderers|个体|仪式|信件|原创|叙述|奥秘动物|宗教性|寓言|文言文|日记|琅嬛福地藏书阁|神话|韵文,
da-author-agent-phage-bc08199e,Agent Phage,da-work-986357745,986357745,伦理委员会怪谈志：乌云集结,https://scp-wiki-cn.wikidot.com/assemble-the-dark-clouds,https://scp-wiki-cn.wikidot.com/assemble-the-dark-clouds,SCP-CN via SCPPER-CN,2020-01-28,,True,single_selected_author,zh,False,False,included,,data/raw/deep_author/works/da-work-986357745.json,SCPPER-CN JSON bundle,46345,3dced2e329d3e014748916b23c361568b0a1ae45c4d23b38acec8bc88528f15d,2026-08-14,CC BY-SA 3.0 unless a page records a different compatible notice,2020冬季征文|伦理委员会|原创|故事,
da-author-breaddddd-d9923f3d,breaddddd,da-work-986478250,986478250,文语谈 第八期：素素,https://scp-wiki-cn.wikidot.com/page-and-view-m-element,https://scp-wiki-cn.wikidot.com/page-and-view-m-element,SCP-CN via SCPPER-CN,2020-01-30,,True,single_selected_author,zh,False,False,included,,data/raw/deep_author/works/da-work-986478250.json,SCPPER-CN JSON bundle,73233,654dfc2544e78c1ad0bd6029bd5c0980910408fb183a2f29100de5b0dd80dc75,2026-08-14,CC BY-SA 3.0 unless a page records a different compatible notice,原创|文章,
da-author-mscarlet-78b5e8fb,MScarlet,da-work-986500928,986500928,黎斗組長的得獎感言,https://scp-wiki-cn.wikidot.com/lai-s-speech,https://scp-wiki-cn.wikidot.com/lai-s-speech,SCP-CN via SCPPER-CN,2020-01-30,,True,single_selected_author,zh,False,False,included,,data/raw/deep_author/works/da-work-986500928.json,SCPPER-CN JSON bundle,64534,443c9625abd0d5473493117537ee157f6af855780043d315d9ced1ac54b2c5bb,2026-08-14,CC BY-SA 3.0 unless a page records a different compatible notice,2020冬季征文|_ms|letters娱乐|wondertainment博士|原创|故事|曝光|破碎之神教会|香城,
da-author-etinjat-1c584251,Etinjat,da-work-986536790,986536790,层叠漾世歌（其一）：酩酊街上初逢酬赠忘忧人,https://scp-wiki-cn.wikidot.com/cascading-style-sekai-1,https://scp-wiki-cn.wikidot.com/cascading-style-sekai-1,SCP-CN via SCPPER-CN,2020-02-01,,True,single_selected_author,zh,False,False,included,,data/raw/deep_author/works/da-work-986536790.json,SCPPER-CN JSON bundle,8556,39fa06be307546068a7e5b2fc1cfd981c5e6a30b0bef44748d78c5dd4aac0a36,2026-08-14,CC BY-SA 3.0 unless a page records a different compatible notice,linkage|pangloss|原创|故事|文言文|破碎之神教会|诗歌|酩酊街,
da-author-etinjat-1c584251,Etinjat,da-work-986560936,986560936,星汉灿烂,https://scp-wiki-cn.wikidot.com/scp-cn-1905,https://scp-wiki-cn.wikidot.com/scp-cn-1905,SCP-CN via SCPPER-CN,2020-02-03,,True,single_selected_author,zh,False,False,included,,data/raw/deep_author/works/da-work-986560936.json,SCPPER-CN JSON bundle,10679,c4c45ac0c56e4da968229e57f6acb30978157f50151499c0576f48cedd2b71bf,2026-08-14,CC BY-SA 3.0 unless a page records a different compatible notice,_cc|k级情景|scp|原创|宗教|恒星|感知影响|星球|星际|机密分级|海姆达尔|狄瓦|现实扭曲|知识|第二海托世教会|视觉性|认知危害|隔地促动,
da-author-etinjat-1c584251,Etinjat,da-work-986572509,986572509,讹谬之相,https://scp-wiki-cn.wikidot.com/scp-cn-1915,https://scp-wiki-cn.wikidot.com/scp-cn-1915,SCP-CN via SCPPER-CN,2020-02-04,,True,single_selected_author,zh,False,False,included,,data/raw/deep_author/works/da-work-986572509.json,SCPPER-CN JSON bundle,13279,81f25f51c873219e3b2fa2f17ca29a8aa928287cfda9f59fb1b9ebbb2793d5a1,2026-08-14,CC BY-SA 3.0 unless a page records a different compatible notice,keter|scp|原创|感知影响|现实扭曲|观察影响|视觉性|认知危害|隔地促动,
da-author-etinjat-1c584251,Etinjat,da-work-986649162,986649162,黑光盒 组件,https://scp-wiki-cn.wikidot.com/component:blacklight-box,https://scp-wiki-cn.wikidot.com/component:blacklight-box,SCP-CN via SCPPER-CN,2019-11-27,,True,excluded_or_unverified,zh,True,True,excluded,not_marked_chinese_original,data/raw/deep_author/works/da-work-986649162.json,SCPPER-CN JSON bundle,784,7557023e7c110fcdc331a2fca67f3621f8234219a4dc1b1adae09b8ad3ac1a65,2026-08-14,CC BY-SA 3.0 unless a page records a different compatible notice,样版,
da-author-mscarlet-78b5e8fb,MScarlet,da-work-986651530,986651530,精品原创图书馆归档,https://scp-wiki-cn.wikidot.com/wanderers:featured-archive,https://scp-wiki-cn.wikidot.com/wanderers:featured-archive,SCP-CN via SCPPER-CN,2020-02-09,,True,excluded_or_unverified,zh,True,True,excluded,not_marked_chinese_original,data/raw/deep_author/works/da-work-986651530.json,SCPPER-CN JSON bundle,837,5e085d0cf7f074fe5ffb9e6c3eddc704daefc480ce6d4516f98df378704db06d,2026-08-14,CC BY-SA 3.0 unless a page records a different compatible notice,wanderers|中心|精品,
da-author-etinjat-1c584251,Etinjat,da-work-987072542,987072542,应当多加关心基金会员工的精神状态，也许吧,https://scp-wiki-cn.wikidot.com/scp-cn-1890,https://scp-wiki-cn.wikidot.com/scp-cn-1890,SCP-CN via SCPPER-CN,2020-02-13,,True,single_selected_author,zh,False,False,included,,data/raw/deep_author/works/da-work-987072542.json,SCPPER-CN JSON bundle,5923,7cf1751c1405147b6bd74fe0c96a9bb5bf84c40971f0942662d04c510eaf5c71,2026-08-14,CC BY-SA 3.0 unless a page records a different compatible notice,scp|原创|机密分级,
da-author-etinjat-1c584251,Etinjat,da-work-987087585,987087585,关于欲肉教血脉和合论神话起源文献记录,https://scp-wiki-cn.wikidot.com/to-be-a-couple,https://scp-wiki-cn.wikidot.com/to-be-a-couple,SCP-CN via SCPPER-CN,2020-02-14,,True,single_selected_author,zh,False,False,included,,data/raw/deep_author/works/da-work-987087585.json,SCPPER-CN JSON bundle,14220,75c61047de958cfdbc646ef505e36e155c78fd0d8e03ca47d7b9407a63d2fcdd,2026-08-14,CC BY-SA 3.0 unless a page records a different compatible notice,_地平线倡议|goi格式|pangloss|万劫历数|原创|地平线倡议|文言文|欲肉教|破碎之神教会,
da-author-etinjat-1c584251,Etinjat,da-work-987529071,987529071,那梨石音尺,https://scp-wiki-cn.wikidot.com/beyond-the-wall-of-syllable,https://scp-wiki-cn.wikidot.com/beyond-the-wall-of-syllable,SCP-CN via SCPPER-CN,2020-02-17,,True,single_selected_author,zh,False,False,included,,data/raw/deep_author/works/da-work-987529071.json,SCPPER-CN JSON bundle,54791,800bf396e0bcd0f4e3cb27fdadf2f4fc160e23e7be517c0f36b91811ccfb19fd,2026-08-14,CC BY-SA 3.0 unless a page records a different compatible notice,_蛇之手|goi格式|obskura|万劫历数|不灭孽蜥|原创|异学会|打鲨鱼中心|特工许|第三定律|第五教会|蛇之手,
da-author-agent-phage-bc08199e,Agent Phage,da-work-988356444,988356444,无字碑,https://scp-wiki-cn.wikidot.com/scp-cn-411,https://scp-wiki-cn.wikidot.com/scp-cn-411,SCP-CN via SCPPER-CN,2020-02-18,,True,single_selected_author,zh,False,False,included,,data/raw/deep_author/works/da-work-988356444.json,SCPPER-CN JSON bundle,12667,1ed34b3225ee238787a3734355ea7310f9d55b1db73e7e57dd7f9662a2549b42,2026-08-14,CC BY-SA 3.0 unless a page records a different compatible notice,_cc|safe|scp|原创|曝光,
da-author-etinjat-1c584251,Etinjat,da-work-993066801,993066801,笔记：没有人了解管理员的秘密,https://scp-wiki-cn.wikidot.com/nobody-knows-the-secret,https://scp-wiki-cn.wikidot.com/nobody-knows-the-secret,SCP-CN via SCPPER-CN,2020-02-20,,True,single_selected_author,zh,False,False,included,,data/raw/deep_author/works/da-work-993066801.json,SCPPER-CN JSON bundle,9358,1e3a32e0d32d16ad786287c2284ddae546a20f6fbb54c79671e8ab61b87cff35,2026-08-14,CC BY-SA 3.0 unless a page records a different compatible notice,_nobody|goi格式|nobody|原创|混沌分裂者|第二海托世教会|管理员|鼠巢,
da-author-agent-phage-bc08199e,Agent Phage,da-work-998611125,998611125,末世故事集,https://scp-wiki-cn.wikidot.com/doomsday-tales,https://scp-wiki-cn.wikidot.com/doomsday-tales,SCP-CN via SCPPER-CN,2020-02-23,,True,excluded_or_unverified,zh,False,True,excluded,structural_or_non_work_page,data/raw/deep_author/works/da-work-998611125.json,SCPPER-CN JSON bundle,1031,8c9ac369be0f93d53e583e3834890e6587bb2142e6e2af9d079d06d3239895e6,2026-08-14,CC BY-SA 3.0 unless a page records a different compatible notice,原创|合著|故事,
da-author-mscarlet-78b5e8fb,MScarlet,da-work-998805909,998805909,安布羅斯香江誠草店的菜單,https://scp-wiki-cn.wikidot.com/ambrose-honest-grass,https://scp-wiki-cn.wikidot.com/ambrose-honest-grass,SCP-CN via SCPPER-CN,2020-02-29,,True,single_selected_author,zh,False,False,included,,data/raw/deep_author/works/da-work-998805909.json,SCPPER-CN JSON bundle,39564,71da6630167916b2bdbbaf1ca4d93f44de7ef0d37921ca37faeafaaa994c186b,2026-08-14,CC BY-SA 3.0 unless a page records a different compatible notice,_cc|_ms|_安布罗斯餐厅|goi格式|原创|安布罗斯餐厅|港城江,
da-author-etinjat-1c584251,Etinjat,da-work-999244640,999244640,凝望死星 版式,https://scp-wiki-cn.wikidot.com/component:oem,https://scp-wiki-cn.wikidot.com/component:oem,SCP-CN via SCPPER-CN,2020-03-01,,True,excluded_or_unverified,zh,True,True,excluded,not_marked_chinese_original,data/raw/deep_author/works/da-work-999244640.json,SCPPER-CN JSON bundle,784,a8173bf0efa663a053e59a2d7c6955c0dd1006dc0c8806f42f2be1649268cd1d,2026-08-14,CC BY-SA 3.0 unless a page records a different compatible notice,es|版式,
da-author-etinjat-1c584251,Etinjat,da-work-999247145,999247145,前传：无人见此异变,https://scp-wiki-cn.wikidot.com/transfur,https://scp-wiki-cn.wikidot.com/transfur,SCP-CN via SCPPER-CN,2020-03-01,,True,single_selected_author,zh,False,False,included,,data/raw/deep_author/works/da-work-999247145.json,SCPPER-CN JSON bundle,46820,75b48883e76216d72b312af2da7ff443bb203e4d5d810a476a3671ae9f140136,2026-08-14,CC BY-SA 3.0 unless a page records a different compatible notice,05|mc&d|nobody|wondertainment博士|丰饶公社|原创|威尔逊野生动物|工厂|故事|欲肉教|深红之王|混沌分裂者|玛娜慈善基金会|管理员|芝加哥鬼灵,
da-author-etinjat-1c584251,Etinjat,da-work-999284222,999284222,驴哥的窝点 中心页,https://scp-wiki-cn.wikidot.com/the-donkman-s-den,https://scp-wiki-cn.wikidot.com/the-donkman-s-den,SCP-CN via SCPPER-CN,2020-03-02,,True,excluded_or_unverified,zh,True,True,excluded,not_marked_chinese_original,data/raw/deep_author/works/da-work-999284222.json,SCPPER-CN JSON bundle,1105,678896a9e1b5c77f3fbbfc34f04857acf8903d19d2dd03f413f73e21ddd0d486,2026-08-14,CC BY-SA 3.0 unless a page records a different compatible notice,_故事中心|中心|合著|驴哥,
da-author-etinjat-1c584251,Etinjat,da-work-999696783,999696783,共醉酩酊迷大梦，不知伊人在何方,https://scp-wiki-cn.wikidot.com/scp-cn-1895,https://scp-wiki-cn.wikidot.com/scp-cn-1895,SCP-CN via SCPPER-CN,2020-03-04,,True,single_selected_author,zh,False,False,included,,data/raw/deep_author/works/da-work-999696783.json,SCPPER-CN JSON bundle,17686,6feba04e1f189a7f74e58049dd9dd20b3f133dde4eccf8f4c59063e1402afb27,2026-08-14,CC BY-SA 3.0 unless a page records a different compatible notice,euclid|scp|原创|安布罗斯餐厅|梦神集团|移情作用|精神影响|自我修复|酩酊街,
da-author-etinjat-1c584251,Etinjat,da-work-999737203,999737203,无字碑,https://scp-wiki-cn.wikidot.com/scp-cn-127-ex,https://scp-wiki-cn.wikidot.com/scp-cn-127-ex,SCP-CN via SCPPER-CN,2020-03-06,,True,single_selected_author,zh,False,False,included,,data/raw/deep_author/works/da-work-999737203.json,SCPPER-CN JSON bundle,9086,a0c5bb4a676f6d783930218352eb02338157eabce9896fb71d93f10fff3e7757,2026-08-14,CC BY-SA 3.0 unless a page records a different compatible notice,_cc|scp|原创|地点|基金会制|已解明|无效化|精神影响|记忆影响|逆模因,
da-author-breaddddd-d9923f3d,breaddddd,da-work-999753970,999753970,单色房间,https://scp-wiki-cn.wikidot.com/scp-cn-1191,https://scp-wiki-cn.wikidot.com/scp-cn-1191,SCP-CN via SCPPER-CN,2020-03-07,,True,single_selected_author,zh,False,False,included,,data/raw/deep_author/works/da-work-999753970.json,SCPPER-CN JSON bundle,20708,d667e663c73f8e86df340decc8da66f15cfd0fc669cf92388a28b511288ad96b,2026-08-14,CC BY-SA 3.0 unless a page records a different compatible notice,euclid|scp|原创|基金会制|建筑,
da-author-etinjat-1c584251,Etinjat,da-work-999856373,999856373,雾中怪谈,https://scp-wiki-cn.wikidot.com/scp-cn-005-ex,https://scp-wiki-cn.wikidot.com/scp-cn-005-ex,SCP-CN via SCPPER-CN,2020-03-11,,True,single_selected_author,zh,False,False,included,,data/raw/deep_author/works/da-work-999856373.json,SCPPER-CN JSON bundle,12003,bc46714018a80f6d889d62a9dd4c4a5eb3f9a2d1c61210e9cc4413aae80f060d,2026-08-14,CC BY-SA 3.0 unless a page records a different compatible notice,2020画廊大赛|_cc|keter|scp|原创|已解明|未收容|气体|种群|精神影响|蜘蛛|记忆影响|逆模因,
da-author-etinjat-1c584251,Etinjat,da-work-999859842,999859842,打开小助手2.0？,https://scp-wiki-cn.wikidot.com/open-anissist2-0,https://scp-wiki-cn.wikidot.com/open-anissist2-0,SCP-CN via SCPPER-CN,2020-03-11,,True,excluded_or_unverified,zh,True,True,excluded,not_marked_chinese_original,data/raw/deep_author/works/da-work-999859842.json,SCPPER-CN JSON bundle,1077,11dea542d333fab6e1d011b98498dc3e0225732ceadbc6849cb77833bcc6b721,2026-08-14,CC BY-SA 3.0 unless a page records a different compatible notice,2020连写竞赛|_爆炸|故事,
da-author-etinjat-1c584251,Etinjat,da-work-999864019,999864019,请前往Site-CN-44以获取独立储存的数据,https://scp-wiki-cn.wikidot.com/scp-cn-1885,https://scp-wiki-cn.wikidot.com/scp-cn-1885,SCP-CN via SCPPER-CN,2020-03-11,,True,single_selected_author,zh,False,False,included,,data/raw/deep_author/works/da-work-999864019.json,SCPPER-CN JSON bundle,19391,05a484bf3494f99f53292d73d39a55dca8b717341085134969c2815655a6975f,2026-08-14,CC BY-SA 3.0 unless a page records a different compatible notice,2020画廊大赛|_cc|meta|scp|thaumiel|不可摧毁|不可移动|原创|建筑|模因|知识|精神影响|认知危害,
da-author-etinjat-1c584251,Etinjat,da-work-999869146,999869146,寒处难慰,https://scp-wiki-cn.wikidot.com/scp-5499,https://scp-wiki-cn.wikidot.com/scp-5499,SCP-CN via SCPPER-CN,2020-03-12,,True,excluded_or_unverified,zh,True,True,excluded,not_marked_chinese_original,data/raw/deep_author/works/da-work-999869146.json,SCPPER-CN JSON bundle,927,4335d61e272f79be4a7a29a35576846159065c47b261eea98e4cf4588fa7453c,2026-08-14,CC BY-SA 3.0 unless a page records a different compatible notice,2020连写竞赛|_美味|crom:series-6|safe|scp|反熵|味觉影响|家用物品|电子|观察影响,
da-author-agent-phage-bc08199e,Agent Phage,da-work-999922846,999922846,是否还在身旁？,https://scp-wiki-cn.wikidot.com/scp-cn-1142,https://scp-wiki-cn.wikidot.com/scp-cn-1142,SCP-CN via SCPPER-CN,2020-03-13,,True,single_selected_author,zh,False,False,included,,data/raw/deep_author/works/da-work-999922846.json,SCPPER-CN JSON bundle,14201,46ded1b90f544dd9ffe0762ebe6bf612cc354bf711028dadbcbdc1b30d1f2e63,2026-08-14,CC BY-SA 3.0 unless a page records a different compatible notice,2020画廊大赛|_cc|keter|scp|原创|尸体|敌意|精神影响,
da-author-agent-phage-bc08199e,Agent Phage,da-work-999922892,999922892,SCP-CN-1142,https://scp-wiki-cn.wikidot.com/fragment:scp-cn-1142-00,https://scp-wiki-cn.wikidot.com/fragment:scp-cn-1142-00,SCP-CN via SCPPER-CN,2020-03-13,,True,excluded_or_unverified,zh,True,True,excluded,not_marked_chinese_original,data/raw/deep_author/works/da-work-999922892.json,SCPPER-CN JSON bundle,835,07f11f5b7b4c63361681ebd6f4de3bc69e28b5259310d7832cff25392a88b2bc,2026-08-14,CC BY-SA 3.0 unless a page records a different compatible notice,段落,
da-author-agent-phage-bc08199e,Agent Phage,da-work-999922909,999922909,SCP-CN-1142,https://scp-wiki-cn.wikidot.com/fragment:scp-cn-1142-01,https://scp-wiki-cn.wikidot.com/fragment:scp-cn-1142-01,SCP-CN via SCPPER-CN,2020-03-13,,True,excluded_or_unverified,zh,True,True,excluded,not_marked_chinese_original,data/raw/deep_author/works/da-work-999922909.json,SCPPER-CN JSON bundle,761,963c9ec6f2ffc7b7815a30f52260b2e4a5345b1f15f0f4a85d73513933330610,2026-08-14,CC BY-SA 3.0 unless a page records a different compatible notice,段落,
da-author-etinjat-1c584251,Etinjat,da-work-999927899,999927899,超形上学冒泡泡，尽揽叙事酷到爆,https://scp-wiki-cn.wikidot.com/scp-cn-1875,https://scp-wiki-cn.wikidot.com/scp-cn-1875,SCP-CN via SCPPER-CN,2020-03-13,,True,single_selected_author,zh,False,False,included,,data/raw/deep_author/works/da-work-999927899.json,SCPPER-CN JSON bundle,18728,619a468b55b510ba5e6058e0ae1163fddd065c642050727673d1518caa9fd23c,2026-08-14,CC BY-SA 3.0 unless a page records a different compatible notice,2020画廊大赛|are-we-cool-yet|meta|scp|人造物品|原创|机密分级|精神影响|认知危害|误传部|超形上学部,
da-author-etinjat-1c584251,Etinjat,da-work-1002113857,1002113857,小调：第五阿卡人,https://scp-wiki-cn.wikidot.com/ballad-of-the-fifth-arcadian,https://scp-wiki-cn.wikidot.com/ballad-of-the-fifth-arcadian,SCP-CN via SCPPER-CN,2020-03-16,,True,excluded_or_unverified,zh,True,True,excluded,not_marked_chinese_original,data/raw/deep_author/works/da-work-1002113857.json,SCPPER-CN JSON bundle,835,204d6b81196a002d8d5effeee70882131e3836092053e7cc3ec382de127c9cba,2026-08-14,CC BY-SA 3.0 unless a page records a different compatible notice,_第五教会|goi格式|第五教会|阿卡迪亚,
da-author-etinjat-1c584251,Etinjat,da-work-1002175406,1002175406,笔记本组件 源代码,https://scp-wiki-cn.wikidot.com/component:note-source,https://scp-wiki-cn.wikidot.com/component:note-source,SCP-CN via SCPPER-CN,2020-03-19,,True,excluded_or_unverified,zh,False,True,excluded,structural_or_non_work_page,data/raw/deep_author/works/da-work-1002175406.json,SCPPER-CN JSON bundle,73620,8131a4cf5e2bb9e364335008db9b83665690452bf4d52e27c7125a5fedbf9855,2026-08-14,CC BY-SA 3.0 unless a page records a different compatible notice,_源代码|原创|样版|组件后端,
da-author-etinjat-1c584251,Etinjat,da-work-1002175434,1002175434,笔记本组件 前部分,https://scp-wiki-cn.wikidot.com/component:note-page-start,https://scp-wiki-cn.wikidot.com/component:note-page-start,SCP-CN via SCPPER-CN,2020-03-19,,True,excluded_or_unverified,zh,False,True,excluded,structural_or_non_work_page,data/raw/deep_author/works/da-work-1002175434.json,SCPPER-CN JSON bundle,3907,c4f385b3c1b8e29f3a8f319be2ea723b442651660786a0bed7c0480490fb4147,2026-08-14,CC BY-SA 3.0 unless a page records a different compatible notice,原创|组件,
da-author-etinjat-1c584251,Etinjat,da-work-1002175464,1002175464,笔记本组件 后部分,https://scp-wiki-cn.wikidot.com/component:note-page-end,https://scp-wiki-cn.wikidot.com/component:note-page-end,SCP-CN via SCPPER-CN,2020-03-19,,True,excluded_or_unverified,zh,False,True,excluded,structural_or_non_work_page,data/raw/deep_author/works/da-work-1002175464.json,SCPPER-CN JSON bundle,2327,b780537556796ef6fff4bfcad55498e276aecbe6a471b5b15a4a829f32b3bb08,2026-08-14,CC BY-SA 3.0 unless a page records a different compatible notice,原创|组件,
da-author-etinjat-1c584251,Etinjat,da-work-1002175485,1002175485,笔记本组件 左侧书页,https://scp-wiki-cn.wikidot.com/component:note-left-start,https://scp-wiki-cn.wikidot.com/component:note-left-start,SCP-CN via SCPPER-CN,2020-03-19,,True,excluded_or_unverified,zh,False,True,excluded,structural_or_non_work_page,data/raw/deep_author/works/da-work-1002175485.json,SCPPER-CN JSON bundle,5862,89c0c433585c3735c58fd9451cf6569e9f4287962f57a45d0953aa7fd41c85df,2026-08-14,CC BY-SA 3.0 unless a page records a different compatible notice,原创|组件,
da-author-etinjat-1c584251,Etinjat,da-work-1002175551,1002175551,笔记本组件 中间书缝,https://scp-wiki-cn.wikidot.com/component:note-mid-separator,https://scp-wiki-cn.wikidot.com/component:note-mid-separator,SCP-CN via SCPPER-CN,2020-03-19,,True,excluded_or_unverified,zh,False,True,excluded,structural_or_non_work_page,data/raw/deep_author/works/da-work-1002175551.json,SCPPER-CN JSON bundle,2683,36ab8eb4712729433ee717b916c11ab8b7cb17b1ffbceb9c81e3ddfcc9d7e1af,2026-08-14,CC BY-SA 3.0 unless a page records a different compatible notice,原创|组件,
da-author-etinjat-1c584251,Etinjat,da-work-1002175609,1002175609,笔记本组件 右侧书页,https://scp-wiki-cn.wikidot.com/component:note-right-end,https://scp-wiki-cn.wikidot.com/component:note-right-end,SCP-CN via SCPPER-CN,2020-03-19,,True,excluded_or_unverified,zh,False,True,excluded,structural_or_non_work_page,data/raw/deep_author/works/da-work-1002175609.json,SCPPER-CN JSON bundle,2311,0f2371ba2999ce0e543834f69b351b79389d14e4ed754818dc5772b27abe8924,2026-08-14,CC BY-SA 3.0 unless a page records a different compatible notice,原创|组件,
da-author-etinjat-1c584251,Etinjat,da-work-1002175663,1002175663,没有人做笔记 样版,https://scp-wiki-cn.wikidot.com/component:note-template,https://scp-wiki-cn.wikidot.com/component:note-template,SCP-CN via SCPPER-CN,2020-03-19,,True,excluded_or_unverified,zh,False,True,excluded,structural_or_non_work_page,data/raw/deep_author/works/da-work-1002175663.json,SCPPER-CN JSON bundle,165706,750d3911f53e49f0e53007d0004d3df26ae1b5cbb595931e377a1cd4b391a8dc,2026-08-14,CC BY-SA 3.0 unless a page records a different compatible notice,原创|样版,
da-author-agent-phage-bc08199e,Agent Phage,da-work-1002239704,1002239704,迟来的光芒随风而去,https://scp-wiki-cn.wikidot.com/chi-lai-de-guang-mang-sui-feng-er-qu,https://scp-wiki-cn.wikidot.com/chi-lai-de-guang-mang-sui-feng-er-qu,SCP-CN via SCPPER-CN,2020-03-21,,True,single_selected_author,zh,False,False,included,,data/raw/deep_author/works/da-work-1002239704.json,SCPPER-CN JSON bundle,18819,cefcdd6ccdccfe22cf54133be66d387ae819eab211845df93242e85d504cad48,2026-08-14,CC BY-SA 3.0 unless a page records a different compatible notice,原创|故事|看图说话-彼岸花,
da-author-agent-phage-bc08199e,Agent Phage,da-work-1002340709,1002340709,Carroll 122 号：虚空之名,https://scp-wiki-cn.wikidot.com/vanity-name,https://scp-wiki-cn.wikidot.com/vanity-name,SCP-CN via SCPPER-CN,2020-03-26,,True,single_selected_author,zh,False,False,included,,data/raw/deep_author/works/da-work-1002340709.json,SCPPER-CN JSON bundle,26200,e028cdcebc4c5b08721834b4f8dead553fc9e3d2147f8bfaf7c0f0b2fe981f6e,2026-08-14,CC BY-SA 3.0 unless a page records a different compatible notice,_芝加哥鬼灵|goi格式|原创|芝加哥鬼灵|迷宫,
da-author-agent-phage-bc08199e,Agent Phage,da-work-1002342616,1002342616,格鲁乌-P 个案卷宗“科什-Kosch”,https://scp-wiki-cn.wikidot.com/kosch,https://scp-wiki-cn.wikidot.com/kosch,SCP-CN via SCPPER-CN,2020-03-26,,True,single_selected_author,zh,False,False,included,,data/raw/deep_author/works/da-work-1002342616.json,SCPPER-CN JSON bundle,38038,3aa1edf54d1f106273f35a3f075b3eda6e15f4eb6581dc636811d6bdbaaf8fcd,2026-08-14,CC BY-SA 3.0 unless a page records a different compatible notice,_格鲁乌p部门|goi格式|原创|格鲁乌p部门,
da-author-agent-phage-bc08199e,Agent Phage,da-work-1002342781,1002342781,矽宇市 中心页,https://scp-wiki-cn.wikidot.com/the-xiyu-city-hub,https://scp-wiki-cn.wikidot.com/the-xiyu-city-hub,SCP-CN via SCPPER-CN,2020-03-26,,True,excluded_or_unverified,zh,False,True,excluded,structural_or_non_work_page,data/raw/deep_author/works/da-work-1002342781.json,SCPPER-CN JSON bundle,889,673a489cb54627a4f3865417a43bd7212a9a5b68f6bb0b6116ff032cfd7d5084,2026-08-14,CC BY-SA 3.0 unless a page records a different compatible notice,中心|原创|故事|矽宇市|迷宫,
da-author-etinjat-1c584251,Etinjat,da-work-1015498089,1015498089,歌行：五次覔狂喜,https://scp-wiki-cn.wikidot.com/the-ecstasy-of-st-fifthist,https://scp-wiki-cn.wikidot.com/the-ecstasy-of-st-fifthist,SCP-CN via SCPPER-CN,2020-03-31,,True,single_selected_author,zh,False,False,included,,data/raw/deep_author/works/da-work-1015498089.json,SCPPER-CN JSON bundle,7471,593215667ee1bd9139c664f98955ef16fddb2c59eaf8fa83f5cffc5cd576e681,2026-08-14,CC BY-SA 3.0 unless a page records a different compatible notice,2020愚人竞赛|2020画廊大赛|原创|故事|深红之王|相啸魔|第五教会|诗歌,
da-author-mscarlet-78b5e8fb,MScarlet,da-work-1020114949,1020114949,專訪重裝海豹人,https://scp-wiki-cn.wikidot.com/meet-the-scarlet-and-his-tablet,https://scp-wiki-cn.wikidot.com/meet-the-scarlet-and-his-tablet,SCP-CN via SCPPER-CN,2020-04-01,,True,single_selected_author,zh,False,False,included,,data/raw/deep_author/works/da-work-1020114949.json,SCPPER-CN JSON bundle,29909,f65f6511d41fa2bc468d3db3274f458539e02407becd52f8c04948b9105fbee0,2026-08-14,CC BY-SA 3.0 unless a page records a different compatible notice,2020愚人竞赛|_ms|site-cn-71|原创|故事|港城江,
da-author-re-spectators-464e4708,Re_spectators,da-work-1022073917,1022073917,取代反应,https://scp-wiki-cn.wikidot.com/re-spectator-s-proposal,https://scp-wiki-cn.wikidot.com/re-spectator-s-proposal,SCP-CN via SCPPER-CN,2020-04-02,,True,single_selected_author,zh,False,False,included,,data/raw/deep_author/works/da-work-1022073917.json,SCPPER-CN JSON bundle,68145,6aaa78e922030522d9507f401e0f8fdb78ecb968970b3167b6d094307261163e,2026-08-14,CC BY-SA 3.0 unless a page records a different compatible notice,001提案|k级情景|scp|不可摧毁|化学性|原创|星际|机密分级|热力学,
da-author-re-spectators-464e4708,Re_spectators,da-work-1022095056,1022095056,Re_spectators的提案,https://scp-wiki-cn.wikidot.com/re-spectator-s-proposal-page-2,https://scp-wiki-cn.wikidot.com/re-spectator-s-proposal-page-2,SCP-CN via SCPPER-CN,2020-04-02,,True,single_selected_author,zh,False,False,included,,data/raw/deep_author/works/da-work-1022095056.json,SCPPER-CN JSON bundle,11368,2681d93eb897a9a57de62ebd0f8ee9508091e309f882a61750bfa236719b0aa4,2026-08-14,CC BY-SA 3.0 unless a page records a different compatible notice,原创|补充材料,
da-author-breaddddd-d9923f3d,breaddddd,da-work-1024189828,1024189828,梦境搬家,https://scp-wiki-cn.wikidot.com/scp-cn-737,https://scp-wiki-cn.wikidot.com/scp-cn-737,SCP-CN via SCPPER-CN,2020-04-04,,True,single_selected_author,zh,False,False,included,,data/raw/deep_author/works/da-work-1024189828.json,SCPPER-CN JSON bundle,51543,e23761a49b6028209b1b35ae46f618017c8ebbe360f9f36f7ae94b812b5a45fa,2026-08-14,CC BY-SA 3.0 unless a page records a different compatible notice,euclid|scp|光照影响|原创|家用物品|梦神集团|玩具|睡眠,
da-author-breaddddd-d9923f3d,breaddddd,da-work-1024196724,1024196724,面包菌的杂货堆 feat.魔法少女,https://scp-wiki-cn.wikidot.com/breaddddd-art-3,https://scp-wiki-cn.wikidot.com/breaddddd-art-3,SCP-CN via SCPPER-CN,2020-04-05,,True,excluded_or_unverified,zh,False,True,excluded,structural_or_non_work_page,data/raw/deep_author/works/da-work-1024196724.json,SCPPER-CN JSON bundle,829,3427a8b2521a1728c95fc3cb35ca5b0bad2115f279b672ec1c8431acb569bbdc,2026-08-14,CC BY-SA 3.0 unless a page records a different compatible notice,原创|艺术作品,
da-author-etinjat-1c584251,Etinjat,da-work-1024229829,1024229829,愚者史诗 —— 缢王深殿里,https://scp-wiki-cn.wikidot.com/wanderers:the-court-of-the-hanged-king,https://scp-wiki-cn.wikidot.com/wanderers:the-court-of-the-hanged-king,SCP-CN via SCPPER-CN,2020-04-07,,True,single_selected_author,zh,False,False,included,,data/raw/deep_author/works/da-work-1024229829.json,SCPPER-CN JSON bundle,43371,7363d3bb71da446cfc621a20879627074c3d7381ecb35400e8d7aa4983a292d4,2026-08-14,CC BY-SA 3.0 unless a page records a different compatible notice,2020画廊大赛|wanderers|仪式|军队|历史|原创|商人|地区|宗教性|日记|琅嬛福地藏书阁|神话|精品|记载|贵族|韵文,
da-author-etinjat-1c584251,Etinjat,da-work-1024279726,1024279726,深潜的被放逐者 主题版式,https://scp-wiki-cn.wikidot.com/wanderers:wanderers-depths,https://scp-wiki-cn.wikidot.com/wanderers:wanderers-depths,SCP-CN via SCPPER-CN,2020-04-11,,True,excluded_or_unverified,zh,True,True,excluded,not_marked_chinese_original,data/raw/deep_author/works/da-work-1024279726.json,SCPPER-CN JSON bundle,893,6850fb43f4196ae5eccd35fe74ed8de50c10626cd19193b3c36d17cfd81b9a20,2026-08-14,CC BY-SA 3.0 unless a page records a different compatible notice,wanderers|版式,
da-author-breaddddd-d9923f3d,breaddddd,da-work-1024284927,1024284927,小问号的朋友,https://scp-wiki-cn.wikidot.com/wanderers:little-question-mark,https://scp-wiki-cn.wikidot.com/wanderers:little-question-mark,SCP-CN via SCPPER-CN,2020-04-11,,True,single_selected_author,zh,False,False,included,,data/raw/deep_author/works/da-work-1024284927.json,SCPPER-CN JSON bundle,14079,0230636f7b1804c56de43cf0e8947d0b4a1fae88d01dd9616d2c37665b62cdcc,2026-08-14,CC BY-SA 3.0 unless a page records a different compatible notice,wanderers|原创|寓言|苍树与血,
da-author-etinjat-1c584251,Etinjat,da-work-1024512570,1024512570,陷入更深处,https://scp-wiki-cn.wikidot.com/wanderers:deeper,https://scp-wiki-cn.wikidot.com/wanderers:deeper,SCP-CN via SCPPER-CN,2020-04-14,,True,excluded_or_unverified,zh,True,True,excluded,not_marked_chinese_original,data/raw/deep_author/works/da-work-1024512570.json,SCPPER-CN JSON bundle,787,7a3548b21e040da9de7e4a95442a06d5e252a669926e29ace35ff80494cbfdcb,2026-08-14,CC BY-SA 3.0 unless a page records a different compatible notice,wanderers|wd2020|记载,
da-author-etinjat-1c584251,Etinjat,da-work-1026110079,1026110079,艺术家,https://scp-wiki-cn.wikidot.com/ozakitaii-12,https://scp-wiki-cn.wikidot.com/ozakitaii-12,SCP-CN via SCPPER-CN,2020-04-21,,True,excluded_or_unverified,zh,True,True,excluded,not_marked_chinese_original,data/raw/deep_author/works/da-work-1026110079.json,SCPPER-CN JSON bundle,796,a924590231c67c8fc6e245e54b61752eb779441627f6336668f8af468b974fbf,2026-08-14,CC BY-SA 3.0 unless a page records a different compatible notice,jp|艺术作品,
da-author-etinjat-1c584251,Etinjat,da-work-1026142626,1026142626,一切在虚拟现实中会更好,https://scp-wiki-cn.wikidot.com/scp-ro-004,https://scp-wiki-cn.wikidot.com/scp-ro-004,SCP-CN via SCPPER-CN,2020-04-23,,True,excluded_or_unverified,zh,True,True,excluded,not_marked_chinese_original,data/raw/deep_author/works/da-work-1026142626.json,SCPPER-CN JSON bundle,875,596ed5e19e1bddf7ec38d9781d72b3cbcb65fb2099fc7f3a7dd6625ff1e13161,2026-08-14,CC BY-SA 3.0 unless a page records a different compatible notice,euclid|ro|scp|二次翻译,
da-author-etinjat-1c584251,Etinjat,da-work-1026151636,1026151636,文字处理器 版式,https://scp-wiki-cn.wikidot.com/theme:word-processor,https://scp-wiki-cn.wikidot.com/theme:word-processor,SCP-CN via SCPPER-CN,2020-04-24,,True,excluded_or_unverified,zh,True,True,excluded,not_marked_chinese_original,data/raw/deep_author/works/da-work-1026151636.json,SCPPER-CN JSON bundle,911,659a48703309c6706a2a53fae33c47b09f8a7ef9efae5f0a17c22f94ea4afde6,2026-08-14,CC BY-SA 3.0 unless a page records a different compatible notice,版式,
da-author-re-spectators-464e4708,Re_spectators,da-work-1026154822,1026154822,一花一世界,https://scp-wiki-cn.wikidot.com/scp-cn-1827,https://scp-wiki-cn.wikidot.com/scp-cn-1827,SCP-CN via SCPPER-CN,2020-04-25,,True,single_selected_author,zh,False,False,included,,data/raw/deep_author/works/da-work-1026154822.json,SCPPER-CN JSON bundle,79989,20671010148dffb68635b4cdfdad10e3488aa9ba833932cfbedf6d82046b626d,2026-08-14,CC BY-SA 3.0 unless a page records a different compatible notice,safe|scp|化学性|原创|欲肉教|活物|生物性|破碎之神教会|蜂巢意识,
da-author-re-spectators-464e4708,Re_spectators,da-work-1026154861,1026154861,SCP-CN-1827,https://scp-wiki-cn.wikidot.com/scp-cn-1827-2,https://scp-wiki-cn.wikidot.com/scp-cn-1827-2,SCP-CN via SCPPER-CN,2020-04-25,,True,single_selected_author,zh,False,False,included,,data/raw/deep_author/works/da-work-1026154861.json,SCPPER-CN JSON bundle,30801,d3035abfffc831f3c783f0be07c1c17ab719f21eeb851536d494cc7ab71df193,2026-08-14,CC BY-SA 3.0 unless a page records a different compatible notice,原创|补充材料,
da-author-etinjat-1c584251,Etinjat,da-work-1026242279,1026242279,芳华吟,https://scp-wiki-cn.wikidot.com/wanderers:flower,https://scp-wiki-cn.wikidot.com/wanderers:flower,SCP-CN via SCPPER-CN,2020-04-29,,True,excluded_or_unverified,zh,True,True,excluded,not_marked_chinese_original,data/raw/deep_author/works/da-work-1026242279.json,SCPPER-CN JSON bundle,1691,53064b7fdc8521ccb7e63b48ff4db6b368185abfbb75b086684e4a184197a681,2026-08-14,CC BY-SA 3.0 unless a page records a different compatible notice,wanderers|记载|韵文,
da-author-re-spectators-464e4708,Re_spectators,da-work-1035035985,1035035985,SCP-CN-1559,https://scp-wiki-cn.wikidot.com/fragment:scp-cn-1559-01,https://scp-wiki-cn.wikidot.com/fragment:scp-cn-1559-01,SCP-CN via SCPPER-CN,2020-05-03,,True,excluded_or_unverified,zh,True,True,excluded,not_marked_chinese_original,data/raw/deep_author/works/da-work-1035035985.json,SCPPER-CN JSON bundle,884,0a89e2ff9ec31344ac6d299a7a874f05c5e42fbbec7090a0b50bb5f6f4317d7f,2026-08-14,CC BY-SA 3.0 unless a page records a different compatible notice,段落,
da-author-re-spectators-464e4708,Re_spectators,da-work-1035036058,1035036058,SCP-CN-1559,https://scp-wiki-cn.wikidot.com/fragment:scp-cn-1559-02,https://scp-wiki-cn.wikidot.com/fragment:scp-cn-1559-02,SCP-CN via SCPPER-CN,2020-05-03,,True,excluded_or_unverified,zh,True,True,excluded,not_marked_chinese_original,data/raw/deep_author/works/da-work-1035036058.json,SCPPER-CN JSON bundle,782,77039cb54369d7545aec2670bf922bedc14c2fe02dadf6f8360c3f2517604bea,2026-08-14,CC BY-SA 3.0 unless a page records a different compatible notice,段落,
da-author-re-spectators-464e4708,Re_spectators,da-work-1035036090,1035036090,SCP-CN-1559,https://scp-wiki-cn.wikidot.com/fragment:scp-cn-1559-03,https://scp-wiki-cn.wikidot.com/fragment:scp-cn-1559-03,SCP-CN via SCPPER-CN,2020-05-03,,True,excluded_or_unverified,zh,True,True,excluded,not_marked_chinese_original,data/raw/deep_author/works/da-work-1035036090.json,SCPPER-CN JSON bundle,812,f55551f9dcb7b35eafb7f29e44a0fe3edb3626332f44eacca5b4f820324647d1,2026-08-14,CC BY-SA 3.0 unless a page records a different compatible notice,段落,
da-author-re-spectators-464e4708,Re_spectators,da-work-1035036146,1035036146,SCP-CN-1559,https://scp-wiki-cn.wikidot.com/fragment:scp-cn-1559-04,https://scp-wiki-cn.wikidot.com/fragment:scp-cn-1559-04,SCP-CN via SCPPER-CN,2020-05-03,,True,excluded_or_unverified,zh,True,True,excluded,not_marked_chinese_original,data/raw/deep_author/works/da-work-1035036146.json,SCPPER-CN JSON bundle,845,4257a00e4915f88203f2156183e8182686be59a48bb51fc4ce2245b82769dfdd,2026-08-14,CC BY-SA 3.0 unless a page records a different compatible notice,段落,
da-author-re-spectators-464e4708,Re_spectators,da-work-1035036156,1035036156,青鸟,https://scp-wiki-cn.wikidot.com/scp-cn-1559,https://scp-wiki-cn.wikidot.com/scp-cn-1559,SCP-CN via SCPPER-CN,2020-05-03,,True,single_selected_author,zh,False,False,included,,data/raw/deep_author/works/da-work-1035036156.json,SCPPER-CN JSON bundle,28025,cfce5ca02c938b2f886287c7856bb7374edd9a4cb5960d85865e471b5f49b9fa,2026-08-14,CC BY-SA 3.0 unless a page records a different compatible notice,ad-astra|scp|thaumiel|历史性|原创|异学会|文言文|星际|神话传说|精品,
da-author-etinjat-1c584251,Etinjat,da-work-1035633735,1035633735,卡吕普索乘着双体船,https://scp-wiki-cn.wikidot.com/wanderers:calypso-rides-her-catamaran,https://scp-wiki-cn.wikidot.com/wanderers:calypso-rides-her-catamaran,SCP-CN via SCPPER-CN,2020-05-11,,True,excluded_or_unverified,zh,True,True,excluded,not_marked_chinese_original,data/raw/deep_author/works/da-work-1035633735.json,SCPPER-CN JSON bundle,983,089a83ff53518a97ffcd0544c8c10f2b8770084d3f700eb2452693f33fd6ac0d,2026-08-14,CC BY-SA 3.0 unless a page records a different compatible notice,wanderers|wd2020|寓言|神话|记载|音频|韵文,
da-author-etinjat-1c584251,Etinjat,da-work-1037393273,1037393273,Bold主管的提案,https://scp-wiki-cn.wikidot.com/director-bold-s-proposal-la,https://scp-wiki-cn.wikidot.com/director-bold-s-proposal-la,SCP-CN via SCPPER-CN,2020-05-13,,True,excluded_or_unverified,zh,True,True,excluded,not_marked_chinese_original,data/raw/deep_author/works/da-work-1037393273.json,SCPPER-CN JSON bundle,1397,73f2be16d247314cd532d98e492963ce7fe88b046ee70d5397e78e8054481b02,2026-08-14,CC BY-SA 3.0 unless a page records a different compatible notice,001提案|keter|la|meta|scp|二次翻译|概念|语言,
da-author-etinjat-1c584251,Etinjat,da-work-1038288702,1038288702,SCP-CN-866 主页面include,https://scp-wiki-cn.wikidot.com/fragment:scp-cn-866-06,https://scp-wiki-cn.wikidot.com/fragment:scp-cn-866-06,SCP-CN via SCPPER-CN,2020-05-13,,True,excluded_or_unverified,zh,True,True,excluded,not_marked_chinese_original,data/raw/deep_author/works/da-work-1038288702.json,SCPPER-CN JSON bundle,706,f68ca4680c422856bafc051ca6375efe1a5fdb88e2dbbc18101a9803230ef718,2026-08-14,CC BY-SA 3.0 unless a page records a different compatible notice,段落,
da-author-etinjat-1c584251,Etinjat,da-work-1061263805,1061263805,Flops的版头 源代码,https://scp-wiki-cn.wikidot.com/component:flops-header-source,https://scp-wiki-cn.wikidot.com/component:flops-header-source,SCP-CN via SCPPER-CN,2020-05-23,,True,excluded_or_unverified,zh,True,True,excluded,not_marked_chinese_original,data/raw/deep_author/works/da-work-1061263805.json,SCPPER-CN JSON bundle,796,d963df011a4ef2f6013a3fa926c987639c52355851b372fac2168441d582d776,2026-08-14,CC BY-SA 3.0 unless a page records a different compatible notice,样版,
da-author-etinjat-1c584251,Etinjat,da-work-1061412529,1061412529,Flops的版头 样版,https://scp-wiki-cn.wikidot.com/component:flops-header,https://scp-wiki-cn.wikidot.com/component:flops-header,SCP-CN via SCPPER-CN,2020-05-23,,True,excluded_or_unverified,zh,True,True,excluded,not_marked_chinese_original,data/raw/deep_author/works/da-work-1061412529.json,SCPPER-CN JSON bundle,877,9aee2399335ef26344217e19bf9e5306e62653c78fb64f38ff8a66b33ee1dc3f,2026-08-14,CC BY-SA 3.0 unless a page records a different compatible notice,样版,
da-author-etinjat-1c584251,Etinjat,da-work-1063073217,1063073217,Whitney博士的艺作堆积处,https://scp-wiki-cn.wikidot.com/dr-whitney-s-art-pile,https://scp-wiki-cn.wikidot.com/dr-whitney-s-art-pile,SCP-CN via SCPPER-CN,2020-05-23,,True,excluded_or_unverified,zh,True,True,excluded,not_marked_chinese_original,data/raw/deep_author/works/da-work-1063073217.json,SCPPER-CN JSON bundle,696,2bc8f5012c8e3f6ca08c6d4b2985e805cc75db3592077037a219a4e969caaf05,2026-08-14,CC BY-SA 3.0 unless a page records a different compatible notice,艺术家,
da-author-breaddddd-d9923f3d,breaddddd,da-work-1076522189,1076522189,巧克力烤面包,https://scp-wiki-cn.wikidot.com/scp-cn-1171,https://scp-wiki-cn.wikidot.com/scp-cn-1171,SCP-CN via SCPPER-CN,2020-05-24,,True,single_selected_author,zh,False,False,included,,data/raw/deep_author/works/da-work-1076522189.json,SCPPER-CN JSON bundle,18846,63d65621294f37234af6cf6b65544e51db6c595a8b37178ec7e6c7f7282e10c5,2026-08-14,CC BY-SA 3.0 unless a page records a different compatible notice,euclid|scp|交换|原创|精神影响|食物,
da-author-etinjat-1c584251,Etinjat,da-work-1086212331,1086212331,愚者漫吟游,https://scp-wiki-cn.wikidot.com/wanderers:the-fool-and-the-fools,https://scp-wiki-cn.wikidot.com/wanderers:the-fool-and-the-fools,SCP-CN via SCPPER-CN,2020-05-25,,True,single_selected_author,zh,False,False,included,,data/raw/deep_author/works/da-work-1086212331.json,SCPPER-CN JSON bundle,14034,f629535575e71db335201cec6a1abb0783bd676c675c2db08ed8a448b10fada8,2026-08-14,CC BY-SA 3.0 unless a page records a different compatible notice,wanderers|个体|仪式|信件|原创|叙述|图片|密径|狱卒|琅嬛福地藏书阁|记载|韵文,
da-author-etinjat-1c584251,Etinjat,da-work-1106968934,1106968934,空水池,https://scp-wiki-cn.wikidot.com/scp-5088,https://scp-wiki-cn.wikidot.com/scp-5088,SCP-CN via SCPPER-CN,2020-05-27,,True,excluded_or_unverified,zh,True,True,excluded,not_marked_chinese_original,data/raw/deep_author/works/da-work-1106968934.json,SCPPER-CN JSON bundle,894,3a1c32bfe2bdffe6ae998e640315bb039e1540f147d93d77f89126435c527b1d,2026-08-14,CC BY-SA 3.0 unless a page records a different compatible notice,crom:series-6|safe|scp|复活|建筑|液体,
da-author-agent-phage-bc08199e,Agent Phage,da-work-1133221610,1133221610,死血,https://scp-wiki-cn.wikidot.com/scp-cn-346,https://scp-wiki-cn.wikidot.com/scp-cn-346,SCP-CN via SCPPER-CN,2020-05-30,,True,single_selected_author,zh,False,False,included,,data/raw/deep_author/works/da-work-1133221610.json,SCPPER-CN JSON bundle,25955,15d939cc2f2ee31894f9334bc3d71141bb9165737b6ccfa39eadc2250ade628c,2026-08-14,CC BY-SA 3.0 unless a page records a different compatible notice,euclid|scp|原创|欲肉教,
da-author-etinjat-1c584251,Etinjat,da-work-1133955432,1133955432,异学陆柒壹 若港梦华,https://scp-wiki-cn.wikidot.com/yixue671,https://scp-wiki-cn.wikidot.com/yixue671,SCP-CN via SCPPER-CN,2020-05-31,,True,single_selected_author,zh,False,False,included,,data/raw/deep_author/works/da-work-1133955432.json,SCPPER-CN JSON bundle,55985,cbe1ef419bc99935f4a8c7ed414a8e161ac6e0ad61038dedc5520a56f22e99c2,2026-08-14,CC BY-SA 3.0 unless a page records a different compatible notice,_异学会|cc|goi格式|ijamea|万劫历数|修正花卉|医院|原创|岿阳派|幽灵岛同盟|异学会|异常科学院|打鲨鱼中心|文言文|橡树|港城江|破碎之神教会|精品|蒐集院|负号部队|降头术士协会|香城,
da-author-etinjat-1c584251,Etinjat,da-work-1148395730,1148395730,🎴㉩🔪🙀,https://scp-wiki-cn.wikidot.com/scp-cn-1549,https://scp-wiki-cn.wikidot.com/scp-cn-1549,SCP-CN via SCPPER-CN,2020-06-11,,True,single_selected_author,zh,False,False,included,,data/raw/deep_author/works/da-work-1148395730.json,SCPPER-CN JSON bundle,10052,1b9655643465f986c9c7d8826437b63c727238e0b9dab5fbc0d30abdee1486c4,2026-08-14,CC BY-SA 3.0 unless a page records a different compatible notice,euclid|scp|信息危害|原创|反熵|猫科|线上|认知危害,
da-author-agent-phage-bc08199e,Agent Phage,da-work-1156307772,1156307772,长夜孤舟 中心页,https://scp-wiki-cn.wikidot.com/night-voyager-hub,https://scp-wiki-cn.wikidot.com/night-voyager-hub,SCP-CN via SCPPER-CN,2020-06-15,,True,excluded_or_unverified,zh,False,True,excluded,structural_or_non_work_page,data/raw/deep_author/works/da-work-1156307772.json,SCPPER-CN JSON bundle,858,62c0b5e73e5f96b68aa91da98d646224bc85b615b31ac783f3ccb52c9513f5ea,2026-08-14,CC BY-SA 3.0 unless a page records a different compatible notice,crossover项目|中心|原创|合作,
da-author-agent-phage-bc08199e,Agent Phage,da-work-1156317826,1156317826,安保设施档案：Site-A9,https://scp-wiki-cn.wikidot.com/night-voyager-facility-site-a9,https://scp-wiki-cn.wikidot.com/night-voyager-facility-site-a9,SCP-CN via SCPPER-CN,2020-06-15,,True,excluded_or_unverified,zh,False,True,excluded,structural_or_non_work_page,data/raw/deep_author/works/da-work-1156317826.json,SCPPER-CN JSON bundle,852,58dbea92eb715128b123d35af63f5961c3747c17cf605ef8e8a8dd83ce171b5c,2026-08-14,CC BY-SA 3.0 unless a page records a different compatible notice,crossover项目|原创|合著|故事,
da-author-agent-phage-bc08199e,Agent Phage,da-work-1156352079,1156352079,PS-01 问题,https://scp-wiki-cn.wikidot.com/night-voyager-ps-01,https://scp-wiki-cn.wikidot.com/night-voyager-ps-01,SCP-CN via SCPPER-CN,2020-06-15,,True,single_selected_author,zh,False,False,included,,data/raw/deep_author/works/da-work-1156352079.json,SCPPER-CN JSON bundle,39163,7d28b01152a16b7aeaac1e512a799530333baac511146dd2355c0139ca897b9b,2026-08-14,CC BY-SA 3.0 unless a page records a different compatible notice,crossover项目|原创|故事,
da-author-agent-phage-bc08199e,Agent Phage,da-work-1164253803,1164253803,液体猫咪,https://scp-wiki-cn.wikidot.com/scp-cn-1922,https://scp-wiki-cn.wikidot.com/scp-cn-1922,SCP-CN via SCPPER-CN,2020-06-18,,True,single_selected_author,zh,False,False,included,,data/raw/deep_author/works/da-work-1164253803.json,SCPPER-CN JSON bundle,27098,2ad8b7c4e53d3fd33e27c34885f0383d7804c7c5164f0e0094c52e444c833c07,2026-08-14,CC BY-SA 3.0 unless a page records a different compatible notice,safe|scp|原创|液体|猫科,
da-author-etinjat-1c584251,Etinjat,da-work-1165114729,1165114729,最期之艦,https://scp-wiki-cn.wikidot.com/ending,https://scp-wiki-cn.wikidot.com/ending,SCP-CN via SCPPER-CN,2020-06-22,,True,single_selected_author,zh,False,False,included,,data/raw/deep_author/works/da-work-1165114729.json,SCPPER-CN JSON bundle,15795,0c5c0ef9f1962414d47b3657d512769900d8d7dd50d6ec668c050a4103bed424,2026-08-14,CC BY-SA 3.0 unless a page records a different compatible notice,万劫历数|原创|扶桑纪|故事|舰政本部对超常课|舰队|诗歌,
da-author-etinjat-1c584251,Etinjat,da-work-1165115409,1165115409,黑桃皇后童谣集：神奇竖林大冒险,https://scp-wiki-cn.wikidot.com/wanderers:queen-spade-s-rhymes-01,https://scp-wiki-cn.wikidot.com/wanderers:queen-spade-s-rhymes-01,SCP-CN via SCPPER-CN,2020-06-22,,True,single_selected_author,zh,False,False,included,,data/raw/deep_author/works/da-work-1165115409.json,SCPPER-CN JSON bundle,4969,8c0a15613c34304dd0ee0ee07fa7a5f38ad40b551a0500eac0fd27e6365d5b43,2026-08-14,CC BY-SA 3.0 unless a page records a different compatible notice,wanderers|丛林|个体|原创|地区|奥秘动物|密径|异界|恶性裂痕|狱卒|记载|韵文,
da-author-etinjat-1c584251,Etinjat,da-work-1165120332,1165120332,小雅 · 悠飔,https://scp-wiki-cn.wikidot.com/wanderers:gone-with-the-winds,https://scp-wiki-cn.wikidot.com/wanderers:gone-with-the-winds,SCP-CN via SCPPER-CN,2020-06-23,,True,single_selected_author,zh,False,False,included,,data/raw/deep_author/works/da-work-1165120332.json,SCPPER-CN JSON bundle,21380,ac8d8973654dd54bdbded4e257333512856485cc515e3e84fc4782a5871d2f65,2026-08-14,CC BY-SA 3.0 unless a page records a different compatible notice,wanderers|军队|历史|原创|琅嬛福地藏书阁|记载|贵族|韵文,
da-author-etinjat-1c584251,Etinjat,da-work-1165121467,1165121467,dado插图,https://scp-wiki-cn.wikidot.com/edharaaa-11,https://scp-wiki-cn.wikidot.com/edharaaa-11,SCP-CN via SCPPER-CN,2020-06-23,,True,excluded_or_unverified,zh,True,True,excluded,not_marked_chinese_original,data/raw/deep_author/works/da-work-1165121467.json,SCPPER-CN JSON bundle,831,3439e319b3f5a37352a790352a9a8af6d2eb32a7f27e074ed06605dcbf71d39e,2026-08-14,CC BY-SA 3.0 unless a page records a different compatible notice,jp|二次翻译|艺术作品,
da-author-etinjat-1c584251,Etinjat,da-work-1165121553,1165121553,破碎之神启动中,https://scp-wiki-cn.wikidot.com/broken-god,https://scp-wiki-cn.wikidot.com/broken-god,SCP-CN via SCPPER-CN,2020-06-23,,True,excluded_or_unverified,zh,True,True,excluded,not_marked_chinese_original,data/raw/deep_author/works/da-work-1165121553.json,SCPPER-CN JSON bundle,712,594fcc76926c98e2fb29bf2324c1d8c40ba534d1df39b0830347520718876df0,2026-08-14,CC BY-SA 3.0 unless a page records a different compatible notice,jp|二次翻译|艺术作品,
da-author-etinjat-1c584251,Etinjat,da-work-1165122265,1165122265,意大利站点-J,https://scp-wiki-cn.wikidot.com/siti-italiani-j,https://scp-wiki-cn.wikidot.com/siti-italiani-j,SCP-CN via SCPPER-CN,2020-06-23,,True,excluded_or_unverified,zh,True,True,excluded,not_marked_chinese_original,data/raw/deep_author/works/da-work-1165122265.json,SCPPER-CN JSON bundle,1139,2019f0224bfd780477dd7899ccf994338440279b94503b1a68f5a6951ff78e1a,2026-08-14,CC BY-SA 3.0 unless a page records a different compatible notice,it|二次翻译|搞笑|故事,
da-author-etinjat-1c584251,Etinjat,da-work-1165156655,1165156655,SCP成就徽章,https://scp-wiki-cn.wikidot.com/scp-achievement-badges,https://scp-wiki-cn.wikidot.com/scp-achievement-badges,SCP-CN via SCPPER-CN,2020-06-26,,True,excluded_or_unverified,zh,True,True,excluded,not_marked_chinese_original,data/raw/deep_author/works/da-work-1165156655.json,SCPPER-CN JSON bundle,800,53865b9a3cf79d23c928ad49093022be7a95a63759acf0a59ffe65dfcd0c6484,2026-08-14,CC BY-SA 3.0 unless a page records a different compatible notice,合著|文章,
da-author-etinjat-1c584251,Etinjat,da-work-1165200227,1165200227,全球超自然联盟 主题（Sigma-9）,https://scp-wiki-cn.wikidot.com/component:cogtheme,https://scp-wiki-cn.wikidot.com/component:cogtheme,SCP-CN via SCPPER-CN,2020-06-29,,True,excluded_or_unverified,zh,True,True,excluded,not_marked_chinese_original,data/raw/deep_author/works/da-work-1165200227.json,SCPPER-CN JSON bundle,831,8eeb902f22382669b4241f3eef7b9bb4d6cea7ce04e02bc9c000a03f84c14b9a,2026-08-14,CC BY-SA 3.0 unless a page records a different compatible notice,es|版式|需更新,
da-author-breaddddd-d9923f3d,breaddddd,da-work-1165201965,1165201965,文语谈 第九期：infas,https://scp-wiki-cn.wikidot.com/page-and-view-infas,https://scp-wiki-cn.wikidot.com/page-and-view-infas,SCP-CN via SCPPER-CN,2020-06-29,,True,single_selected_author,zh,False,False,included,,data/raw/deep_author/works/da-work-1165201965.json,SCPPER-CN JSON bundle,205043,bde44247df3f78a67a61e4e9c73049c3a5f583c9eb356a4e834296882c4499cd,2026-08-14,CC BY-SA 3.0 unless a page records a different compatible notice,原创|文章,
da-author-mscarlet-78b5e8fb,MScarlet,da-work-1165207306,1165207306,一頭會行走的海豹,https://scp-wiki-cn.wikidot.com/scp-cn-1921,https://scp-wiki-cn.wikidot.com/scp-cn-1921,SCP-CN via SCPPER-CN,2020-06-30,,True,single_selected_author,zh,False,False,included,,data/raw/deep_author/works/da-work-1165207306.json,SCPPER-CN JSON bundle,27582,4f9a3a9bfd3f903279f02a64e6c194f911dec5b666873000fda1fa91bb35f7b2,2026-08-14,CC BY-SA 3.0 unless a page records a different compatible notice,_ms|scp|site-cn-21|site-cn-71|thaumiel|动物|原创|概念|水生|港城江|逆模因|香城,
da-author-agent-phage-bc08199e,Agent Phage,da-work-1204177967,1204177967,PS-02 坏运,https://scp-wiki-cn.wikidot.com/night-voyager-ps-02,https://scp-wiki-cn.wikidot.com/night-voyager-ps-02,SCP-CN via SCPPER-CN,2020-07-19,,True,single_selected_author,zh,False,False,included,,data/raw/deep_author/works/da-work-1204177967.json,SCPPER-CN JSON bundle,47760,091bbc04816b1543e56d3b4cb8b15acfdf7633ab258783ef78a213c1ecc1d6bc,2026-08-14,CC BY-SA 3.0 unless a page records a different compatible notice,crossover项目|原创|故事,
da-author-etinjat-1c584251,Etinjat,da-work-1204498253,1204498253,游音流 - 鲨击百科,https://scp-wiki-cn.wikidot.com/sharkypedia-eoyemlau,https://scp-wiki-cn.wikidot.com/sharkypedia-eoyemlau,SCP-CN via SCPPER-CN,2020-07-19,,True,single_selected_author,zh,False,False,included,,data/raw/deep_author/works/da-work-1204498253.json,SCPPER-CN JSON bundle,125161,0443dc20e25ca7b0105aa6ee60b5a05036f8b57ecff455514c73f0a3070f9a4c,2026-08-14,CC BY-SA 3.0 unless a page records a different compatible notice,alexylva大学|cc|crossover项目|eco出版社|ijamea|obskura|ob传媒|万劫历数|三波特兰|不灭孽蜥|主题精品|全球轰炸联盟|原创|岿阳派|异学会|恋昏崎新闻社|打鲨鱼中心|故事|欲肉教|特工许|破碎之神教会|第三定律|肖邦教|音声美学,
da-author-etinjat-1c584251,Etinjat,da-work-1214773411,1214773411,经典 SCP 基金会 版式,https://scp-wiki-cn.wikidot.com/theme:classic,https://scp-wiki-cn.wikidot.com/theme:classic,SCP-CN via SCPPER-CN,2020-07-22,,True,excluded_or_unverified,zh,True,True,excluded,not_marked_chinese_original,data/raw/deep_author/works/da-work-1214773411.json,SCPPER-CN JSON bundle,767,7cf5b2eadffb7c3a55c737cf6200cf74819e1bb0ec8f69664bcd4b5911c807a1,2026-08-14,CC BY-SA 3.0 unless a page records a different compatible notice,版式,
da-author-etinjat-1c584251,Etinjat,da-work-1242714610,1242714610,万事万物，方生方死,https://scp-wiki-cn.wikidot.com/it-all-ended-as-it-began,https://scp-wiki-cn.wikidot.com/it-all-ended-as-it-began,SCP-CN via SCPPER-CN,2020-07-27,,True,excluded_or_unverified,zh,True,True,excluded,not_marked_chinese_original,data/raw/deep_author/works/da-work-1242714610.json,SCPPER-CN JSON bundle,806,8cd0e11481ba0c6a2917142d558a97cad3c89174876995c3f58e4d04898ea62e,2026-08-14,CC BY-SA 3.0 unless a page records a different compatible notice,2020连写竞赛|_爆炸|故事|漫画,
da-author-etinjat-1c584251,Etinjat,da-work-1257303606,1257303606,虚皇衍帝说无量绎梦万天七法妙宝镇域外伪魔经,https://scp-wiki-cn.wikidot.com/wanderers:the-seven-preciousness-lection-of-xu-empyrean,https://scp-wiki-cn.wikidot.com/wanderers:the-seven-preciousness-lection-of-xu-empyrean,SCP-CN via SCPPER-CN,2020-07-31,,True,single_selected_author,zh,False,False,included,,data/raw/deep_author/works/da-work-1257303606.json,SCPPER-CN JSON bundle,28321,002361f6eac78ba6bdf9d88f9e64f1c0ae845db2a5e5d8a8d2a846f931932ee0,2026-08-14,CC BY-SA 3.0 unless a page records a different compatible notice,wanderers|个体|仪式|原创|叙述|宗教性|寓言|文言文|物体|狱卒|琅嬛福地藏书阁|神灵|神话|记载|鬼灵,
da-author-agent-phage-bc08199e,Agent Phage,da-work-1260628233,1260628233,第〇〇三三号,https://scp-wiki-cn.wikidot.com/collected-item-no0033,https://scp-wiki-cn.wikidot.com/collected-item-no0033,SCP-CN via SCPPER-CN,2020-08-03,,True,single_selected_author,zh,False,False,included,,data/raw/deep_author/works/da-work-1260628233.json,SCPPER-CN JSON bundle,50915,0bfbb720ce8fe48ab3f6145a464b671626964d8890f2421167b6fbddeec58de1,2026-08-14,CC BY-SA 3.0 unless a page records a different compatible notice,2020夏季征文|_蒐集院|goi格式|原创|异学会|扶桑纪|蒐集院,
da-author-breaddddd-d9923f3d,breaddddd,da-work-1260808376,1260808376,安布罗斯 x AWCY联名快闪店,https://scp-wiki-cn.wikidot.com/ambrose-awcy-pop-up-shop,https://scp-wiki-cn.wikidot.com/ambrose-awcy-pop-up-shop,SCP-CN via SCPPER-CN,2020-08-16,,True,single_selected_author,zh,False,False,included,,data/raw/deep_author/works/da-work-1260808376.json,SCPPER-CN JSON bundle,51200,01c718a15bc23b28a91099bd6d881087d7652926076762c99d5e5b55aa81b229,2026-08-14,CC BY-SA 3.0 unless a page records a different compatible notice,_安布罗斯餐厅|are-we-cool-yet|goi格式|原创|安布罗斯餐厅,
da-author-etinjat-1c584251,Etinjat,da-work-1261306531,1261306531,万劫历数混元通纪 · 十纪卮言第七 · 中,https://scp-wiki-cn.wikidot.com/the-kismet-ephemeris-of-kalpas-vol-7-part-2,https://scp-wiki-cn.wikidot.com/the-kismet-ephemeris-of-kalpas-vol-7-part-2,SCP-CN via SCPPER-CN,2020-08-20,,True,single_selected_author,zh,False,False,included,,data/raw/deep_author/works/da-work-1261306531.json,SCPPER-CN JSON bundle,287718,3a075c55da88cf432aef4ad1e85859ac31aecbe532ff960a3afa761c3f71129d,2026-08-14,CC BY-SA 3.0 unless a page records a different compatible notice,2020夏季征文|alagadda|bright博士|mc&d|nobody|pangloss|robert-bumaro|万劫历数|三重月倡议会|亚伯|原创|夏异常|夜之子|大术士亚恩|岿阳派|工厂|异学会|打鲨鱼中心|故事|文言文|欲肉教|死之兄弟|深红之王|火炬之子|狄瓦|相啸魔|破碎之神教会|第二海托世教会|缢王|蛇之手|被放逐者之图书馆|该隐,
da-author-agent-phage-bc08199e,Agent Phage,da-work-1267725120,1267725120,文语谈 第十一期：紫猫,https://scp-wiki-cn.wikidot.com/page-and-view-bitchangelover,https://scp-wiki-cn.wikidot.com/page-and-view-bitchangelover,SCP-CN via SCPPER-CN,2020-08-23,,True,single_selected_author,zh,False,False,included,,data/raw/deep_author/works/da-work-1267725120.json,SCPPER-CN JSON bundle,158849,7ed28a289877fa8f35b225fa1a9f9c66a1006068463c10b87f18d2d295ce88c4,2026-08-14,CC BY-SA 3.0 unless a page records a different compatible notice,原创|文章,
da-author-etinjat-1c584251,Etinjat,da-work-1267849608,1267849608,“怎样才算一种艺术风格？”- Skorpt的艺作页,https://scp-wiki-cn.wikidot.com/what-s-an-art-style-skorpt-s-art-page,https://scp-wiki-cn.wikidot.com/what-s-an-art-style-skorpt-s-art-page,SCP-CN via SCPPER-CN,2020-09-02,,True,excluded_or_unverified,zh,True,True,excluded,not_marked_chinese_original,data/raw/deep_author/works/da-work-1267849608.json,SCPPER-CN JSON bundle,909,45ee9cea2d7654189db067cf73e61a88717ac2e3c4aef5b5fd67f5656183831b,2026-08-14,CC BY-SA 3.0 unless a page records a different compatible notice,scp艺作|卡通渲染|艺术家|颜料画,
da-author-etinjat-1c584251,Etinjat,da-work-1267856337,1267856337,Yorick1的画廊,https://scp-wiki-cn.wikidot.com/yorick1-gallery,https://scp-wiki-cn.wikidot.com/yorick1-gallery,SCP-CN via SCPPER-CN,2020-09-03,,True,excluded_or_unverified,zh,True,True,excluded,not_marked_chinese_original,data/raw/deep_author/works/da-work-1267856337.json,SCPPER-CN JSON bundle,1194,88d1e1b629e61eb1827fc21e94e302f48ad9a654d04672613fac812eb7f42ae0,2026-08-14,CC BY-SA 3.0 unless a page records a different compatible notice,es|二次翻译|艺术作品,
da-author-etinjat-1c584251,Etinjat,da-work-1268985987,1268985987,00075,https://scp-wiki-cn.wikidot.com/short-stories:00075,https://scp-wiki-cn.wikidot.com/short-stories:00075,SCP-CN via SCPPER-CN,2020-09-07,,True,excluded_or_unverified,zh,True,True,excluded,not_marked_chinese_original,data/raw/deep_author/works/da-work-1268985987.json,SCPPER-CN JSON bundle,953,842025c01ed2f9661e99e33e8f440ac76ca35d6a2bb0dfe0c9eee35f4cf92375,2026-08-14,CC BY-SA 3.0 unless a page records a different compatible notice,,
da-author-etinjat-1c584251,Etinjat,da-work-1268986059,1268986059,00076,https://scp-wiki-cn.wikidot.com/short-stories:00076,https://scp-wiki-cn.wikidot.com/short-stories:00076,SCP-CN via SCPPER-CN,2020-09-07,,True,excluded_or_unverified,zh,True,True,excluded,not_marked_chinese_original,data/raw/deep_author/works/da-work-1268986059.json,SCPPER-CN JSON bundle,1098,e3508c4ae126342415cf034aee6b6be4e029cf248a450ac60035e926917c0e26,2026-08-14,CC BY-SA 3.0 unless a page records a different compatible notice,,
da-author-etinjat-1c584251,Etinjat,da-work-1268986102,1268986102,00077,https://scp-wiki-cn.wikidot.com/short-stories:00077,https://scp-wiki-cn.wikidot.com/short-stories:00077,SCP-CN via SCPPER-CN,2020-09-07,,True,excluded_or_unverified,zh,True,True,excluded,not_marked_chinese_original,data/raw/deep_author/works/da-work-1268986102.json,SCPPER-CN JSON bundle,675,dfc256839b88e93ab6b59e08a54f017698f05673b21a6c4c64de74d9c83fab70,2026-08-14,CC BY-SA 3.0 unless a page records a different compatible notice,,
da-author-etinjat-1c584251,Etinjat,da-work-1268986262,1268986262,00078,https://scp-wiki-cn.wikidot.com/short-stories:00078,https://scp-wiki-cn.wikidot.com/short-stories:00078,SCP-CN via SCPPER-CN,2020-09-07,,True,excluded_or_unverified,zh,True,True,excluded,not_marked_chinese_original,data/raw/deep_author/works/da-work-1268986262.json,SCPPER-CN JSON bundle,785,256708d3ce66a4e9e892bb500fff511f267ef7c0aef5c39d8263af744ea3aa34,2026-08-14,CC BY-SA 3.0 unless a page records a different compatible notice,,
da-author-etinjat-1c584251,Etinjat,da-work-1268986312,1268986312,00079,https://scp-wiki-cn.wikidot.com/short-stories:00079,https://scp-wiki-cn.wikidot.com/short-stories:00079,SCP-CN via SCPPER-CN,2020-09-07,,True,excluded_or_unverified,zh,True,True,excluded,not_marked_chinese_original,data/raw/deep_author/works/da-work-1268986312.json,SCPPER-CN JSON bundle,735,e44dca17297f46af7997f65925996193787cd9a69080b997a847585ca996d94c,2026-08-14,CC BY-SA 3.0 unless a page records a different compatible notice,,
da-author-etinjat-1c584251,Etinjat,da-work-1268986357,1268986357,00080,https://scp-wiki-cn.wikidot.com/short-stories:00080,https://scp-wiki-cn.wikidot.com/short-stories:00080,SCP-CN via SCPPER-CN,2020-09-07,,True,excluded_or_unverified,zh,True,True,excluded,not_marked_chinese_original,data/raw/deep_author/works/da-work-1268986357.json,SCPPER-CN JSON bundle,907,0230607d67d1257a9393cfc5d135e4eb7c19d30c1938dfecbb211417be1ea8a8,2026-08-14,CC BY-SA 3.0 unless a page records a different compatible notice,,
da-author-etinjat-1c584251,Etinjat,da-work-1268986361,1268986361,00081,https://scp-wiki-cn.wikidot.com/short-stories:00081,https://scp-wiki-cn.wikidot.com/short-stories:00081,SCP-CN via SCPPER-CN,2020-09-07,,True,excluded_or_unverified,zh,True,True,excluded,not_marked_chinese_original,data/raw/deep_author/works/da-work-1268986361.json,SCPPER-CN JSON bundle,1385,9b13822afa81f904a597b443156696acdeb567bc598d82c15ca487655727d28e,2026-08-14,CC BY-SA 3.0 unless a page records a different compatible notice,,
da-author-etinjat-1c584251,Etinjat,da-work-1268986391,1268986391,00082,https://scp-wiki-cn.wikidot.com/short-stories:00082,https://scp-wiki-cn.wikidot.com/short-stories:00082,SCP-CN via SCPPER-CN,2020-09-07,,True,excluded_or_unverified,zh,True,True,excluded,not_marked_chinese_original,data/raw/deep_author/works/da-work-1268986391.json,SCPPER-CN JSON bundle,965,04eca2866c636ab3d8a8db81e2520a536abe8650d97f8f62dcb063bbe260b48e,2026-08-14,CC BY-SA 3.0 unless a page records a different compatible notice,,
da-author-etinjat-1c584251,Etinjat,da-work-1268986448,1268986448,00083,https://scp-wiki-cn.wikidot.com/short-stories:00083,https://scp-wiki-cn.wikidot.com/short-stories:00083,SCP-CN via SCPPER-CN,2020-09-07,,True,excluded_or_unverified,zh,True,True,excluded,not_marked_chinese_original,data/raw/deep_author/works/da-work-1268986448.json,SCPPER-CN JSON bundle,797,0dd8e26913439070cd08721b6fd82e58e1eb206f97c632d69f0e5d109a670cc7,2026-08-14,CC BY-SA 3.0 unless a page records a different compatible notice,,
da-author-etinjat-1c584251,Etinjat,da-work-1268999979,1268999979,世界的救世主,https://scp-wiki-cn.wikidot.com/help-me,https://scp-wiki-cn.wikidot.com/help-me,SCP-CN via SCPPER-CN,2020-09-07,,True,excluded_or_unverified,zh,True,True,excluded,not_marked_chinese_original,data/raw/deep_author/works/da-work-1268999979.json,SCPPER-CN JSON bundle,754,05a25e3c4842f25019614aaa1c8597eac9a4830d2ef014cb8955cc7a87b82129,2026-08-14,CC BY-SA 3.0 unless a page records a different compatible notice,jp|故事|艺术作品,
da-author-etinjat-1c584251,Etinjat,da-work-1278079946,1278079946,鲁镇纪略,https://scp-wiki-cn.wikidot.com/took-notes-in-lu-town,https://scp-wiki-cn.wikidot.com/took-notes-in-lu-town,SCP-CN via SCPPER-CN,2020-09-09,,True,single_selected_author,zh,False,False,included,,data/raw/deep_author/works/da-work-1278079946.json,SCPPER-CN JSON bundle,34923,9add20705af757349ee63efdef4b0febf4637fce4e741b7ddcf652a4503b7f2e,2026-08-14,CC BY-SA 3.0 unless a page records a different compatible notice,_nobody|goi格式|ijamea|nobody|the-doctor|万劫历数|修正花卉|全球超自然联盟|医院|原创|岿阳派|工厂|异学会|梦神集团|火炬之子|破碎之神教会|第三定律|蛇之手,
da-author-etinjat-1c584251,Etinjat,da-work-1278114210,1278114210,这瞎盼您碍着机场,https://scp-wiki-cn.wikidot.com/the-happening-at-the-airport,https://scp-wiki-cn.wikidot.com/the-happening-at-the-airport,SCP-CN via SCPPER-CN,2020-09-09,,True,excluded_or_unverified,zh,True,True,excluded,not_marked_chinese_original,data/raw/deep_author/works/da-work-1278114210.json,SCPPER-CN JSON bundle,839,b921d09090de9a87cd049df8e878fc670061f9655a804d7d6796ab1e46cbb081,2026-08-14,CC BY-SA 3.0 unless a page records a different compatible notice,2018短篇竞赛|ko|二次翻译|故事|破碎之神教会,
da-author-breaddddd-d9923f3d,breaddddd,da-work-1299736730,1299736730,文语谈 第十二期：噬菌体,https://scp-wiki-cn.wikidot.com/page-and-view-phage,https://scp-wiki-cn.wikidot.com/page-and-view-phage,SCP-CN via SCPPER-CN,2020-09-14,,True,single_selected_author,zh,False,False,included,,data/raw/deep_author/works/da-work-1299736730.json,SCPPER-CN JSON bundle,193500,c663890e2e6cfd6658be55fd70fefb312e9d29899d66cf8326b27acb249fd882,2026-08-14,CC BY-SA 3.0 unless a page records a different compatible notice,原创|文章,
da-author-etinjat-1c584251,Etinjat,da-work-1299855666,1299855666,全线战争 版式（Sigma-9）,https://scp-wiki-cn.wikidot.com/theme:war-on-all-fronts-sigma,https://scp-wiki-cn.wikidot.com/theme:war-on-all-fronts-sigma,SCP-CN via SCPPER-CN,2020-09-14,,True,excluded_or_unverified,zh,True,True,excluded,not_marked_chinese_original,data/raw/deep_author/works/da-work-1299855666.json,SCPPER-CN JSON bundle,879,c59589b3e6968c58da6354cf732e1bb29d3d65538316f02886ee0336b935ce90,2026-08-14,CC BY-SA 3.0 unless a page records a different compatible notice,版式,
da-author-etinjat-1c584251,Etinjat,da-work-1303461242,1303461242,全线战争 主题版式（黑标）,https://scp-wiki-cn.wikidot.com/theme:war-on-all-fronts-bhl,https://scp-wiki-cn.wikidot.com/theme:war-on-all-fronts-bhl,SCP-CN via SCPPER-CN,2020-09-15,,True,excluded_or_unverified,zh,True,True,excluded,not_marked_chinese_original,data/raw/deep_author/works/da-work-1303461242.json,SCPPER-CN JSON bundle,768,f7f1edc5ce0b93a19a401a33865c0c3112dc73321380d0b4b530b2ab5d62c271,2026-08-14,CC BY-SA 3.0 unless a page records a different compatible notice,版式,
da-author-etinjat-1c584251,Etinjat,da-work-1304859277,1304859277,联盟 主题版式,https://scp-wiki-cn.wikidot.com/theme:the-coalition-theme,https://scp-wiki-cn.wikidot.com/theme:the-coalition-theme,SCP-CN via SCPPER-CN,2020-09-16,,True,excluded_or_unverified,zh,True,True,excluded,not_marked_chinese_original,data/raw/deep_author/works/da-work-1304859277.json,SCPPER-CN JSON bundle,754,258b21cf66c4bbca7f8c2fb6247da09f55e873c10afeae6e814ac4a01114f73e,2026-08-14,CC BY-SA 3.0 unless a page records a different compatible notice,版式,
da-author-etinjat-1c584251,Etinjat,da-work-1304859474,1304859474,复古 AIAD 版式,https://scp-wiki-cn.wikidot.com/theme:retro-aiad-theme,https://scp-wiki-cn.wikidot.com/theme:retro-aiad-theme,SCP-CN via SCPPER-CN,2020-09-16,,True,excluded_or_unverified,zh,True,True,excluded,not_marked_chinese_original,data/raw/deep_author/works/da-work-1304859474.json,SCPPER-CN JSON bundle,749,d3d24498c44c13570447a74bd6422db813931d1d56b0e19b4d9587d758aeacd0,2026-08-14,CC BY-SA 3.0 unless a page records a different compatible notice,版式,
da-author-etinjat-1c584251,Etinjat,da-work-1304908132,1304908132,被放逐者的书架：源代码,https://scp-wiki-cn.wikidot.com/component:bookshelf-source,https://scp-wiki-cn.wikidot.com/component:bookshelf-source,SCP-CN via SCPPER-CN,2020-09-21,,True,excluded_or_unverified,zh,False,True,excluded,structural_or_non_work_page,data/raw/deep_author/works/da-work-1304908132.json,SCPPER-CN JSON bundle,34048,c49c4d24075f5d6e3ec33d4515feaa689a12fc3b31acfc16f58698c1a0fd4586,2026-08-14,CC BY-SA 3.0 unless a page records a different compatible notice,原创|组件后端,
da-author-etinjat-1c584251,Etinjat,da-work-1304908165,1304908165,被放逐者的书架：书籍组件,https://scp-wiki-cn.wikidot.com/component:bookshelf-books,https://scp-wiki-cn.wikidot.com/component:bookshelf-books,SCP-CN via SCPPER-CN,2020-09-21,,True,excluded_or_unverified,zh,False,True,excluded,structural_or_non_work_page,data/raw/deep_author/works/da-work-1304908165.json,SCPPER-CN JSON bundle,4898,f09a3f67d14427cb0b278f399904bdfa59035c5b10889cf884be1adbfe87614e,2026-08-14,CC BY-SA 3.0 unless a page records a different compatible notice,原创|组件,
da-author-etinjat-1c584251,Etinjat,da-work-1304908169,1304908169,被放逐者的书架：顶部组件,https://scp-wiki-cn.wikidot.com/component:bookshelf-shelf-top,https://scp-wiki-cn.wikidot.com/component:bookshelf-shelf-top,SCP-CN via SCPPER-CN,2020-09-21,,True,excluded_or_unverified,zh,False,True,excluded,structural_or_non_work_page,data/raw/deep_author/works/da-work-1304908169.json,SCPPER-CN JSON bundle,3115,fcb37049204614339530044dcd6edca0cff424e04a15a7ca5c1d4cad663652b7,2026-08-14,CC BY-SA 3.0 unless a page records a different compatible notice,原创|组件,
da-author-etinjat-1c584251,Etinjat,da-work-1304908171,1304908171,被放逐者的书架：底部兼隔板组件,https://scp-wiki-cn.wikidot.com/component:bookshelf-shelf-bottom,https://scp-wiki-cn.wikidot.com/component:bookshelf-shelf-bottom,SCP-CN via SCPPER-CN,2020-09-21,,True,excluded_or_unverified,zh,False,True,excluded,structural_or_non_work_page,data/raw/deep_author/works/da-work-1304908171.json,SCPPER-CN JSON bundle,2373,26c51378aad2537011a62af229b442f81a9cbbbcc52a9171615ae57fb21968c8,2026-08-14,CC BY-SA 3.0 unless a page records a different compatible notice,原创|组件,
da-author-etinjat-1c584251,Etinjat,da-work-1304908177,1304908177,被放逐者的书架 样版,https://scp-wiki-cn.wikidot.com/component:bookshelf-template,https://scp-wiki-cn.wikidot.com/component:bookshelf-template,SCP-CN via SCPPER-CN,2020-09-21,,True,excluded_or_unverified,zh,False,True,excluded,structural_or_non_work_page,data/raw/deep_author/works/da-work-1304908177.json,SCPPER-CN JSON bundle,76298,53fecacf057b01b5668d3bd8b05b2b426eb64ef539234c6dc6f2581fb2e33d0a,2026-08-14,CC BY-SA 3.0 unless a page records a different compatible notice,原创|样版,
da-author-etinjat-1c584251,Etinjat,da-work-1304953046,1304953046,于是我枯死,https://scp-wiki-cn.wikidot.com/wanderers:and-i-died,https://scp-wiki-cn.wikidot.com/wanderers:and-i-died,SCP-CN via SCPPER-CN,2020-09-24,,True,excluded_or_unverified,zh,True,True,excluded,not_marked_chinese_original,data/raw/deep_author/works/da-work-1304953046.json,SCPPER-CN JSON bundle,1693,e0d84137642c25023dd779ee615ff3ac3aded918d7c1fb5fece7cab7279b585a,2026-08-14,CC BY-SA 3.0 unless a page records a different compatible notice,wanderers|记载|韵文,
da-author-etinjat-1c584251,Etinjat,da-work-1304954065,1304954065,被放逐者的书架：书籍Module组件,https://scp-wiki-cn.wikidot.com/component:bookshelf-module,https://scp-wiki-cn.wikidot.com/component:bookshelf-module,SCP-CN via SCPPER-CN,2020-09-24,,True,excluded_or_unverified,zh,False,True,excluded,structural_or_non_work_page,data/raw/deep_author/works/da-work-1304954065.json,SCPPER-CN JSON bundle,5206,f0ef07e03528eb4a7f4584f96818fbdadf8de3175cf1a8d6736d7ec06c44ee4e,2026-08-14,CC BY-SA 3.0 unless a page records a different compatible notice,原创|组件,
da-author-etinjat-1c584251,Etinjat,da-work-1304974711,1304974711,子不语 · 蝶蛛 · 第捌柒伍,https://scp-wiki-cn.wikidot.com/zibuyu-875,https://scp-wiki-cn.wikidot.com/zibuyu-875,SCP-CN via SCPPER-CN,2020-09-25,,True,single_selected_author,zh,False,False,included,,data/raw/deep_author/works/da-work-1304974711.json,SCPPER-CN JSON bundle,12999,e3643eb2caa81e58e0f601af176092aec88ea80bd00c0ee6dff3c33971fb8648,2026-08-14,CC BY-SA 3.0 unless a page records a different compatible notice,_异学会|goi格式|原创|异学会|文言文,
da-author-etinjat-1c584251,Etinjat,da-work-1304989696,1304989696,Honey的艺术作品页面,https://scp-wiki-cn.wikidot.com/honeychips4090,https://scp-wiki-cn.wikidot.com/honeychips4090,SCP-CN via SCPPER-CN,2020-09-27,,True,excluded_or_unverified,zh,True,True,excluded,not_marked_chinese_original,data/raw/deep_author/works/da-work-1304989696.json,SCPPER-CN JSON bundle,748,99d3bcd8d84ad6dd22ca2671f6e22f62cb5f72bedc30f5fe4561319c0b345fed,2026-08-14,CC BY-SA 3.0 unless a page records a different compatible notice,艺术家,
da-author-etinjat-1c584251,Etinjat,da-work-1304994632,1304994632,Luxkeeper的艺术作品页,https://scp-wiki-cn.wikidot.com/luxkeeper-s-artpage,https://scp-wiki-cn.wikidot.com/luxkeeper-s-artpage,SCP-CN via SCPPER-CN,2020-09-28,,True,excluded_or_unverified,zh,True,True,excluded,not_marked_chinese_original,data/raw/deep_author/works/da-work-1304994632.json,SCPPER-CN JSON bundle,1045,14898dd931a644fe10dbe95d2bc1a33e4f3ede0100ea22dbdaf091096063ea69,2026-08-14,CC BY-SA 3.0 unless a page records a different compatible notice,艺术家|需更新,
da-author-etinjat-1c584251,Etinjat,da-work-1305004757,1305004757,重生计划：新面貌,https://scp-wiki-cn.wikidot.com/resurrection-new-faces-hub,https://scp-wiki-cn.wikidot.com/resurrection-new-faces-hub,SCP-CN via SCPPER-CN,2020-09-29,,True,excluded_or_unverified,zh,True,True,excluded,not_marked_chinese_original,data/raw/deep_author/works/da-work-1305004757.json,SCPPER-CN JSON bundle,1292,8d54cb016028cbccc5316c7f02716c02dc6ab3e31d158d14dd37e3e3b8240b07,2026-08-14,CC BY-SA 3.0 unless a page records a different compatible notice,2020设定竞赛|_故事中心|light博士|rainer-miller|the-specter|中心|冒险|军事小说|合著|悬疑|新面貌|机械降神|特工popescu|超现实部|重生计划|需更新,
da-author-etinjat-1c584251,Etinjat,da-work-1305053919,1305053919,笔记：没有人是真正的西方勇者,https://scp-wiki-cn.wikidot.com/nobody-is-the-true-westen-hero,https://scp-wiki-cn.wikidot.com/nobody-is-the-true-westen-hero,SCP-CN via SCPPER-CN,2020-10-02,,True,single_selected_author,zh,False,False,included,,data/raw/deep_author/works/da-work-1305053919.json,SCPPER-CN JSON bundle,11529,65238cac48a981d7d65e835ceeeaeab846b617614c4c9421170d7da3fa15bba9,2026-08-14,CC BY-SA 3.0 unless a page records a different compatible notice,_nobody|goi格式|nobody|uiu|五芒星|全球超自然联盟|原创|安布罗斯餐厅|登神|蛇之手,
da-author-etinjat-1c584251,Etinjat,da-work-1305054429,1305054429,黑暗的街道,https://scp-wiki-cn.wikidot.com/scp-189-ko,https://scp-wiki-cn.wikidot.com/scp-189-ko,SCP-CN via SCPPER-CN,2020-10-02,,True,excluded_or_unverified,zh,True,True,excluded,not_marked_chinese_original,data/raw/deep_author/works/da-work-1305054429.json,SCPPER-CN JSON bundle,942,099d431f3d77400e6ddc1ab806b450a935e1f19509c3e610f85a12fac875c3d2,2026-08-14,CC BY-SA 3.0 unless a page records a different compatible notice,ko|scp|二次翻译|光照影响|未收容|机密分级|概念|视觉性,
da-author-etinjat-1c584251,Etinjat,da-work-1305068148,1305068148,未开基 主题版式,https://scp-wiki-cn.wikidot.com/theme:foundless,https://scp-wiki-cn.wikidot.com/theme:foundless,SCP-CN via SCPPER-CN,2020-10-03,,True,excluded_or_unverified,zh,True,True,excluded,not_marked_chinese_original,data/raw/deep_author/works/da-work-1305068148.json,SCPPER-CN JSON bundle,811,cc6b1ed60773bc053684045e3903e2bf9e1f165f2c0f053171701685e4a89694,2026-08-14,CC BY-SA 3.0 unless a page records a different compatible notice,版式,
da-author-etinjat-1c584251,Etinjat,da-work-1305082173,1305082173,白衣人 中心页,https://scp-wiki-cn.wikidot.com/the-man-in-the-white-suit-hub,https://scp-wiki-cn.wikidot.com/the-man-in-the-white-suit-hub,SCP-CN via SCPPER-CN,2020-10-04,,True,excluded_or_unverified,zh,True,True,excluded,not_marked_chinese_original,data/raw/deep_author/works/da-work-1305082173.json,SCPPER-CN JSON bundle,873,6383413d1dcb6f4f9dcb069d2a06509ce6376a2e77f9c7bb94cfdb6aac69b89f,2026-08-14,CC BY-SA 3.0 unless a page records a different compatible notice,2020设定竞赛|nobody|中心|乌有之人,
da-author-etinjat-1c584251,Etinjat,da-work-1305196556,1305196556,科技爆破 版式,https://scp-wiki-cn.wikidot.com/theme:technoblast,https://scp-wiki-cn.wikidot.com/theme:technoblast,SCP-CN via SCPPER-CN,2020-10-09,,True,excluded_or_unverified,zh,True,True,excluded,not_marked_chinese_original,data/raw/deep_author/works/da-work-1305196556.json,SCPPER-CN JSON bundle,742,600dde34dd3d15f2fe1ee88638c471a042f25d2d7b1220aa57439a0d2dca2d02,2026-08-14,CC BY-SA 3.0 unless a page records a different compatible notice,版式,
da-author-etinjat-1c584251,Etinjat,da-work-1305206542,1305206542,碑上铭文团队 中心,https://scp-wiki-cn.wikidot.com/team-epitaphic-hub,https://scp-wiki-cn.wikidot.com/team-epitaphic-hub,SCP-CN via SCPPER-CN,2020-10-09,,True,excluded_or_unverified,zh,True,True,excluded,not_marked_chinese_original,data/raw/deep_author/works/da-work-1305206542.json,SCPPER-CN JSON bundle,879,15df5305675df01e875405cfe62e75786ca32147770d4d7f2c5c5f300a100cbc,2026-08-14,CC BY-SA 3.0 unless a page records a different compatible notice,2020设定竞赛|中心|合著|死者手牌|需更新,
da-author-etinjat-1c584251,Etinjat,da-work-1305309986,1305309986,无限自适应蜥蜴 (6GJQG/JT8XH/WOBU2),https://scp-wiki-cn.wikidot.com/the-lizard-adapting-endlessly-6gjqg-jt8xh-wobu2,https://scp-wiki-cn.wikidot.com/the-lizard-adapting-endlessly-6gjqg-jt8xh-wobu2,SCP-CN via SCPPER-CN,2020-10-13,,True,excluded_or_unverified,zh,True,True,excluded,not_marked_chinese_original,data/raw/deep_author/works/da-work-1305309986.json,SCPPER-CN JSON bundle,872,3e3dec8208488445dfaba44f76c4e9fcc447b6078b93aaf795da67c6df350a9a,2026-08-14,CC BY-SA 3.0 unless a page records a different compatible notice,_mc&d|goi格式|ko|mc&d|二次翻译,
da-author-etinjat-1c584251,Etinjat,da-work-1305341481,1305341481,不止建立 中心,https://scp-wiki-cn.wikidot.com/outfounded-hub,https://scp-wiki-cn.wikidot.com/outfounded-hub,SCP-CN via SCPPER-CN,2020-10-16,,True,excluded_or_unverified,zh,True,True,excluded,not_marked_chinese_original,data/raw/deep_author/works/da-work-1305341481.json,SCPPER-CN JSON bundle,1069,e30988ce5e52b20f5fe42c571159b527dcc0ea232fc44d5eb798ac151cd3e84b,2026-08-14,CC BY-SA 3.0 unless a page records a different compatible notice,2020设定竞赛|eurtec|中心|全球超自然联盟|未建立|硅之诺伦,
da-author-etinjat-1c584251,Etinjat,da-work-1305377045,1305377045,死冥权能 中心,https://scp-wiki-cn.wikidot.com/necropotence,https://scp-wiki-cn.wikidot.com/necropotence,SCP-CN via SCPPER-CN,2020-10-17,,True,excluded_or_unverified,zh,True,True,excluded,not_marked_chinese_original,data/raw/deep_author/works/da-work-1305377045.json,SCPPER-CN JSON bundle,946,a9c0e6e9d23aeb017403b855ba1156079b2590b934e08d3b073e64b611f23c24,2026-08-14,CC BY-SA 3.0 unless a page records a different compatible notice,2020设定竞赛|中心|最冷之战,
da-author-etinjat-1c584251,Etinjat,da-work-1305514648,1305514648,万劫历数 中心,https://scp-wiki-cn.wikidot.com/the-kismet-ephemeris-of-kalpas-hub,https://scp-wiki-cn.wikidot.com/the-kismet-ephemeris-of-kalpas-hub,SCP-CN via SCPPER-CN,2020-10-22,,True,excluded_or_unverified,zh,False,True,excluded,structural_or_non_work_page,data/raw/deep_author/works/da-work-1305514648.json,SCPPER-CN JSON bundle,2893,f9e7b79d485fa9b98b652d55bf0e798fea70a6854c8c5ecce25ecc14615c0d57,2026-08-14,CC BY-SA 3.0 unless a page records a different compatible notice,76年班|_故事中心|alagadda|alexylva大学|asci|baao|bright博士|cc|gp快递|ijamea|jagpato|mc&d|nobody|obskura|pangloss|pcs异度署|uiu|wondertainment博士|万劫历数|三波特兰|三重月倡议会|中心|二十五号部门|五芒星|亚伯|伟大绿神|修正花卉|全球超自然联盟|全线战争|公安部特事课|医院|原创|咬冴队员|地平线倡议|夏异常|夜之子|大术士亚恩|奇妙世界|奇物室|安德森机器人|岿阳派|工厂|幽灵岛同盟|异学会|异常科学院|打鲨鱼中心|扭曲之松|扶桑纪|文言文|普罗米修斯实验室|最冷之战|有村组|朝鲜|格鲁乌p部门|橡树|欲肉教|死之兄弟|深红之王|混沌分裂者|港城江|火炬之子|炼金学部|爱蒂塔计划|特工许|犀贺派|狄瓦|相啸魔|石榴俱乐部|破碎之神教会|第三定律|第二海托世教会|第五教会|绅士团|绿麻雀基金会|缢王|美第奇神秘艺术学院|舰政本部对超常课|舰队|芝加哥鬼灵|蒐集院|蓝宝石|蛇之手|被放逐者之图书馆|西加斯坦|该隐|负号部队|赤链蛇之手|追忆内殿|金帐军|银河联邦|香城|魔法学院|鹿学院,
da-author-etinjat-1c584251,Etinjat,da-work-1305587645,1305587645,无名人观察无名人被拒绝的请求,https://scp-wiki-cn.wikidot.com/memebodies,https://scp-wiki-cn.wikidot.com/memebodies,SCP-CN via SCPPER-CN,2020-10-24,,True,excluded_or_unverified,zh,True,True,excluded,not_marked_chinese_original,data/raw/deep_author/works/da-work-1305587645.json,SCPPER-CN JSON bundle,869,c1fb9d9e53083325deb98044179d28b1265bf48127f0b16a203a2b2ee5f2a4ee,2026-08-14,CC BY-SA 3.0 unless a page records a different compatible notice,are-we-cool-yet|nobody|乌有之人|批评家|故事|黑兔公司,
da-author-etinjat-1c584251,Etinjat,da-work-1305620589,1305620589,复活 中心,https://scp-wiki-cn.wikidot.com/anastasis-hub,https://scp-wiki-cn.wikidot.com/anastasis-hub,SCP-CN via SCPPER-CN,2020-10-29,,True,excluded_or_unverified,zh,True,True,excluded,not_marked_chinese_original,data/raw/deep_author/works/da-work-1305620589.json,SCPPER-CN JSON bundle,866,24bac79599169a7dc3370710f6229428b1b102f8082f71c934cb677ddaf0fea3,2026-08-14,CC BY-SA 3.0 unless a page records a different compatible notice,2020设定竞赛|中心|全线战争,
da-author-etinjat-1c584251,Etinjat,da-work-1305762934,1305762934,异学子 · 西那王上 · 神御,https://scp-wiki-cn.wikidot.com/yixuetzu-vol-the-lord-of-sino-part-1,https://scp-wiki-cn.wikidot.com/yixuetzu-vol-the-lord-of-sino-part-1,SCP-CN via SCPPER-CN,2020-11-10,,True,single_selected_author,zh,False,False,included,,data/raw/deep_author/works/da-work-1305762934.json,SCPPER-CN JSON bundle,19583,6120f4243d2e115a0631130ad4c4f15bfcf9d02ce3e37ec46f93fe2021b3b717,2026-08-14,CC BY-SA 3.0 unless a page records a different compatible notice,_异学会|goi格式|原创|岿阳派|异学会|文言文|欲肉教|深红之王|狄瓦|破碎之神教会|第二海托世教会|缢王|西加斯坦,
da-author-etinjat-1c584251,Etinjat,da-work-1305773550,1305773550,热水壶,https://scp-wiki-cn.wikidot.com/scp-2434-jp,https://scp-wiki-cn.wikidot.com/scp-2434-jp,SCP-CN via SCPPER-CN,2020-11-10,,True,excluded_or_unverified,zh,True,True,excluded,not_marked_chinese_original,data/raw/deep_author/works/da-work-1305773550.json,SCPPER-CN JSON bundle,968,2832c354c665afa80a33dc158e196c091345f91c6107efcfa013f66d89ae4c4b,2026-08-14,CC BY-SA 3.0 unless a page records a different compatible notice,jp|meta|scp|二次翻译|信息危害|机密分级|误传部|金属,
da-author-etinjat-1c584251,Etinjat,da-work-1305799676,1305799676,艺术作品：Dr. Bright,https://scp-wiki-cn.wikidot.com/ozakitaii-19,https://scp-wiki-cn.wikidot.com/ozakitaii-19,SCP-CN via SCPPER-CN,2020-11-14,,True,excluded_or_unverified,zh,True,True,excluded,not_marked_chinese_original,data/raw/deep_author/works/da-work-1305799676.json,SCPPER-CN JSON bundle,1132,989870e5a1c26f337d68571fc7e2f1cc59a93e4db000e020e44d8c106d1d9d8b,2026-08-14,CC BY-SA 3.0 unless a page records a different compatible notice,jp|艺术作品,
da-author-etinjat-1c584251,Etinjat,da-work-1305801003,1305801003,依职权 主题版式,https://scp-wiki-cn.wikidot.com/theme:goc,https://scp-wiki-cn.wikidot.com/theme:goc,SCP-CN via SCPPER-CN,2020-11-14,,True,excluded_or_unverified,zh,True,True,excluded,not_marked_chinese_original,data/raw/deep_author/works/da-work-1305801003.json,SCPPER-CN JSON bundle,759,3e65de736ad38a550b57e186a29fbd02777443422c68fdae7702b9568798ace4,2026-08-14,CC BY-SA 3.0 unless a page records a different compatible notice,合著|版式,
da-author-etinjat-1c584251,Etinjat,da-work-1305878042,1305878042,“先生”,https://scp-wiki-cn.wikidot.com/teacher,https://scp-wiki-cn.wikidot.com/teacher,SCP-CN via SCPPER-CN,2020-11-23,,True,excluded_or_unverified,zh,True,True,excluded,not_marked_chinese_original,data/raw/deep_author/works/da-work-1305878042.json,SCPPER-CN JSON bundle,762,0a3f22030571a6c6ce5dc28137b61860a194fcf8e6c2ff2a801c1bf5981ffa0c,2026-08-14,CC BY-SA 3.0 unless a page records a different compatible notice,jp|艺术作品,
da-author-etinjat-1c584251,Etinjat,da-work-1305878113,1305878113,受难,https://scp-wiki-cn.wikidot.com/aw-3,https://scp-wiki-cn.wikidot.com/aw-3,SCP-CN via SCPPER-CN,2020-11-23,,True,excluded_or_unverified,zh,True,True,excluded,not_marked_chinese_original,data/raw/deep_author/works/da-work-1305878113.json,SCPPER-CN JSON bundle,818,77d728a93cad127a10d6a14f00dd75fd0c469c665bcf973b15ae5c09f4cc18ba,2026-08-14,CC BY-SA 3.0 unless a page records a different compatible notice,bright博士|jp|艺术作品,
da-author-etinjat-1c584251,Etinjat,da-work-1305878900,1305878900,tsucchii0301的SCP壁纸,https://scp-wiki-cn.wikidot.com/tsucchii0301-wallpapers,https://scp-wiki-cn.wikidot.com/tsucchii0301-wallpapers,SCP-CN via SCPPER-CN,2020-11-23,,True,excluded_or_unverified,zh,True,True,excluded,not_marked_chinese_original,data/raw/deep_author/works/da-work-1305878900.json,SCPPER-CN JSON bundle,915,2f18d6a910013ef4141f6e36e643681440cfe24f4ccd3d03867016fadf7fd2db,2026-08-14,CC BY-SA 3.0 unless a page records a different compatible notice,jp|艺术作品,
da-author-etinjat-1c584251,Etinjat,da-work-1305878913,1305878913,歌唱的雨声,https://scp-wiki-cn.wikidot.com/utauamaoto,https://scp-wiki-cn.wikidot.com/utauamaoto,SCP-CN via SCPPER-CN,2020-11-23,,True,excluded_or_unverified,zh,True,True,excluded,not_marked_chinese_original,data/raw/deep_author/works/da-work-1305878913.json,SCPPER-CN JSON bundle,769,e54214aba85972d80549df4f6601f13e92f49059a04e65b39a4c146c69e75d2e,2026-08-14,CC BY-SA 3.0 unless a page records a different compatible notice,jp|艺术作品,
da-author-etinjat-1c584251,Etinjat,da-work-1305907003,1305907003,艺术作品：SCP-173,https://scp-wiki-cn.wikidot.com/ozakitaii-20,https://scp-wiki-cn.wikidot.com/ozakitaii-20,SCP-CN via SCPPER-CN,2020-11-25,,True,excluded_or_unverified,zh,True,True,excluded,not_marked_chinese_original,data/raw/deep_author/works/da-work-1305907003.json,SCPPER-CN JSON bundle,807,8c954f716ce89090b715777fc7bc1e24ac2ef2980ef5c32c79141d74a31bd043,2026-08-14,CC BY-SA 3.0 unless a page records a different compatible notice,jp|艺术作品,
da-author-etinjat-1c584251,Etinjat,da-work-1306089639,1306089639,艺术作品 黑陶特工,https://scp-wiki-cn.wikidot.com/rui-take-aw-6,https://scp-wiki-cn.wikidot.com/rui-take-aw-6,SCP-CN via SCPPER-CN,2020-12-05,,True,excluded_or_unverified,zh,True,True,excluded,not_marked_chinese_original,data/raw/deep_author/works/da-work-1306089639.json,SCPPER-CN JSON bundle,738,b461891e59da7ae39ae388dd2ee7060e5ba2434358000b24320a78df857cbca3,2026-08-14,CC BY-SA 3.0 unless a page records a different compatible notice,jp|艺术作品,
da-author-etinjat-1c584251,Etinjat,da-work-1306089660,1306089660,fish_paste_slice的剪纸艺术,https://scp-wiki-cn.wikidot.com/fish-paste-slice-artwork,https://scp-wiki-cn.wikidot.com/fish-paste-slice-artwork,SCP-CN via SCPPER-CN,2020-12-05,,True,excluded_or_unverified,zh,True,True,excluded,not_marked_chinese_original,data/raw/deep_author/works/da-work-1306089660.json,SCPPER-CN JSON bundle,1218,d8fd13ac38e40e9b71233dc5533f2006dc1a59a99d266fb14b845bed76011a51,2026-08-14,CC BY-SA 3.0 unless a page records a different compatible notice,jp|咬冴队员|艺术作品,
da-author-etinjat-1c584251,Etinjat,da-work-1306142728,1306142728,Dingir:SCP-076,https://scp-wiki-cn.wikidot.com/dingir,https://scp-wiki-cn.wikidot.com/dingir,SCP-CN via SCPPER-CN,2020-12-09,,True,excluded_or_unverified,zh,True,True,excluded,not_marked_chinese_original,data/raw/deep_author/works/da-work-1306142728.json,SCPPER-CN JSON bundle,927,1a0a17f7f9a17d33eb892e34ef18d6f482654a75968fc90665814a205f4cb7e1,2026-08-14,CC BY-SA 3.0 unless a page records a different compatible notice,jp|二次翻译|艺术作品,
da-author-etinjat-1c584251,Etinjat,da-work-1306161187,1306161187,摇铃组诗 - 秋之章,https://scp-wiki-cn.wikidot.com/the-verses-of-the-bell-ringer-that-fall,https://scp-wiki-cn.wikidot.com/the-verses-of-the-bell-ringer-that-fall,SCP-CN via SCPPER-CN,2020-12-11,,True,single_selected_author,zh,False,False,included,,data/raw/deep_author/works/da-work-1306161187.json,SCPPER-CN JSON bundle,10501,c3362b38f79feb51c058b0f76a2a12813a95546fa49b6ffcd15d3cc75cfc582b,2026-08-14,CC BY-SA 3.0 unless a page records a different compatible notice,原创|故事|诗歌|铃者诗章,
da-author-etinjat-1c584251,Etinjat,da-work-1306311171,1306311171,异学零壹捌 感孕寄胎,https://scp-wiki-cn.wikidot.com/yixue018,https://scp-wiki-cn.wikidot.com/yixue018,SCP-CN via SCPPER-CN,2020-12-23,,True,single_selected_author,zh,False,False,included,,data/raw/deep_author/works/da-work-1306311171.json,SCPPER-CN JSON bundle,52654,3c7aa4e8ba5ecd39b1683717675d6d080a4d34c71db6426426903cf9eeef7407,2026-08-14,CC BY-SA 3.0 unless a page records a different compatible notice,_异学会|goi格式|robert-bumaro|万劫历数|原创|大术士亚恩|岿阳派|异学会|文言文|欲肉教|火炬之子|狄瓦|破碎之神教会,
da-author-etinjat-1c584251,Etinjat,da-work-1306318159,1306318159,步虚列仙传续编：北极仙翁礼宝丈人,https://scp-wiki-cn.wikidot.com/wanderers:chinese-santa-claus,https://scp-wiki-cn.wikidot.com/wanderers:chinese-santa-claus,SCP-CN via SCPPER-CN,2020-12-24,,True,single_selected_author,zh,False,False,included,,data/raw/deep_author/works/da-work-1306318159.json,SCPPER-CN JSON bundle,12870,8692698c86b189c83d6db804f14487e184becf1db73cba9a85947ec160c4980a,2026-08-14,CC BY-SA 3.0 unless a page records a different compatible notice,wanderers|原创|寓言|散文|文言文|琅嬛福地藏书阁|神话|记载,
da-author-etinjat-1c584251,Etinjat,da-work-1306323072,1306323072,夜中木马,https://scp-wiki-cn.wikidot.com/scp-074-el,https://scp-wiki-cn.wikidot.com/scp-074-el,SCP-CN via SCPPER-CN,2020-12-25,,True,excluded_or_unverified,zh,True,True,excluded,not_marked_chinese_original,data/raw/deep_author/works/da-work-1306323072.json,SCPPER-CN JSON bundle,854,60773973e1567dfc9c868978c047ccfd61ca3c57ec8fb60368fb62d686e1dfab,2026-08-14,CC BY-SA 3.0 unless a page records a different compatible notice,el|euclid|scp|二次翻译|动物|建筑|敌意|活物,
da-author-breaddddd-d9923f3d,breaddddd,da-work-1306372902,1306372902,非官方中分mtf列表整理,https://scp-wiki-cn.wikidot.com/mtf-list-cn-i,https://scp-wiki-cn.wikidot.com/mtf-list-cn-i,SCP-CN via SCPPER-CN,2020-12-31,,True,single_selected_author,zh,False,False,included,,data/raw/deep_author/works/da-work-1306372902.json,SCPPER-CN JSON bundle,283316,997c9957436d959b870bcf9d72212dba12c24fe1eb6681d683f4c95380d8c0d5,2026-08-14,CC BY-SA 3.0 unless a page records a different compatible notice,原创|补充材料,
da-author-etinjat-1c584251,Etinjat,da-work-1306373970,1306373970,海鸟海贼团 艺术作品,https://scp-wiki-cn.wikidot.com/ux-ou-ksgm,https://scp-wiki-cn.wikidot.com/ux-ou-ksgm,SCP-CN via SCPPER-CN,2020-12-31,,True,excluded_or_unverified,zh,True,True,excluded,not_marked_chinese_original,data/raw/deep_author/works/da-work-1306373970.json,SCPPER-CN JSON bundle,833,c48420dd710608303ad07b1d62f1e7ee2e41af433b75b3b7c212f6fecf28f0aa,2026-08-14,CC BY-SA 3.0 unless a page records a different compatible notice,jp|艺术作品,
da-author-etinjat-1c584251,Etinjat,da-work-1306379151,1306379151,谨贺新年,https://scp-wiki-cn.wikidot.com/2021-hitsujikaip,https://scp-wiki-cn.wikidot.com/2021-hitsujikaip,SCP-CN via SCPPER-CN,2021-01-01,,True,excluded_or_unverified,zh,True,True,excluded,not_marked_chinese_original,data/raw/deep_author/works/da-work-1306379151.json,SCPPER-CN JSON bundle,1235,efecd7d802dff7792818313e79d07e2fab64cbc167302f49ec4a478e27b6e92d,2026-08-14,CC BY-SA 3.0 unless a page records a different compatible notice,jp|五行结社|扶桑纪|艺术作品|蒐集院|鵺-斋宫,
da-author-etinjat-1c584251,Etinjat,da-work-1306381257,1306381257,仙编万画 -ZillionNames' Artworks-,https://scp-wiki-cn.wikidot.com/drawing-by-zillion-names,https://scp-wiki-cn.wikidot.com/drawing-by-zillion-names,SCP-CN via SCPPER-CN,2021-01-01,,True,excluded_or_unverified,zh,True,True,excluded,not_marked_chinese_original,data/raw/deep_author/works/da-work-1306381257.json,SCPPER-CN JSON bundle,882,e082b93322f37f7d0e4d00347a025d730f7397c8fd6e021a86dd4928e96afda4,2026-08-14,CC BY-SA 3.0 unless a page records a different compatible notice,jp|咬冴队员|艺术作品,
da-author-etinjat-1c584251,Etinjat,da-work-1306381319,1306381319,Readmaster的艺术作品,https://scp-wiki-cn.wikidot.com/readmaster-artwork,https://scp-wiki-cn.wikidot.com/readmaster-artwork,SCP-CN via SCPPER-CN,2021-01-01,,True,excluded_or_unverified,zh,True,True,excluded,not_marked_chinese_original,data/raw/deep_author/works/da-work-1306381319.json,SCPPER-CN JSON bundle,887,eccb9d08878fd17ce11bc009d20459ee77179dfd9ff29d8f0effcd63e0adc138,2026-08-14,CC BY-SA 3.0 unless a page records a different compatible notice,jp|咬冴队员|艺术作品,
da-author-etinjat-1c584251,Etinjat,da-work-1306401000,1306401000,Jackalrelated的艺术作品,https://scp-wiki-cn.wikidot.com/jackalrelated-art,https://scp-wiki-cn.wikidot.com/jackalrelated-art,SCP-CN via SCPPER-CN,2021-01-03,,True,excluded_or_unverified,zh,True,True,excluded,not_marked_chinese_original,data/raw/deep_author/works/da-work-1306401000.json,SCPPER-CN JSON bundle,828,20d526757b564d751c087cd557d6c8e261371ae792e15859541438b4a8deacee,2026-08-14,CC BY-SA 3.0 unless a page records a different compatible notice,艺术作品,
da-author-etinjat-1c584251,Etinjat,da-work-1306421277,1306421277,圣典落幕，光泽天下！第五牧伯今天上午为在激烈角逐中表现最虔诚最坚定的新任守护者，亲自主持传承仪式！,https://scp-wiki-cn.wikidot.com/holy-ship,https://scp-wiki-cn.wikidot.com/holy-ship,SCP-CN via SCPPER-CN,2021-01-05,,True,excluded_or_unverified,zh,False,True,excluded,coauthored_or_unclear_attribution,data/raw/deep_author/works/da-work-1306421277.json,SCPPER-CN JSON bundle,2567,35b29891caa0a4617bb65857b144fb0a44356580b8dbcbb2c41bc46790e9021e,2026-08-14,CC BY-SA 3.0 unless a page records a different compatible notice,原创|成人内容|掩藏页,
da-author-etinjat-1c584251,Etinjat,da-work-1306451575,1306451575,离地焰光旗,https://scp-wiki-cn.wikidot.com/our-world-has-been-falling-into-the-hellfire,https://scp-wiki-cn.wikidot.com/our-world-has-been-falling-into-the-hellfire,SCP-CN via SCPPER-CN,2021-01-09,,True,excluded_or_unverified,zh,False,True,excluded,coauthored_or_unclear_attribution,data/raw/deep_author/works/da-work-1306451575.json,SCPPER-CN JSON bundle,2364,92fe8a28b861d0ee7055067c70cb9e5b599bb199c223d41b6f0118dec2916bdc,2026-08-14,CC BY-SA 3.0 unless a page records a different compatible notice,原创|成人内容|掩藏页,
da-author-etinjat-1c584251,Etinjat,da-work-1306515747,1306515747,rui_take的艺术作品 —— 日本分部理事,https://scp-wiki-cn.wikidot.com/rui-take-directorsjp,https://scp-wiki-cn.wikidot.com/rui-take-directorsjp,SCP-CN via SCPPER-CN,2021-01-13,,True,excluded_or_unverified,zh,True,True,excluded,not_marked_chinese_original,data/raw/deep_author/works/da-work-1306515747.json,SCPPER-CN JSON bundle,1166,05c135e297eded25dc1f57f02ceb19215b8971d3aed2a2e45dbbc412fd39ed2e,2026-08-14,CC BY-SA 3.0 unless a page records a different compatible notice,jp|艺术作品|鵺-斋宫,
da-author-etinjat-1c584251,Etinjat,da-work-1306549775,1306549775,然后他将——,https://scp-wiki-cn.wikidot.com/aw-1,https://scp-wiki-cn.wikidot.com/aw-1,SCP-CN via SCPPER-CN,2021-01-15,,True,excluded_or_unverified,zh,True,True,excluded,not_marked_chinese_original,data/raw/deep_author/works/da-work-1306549775.json,SCPPER-CN JSON bundle,959,0f56f6b788c5d565c36589a7aaffe15d232d86c5d9c4c5d714ef83de761f1cd6,2026-08-14,CC BY-SA 3.0 unless a page records a different compatible notice,jp|艺术作品,
da-author-etinjat-1c584251,Etinjat,da-work-1306556638,1306556638,这是个社会实验,https://scp-wiki-cn.wikidot.com/scp-pl-kot-j,https://scp-wiki-cn.wikidot.com/scp-pl-kot-j,SCP-CN via SCPPER-CN,2021-01-16,,True,excluded_or_unverified,zh,True,True,excluded,not_marked_chinese_original,data/raw/deep_author/works/da-work-1306556638.json,SCPPER-CN JSON bundle,886,ad517d92b76d8edb4645d2c11bc41fd6ccbdf5666679b8d54d710531b8d635f9,2026-08-14,CC BY-SA 3.0 unless a page records a different compatible notice,pl|scp|搞笑|机密分级|模因|猫科,
da-author-etinjat-1c584251,Etinjat,da-work-1306585590,1306585590,暗闇之子,https://scp-wiki-cn.wikidot.com/artwork-jp-nika-4,https://scp-wiki-cn.wikidot.com/artwork-jp-nika-4,SCP-CN via SCPPER-CN,2021-01-19,,True,excluded_or_unverified,zh,True,True,excluded,not_marked_chinese_original,data/raw/deep_author/works/da-work-1306585590.json,SCPPER-CN JSON bundle,715,22d0564dba6017fedf07cc819cc2ccfc576196be5f72be8b4ad3d7790ec29179,2026-08-14,CC BY-SA 3.0 unless a page records a different compatible notice,jp|艺术作品,
da-author-etinjat-1c584251,Etinjat,da-work-1306652199,1306652199,绝对零度等待者,https://scp-wiki-cn.wikidot.com/scp-2503-jp,https://scp-wiki-cn.wikidot.com/scp-2503-jp,SCP-CN via SCPPER-CN,2021-01-21,,True,excluded_or_unverified,zh,True,True,excluded,not_marked_chinese_original,data/raw/deep_author/works/da-work-1306652199.json,SCPPER-CN JSON bundle,873,4b12c2cf77d05475a1f6875350be444b8631a8351e7a786c08f1322755e2dcce,2026-08-14,CC BY-SA 3.0 unless a page records a different compatible notice,euclid|jp|scp|二次翻译|反物理定律|感知力|无形,
da-author-etinjat-1c584251,Etinjat,da-work-1306663326,1306663326,我们世界的希望,https://scp-wiki-cn.wikidot.com/scp-pl-2021-j,https://scp-wiki-cn.wikidot.com/scp-pl-2021-j,SCP-CN via SCPPER-CN,2021-01-22,,True,excluded_or_unverified,zh,True,True,excluded,not_marked_chinese_original,data/raw/deep_author/works/da-work-1306663326.json,SCPPER-CN JSON bundle,771,24ba9b13003798dabbcdf374918490287091986c8599e0583a5a96ae908b57e9,2026-08-14,CC BY-SA 3.0 unless a page records a different compatible notice,pl|scp|搞笑|机密分级,
da-author-etinjat-1c584251,Etinjat,da-work-1306690468,1306690468,你累了的话就躺床上吧,https://scp-wiki-cn.wikidot.com/go-to-bed-if-you-re-tired,https://scp-wiki-cn.wikidot.com/go-to-bed-if-you-re-tired,SCP-CN via SCPPER-CN,2021-01-26,,True,excluded_or_unverified,zh,True,True,excluded,not_marked_chinese_original,data/raw/deep_author/works/da-work-1306690468.json,SCPPER-CN JSON bundle,897,21edd64d92cb045c1db7e231fcb57d4dfcb338b1f30cd142f7d3b11afe981ada,2026-08-14,CC BY-SA 3.0 unless a page records a different compatible notice,2018短篇竞赛|ko|二次翻译|故事,
da-author-etinjat-1c584251,Etinjat,da-work-1306695135,1306695135,给死者的信,https://scp-wiki-cn.wikidot.com/letters-to-the-dead,https://scp-wiki-cn.wikidot.com/letters-to-the-dead,SCP-CN via SCPPER-CN,2021-01-27,,True,excluded_or_unverified,zh,True,True,excluded,not_marked_chinese_original,data/raw/deep_author/works/da-work-1306695135.json,SCPPER-CN JSON bundle,911,b870b6bfad227a81c534f3eac322cbd9d65c4cbbeff800205e3c81e63ffcefc8,2026-08-14,CC BY-SA 3.0 unless a page records a different compatible notice,2018短篇竞赛|ko|二次翻译|故事|死之兄弟,
da-author-agent-phage-bc08199e,Agent Phage,da-work-1306820190,1306820190,除夕事变-第一部分：辞旧,https://scp-wiki-cn.wikidot.com/chinese-new-years-eve-event-part-1,https://scp-wiki-cn.wikidot.com/chinese-new-years-eve-event-part-1,SCP-CN via SCPPER-CN,2021-02-11,,True,single_selected_author,zh,False,False,included,,data/raw/deep_author/works/da-work-1306820190.json,SCPPER-CN JSON bundle,35003,615d8657afc56f2a779eb6c521119e494dcdfc6d8674a3fade9e61d2e354b096,2026-08-14,CC BY-SA 3.0 unless a page records a different compatible notice,原创|故事|重生计划,
da-author-agent-phage-bc08199e,Agent Phage,da-work-1306878731,1306878731,除夕事变-第二部分：贺岁,https://scp-wiki-cn.wikidot.com/chinese-new-years-eve-event-part-2,https://scp-wiki-cn.wikidot.com/chinese-new-years-eve-event-part-2,SCP-CN via SCPPER-CN,2021-02-12,,True,single_selected_author,zh,False,False,included,,data/raw/deep_author/works/da-work-1306878731.json,SCPPER-CN JSON bundle,45148,7dfcf3fbe5ac5d9f39266dca588ff5e19ccb6635c974793a2197ff2acbf76d2d,2026-08-14,CC BY-SA 3.0 unless a page records a different compatible notice,原创|故事|重生计划,
da-author-etinjat-1c584251,Etinjat,da-work-1306888808,1306888808,计算机历代记,https://scp-wiki-cn.wikidot.com/the-computer-chronicles,https://scp-wiki-cn.wikidot.com/the-computer-chronicles,SCP-CN via SCPPER-CN,2021-02-12,,True,excluded_or_unverified,zh,True,True,excluded,not_marked_chinese_original,data/raw/deep_author/works/da-work-1306888808.json,SCPPER-CN JSON bundle,1159,d2bb741e2c884c90d6d0592438ac88613491153f467b2ecb417accffc6ac3104,2026-08-14,CC BY-SA 3.0 unless a page records a different compatible notice,中心,
da-author-etinjat-1c584251,Etinjat,da-work-1306897385,1306897385,环抱光轮的神格,https://scp-wiki-cn.wikidot.com/chopin-godzilla-with-halo,https://scp-wiki-cn.wikidot.com/chopin-godzilla-with-halo,SCP-CN via SCPPER-CN,2021-02-13,,True,excluded_or_unverified,zh,True,True,excluded,not_marked_chinese_original,data/raw/deep_author/works/da-work-1306897385.json,SCPPER-CN JSON bundle,989,0f78eaedc4204ac39f4d7891ea6c07a56456d0a3c4a1391ffae6a0855b91acee,2026-08-14,CC BY-SA 3.0 unless a page records a different compatible notice,jp|艺术作品,
da-author-agent-phage-bc08199e,Agent Phage,da-work-1306900999,1306900999,除夕事变-第三部分：迎新,https://scp-wiki-cn.wikidot.com/chinese-new-years-eve-event-part-3,https://scp-wiki-cn.wikidot.com/chinese-new-years-eve-event-part-3,SCP-CN via SCPPER-CN,2021-02-14,,True,single_selected_author,zh,False,False,included,,data/raw/deep_author/works/da-work-1306900999.json,SCPPER-CN JSON bundle,45792,f4592cbb669ac645327066610def0c53608336c56f66b998abe659cde9d69329,2026-08-14,CC BY-SA 3.0 unless a page records a different compatible notice,05|原创|故事|重生计划,
da-author-agent-phage-bc08199e,Agent Phage,da-work-1306901813,1306901813,银杏生长,https://scp-wiki-cn.wikidot.com/ginkgo-biloba-grow,https://scp-wiki-cn.wikidot.com/ginkgo-biloba-grow,SCP-CN via SCPPER-CN,2021-02-14,,True,single_selected_author,zh,False,False,included,,data/raw/deep_author/works/da-work-1306901813.json,SCPPER-CN JSON bundle,33265,4adec5afe15b4b410692ae3589a9a3b274b8e217c3fd0f3947f0f7aeb2d27f09,2026-08-14,CC BY-SA 3.0 unless a page records a different compatible notice,原创|故事|重生计划,
da-author-agent-phage-bc08199e,Agent Phage,da-work-1306902656,1306902656,落雪故事集,https://scp-wiki-cn.wikidot.com/snow-tales,https://scp-wiki-cn.wikidot.com/snow-tales,SCP-CN via SCPPER-CN,2021-02-14,,True,excluded_or_unverified,zh,False,True,excluded,structural_or_non_work_page,data/raw/deep_author/works/da-work-1306902656.json,SCPPER-CN JSON bundle,1096,c147cab7cb6268f58bd90bbeb7221983461d0622e9ef80654b73ed12026b6c53,2026-08-14,CC BY-SA 3.0 unless a page records a different compatible notice,原创|合著|故事,
da-author-agent-phage-bc08199e,Agent Phage,da-work-1306909620,1306909620,年夜饭故事集,https://scp-wiki-cn.wikidot.com/nyed-tales,https://scp-wiki-cn.wikidot.com/nyed-tales,SCP-CN via SCPPER-CN,2021-02-15,,True,excluded_or_unverified,zh,False,True,excluded,structural_or_non_work_page,data/raw/deep_author/works/da-work-1306909620.json,SCPPER-CN JSON bundle,1113,aa4a4903418f007a9cec8989361b4ec8c582d6f70fbe8a493f7591a1c23e1045,2026-08-14,CC BY-SA 3.0 unless a page records a different compatible notice,原创|合著|故事,
da-author-re-spectators-464e4708,Re_spectators,da-work-1306943353,1306943353,SCP-CN-2000：混沌理论,https://scp-wiki-cn.wikidot.com/fragment:cn2000re-spectators-01,https://scp-wiki-cn.wikidot.com/fragment:cn2000re-spectators-01,SCP-CN via SCPPER-CN,2021-02-17,,True,excluded_or_unverified,zh,True,True,excluded,not_marked_chinese_original,data/raw/deep_author/works/da-work-1306943353.json,SCPPER-CN JSON bundle,1412,d940cb127c77a4bd95897d3d614319b8993ed2842c96f82d4b4c58c768b07709,2026-08-14,CC BY-SA 3.0 unless a page records a different compatible notice,段落,
da-author-re-spectators-464e4708,Re_spectators,da-work-1306943354,1306943354,SCP-CN-2000：混沌理论,https://scp-wiki-cn.wikidot.com/fragment:cn2000re-spectators-02,https://scp-wiki-cn.wikidot.com/fragment:cn2000re-spectators-02,SCP-CN via SCPPER-CN,2021-02-17,,True,excluded_or_unverified,zh,True,True,excluded,not_marked_chinese_original,data/raw/deep_author/works/da-work-1306943354.json,SCPPER-CN JSON bundle,997,9b89591923bf55ebcdda47159dad91e576f8c62626a54e257311c6717b89d50a,2026-08-14,CC BY-SA 3.0 unless a page records a different compatible notice,段落,
da-author-re-spectators-464e4708,Re_spectators,da-work-1306943357,1306943357,SCP-CN-2000：混沌理论,https://scp-wiki-cn.wikidot.com/fragment:cn2000re-spectators-03,https://scp-wiki-cn.wikidot.com/fragment:cn2000re-spectators-03,SCP-CN via SCPPER-CN,2021-02-17,,True,excluded_or_unverified,zh,True,True,excluded,not_marked_chinese_original,data/raw/deep_author/works/da-work-1306943357.json,SCPPER-CN JSON bundle,754,0f1c65a1a1a1ac9927d1a48dc862e64f83d48cd32b6d2df6a0cd6b53029f15ad,2026-08-14,CC BY-SA 3.0 unless a page records a different compatible notice,段落,
da-author-re-spectators-464e4708,Re_spectators,da-work-1306943394,1306943394,SCP-CN-2000：混沌理论,https://scp-wiki-cn.wikidot.com/fragment:cn2000re-spectators-04,https://scp-wiki-cn.wikidot.com/fragment:cn2000re-spectators-04,SCP-CN via SCPPER-CN,2021-02-17,,True,excluded_or_unverified,zh,True,True,excluded,not_marked_chinese_original,data/raw/deep_author/works/da-work-1306943394.json,SCPPER-CN JSON bundle,1028,3d938221148785372c70dee5058f338e999bd405d6a3f528d6bb7a7fd4507195,2026-08-14,CC BY-SA 3.0 unless a page records a different compatible notice,段落,
da-author-re-spectators-464e4708,Re_spectators,da-work-1306943396,1306943396,SCP-CN-2000：混沌理论,https://scp-wiki-cn.wikidot.com/fragment:cn2000re-spectators-05,https://scp-wiki-cn.wikidot.com/fragment:cn2000re-spectators-05,SCP-CN via SCPPER-CN,2021-02-17,,True,excluded_or_unverified,zh,True,True,excluded,not_marked_chinese_original,data/raw/deep_author/works/da-work-1306943396.json,SCPPER-CN JSON bundle,761,b33c6e18d960be946b23b629716bbc95471a06c00b22bd124150c8a399b80f05,2026-08-14,CC BY-SA 3.0 unless a page records a different compatible notice,段落,
da-author-re-spectators-464e4708,Re_spectators,da-work-1306943397,1306943397,SCP-CN-2000：混沌理论,https://scp-wiki-cn.wikidot.com/fragment:cn2000re-spectators-06,https://scp-wiki-cn.wikidot.com/fragment:cn2000re-spectators-06,SCP-CN via SCPPER-CN,2021-02-17,,True,excluded_or_unverified,zh,True,True,excluded,not_marked_chinese_original,data/raw/deep_author/works/da-work-1306943397.json,SCPPER-CN JSON bundle,1015,b4d072faed6cd3bba609d454974c26ee7e3bdd4dd69086c3449b729ee8c5d469,2026-08-14,CC BY-SA 3.0 unless a page records a different compatible notice,段落,
da-author-re-spectators-464e4708,Re_spectators,da-work-1306943399,1306943399,混沌理论,https://scp-wiki-cn.wikidot.com/scp-cn-2000,https://scp-wiki-cn.wikidot.com/scp-cn-2000,SCP-CN via SCPPER-CN,2021-02-17,,True,single_selected_author,zh,False,False,included,,data/raw/deep_author/works/da-work-1306943399.json,SCPPER-CN JSON bundle,10031,d276aa9b150dc782337cb45a0335a82e76a76a662c61c9438fd537865915275b,2026-08-14,CC BY-SA 3.0 unless a page records a different compatible notice,cn2000|scp|历史性|原创|强迫性|机密分级|混沌分裂者|爱蒂塔计划|精品,
da-author-etinjat-1c584251,Etinjat,da-work-1306968692,1306968692,Candice Hayes,https://scp-wiki-cn.wikidot.com/she-is-the-w-w,https://scp-wiki-cn.wikidot.com/she-is-the-w-w,SCP-CN via SCPPER-CN,2021-02-20,,True,excluded_or_unverified,zh,True,True,excluded,not_marked_chinese_original,data/raw/deep_author/works/da-work-1306968692.json,SCPPER-CN JSON bundle,871,7595b9f51c927cd8bf9dd1b4e56d815fde423527c768ab1cc3925e228db54d3f,2026-08-14,CC BY-SA 3.0 unless a page records a different compatible notice,jp|艺术作品,
da-author-mscarlet-78b5e8fb,MScarlet,da-work-1306973566,1306973566,SCP-CN-2250,https://scp-wiki-cn.wikidot.com/fragment:cn2000mscarlet-1,https://scp-wiki-cn.wikidot.com/fragment:cn2000mscarlet-1,SCP-CN via SCPPER-CN,2021-02-21,,True,excluded_or_unverified,zh,True,True,excluded,not_marked_chinese_original,data/raw/deep_author/works/da-work-1306973566.json,SCPPER-CN JSON bundle,1070,0a0d9f72d3e8376004b4b28f4beb1f74a02ebcb73d05a1ed70d91cc38268b3c5,2026-08-14,CC BY-SA 3.0 unless a page records a different compatible notice,段落,
da-author-mscarlet-78b5e8fb,MScarlet,da-work-1306973569,1306973569,SCP-CN-2250,https://scp-wiki-cn.wikidot.com/fragment:cn2000mscarlet-2,https://scp-wiki-cn.wikidot.com/fragment:cn2000mscarlet-2,SCP-CN via SCPPER-CN,2021-02-21,,True,excluded_or_unverified,zh,True,True,excluded,not_marked_chinese_original,data/raw/deep_author/works/da-work-1306973569.json,SCPPER-CN JSON bundle,946,356a6cf66511d0aa88c2c9d0fc2471271a65c5552080d145ef7f80c16a4c6e88,2026-08-14,CC BY-SA 3.0 unless a page records a different compatible notice,段落,
da-author-mscarlet-78b5e8fb,MScarlet,da-work-1306973576,1306973576,SCP-CN-2250,https://scp-wiki-cn.wikidot.com/fragment:cn2000mscarlet-3,https://scp-wiki-cn.wikidot.com/fragment:cn2000mscarlet-3,SCP-CN via SCPPER-CN,2021-02-21,,True,excluded_or_unverified,zh,True,True,excluded,not_marked_chinese_original,data/raw/deep_author/works/da-work-1306973576.json,SCPPER-CN JSON bundle,808,37dea7f3ae16cd63bb5c4e56473d84fea58abd88788d8bb9c1157361be4b1d95,2026-08-14,CC BY-SA 3.0 unless a page records a different compatible notice,段落,
da-author-mscarlet-78b5e8fb,MScarlet,da-work-1306973577,1306973577,假面,https://scp-wiki-cn.wikidot.com/scp-cn-2250,https://scp-wiki-cn.wikidot.com/scp-cn-2250,SCP-CN via SCPPER-CN,2021-02-21,,True,single_selected_author,zh,False,False,included,,data/raw/deep_author/works/da-work-1306973577.json,SCPPER-CN JSON bundle,26902,1c29af7aed1e2a8782813d8219071c88c843c6f932bf6747273ffe0d16d0e80e,2026-08-14,CC BY-SA 3.0 unless a page records a different compatible notice,_ms|cn2000|euclid|scp|site-cn-21|site-cn-71|uiu|wondertainment博士|原创|反大麻玩家|形态改变|混沌分裂者|港城江|香城,
da-author-etinjat-1c584251,Etinjat,da-work-1306978304,1306978304,插画：仙波特工,https://scp-wiki-cn.wikidot.com/agent-senba,https://scp-wiki-cn.wikidot.com/agent-senba,SCP-CN via SCPPER-CN,2021-02-22,,True,excluded_or_unverified,zh,True,True,excluded,not_marked_chinese_original,data/raw/deep_author/works/da-work-1306978304.json,SCPPER-CN JSON bundle,949,a017233e1c40e76600a996417c991e08b5c06b1607562f9306df188077a4cb7d,2026-08-14,CC BY-SA 3.0 unless a page records a different compatible notice,jp|艺术作品,
da-author-agent-phage-bc08199e,Agent Phage,da-work-1306978766,1306978766,怪谈漫游,https://scp-wiki-cn.wikidot.com/scp-cn-2002,https://scp-wiki-cn.wikidot.com/scp-cn-2002,SCP-CN via SCPPER-CN,2021-02-22,,True,excluded_or_unverified,zh,False,True,excluded,structural_or_non_work_page,data/raw/deep_author/works/da-work-1306978766.json,SCPPER-CN JSON bundle,905,0e1972d609d7410abef2cd4c25955722d1083047d7497a0e386ecb18e0011e05,2026-08-14,CC BY-SA 3.0 unless a page records a different compatible notice,cn2000|scp|原创|合著|机密分级|精品,
da-author-breaddddd-d9923f3d,breaddddd,da-work-1306989753,1306989753,SPC-CN-777,https://scp-wiki-cn.wikidot.com/spc-cn-777,https://scp-wiki-cn.wikidot.com/spc-cn-777,SCP-CN via SCPPER-CN,2021-02-24,,True,single_selected_author,zh,False,False,included,,data/raw/deep_author/works/da-work-1306989753.json,SCPPER-CN JSON bundle,15045,e264bb4e3277c29ad10ab73fdb1bcfe5d36f9f636fd176814e821b0ee05ecdc7,2026-08-14,CC BY-SA 3.0 unless a page records a different compatible notice,_打鲨鱼中心|goi格式|原创|安布罗斯餐厅|打鲨鱼中心,
da-author-etinjat-1c584251,Etinjat,da-work-1306990183,1306990183,渺茫生建木,https://scp-wiki-cn.wikidot.com/lignum,https://scp-wiki-cn.wikidot.com/lignum,SCP-CN via SCPPER-CN,2021-02-24,,True,single_selected_author,zh,False,False,included,,data/raw/deep_author/works/da-work-1306990183.json,SCPPER-CN JSON bundle,5588,41066c9433352653e2f745512dd532f137674205526ec45a52979a6c3af83f09,2026-08-14,CC BY-SA 3.0 unless a page records a different compatible notice,2021冬季征文|原创|故事|诗歌,
da-author-etinjat-1c584251,Etinjat,da-work-1307002174,1307002174,警笛头,https://scp-wiki-cn.wikidot.com/scp-876-ko,https://scp-wiki-cn.wikidot.com/scp-876-ko,SCP-CN via SCPPER-CN,2021-02-26,,True,excluded_or_unverified,zh,True,True,excluded,not_marked_chinese_original,data/raw/deep_author/works/da-work-1307002174.json,SCPPER-CN JSON bundle,1181,c0d6d9a09d287ed9d340e9ae2234922653340f88fad2ac93252baecc976ce03f,2026-08-14,CC BY-SA 3.0 unless a page records a different compatible notice,keter|ko|scp|二次翻译|听觉影响|强迫性|模因|认知危害,
da-author-agent-phage-bc08199e,Agent Phage,da-work-1307047125,1307047125,Sigma-9 中分版式中心,https://scp-wiki-cn.wikidot.com/sigma-9-themes-cn,https://scp-wiki-cn.wikidot.com/sigma-9-themes-cn,SCP-CN via SCPPER-CN,2021-03-06,,True,excluded_or_unverified,zh,False,True,excluded,structural_or_non_work_page,data/raw/deep_author/works/da-work-1307047125.json,SCPPER-CN JSON bundle,1444,c26f38081c2b1ac448a54d54fd4cadaab169f782260667cacf150e6d7138b2a3,2026-08-14,CC BY-SA 3.0 unless a page records a different compatible notice,中心|原创|合作,
da-author-etinjat-1c584251,Etinjat,da-work-1307243107,1307243107,太平洋司令部1943 版式,https://scp-wiki-cn.wikidot.com/theme:pacom1943,https://scp-wiki-cn.wikidot.com/theme:pacom1943,SCP-CN via SCPPER-CN,2021-03-14,,True,excluded_or_unverified,zh,True,True,excluded,not_marked_chinese_original,data/raw/deep_author/works/da-work-1307243107.json,SCPPER-CN JSON bundle,767,754484f2867a8b222a09ced5bc575907ea835ad07db5bfb52596f1dad710b9d8,2026-08-14,CC BY-SA 3.0 unless a page records a different compatible notice,ko|版式,
da-author-etinjat-1c584251,Etinjat,da-work-1307243127,1307243127,太平洋司令部 版式,https://scp-wiki-cn.wikidot.com/theme:pacom,https://scp-wiki-cn.wikidot.com/theme:pacom,SCP-CN via SCPPER-CN,2021-03-14,,True,excluded_or_unverified,zh,True,True,excluded,not_marked_chinese_original,data/raw/deep_author/works/da-work-1307243127.json,SCPPER-CN JSON bundle,808,d78fcac28b1a1e4d3dc8cd59657805ee72bb5f4beff3bbe4dc49b493f9507e55,2026-08-14,CC BY-SA 3.0 unless a page records a different compatible notice,ko|版式,
da-author-etinjat-1c584251,Etinjat,da-work-1307247841,1307247841,茧房,https://scp-wiki-cn.wikidot.com/scp-cn-2775,https://scp-wiki-cn.wikidot.com/scp-cn-2775,SCP-CN via SCPPER-CN,2021-03-15,,True,single_selected_author,zh,False,False,included,,data/raw/deep_author/works/da-work-1307247841.json,SCPPER-CN JSON bundle,13063,503be084934f2fac4858535192b494f0b129bf3a55b21e0a332477c27390de44,2026-08-14,CC BY-SA 3.0 unless a page records a different compatible notice,meta|scp|thaumiel|信息危害|全球超自然联盟|原创|基金会制|混沌分裂者|破碎之神教会|蜘蛛|认知危害|记忆影响|逆模因,
da-author-re-spectators-464e4708,Re_spectators,da-work-1307368226,1307368226,盐之子,https://scp-wiki-cn.wikidot.com/scp-cn-2335,https://scp-wiki-cn.wikidot.com/scp-cn-2335,SCP-CN via SCPPER-CN,2021-03-16,,True,single_selected_author,zh,False,False,included,,data/raw/deep_author/works/da-work-1307368226.json,SCPPER-CN JSON bundle,34957,275c4150d8be5cf534787e8e2656190f80ce43a332d87abe078478283efcefed,2026-08-14,CC BY-SA 3.0 unless a page records a different compatible notice,scp|化学性|原创|无效化,
da-author-etinjat-1c584251,Etinjat,da-work-1307407984,1307407984,艺术作品许特工,https://scp-wiki-cn.wikidot.com/yurusan-artwork,https://scp-wiki-cn.wikidot.com/yurusan-artwork,SCP-CN via SCPPER-CN,2021-03-16,,True,excluded_or_unverified,zh,True,True,excluded,not_marked_chinese_original,data/raw/deep_author/works/da-work-1307407984.json,SCPPER-CN JSON bundle,858,c3ebdcf91c7e4d0bf35f6fb3d9d45a457165bef7e84d64d9c152e21a359db8af,2026-08-14,CC BY-SA 3.0 unless a page records a different compatible notice,jp|特工许|艺术作品,
da-author-etinjat-1c584251,Etinjat,da-work-1307465113,1307465113,咸水歌·疍家仔,https://scp-wiki-cn.wikidot.com/wanderers:ballad-for-the-transmundane-wanderers,https://scp-wiki-cn.wikidot.com/wanderers:ballad-for-the-transmundane-wanderers,SCP-CN via SCPPER-CN,2021-03-18,,True,single_selected_author,zh,False,False,included,,data/raw/deep_author/works/da-work-1307465113.json,SCPPER-CN JSON bundle,6027,d9e06c58289bf1fa13444a4a0da67c3529329cf416ff509ea4773f25adef2dff,2026-08-14,CC BY-SA 3.0 unless a page records a different compatible notice,wanderers|原创|宗教性|琅嬛福地藏书阁|神灵|神话|韵文,
da-author-agent-phage-bc08199e,Agent Phage,da-work-1308319039,1308319039,时停的囚笼,https://scp-wiki-cn.wikidot.com/scp-cn-2099,https://scp-wiki-cn.wikidot.com/scp-cn-2099,SCP-CN via SCPPER-CN,2021-03-21,,True,single_selected_author,zh,False,False,included,,data/raw/deep_author/works/da-work-1308319039.json,SCPPER-CN JSON bundle,30927,6ff83646712e8df47f88ab2ed0364db104848df65f869a9059749d8c77e31b24,2026-08-14,CC BY-SA 3.0 unless a page records a different compatible notice,keter|scp|site-cn-91|原创|时间影响,
da-author-etinjat-1c584251,Etinjat,da-work-1308321431,1308321431,糟透疗法（1998）,https://scp-wiki-cn.wikidot.com/goi-balls-02,https://scp-wiki-cn.wikidot.com/goi-balls-02,SCP-CN via SCPPER-CN,2021-03-21,,True,excluded_or_unverified,zh,True,True,excluded,not_marked_chinese_original,data/raw/deep_author/works/da-work-1308321431.json,SCPPER-CN JSON bundle,1301,7477dfbfe2ecc24264e6bcbc7904f2ab4b21e552da07155a6e051407d7ef6dc5,2026-08-14,CC BY-SA 3.0 unless a page records a different compatible notice,1998|jp|艺术作品,
da-author-etinjat-1c584251,Etinjat,da-work-1308330782,1308330782,GOI球艺术作品 “故事系列-JP”,https://scp-wiki-cn.wikidot.com/goi-balls-05,https://scp-wiki-cn.wikidot.com/goi-balls-05,SCP-CN via SCPPER-CN,2021-03-22,,True,excluded_or_unverified,zh,True,True,excluded,not_marked_chinese_original,data/raw/deep_author/works/da-work-1308330782.json,SCPPER-CN JSON bundle,1597,cd71f79bc390ecec2f704e3e279ebeb82a3d6c6eadc52632b4871d7dd5e54862,2026-08-14,CC BY-SA 3.0 unless a page records a different compatible notice,2013忘年会竞赛|jp|信浓中央新闻|大怪兽决战故事|宴会之后|尸检|歌德制片|艺术作品|青钝色的天空|鞑靼之轭,
da-author-breaddddd-d9923f3d,breaddddd,da-work-1308413127,1308413127,文语谈 第十三期：真理,https://scp-wiki-cn.wikidot.com/page-and-view-varitas,https://scp-wiki-cn.wikidot.com/page-and-view-varitas,SCP-CN via SCPPER-CN,2021-03-25,,True,single_selected_author,zh,False,False,included,,data/raw/deep_author/works/da-work-1308413127.json,SCPPER-CN JSON bundle,182579,61e91316aee7611a6d0d5437c231e9029f6ed4a1f4dd05d7ed6cbf9683bc7b6f,2026-08-14,CC BY-SA 3.0 unless a page records a different compatible notice,原创|文章,
da-author-agent-phage-bc08199e,Agent Phage,da-work-1308421046,1308421046,迷宫 中心,https://scp-wiki-cn.wikidot.com/maze-hub,https://scp-wiki-cn.wikidot.com/maze-hub,SCP-CN via SCPPER-CN,2021-03-26,,True,excluded_or_unverified,zh,False,True,excluded,structural_or_non_work_page,data/raw/deep_author/works/da-work-1308421046.json,SCPPER-CN JSON bundle,717,9cfd5b2c0d165bf25c82c9bf7ba36d750970fe61a324ae66f389bf18d7dd03b0,2026-08-14,CC BY-SA 3.0 unless a page records a different compatible notice,中心|原创|迷宫,
da-author-etinjat-1c584251,Etinjat,da-work-1308421623,1308421623,大正 150 年 版式,https://scp-wiki-cn.wikidot.com/theme:taisho150,https://scp-wiki-cn.wikidot.com/theme:taisho150,SCP-CN via SCPPER-CN,2021-03-26,,True,excluded_or_unverified,zh,True,True,excluded,not_marked_chinese_original,data/raw/deep_author/works/da-work-1308421623.json,SCPPER-CN JSON bundle,919,4f53398853eb0b26811fd26f84da6de8c8a473f311544c50cd2c0ba2118b2ee6,2026-08-14,CC BY-SA 3.0 unless a page records a different compatible notice,jp|大正150年|版式,
da-author-etinjat-1c584251,Etinjat,da-work-1308423105,1308423105,東弊舍 版式,https://scp-wiki-cn.wikidot.com/theme:touheisha,https://scp-wiki-cn.wikidot.com/theme:touheisha,SCP-CN via SCPPER-CN,2021-03-26,,True,excluded_or_unverified,zh,True,True,excluded,not_marked_chinese_original,data/raw/deep_author/works/da-work-1308423105.json,SCPPER-CN JSON bundle,842,c944d00ca015423ae51e9214e8f1a4a559c6c42a76b57c65ba26da17b05b157f,2026-08-14,CC BY-SA 3.0 unless a page records a different compatible notice,jp|东弊重工|合著|大正150年|版式,
da-author-breaddddd-d9923f3d,breaddddd,da-work-1308434499,1308434499,小区守护神,https://scp-wiki-cn.wikidot.com/scp-cn-2111,https://scp-wiki-cn.wikidot.com/scp-cn-2111,SCP-CN via SCPPER-CN,2021-03-27,,True,single_selected_author,zh,False,False,included,,data/raw/deep_author/works/da-work-1308434499.json,SCPPER-CN JSON bundle,23218,6e53da772e10cde857eb7ed6175fc5abe4c8198e54ad06246e6ba6f0358a6a64,2026-08-14,CC BY-SA 3.0 unless a page records a different compatible notice,safe|scp|原创|现实扭曲|精品|雕塑,
da-author-breaddddd-d9923f3d,breaddddd,da-work-1308434501,1308434501,小美面具,https://scp-wiki-cn.wikidot.com/scp-cn-2424,https://scp-wiki-cn.wikidot.com/scp-cn-2424,SCP-CN via SCPPER-CN,2021-03-27,,True,single_selected_author,zh,False,False,included,,data/raw/deep_author/works/da-work-1308434501.json,SCPPER-CN JSON bundle,23214,0148e6a736b3311fd3a548bd432f0dc117a04566bbce89058a19de8ea43bc42a,2026-08-14,CC BY-SA 3.0 unless a page records a different compatible notice,safe|scp|传送|原创|精神影响|饰品,
da-author-etinjat-1c584251,Etinjat,da-work-1308444018,1308444018,废除部 版式,https://scp-wiki-cn.wikidot.com/theme:decom-dept,https://scp-wiki-cn.wikidot.com/theme:decom-dept,SCP-CN via SCPPER-CN,2021-03-28,,True,excluded_or_unverified,zh,True,True,excluded,not_marked_chinese_original,data/raw/deep_author/works/da-work-1308444018.json,SCPPER-CN JSON bundle,679,33f2f8d450e04492eaed0ada04234ddf1c453ae98a2ac768e710bb6e8cc15186,2026-08-14,CC BY-SA 3.0 unless a page records a different compatible notice,版式,
da-author-etinjat-1c584251,Etinjat,da-work-1308458571,1308458571,笔记本组件 单页样式 开头部分,https://scp-wiki-cn.wikidot.com/component:note-paper-head,https://scp-wiki-cn.wikidot.com/component:note-paper-head,SCP-CN via SCPPER-CN,2021-03-31,,True,excluded_or_unverified,zh,False,True,excluded,structural_or_non_work_page,data/raw/deep_author/works/da-work-1308458571.json,SCPPER-CN JSON bundle,11943,0c5894e044ccb4e5878aef27633745dbdb6679758ebb1fa1a71f20f30274b5d3,2026-08-14,CC BY-SA 3.0 unless a page records a different compatible notice,原创|组件,
da-author-etinjat-1c584251,Etinjat,da-work-1308458573,1308458573,笔记本组件 单页样式 结尾部分,https://scp-wiki-cn.wikidot.com/component:note-paper-tail,https://scp-wiki-cn.wikidot.com/component:note-paper-tail,SCP-CN via SCPPER-CN,2021-03-31,,True,excluded_or_unverified,zh,False,True,excluded,structural_or_non_work_page,data/raw/deep_author/works/da-work-1308458573.json,SCPPER-CN JSON bundle,2792,ed4e38cf540701a7637ccc154c1743faf978359c6488c54ef1b24867173623c9,2026-08-14,CC BY-SA 3.0 unless a page records a different compatible notice,原创|组件,
da-author-mscarlet-78b5e8fb,MScarlet,da-work-1308463471,1308463471,基金會假面—精選劇照合集（2021愚人節CN）,https://scp-wiki-cn.wikidot.com/af-cn-2021,https://scp-wiki-cn.wikidot.com/af-cn-2021,SCP-CN via SCPPER-CN,2021-04-01,,True,excluded_or_unverified,zh,False,True,excluded,structural_or_non_work_page,data/raw/deep_author/works/da-work-1308463471.json,SCPPER-CN JSON bundle,1394,e2ace784ad243e6109406b0b2df834445db6b37aa366da8f97ef5558d6e14275,2026-08-14,CC BY-SA 3.0 unless a page records a different compatible notice,_ms|crossover项目|原创|搞笑|故事|艺术作品,
da-author-etinjat-1c584251,Etinjat,da-work-1308474740,1308474740,●●|●●●●●|●●|● - ●●●,https://scp-wiki-cn.wikidot.com/wagnascousin-7,https://scp-wiki-cn.wikidot.com/wagnascousin-7,SCP-CN via SCPPER-CN,2021-04-04,,True,excluded_or_unverified,zh,True,True,excluded,not_marked_chinese_original,data/raw/deep_author/works/da-work-1308474740.json,SCPPER-CN JSON bundle,962,40c1c4026aab7a4f76b7801a2ef7753035a14b20a60f96f3dc73cd0a43a400de,2026-08-14,CC BY-SA 3.0 unless a page records a different compatible notice,jp|二次翻译|十个点|故事,
da-author-agent-phage-bc08199e,Agent Phage,da-work-1308475040,1308475040,文语谈 第十五期：歌辞,https://scp-wiki-cn.wikidot.com/page-and-view-lyrics-linn,https://scp-wiki-cn.wikidot.com/page-and-view-lyrics-linn,SCP-CN via SCPPER-CN,2021-04-04,,True,single_selected_author,zh,False,False,included,,data/raw/deep_author/works/da-work-1308475040.json,SCPPER-CN JSON bundle,333693,d1960535de3f119e87b12aff36b490db42271550ca0d2682bdc4ac36068f89f7,2026-08-14,CC BY-SA 3.0 unless a page records a different compatible notice,原创|文章,
da-author-breaddddd-d9923f3d,breaddddd,da-work-1308482173,1308482173,文语谈 第十六期：HD,https://scp-wiki-cn.wikidot.com/page-and-view-hd,https://scp-wiki-cn.wikidot.com/page-and-view-hd,SCP-CN via SCPPER-CN,2021-04-05,,True,single_selected_author,zh,False,False,included,,data/raw/deep_author/works/da-work-1308482173.json,SCPPER-CN JSON bundle,188569,f173a5ff05d1ee2e7e3b917d3f46835aa11b2cd7ba8b05649cabb9d0921636fb,2026-08-14,CC BY-SA 3.0 unless a page records a different compatible notice,原创|文章,
da-author-mscarlet-78b5e8fb,MScarlet,da-work-1308568581,1308568581,屬於偶像的戰場,https://scp-wiki-cn.wikidot.com/a-battlefield-for-idols,https://scp-wiki-cn.wikidot.com/a-battlefield-for-idols,SCP-CN via SCPPER-CN,2021-04-12,,True,single_selected_author,zh,False,False,included,,data/raw/deep_author/works/da-work-1308568581.json,SCPPER-CN JSON bundle,31680,e7f573c20d1a78f12b608a0a35a61407e43cc0fcd2af4b327edbe62ff52fd284,2026-08-14,CC BY-SA 3.0 unless a page records a different compatible notice,_ms|原创|故事,
da-author-etinjat-1c584251,Etinjat,da-work-1308610057,1308610057,破碎之诞,https://scp-wiki-cn.wikidot.com/the-book-of-gnosis-repairers-vol-of-psalms-part-1,https://scp-wiki-cn.wikidot.com/the-book-of-gnosis-repairers-vol-of-psalms-part-1,SCP-CN via SCPPER-CN,2021-04-15,,True,single_selected_author,zh,False,False,included,,data/raw/deep_author/works/da-work-1308610057.json,SCPPER-CN JSON bundle,15797,b15c93447995eac5edda10b291a160c0754f70cffbcca46a27d03694b448c455,2026-08-14,CC BY-SA 3.0 unless a page records a different compatible notice,_破碎之神教会|goi格式|pangloss|原创|破碎之神教会,
da-author-re-spectators-464e4708,Re_spectators,da-work-1309916898,1309916898,破碎代,https://scp-wiki-cn.wikidot.com/the-mekhanozoic-era,https://scp-wiki-cn.wikidot.com/the-mekhanozoic-era,SCP-CN via SCPPER-CN,2021-04-20,,True,excluded_or_unverified,zh,True,True,excluded,not_marked_chinese_original,data/raw/deep_author/works/da-work-1309916898.json,SCPPER-CN JSON bundle,866,3e2ccc586ab09b3ceef2a860e3d555a85f7b7f6994e6f67844ce914127c302ae,2026-08-14,CC BY-SA 3.0 unless a page records a different compatible notice,故事|破碎之神教会,
da-author-etinjat-1c584251,Etinjat,da-work-1310894981,1310894981,吉人天相 中心,https://scp-wiki-cn.wikidot.com/fortune-favors-hub,https://scp-wiki-cn.wikidot.com/fortune-favors-hub,SCP-CN via SCPPER-CN,2021-04-25,,True,excluded_or_unverified,zh,True,True,excluded,not_marked_chinese_original,data/raw/deep_author/works/da-work-1310894981.json,SCPPER-CN JSON bundle,966,1ce159af8783fa38e2380922b55c7159aafa0657192e94e3a88caed2462b3ea9,2026-08-14,CC BY-SA 3.0 unless a page records a different compatible notice,bold主管|中心|废除部|需更新,
da-author-re-spectators-464e4708,Re_spectators,da-work-1310895198,1310895198,SCP-6000竞赛中心页,https://scp-wiki-cn.wikidot.com/scp6000contesthub,https://scp-wiki-cn.wikidot.com/scp6000contesthub,SCP-CN via SCPPER-CN,2021-04-25,,True,excluded_or_unverified,zh,True,True,excluded,not_marked_chinese_original,data/raw/deep_author/works/da-work-1310895198.json,SCPPER-CN JSON bundle,821,692ea1ed4038f18566003cffacbc401250a09ff5632c2f52ee4067cf1c9df36a,2026-08-14,CC BY-SA 3.0 unless a page records a different compatible notice,6000|中心|插画|竞赛,
da-author-etinjat-1c584251,Etinjat,da-work-1310956069,1310956069,铃声一鸣，天使苏醒,https://scp-wiki-cn.wikidot.com/amasora-aw-2,https://scp-wiki-cn.wikidot.com/amasora-aw-2,SCP-CN via SCPPER-CN,2021-05-03,,True,excluded_or_unverified,zh,True,True,excluded,not_marked_chinese_original,data/raw/deep_author/works/da-work-1310956069.json,SCPPER-CN JSON bundle,740,17de9e9e4b85f2cacb7a21bb43477d45847d86aeaab36a70aafc351ec57d0cb3,2026-08-14,CC BY-SA 3.0 unless a page records a different compatible notice,jp|艺术作品,
da-author-re-spectators-464e4708,Re_spectators,da-work-1310969119,1310969119,梦见天堂,https://scp-wiki-cn.wikidot.com/scp-cn-2255,https://scp-wiki-cn.wikidot.com/scp-cn-2255,SCP-CN via SCPPER-CN,2021-05-05,,True,single_selected_author,zh,False,False,included,,data/raw/deep_author/works/da-work-1310969119.json,SCPPER-CN JSON bundle,15890,224d34557add5029b05e38f6a642d52e4edded2e084ad86fe50e43a136b68dd1,2026-08-14,CC BY-SA 3.0 unless a page records a different compatible notice,scp|动物|原创|夜间活动|无效化|水生|现实扭曲,
da-author-etinjat-1c584251,Etinjat,da-work-1310979032,1310979032,未来星宿化劫谶,https://scp-wiki-cn.wikidot.com/scp-cn-2990,https://scp-wiki-cn.wikidot.com/scp-cn-2990,SCP-CN via SCPPER-CN,2021-05-05,,True,single_selected_author,zh,False,False,included,,data/raw/deep_author/works/da-work-1310979032.json,SCPPER-CN JSON bundle,12792,e97df719bb22a8412066380c7b459ff1d6d6d0bb799e210ce43f380635a2f95f,2026-08-14,CC BY-SA 3.0 unless a page records a different compatible notice,apollyon|meta|scp|原创|文言文|误传部,
da-author-breaddddd-d9923f3d,breaddddd,da-work-1311008924,1311008924,发际线大作战,https://scp-wiki-cn.wikidot.com/scp-cn-2323,https://scp-wiki-cn.wikidot.com/scp-cn-2323,SCP-CN via SCPPER-CN,2021-05-09,,True,single_selected_author,zh,False,False,included,,data/raw/deep_author/works/da-work-1311008924.json,SCPPER-CN JSON bundle,24716,d490736f6b0ea28a7e4dca9f5d560643cb74b9abe5cbb3237ea4043173fb6a2e,2026-08-14,CC BY-SA 3.0 unless a page records a different compatible notice,euclid|letters娱乐|scp|原创,
da-author-breaddddd-d9923f3d,breaddddd,da-work-1311013939,1311013939,文语谈 第十七期：花子,https://scp-wiki-cn.wikidot.com/page-and-view-enflowerz,https://scp-wiki-cn.wikidot.com/page-and-view-enflowerz,SCP-CN via SCPPER-CN,2021-05-10,,True,single_selected_author,zh,False,False,included,,data/raw/deep_author/works/da-work-1311013939.json,SCPPER-CN JSON bundle,136418,a4ad0ed827c5bbb086298e254203727cfafd2d17422f150491579cd89db2bd1e,2026-08-14,CC BY-SA 3.0 unless a page records a different compatible notice,原创|文章,
da-author-etinjat-1c584251,Etinjat,da-work-1311594809,1311594809,图解 主题,https://scp-wiki-cn.wikidot.com/theme:scheme,https://scp-wiki-cn.wikidot.com/theme:scheme,SCP-CN via SCPPER-CN,2021-05-18,,True,excluded_or_unverified,zh,True,True,excluded,not_marked_chinese_original,data/raw/deep_author/works/da-work-1311594809.json,SCPPER-CN JSON bundle,780,8d35dd8566849b6d0c859c647ba12961f30cbeaf6de5c060f57b77a444a54e5c,2026-08-14,CC BY-SA 3.0 unless a page records a different compatible notice,合著|版式,
da-author-re-spectators-464e4708,Re_spectators,da-work-1311649339,1311649339,耳中鸟鸣,https://scp-wiki-cn.wikidot.com/scp-1559,https://scp-wiki-cn.wikidot.com/scp-1559,SCP-CN via SCPPER-CN,2021-05-24,,True,excluded_or_unverified,zh,True,True,excluded,not_marked_chinese_original,data/raw/deep_author/works/da-work-1311649339.json,SCPPER-CN JSON bundle,1166,b5f50dda719215a5063d10843a14ad8b2ca2906d9884bf9edc6a7be106c1a85d,2026-08-14,CC BY-SA 3.0 unless a page records a different compatible notice,crom:series-2|euclid|scp|人形生物|历史性|听觉影响|宗教|强迫性|感知影响|文件|智能|知识|移情作用|精神影响|视觉性|认知危害|语言|鸟类,
da-author-etinjat-1c584251,Etinjat,da-work-1311868670,1311868670,性笑化,https://scp-wiki-cn.wikidot.com/scp-6969,https://scp-wiki-cn.wikidot.com/scp-6969,SCP-CN via SCPPER-CN,2021-05-28,,True,excluded_or_unverified,zh,True,True,excluded,not_marked_chinese_original,data/raw/deep_author/works/da-work-1311868670.json,SCPPER-CN JSON bundle,860,4a4af985756d652ad96e75744ed160c6ca76dea9327534ff2aa2254caf31eed4,2026-08-14,CC BY-SA 3.0 unless a page records a different compatible notice,成人内容|掩藏页,
da-author-re-spectators-464e4708,Re_spectators,da-work-1311899722,1311899722,涌现,https://scp-wiki-cn.wikidot.com/scp-6217,https://scp-wiki-cn.wikidot.com/scp-6217,SCP-CN via SCPPER-CN,2021-06-02,,True,excluded_or_unverified,zh,True,True,excluded,not_marked_chinese_original,data/raw/deep_author/works/da-work-1311899722.json,SCPPER-CN JSON bundle,1244,e5e460da3a6a2a1d4400b8b6ae6cd325fc3f82b28cd41a7821898b3b54e2c09b,2026-08-14,CC BY-SA 3.0 unless a page records a different compatible notice,6000|apollyon|crom:series-7|k级情景|meta|scp|传染性|化学性|发条|变形|合著|地点|宗教|寄生性|幻觉|强迫性|机械|液体|热力学|生物性|电磁|睡眠|破碎之神教会|精神影响|自主|通讯,
da-author-re-spectators-464e4708,Re_spectators,da-work-1311909899,1311909899,SCP-6000 - 在金色天空中,https://scp-wiki-cn.wikidot.com/fragment:6000contestmodulum-02,https://scp-wiki-cn.wikidot.com/fragment:6000contestmodulum-02,SCP-CN via SCPPER-CN,2021-06-03,,True,excluded_or_unverified,zh,True,True,excluded,not_marked_chinese_original,data/raw/deep_author/works/da-work-1311909899.json,SCPPER-CN JSON bundle,796,53346ac004a89a633dbee3f887ea39d350d5ad723e3d1c78126da701756ce97a,2026-08-14,CC BY-SA 3.0 unless a page records a different compatible notice,段落,
da-author-re-spectators-464e4708,Re_spectators,da-work-1311909901,1311909901,SCP-6000 - 在金色天空中,https://scp-wiki-cn.wikidot.com/fragment:6000contestmodulum-01,https://scp-wiki-cn.wikidot.com/fragment:6000contestmodulum-01,SCP-CN via SCPPER-CN,2021-06-03,,True,excluded_or_unverified,zh,True,True,excluded,not_marked_chinese_original,data/raw/deep_author/works/da-work-1311909901.json,SCPPER-CN JSON bundle,937,4956100c1789a40801a55d19178b6f73bba7f0c964ab68fbd56a95fdf894bfe6,2026-08-14,CC BY-SA 3.0 unless a page records a different compatible notice,段落,
da-author-re-spectators-464e4708,Re_spectators,da-work-1311909902,1311909902,在金色天空中,https://scp-wiki-cn.wikidot.com/scp-6100,https://scp-wiki-cn.wikidot.com/scp-6100,SCP-CN via SCPPER-CN,2021-06-03,,True,excluded_or_unverified,zh,True,True,excluded,not_marked_chinese_original,data/raw/deep_author/works/da-work-1311909902.json,SCPPER-CN JSON bundle,995,b9a38a290f96d9460bb331775be5bdbc9a6c0466a465f13040552f0e73108cf0,2026-08-14,CC BY-SA 3.0 unless a page records a different compatible notice,6000|crom:series-7|euclid|scp|星球|星际|未收容|通讯|音频,
da-author-etinjat-1c584251,Etinjat,da-work-1311920683,1311920683,00167,https://scp-wiki-cn.wikidot.com/short-stories:00167,https://scp-wiki-cn.wikidot.com/short-stories:00167,SCP-CN via SCPPER-CN,2021-06-05,,True,excluded_or_unverified,zh,True,True,excluded,not_marked_chinese_original,data/raw/deep_author/works/da-work-1311920683.json,SCPPER-CN JSON bundle,758,ffbd67f1ce7a4d18570179015ecf9dc11283a87e899b487d5128acd77c63a4f5,2026-08-14,CC BY-SA 3.0 unless a page records a different compatible notice,,
da-author-etinjat-1c584251,Etinjat,da-work-1312031374,1312031374,超形上学导论,https://scp-wiki-cn.wikidot.com/introduction-to-pataphysics,https://scp-wiki-cn.wikidot.com/introduction-to-pataphysics,SCP-CN via SCPPER-CN,2021-06-09,,True,single_selected_author,zh,False,False,included,,data/raw/deep_author/works/da-work-1312031374.json,SCPPER-CN JSON bundle,330708,4271cbc1e657674e8502904d46330e2d3fc4f48cf0084e803182f0c39c03af40,2026-08-14,CC BY-SA 3.0 unless a page records a different compatible notice,原创|文章,
da-author-re-spectators-464e4708,Re_spectators,da-work-1312042098,1312042098,解密：SCP-CN-1353 - 地西泮仪式,https://scp-wiki-cn.wikidot.com/scpdeclassified:scp-cn-1353,https://scp-wiki-cn.wikidot.com/scpdeclassified:scp-cn-1353,SCP-CN via SCPPER-CN,2021-06-11,,True,single_selected_author,zh,False,False,included,,data/raw/deep_author/works/da-work-1312042098.json,SCPPER-CN JSON bundle,121490,641c9b5ce91e8fc1ced990269054603370317122475b69b88a4358f32fb25148,2026-08-14,CC BY-SA 3.0 unless a page records a different compatible notice,scp解密|原创|文章,
da-author-etinjat-1c584251,Etinjat,da-work-1312092619,1312092619,在场证明,https://scp-wiki-cn.wikidot.com/scp-cn-2989,https://scp-wiki-cn.wikidot.com/scp-cn-2989,SCP-CN via SCPPER-CN,2021-06-15,,True,single_selected_author,zh,False,False,included,,data/raw/deep_author/works/da-work-1312092619.json,SCPPER-CN JSON bundle,13493,5b9a69377192614b9d8bfb62819b0ce1542a539ff21491e939ab0a169f74f533,2026-08-14,CC BY-SA 3.0 unless a page records a different compatible notice,2021迭代竞赛|meta|scp|原创|反常部|废除部|战术神学部|机密分级|误传部,
da-author-etinjat-1c584251,Etinjat,da-work-1312196864,1312196864,紫庭 主题,https://scp-wiki-cn.wikidot.com/theme:rpma,https://scp-wiki-cn.wikidot.com/theme:rpma,SCP-CN via SCPPER-CN,2021-06-25,,True,excluded_or_unverified,zh,True,True,excluded,not_marked_chinese_original,data/raw/deep_author/works/da-work-1312196864.json,SCPPER-CN JSON bundle,916,991ed141e8d8d9ff7aa0da473b55023ab970bb22b3af623b8771ef6e19710597,2026-08-14,CC BY-SA 3.0 unless a page records a different compatible notice,ko|版式,
da-author-re-spectators-464e4708,Re_spectators,da-work-1312342920,1312342920,文语谈 第十八期：道格,https://scp-wiki-cn.wikidot.com/page-and-view-douglasliu,https://scp-wiki-cn.wikidot.com/page-and-view-douglasliu,SCP-CN via SCPPER-CN,2021-07-12,,True,single_selected_author,zh,False,False,included,,data/raw/deep_author/works/da-work-1312342920.json,SCPPER-CN JSON bundle,185793,efe7869015391dedb04cf1c9bc1ef257995bf4812cc92d6e5f99ec484996db13,2026-08-14,CC BY-SA 3.0 unless a page records a different compatible notice,原创|文章,
da-author-etinjat-1c584251,Etinjat,da-work-1312364737,1312364737,基金会纹章,https://scp-wiki-cn.wikidot.com/flowering-scp-logo,https://scp-wiki-cn.wikidot.com/flowering-scp-logo,SCP-CN via SCPPER-CN,2021-07-17,,True,excluded_or_unverified,zh,True,True,excluded,not_marked_chinese_original,data/raw/deep_author/works/da-work-1312364737.json,SCPPER-CN JSON bundle,930,9ebcddb767155e4f4d9d9ba2e1cb1b5166ded1a9013a98d8fc90b04b65175ee2,2026-08-14,CC BY-SA 3.0 unless a page records a different compatible notice,jp|艺术作品,
da-author-etinjat-1c584251,Etinjat,da-work-1312364778,1312364778,艺术作品：基金会站点,https://scp-wiki-cn.wikidot.com/imoy-1,https://scp-wiki-cn.wikidot.com/imoy-1,SCP-CN via SCPPER-CN,2021-07-17,,True,excluded_or_unverified,zh,True,True,excluded,not_marked_chinese_original,data/raw/deep_author/works/da-work-1312364778.json,SCPPER-CN JSON bundle,701,d5514c7be991cff6a029e32ed140309795984211532e29e98894720f5b9fe030,2026-08-14,CC BY-SA 3.0 unless a page records a different compatible notice,jp|艺术作品,
da-author-etinjat-1c584251,Etinjat,da-work-1312367742,1312367742,戲題箱庭東洋百景·其一·率舞,https://scp-wiki-cn.wikidot.com/suite-of-poems-for-taishos-hakoniwa,https://scp-wiki-cn.wikidot.com/suite-of-poems-for-taishos-hakoniwa,SCP-CN via SCPPER-CN,2021-07-17,,True,single_selected_author,zh,False,False,included,,data/raw/deep_author/works/da-work-1312367742.json,SCPPER-CN JSON bundle,11110,664ad3e5e76a742bf05bb8b393a5bb95d3d2ac4e9691b901ba5e9299fc790f4c,2026-08-14,CC BY-SA 3.0 unless a page records a different compatible notice,东弊重工|厄尔玛外教|原创|夏鸟思想联盟|大正150年|幽灵岛同盟|故事|诗歌|赤链蛇之手|雾津,
da-author-etinjat-1c584251,Etinjat,da-work-1312408013,1312408013,琅嬛福地 藏书中心,https://scp-wiki-cn.wikidot.com/wanderers:langhuan-hub,https://scp-wiki-cn.wikidot.com/wanderers:langhuan-hub,SCP-CN via SCPPER-CN,2021-07-23,,True,excluded_or_unverified,zh,False,True,excluded,structural_or_non_work_page,data/raw/deep_author/works/da-work-1312408013.json,SCPPER-CN JSON bundle,916,451d77e6845387e864b82ebcd659bee7889648f2a3abeffc17cac0b1102d439d,2026-08-14,CC BY-SA 3.0 unless a page records a different compatible notice,wanderers|中心|典籍|原创|琅嬛福地藏书阁|记载,
da-author-etinjat-1c584251,Etinjat,da-work-1312433687,1312433687,某人遗言的抄本。其当时在枪林弹雨中，看见一个和他相像的男孩与一条蛇倒吊在眼前,https://scp-wiki-cn.wikidot.com/nareum-tarot-12-hanged,https://scp-wiki-cn.wikidot.com/nareum-tarot-12-hanged,SCP-CN via SCPPER-CN,2021-07-26,,True,excluded_or_unverified,zh,True,True,excluded,not_marked_chinese_original,data/raw/deep_author/works/da-work-1312433687.json,SCPPER-CN JSON bundle,931,a054aa79094cd09f817210f360b4d2f9fde0d64c7cfbaa4711440b4c39399a4b,2026-08-14,CC BY-SA 3.0 unless a page records a different compatible notice,ko|二次翻译|故事,
da-author-etinjat-1c584251,Etinjat,da-work-1312440942,1312440942,逆模因：传播的“强噪音”,https://scp-wiki-cn.wikidot.com/antimeme-the-noise-of-communication,https://scp-wiki-cn.wikidot.com/antimeme-the-noise-of-communication,SCP-CN via SCPPER-CN,2021-07-27,,True,single_selected_author,zh,False,False,included,,data/raw/deep_author/works/da-work-1312440942.json,SCPPER-CN JSON bundle,62518,ef8c97e51f7ac4ac1046f344f580206b6ce542cd78438c9abae8c3df01c3a057,2026-08-14,CC BY-SA 3.0 unless a page records a different compatible notice,原创|文章,
da-author-etinjat-1c584251,Etinjat,da-work-1312460526,1312460526,艺术作品：鹦鹉螺与猫,https://scp-wiki-cn.wikidot.com/artwork-scp-083-jp,https://scp-wiki-cn.wikidot.com/artwork-scp-083-jp,SCP-CN via SCPPER-CN,2021-07-29,,True,excluded_or_unverified,zh,True,True,excluded,not_marked_chinese_original,data/raw/deep_author/works/da-work-1312460526.json,SCPPER-CN JSON bundle,930,f9a52ac1492c3a6f5292c32238c07c2c86bef477f62ccbdbf75e1fd4af2df4c4,2026-08-14,CC BY-SA 3.0 unless a page records a different compatible notice,jp|艺术作品|蛸苇废船,
da-author-etinjat-1c584251,Etinjat,da-work-1312461914,1312461914,Tstaffor 的 Ascpii 艺作,https://scp-wiki-cn.wikidot.com/tstaffor-s-ascpii-art,https://scp-wiki-cn.wikidot.com/tstaffor-s-ascpii-art,SCP-CN via SCPPER-CN,2021-07-29,,True,excluded_or_unverified,zh,True,True,excluded,not_marked_chinese_original,data/raw/deep_author/works/da-work-1312461914.json,SCPPER-CN JSON bundle,974,e2b7664e15c8e0e727572f123d0808e1ddce75014d8d78873072838a37429351,2026-08-14,CC BY-SA 3.0 unless a page records a different compatible notice,艺术作品,
da-author-agent-phage-bc08199e,Agent Phage,da-work-1312462425,1312462425,等待Agni,https://scp-wiki-cn.wikidot.com/wait-for-agni,https://scp-wiki-cn.wikidot.com/wait-for-agni,SCP-CN via SCPPER-CN,2021-07-29,,True,excluded_or_unverified,zh,False,True,excluded,structural_or_non_work_page,data/raw/deep_author/works/da-work-1312462425.json,SCPPER-CN JSON bundle,970,23ae04596a73a729df945d4f9b2191a5eb7451dbc62415e5c3cf6df493f8a393,2026-08-14,CC BY-SA 3.0 unless a page records a different compatible notice,原创|合著|故事,
da-author-etinjat-1c584251,Etinjat,da-work-1312475979,1312475979,监管局 主题,https://scp-wiki-cn.wikidot.com/theme:superintendente,https://scp-wiki-cn.wikidot.com/theme:superintendente,SCP-CN via SCPPER-CN,2021-07-31,,True,excluded_or_unverified,zh,True,True,excluded,not_marked_chinese_original,data/raw/deep_author/works/da-work-1312475979.json,SCPPER-CN JSON bundle,1060,a7432ac218cfc8bbbc0f86a238d5ea7b1c5ee8b041f67723cf030c1eff7934f1,2026-08-14,CC BY-SA 3.0 unless a page records a different compatible notice,pt|版式,
da-author-etinjat-1c584251,Etinjat,da-work-1312505375,1312505375,生命的答案,https://scp-wiki-cn.wikidot.com/answer-of-life,https://scp-wiki-cn.wikidot.com/answer-of-life,SCP-CN via SCPPER-CN,2021-08-03,,True,excluded_or_unverified,zh,True,True,excluded,not_marked_chinese_original,data/raw/deep_author/works/da-work-1312505375.json,SCPPER-CN JSON bundle,803,32ed8006e46176f4a9de125072863924717ec25b08c0492f2bf5ee34026592eb,2026-08-14,CC BY-SA 3.0 unless a page records a different compatible notice,2018短篇竞赛|ko|故事,
da-author-etinjat-1c584251,Etinjat,da-work-1312531519,1312531519,笔记本组件 便利贴开头,https://scp-wiki-cn.wikidot.com/component:note-tip-top,https://scp-wiki-cn.wikidot.com/component:note-tip-top,SCP-CN via SCPPER-CN,2021-08-07,,True,excluded_or_unverified,zh,False,True,excluded,structural_or_non_work_page,data/raw/deep_author/works/da-work-1312531519.json,SCPPER-CN JSON bundle,4453,fa3701cc8c468f681a453cc3580e5c94f43e6b0d824b0d69a74073390cda71f3,2026-08-14,CC BY-SA 3.0 unless a page records a different compatible notice,原创|组件,
da-author-etinjat-1c584251,Etinjat,da-work-1312531561,1312531561,笔记本组件 便利贴结尾,https://scp-wiki-cn.wikidot.com/component:note-tip-bottom,https://scp-wiki-cn.wikidot.com/component:note-tip-bottom,SCP-CN via SCPPER-CN,2021-08-07,,True,excluded_or_unverified,zh,False,True,excluded,structural_or_non_work_page,data/raw/deep_author/works/da-work-1312531561.json,SCPPER-CN JSON bundle,2247,2a50b1ce2151c452a12db4526b21ed9f91913df346ac73893a18c410ad5dca4c,2026-08-14,CC BY-SA 3.0 unless a page records a different compatible notice,原创|组件,
da-author-breaddddd-d9923f3d,breaddddd,da-work-1312533781,1312533781,文语谈 第十九期：路人,https://scp-wiki-cn.wikidot.com/page-and-view-veleafer,https://scp-wiki-cn.wikidot.com/page-and-view-veleafer,SCP-CN via SCPPER-CN,2021-08-07,,True,single_selected_author,zh,False,False,included,,data/raw/deep_author/works/da-work-1312533781.json,SCPPER-CN JSON bundle,120364,564b765bc27a58df7ea75f441ce545e7eec0b3af8a7d1da2e23082ea2c3cd69c,2026-08-14,CC BY-SA 3.0 unless a page records a different compatible notice,原创|文章,
da-author-etinjat-1c584251,Etinjat,da-work-1312552968,1312552968,匿名之眼 版式,https://scp-wiki-cn.wikidot.com/theme:olhos-anonimos,https://scp-wiki-cn.wikidot.com/theme:olhos-anonimos,SCP-CN via SCPPER-CN,2021-08-09,,True,excluded_or_unverified,zh,True,True,excluded,not_marked_chinese_original,data/raw/deep_author/works/da-work-1312552968.json,SCPPER-CN JSON bundle,741,b2414c2e9fce0da2ec99b5bab5045ada58359c3d3a82e0de2ebcd013cbb793a7,2026-08-14,CC BY-SA 3.0 unless a page records a different compatible notice,pt|版式,
da-author-etinjat-1c584251,Etinjat,da-work-1312574170,1312574170,十二·五 联合声明,https://scp-wiki-cn.wikidot.com/joint-statement-12-05-2017,https://scp-wiki-cn.wikidot.com/joint-statement-12-05-2017,SCP-CN via SCPPER-CN,2021-08-11,,True,excluded_or_unverified,zh,True,True,excluded,not_marked_chinese_original,data/raw/deep_author/works/da-work-1312574170.json,SCPPER-CN JSON bundle,1338,a77281b8fa088b2273cbaeee12eb4195f269b440f4d82a69aafdde989475ab80,2026-08-14,CC BY-SA 3.0 unless a page records a different compatible notice,ko|二次翻译|全球超自然联盟|国家超常防灾院|故事,
da-author-agent-phage-bc08199e,Agent Phage,da-work-1313624985,1313624985,《SCP基金会：通用掩盖协议指南》,https://scp-wiki-cn.wikidot.com/tong-yong-yan-gai-xie-yi-zhi-nan,https://scp-wiki-cn.wikidot.com/tong-yong-yan-gai-xie-yi-zhi-nan,SCP-CN via SCPPER-CN,2021-08-14,,True,single_selected_author,zh,False,False,included,,data/raw/deep_author/works/da-work-1313624985.json,SCPPER-CN JSON bundle,203446,d45597cd58c40f8b5ecfa24f3de340008049bab9d56c3d7d74bb81428ed48687,2026-08-14,CC BY-SA 3.0 unless a page records a different compatible notice,2021夏季征文|原创|指南|故事|精品,
da-author-etinjat-1c584251,Etinjat,da-work-1316541594,1316541594,Cole的电影之夜！,https://scp-wiki-cn.wikidot.com/art:cole-s-movie-night,https://scp-wiki-cn.wikidot.com/art:cole-s-movie-night,SCP-CN via SCPPER-CN,2021-08-18,,True,excluded_or_unverified,zh,True,True,excluded,not_marked_chinese_original,data/raw/deep_author/works/da-work-1316541594.json,SCPPER-CN JSON bundle,1093,25deda9c463f48083bda09be95f52923172d727a8ef1c8358909b2ef75f16bd8,2026-08-14,CC BY-SA 3.0 unless a page records a different compatible notice,艺术作品,
da-author-etinjat-1c584251,Etinjat,da-work-1316878368,1316878368,00198,https://scp-wiki-cn.wikidot.com/short-stories:00198,https://scp-wiki-cn.wikidot.com/short-stories:00198,SCP-CN via SCPPER-CN,2021-08-22,,True,excluded_or_unverified,zh,True,True,excluded,not_marked_chinese_original,data/raw/deep_author/works/da-work-1316878368.json,SCPPER-CN JSON bundle,749,894b5a6faa212ba9f27c7d13a21056afbe92e6ab149bc6864108ca895285dbaa,2026-08-14,CC BY-SA 3.0 unless a page records a different compatible notice,,
da-author-agent-phage-bc08199e,Agent Phage,da-work-1317015898,1317015898,台灯天使与狗头人,https://scp-wiki-cn.wikidot.com/youjinbei4,https://scp-wiki-cn.wikidot.com/youjinbei4,SCP-CN via SCPPER-CN,2021-08-24,,True,excluded_or_unverified,zh,False,True,excluded,structural_or_non_work_page,data/raw/deep_author/works/da-work-1317015898.json,SCPPER-CN JSON bundle,992,49f64600935f6c7c976caf8b0ad2eecb614efe782b5f1291e8aab801093bd580,2026-08-14,CC BY-SA 3.0 unless a page records a different compatible notice,原创|合著|故事,
da-author-etinjat-1c584251,Etinjat,da-work-1323804642,1323804642,Robert Bumaro 教主，破碎之神的工程师,https://scp-wiki-cn.wikidot.com/n-djamena-artwork-5,https://scp-wiki-cn.wikidot.com/n-djamena-artwork-5,SCP-CN via SCPPER-CN,2021-09-02,,True,excluded_or_unverified,zh,True,True,excluded,not_marked_chinese_original,data/raw/deep_author/works/da-work-1323804642.json,SCPPER-CN JSON bundle,842,51827744de77610fa24f4490eae49135fbbff8d212d62df67d66142c428ff480,2026-08-14,CC BY-SA 3.0 unless a page records a different compatible notice,jp|艺术作品,
da-author-etinjat-1c584251,Etinjat,da-work-1323988907,1323988907,杂志 主题,https://scp-wiki-cn.wikidot.com/theme:magazine,https://scp-wiki-cn.wikidot.com/theme:magazine,SCP-CN via SCPPER-CN,2021-09-11,,True,excluded_or_unverified,zh,False,True,excluded,structural_or_non_work_page,data/raw/deep_author/works/da-work-1323988907.json,SCPPER-CN JSON bundle,773,c52e9e69e418f8cda7b9f62d6a7670dc451e65db433086e5567fdfa3a12fcbcb,2026-08-14,CC BY-SA 3.0 unless a page records a different compatible notice,原创|版式,
da-author-etinjat-1c584251,Etinjat,da-work-1323988987,1323988987,杂志主题扩展：半月刊特供,https://scp-wiki-cn.wikidot.com/fragment:semimonth-magazine,https://scp-wiki-cn.wikidot.com/fragment:semimonth-magazine,SCP-CN via SCPPER-CN,2021-09-11,,True,excluded_or_unverified,zh,True,True,excluded,not_marked_chinese_original,data/raw/deep_author/works/da-work-1323988987.json,SCPPER-CN JSON bundle,769,7066227a7e59de278d01c1d26454bddefef41dcc3e82c247b268d7c97e2ab32f,2026-08-14,CC BY-SA 3.0 unless a page records a different compatible notice,段落,
da-author-re-spectators-464e4708,Re_spectators,da-work-1323993094,1323993094,解脱,https://scp-wiki-cn.wikidot.com/scp-cn-2470,https://scp-wiki-cn.wikidot.com/scp-cn-2470,SCP-CN via SCPPER-CN,2021-09-12,,True,excluded_or_unverified,zh,False,True,excluded,structural_or_non_work_page,data/raw/deep_author/works/da-work-1323993094.json,SCPPER-CN JSON bundle,956,f68dd1f1e719eb85990a6d2e1542913299a25bf7c8058c4c961db1d6876f3962,2026-08-14,CC BY-SA 3.0 unless a page records a different compatible notice,aaron-siegel|archon|k级情景|scp|原创|合著|数学性|死亡终结|玛娜慈善基金会|精品,
da-author-etinjat-1c584251,Etinjat,da-work-1324038651,1324038651,00208,https://scp-wiki-cn.wikidot.com/short-stories:00208,https://scp-wiki-cn.wikidot.com/short-stories:00208,SCP-CN via SCPPER-CN,2021-09-13,,True,excluded_or_unverified,zh,True,True,excluded,not_marked_chinese_original,data/raw/deep_author/works/da-work-1324038651.json,SCPPER-CN JSON bundle,773,6a730320362b100425657110cb20f3fc0ecac04ad3215126d7d76eaa13f9b92e,2026-08-14,CC BY-SA 3.0 unless a page records a different compatible notice,,
da-author-etinjat-1c584251,Etinjat,da-work-1324116028,1324116028,SCP档案 主题版式,https://scp-wiki-cn.wikidot.com/theme:scp-archive,https://scp-wiki-cn.wikidot.com/theme:scp-archive,SCP-CN via SCPPER-CN,2021-09-22,,True,excluded_or_unverified,zh,True,True,excluded,not_marked_chinese_original,data/raw/deep_author/works/da-work-1324116028.json,SCPPER-CN JSON bundle,1467,dc3b5b8e72c001d031711567307121b7b2647171a07a99d153f994b478ead05b,2026-08-14,CC BY-SA 3.0 unless a page records a different compatible notice,版式,
da-author-etinjat-1c584251,Etinjat,da-work-1324126985,1324126985,dado邮件里的插图,https://scp-wiki-cn.wikidot.com/image-in-mail-by-dado,https://scp-wiki-cn.wikidot.com/image-in-mail-by-dado,SCP-CN via SCPPER-CN,2021-09-24,,True,excluded_or_unverified,zh,True,True,excluded,not_marked_chinese_original,data/raw/deep_author/works/da-work-1324126985.json,SCPPER-CN JSON bundle,829,3d85b8443ca7387c74049263e54e676df22b7856e6eb7aced5390dac6764c0b3,2026-08-14,CC BY-SA 3.0 unless a page records a different compatible notice,dado|故事,
da-author-etinjat-1c584251,Etinjat,da-work-1324148511,1324148511,《贡扎罗王》节选：三只乌鸦,https://scp-wiki-cn.wikidot.com/the-three-corbies,https://scp-wiki-cn.wikidot.com/the-three-corbies,SCP-CN via SCPPER-CN,2021-09-24,,True,single_selected_author,zh,False,False,included,,data/raw/deep_author/works/da-work-1324148511.json,SCPPER-CN JSON bundle,10373,faf55e36c18c8862c7b353adec533ab96c693dd422ee3319fa75db55031e3e61,2026-08-14,CC BY-SA 3.0 unless a page records a different compatible notice,alagadda|万劫历数|原创|故事|死之兄弟|狄瓦|缢王|诗歌,
da-author-agent-phage-bc08199e,Agent Phage,da-work-1324311781,1324311781,が-D-0191“第二心脏”贩卖信息,https://scp-wiki-cn.wikidot.com/g-d-0191,https://scp-wiki-cn.wikidot.com/g-d-0191,SCP-CN via SCPPER-CN,2021-10-04,,True,single_selected_author,zh,False,False,included,,data/raw/deep_author/works/da-work-1324311781.json,SCPPER-CN JSON bundle,33609,732258fd55caa1da51d0110a3bceded9fa40d09e42fe05bc6dd15ff9c3b36436,2026-08-14,CC BY-SA 3.0 unless a page records a different compatible notice,_日本生类创研|goi格式|the-doctor|原创|日本生类创研,
da-author-etinjat-1c584251,Etinjat,da-work-1324561915,1324561915,Hungrypossum的爱抚动物园,https://scp-wiki-cn.wikidot.com/hungrypossum-s-petting-zoo,https://scp-wiki-cn.wikidot.com/hungrypossum-s-petting-zoo,SCP-CN via SCPPER-CN,2021-10-11,,True,excluded_or_unverified,zh,True,True,excluded,not_marked_chinese_original,data/raw/deep_author/works/da-work-1324561915.json,SCPPER-CN JSON bundle,790,545026b6a185aeb4e1fa0d8f4c1c16bde22e4ce3fb3aa32c37d4b4c3195abdc5,2026-08-14,CC BY-SA 3.0 unless a page records a different compatible notice,作者,
da-author-etinjat-1c584251,Etinjat,da-work-1329466723,1329466723,00216,https://scp-wiki-cn.wikidot.com/short-stories:00216,https://scp-wiki-cn.wikidot.com/short-stories:00216,SCP-CN via SCPPER-CN,2021-10-17,,True,excluded_or_unverified,zh,True,True,excluded,not_marked_chinese_original,data/raw/deep_author/works/da-work-1329466723.json,SCPPER-CN JSON bundle,798,aa12d29d230596fa791033fc59c7c9953227a609f7812f11ed99f0f0b16af575,2026-08-14,CC BY-SA 3.0 unless a page records a different compatible notice,,
da-author-etinjat-1c584251,Etinjat,da-work-1329656270,1329656270,然后，世界迎来终末，在变得寂静的世界里，为何他会说这是美好的一天呢？中心,https://scp-wiki-cn.wikidot.com/why-did-they-say-its-a-beautiful-day-in-the-quiet-world-hub,https://scp-wiki-cn.wikidot.com/why-did-they-say-its-a-beautiful-day-in-the-quiet-world-hub,SCP-CN via SCPPER-CN,2021-10-23,,True,excluded_or_unverified,zh,True,True,excluded,not_marked_chinese_original,data/raw/deep_author/works/da-work-1329656270.json,SCPPER-CN JSON bundle,1095,55d4a80b2ea3270a0ccf7af74b3bc1aea77e7a563b81dc6e974ed92a17eb972c,2026-08-14,CC BY-SA 3.0 unless a page records a different compatible notice,jp|中心|为何说这是美好的一天呢|二次翻译,
da-author-etinjat-1c584251,Etinjat,da-work-1329874107,1329874107,圣体与神血,https://scp-wiki-cn.wikidot.com/body-and-blood,https://scp-wiki-cn.wikidot.com/body-and-blood,SCP-CN via SCPPER-CN,2021-11-01,,True,excluded_or_unverified,zh,True,True,excluded,not_marked_chinese_original,data/raw/deep_author/works/da-work-1329874107.json,SCPPER-CN JSON bundle,751,f211cb3d3a5a2201e60c8901d8d2b576b6cb2427884840e008aa117c74899806,2026-08-14,CC BY-SA 3.0 unless a page records a different compatible notice,故事|教会博士,
da-author-etinjat-1c584251,Etinjat,da-work-1329923545,1329923545,Raddtoon：这叫物证,https://scp-wiki-cn.wikidot.com/raddtoon-merch,https://scp-wiki-cn.wikidot.com/raddtoon-merch,SCP-CN via SCPPER-CN,2021-11-07,,True,excluded_or_unverified,zh,True,True,excluded,not_marked_chinese_original,data/raw/deep_author/works/da-work-1329923545.json,SCPPER-CN JSON bundle,875,5d247134a5961ed565a369619826f091131e5156dd889e85c8ca0abba49f1f61,2026-08-14,CC BY-SA 3.0 unless a page records a different compatible notice,艺术作品,
da-author-etinjat-1c584251,Etinjat,da-work-1329938611,1329938611,00225,https://scp-wiki-cn.wikidot.com/short-stories:00225,https://scp-wiki-cn.wikidot.com/short-stories:00225,SCP-CN via SCPPER-CN,2021-11-08,,True,excluded_or_unverified,zh,True,True,excluded,not_marked_chinese_original,data/raw/deep_author/works/da-work-1329938611.json,SCPPER-CN JSON bundle,797,896f201e4e97cd02dd3ef4eb188ca49ff5a764dc95734cc02af7c032b908c570,2026-08-14,CC BY-SA 3.0 unless a page records a different compatible notice,,
da-author-etinjat-1c584251,Etinjat,da-work-1329978324,1329978324,年终竞演 版式,https://scp-wiki-cn.wikidot.com/theme:anniversary,https://scp-wiki-cn.wikidot.com/theme:anniversary,SCP-CN via SCPPER-CN,2021-11-10,,True,excluded_or_unverified,zh,True,True,excluded,not_marked_chinese_original,data/raw/deep_author/works/da-work-1329978324.json,SCPPER-CN JSON bundle,935,910a81a3fa0247d17ce0d5ab74ef6b3e4621b2a6a75c02ccbc071e17292b3ae7,2026-08-14,CC BY-SA 3.0 unless a page records a different compatible notice,ko|版式,
da-author-agent-phage-bc08199e,Agent Phage,da-work-1329988705,1329988705,化烟,https://scp-wiki-cn.wikidot.com/scp-cn-2191,https://scp-wiki-cn.wikidot.com/scp-cn-2191,SCP-CN via SCPPER-CN,2021-11-11,,True,single_selected_author,zh,False,False,included,,data/raw/deep_author/works/da-work-1329988705.json,SCPPER-CN JSON bundle,15914,15d4250fdad30ecb8ea6ffc04aa656948029c52a8d6b0c2c0146ea4097e5e931,2026-08-14,CC BY-SA 3.0 unless a page records a different compatible notice,euclid|scp|原创,
da-author-etinjat-1c584251,Etinjat,da-work-1330042257,1330042257,破碎公教之基西拉信经,https://scp-wiki-cn.wikidot.com/the-kythera-creed,https://scp-wiki-cn.wikidot.com/the-kythera-creed,SCP-CN via SCPPER-CN,2021-11-13,,True,single_selected_author,zh,False,False,included,,data/raw/deep_author/works/da-work-1330042257.json,SCPPER-CN JSON bundle,68225,b78f13130702c08ab94e7bc6e82c561536349c376c0417f1915f605bbcfaec56,2026-08-14,CC BY-SA 3.0 unless a page records a different compatible notice,_破碎之神教会|alexylva大学|goi格式|pangloss|robert-bumaro|万劫历数|原创|夏异常|岿阳派|欲肉教|破碎之神教会|第二海托世教会|诗歌,
da-author-etinjat-1c584251,Etinjat,da-work-1330065344,1330065344,智天使与剑,https://scp-wiki-cn.wikidot.com/cherubim-and-sword,https://scp-wiki-cn.wikidot.com/cherubim-and-sword,SCP-CN via SCPPER-CN,2021-11-15,,True,excluded_or_unverified,zh,True,True,excluded,not_marked_chinese_original,data/raw/deep_author/works/da-work-1330065344.json,SCPPER-CN JSON bundle,940,2ddebf45d667fab8632880aba512740069197273d6153878fcce421be19363c7,2026-08-14,CC BY-SA 3.0 unless a page records a different compatible notice,jp|艺术作品,
da-author-breaddddd-d9923f3d,breaddddd,da-work-1330077047,1330077047,《朝颜文学报特刊》：易碎的少女青涩之梦——三明治社动画赏析与杂谈,https://scp-wiki-cn.wikidot.com/wanderers:studio-sandwich,https://scp-wiki-cn.wikidot.com/wanderers:studio-sandwich,SCP-CN via SCPPER-CN,2021-11-16,,True,single_selected_author,zh,False,False,included,,data/raw/deep_author/works/da-work-1330077047.json,SCPPER-CN JSON bundle,184061,2bff8142e980d75b6c8b928d7269bb39dc262514b1088f346128fd3cd6135759,2026-08-14,CC BY-SA 3.0 unless a page records a different compatible notice,wanderers|原创|叙述|图片|朝颜文学报|精品,
da-author-etinjat-1c584251,Etinjat,da-work-1330084921,1330084921,Discord 聊天室组件扩展,https://scp-wiki-cn.wikidot.com/component:discord-extension,https://scp-wiki-cn.wikidot.com/component:discord-extension,SCP-CN via SCPPER-CN,2021-11-16,,True,excluded_or_unverified,zh,False,True,excluded,structural_or_non_work_page,data/raw/deep_author/works/da-work-1330084921.json,SCPPER-CN JSON bundle,864,367f051448ad1661456aca55fdcbc18e9a8f39448868fadca150ddb0df996f6e,2026-08-14,CC BY-SA 3.0 unless a page records a different compatible notice,原创|合著|组件,
da-author-etinjat-1c584251,Etinjat,da-work-1330101588,1330101588,Cocoonist的极简版式,https://scp-wiki-cn.wikidot.com/theme:minimal-scp-foundation-by-cocoonist,https://scp-wiki-cn.wikidot.com/theme:minimal-scp-foundation-by-cocoonist,SCP-CN via SCPPER-CN,2021-11-18,,True,excluded_or_unverified,zh,True,True,excluded,not_marked_chinese_original,data/raw/deep_author/works/da-work-1330101588.json,SCPPER-CN JSON bundle,782,157c72be21c9b0d8ae98aed1695a0942ea41e4e113f4bf83e502476218958cba,2026-08-14,CC BY-SA 3.0 unless a page records a different compatible notice,ko|版式,
da-author-etinjat-1c584251,Etinjat,da-work-1330718984,1330718984,“笑！”,https://scp-wiki-cn.wikidot.com/art-site8148contest-smile,https://scp-wiki-cn.wikidot.com/art-site8148contest-smile,SCP-CN via SCPPER-CN,2021-11-30,,True,excluded_or_unverified,zh,True,True,excluded,not_marked_chinese_original,data/raw/deep_author/works/da-work-1330718984.json,SCPPER-CN JSON bundle,752,a7bc64fd3d270bd56f6f360e99641331a73733f00e1b0b375293d0590c219810,2026-08-14,CC BY-SA 3.0 unless a page records a different compatible notice,jp|艺术作品,
da-author-etinjat-1c584251,Etinjat,da-work-1330719435,1330719435,本体部门 主题版式,https://scp-wiki-cn.wikidot.com/theme:ontology-department,https://scp-wiki-cn.wikidot.com/theme:ontology-department,SCP-CN via SCPPER-CN,2021-11-30,,True,excluded_or_unverified,zh,True,True,excluded,not_marked_chinese_original,data/raw/deep_author/works/da-work-1330719435.json,SCPPER-CN JSON bundle,876,fa89040697d9e091407512a98a9d9479d9f4ddc11f17c1fef8b9a70eb11a429d,2026-08-14,CC BY-SA 3.0 unless a page records a different compatible notice,ko|版式,
da-author-etinjat-1c584251,Etinjat,da-work-1330788408,1330788408,IJAMEA 黑标主题,https://scp-wiki-cn.wikidot.com/theme:ijamea-bhl,https://scp-wiki-cn.wikidot.com/theme:ijamea-bhl,SCP-CN via SCPPER-CN,2021-12-01,,True,excluded_or_unverified,zh,True,True,excluded,not_marked_chinese_original,data/raw/deep_author/works/da-work-1330788408.json,SCPPER-CN JSON bundle,745,21f35797ad7a03c380f67c2df9d363d1f5496cc8273b797cefedc71b20a24682,2026-08-14,CC BY-SA 3.0 unless a page records a different compatible notice,版式,
da-author-etinjat-1c584251,Etinjat,da-work-1330794951,1330794951,中分的组件,https://scp-wiki-cn.wikidot.com/fragment:components-cn,https://scp-wiki-cn.wikidot.com/fragment:components-cn,SCP-CN via SCPPER-CN,2021-12-02,,True,excluded_or_unverified,zh,True,True,excluded,not_marked_chinese_original,data/raw/deep_author/works/da-work-1330794951.json,SCPPER-CN JSON bundle,859,a463465acf297c1fb514994f4fc806777a9861a8bd363d62d76969d328001986,2026-08-14,CC BY-SA 3.0 unless a page records a different compatible notice,段落,
da-author-etinjat-1c584251,Etinjat,da-work-1330836471,1330836471,幽鬼纪录 主题版式,https://scp-wiki-cn.wikidot.com/wanderers:ghost-record-theme,https://scp-wiki-cn.wikidot.com/wanderers:ghost-record-theme,SCP-CN via SCPPER-CN,2021-12-07,,True,excluded_or_unverified,zh,True,True,excluded,not_marked_chinese_original,data/raw/deep_author/works/da-work-1330836471.json,SCPPER-CN JSON bundle,782,4ceb2d4210037be7d75d0ad0ff1d549faab6759887c757d75f71b252b2efdc99,2026-08-14,CC BY-SA 3.0 unless a page records a different compatible notice,wanderers|版式,
da-author-etinjat-1c584251,Etinjat,da-work-1330836735,1330836735,维生公司 主题版式,https://scp-wiki-cn.wikidot.com/wanderers:vitalis-llc-theme,https://scp-wiki-cn.wikidot.com/wanderers:vitalis-llc-theme,SCP-CN via SCPPER-CN,2021-12-07,,True,excluded_or_unverified,zh,True,True,excluded,not_marked_chinese_original,data/raw/deep_author/works/da-work-1330836735.json,SCPPER-CN JSON bundle,780,8799c8171bab7c8caeed84bbc229e707f02976a2fe8ac2c15c6b1b5a1b692854,2026-08-14,CC BY-SA 3.0 unless a page records a different compatible notice,wanderers|版式,
da-author-etinjat-1c584251,Etinjat,da-work-1330836865,1330836865,计时通知,https://scp-wiki-cn.wikidot.com/wanderers:notice-timekeeping,https://scp-wiki-cn.wikidot.com/wanderers:notice-timekeeping,SCP-CN via SCPPER-CN,2021-12-07,,True,excluded_or_unverified,zh,True,True,excluded,not_marked_chinese_original,data/raw/deep_author/works/da-work-1330836865.json,SCPPER-CN JSON bundle,922,f1d3dbc8796bc3beea9389e1d43f068a482b01a22d674002326f7ef085a299c0,2026-08-14,CC BY-SA 3.0 unless a page records a different compatible notice,wanderers|记载,
da-author-etinjat-1c584251,Etinjat,da-work-1330837564,1330837564,在下是猫，请多关照 ▽,https://scp-wiki-cn.wikidot.com/nekodesu-dot,https://scp-wiki-cn.wikidot.com/nekodesu-dot,SCP-CN via SCPPER-CN,2021-12-07,,True,excluded_or_unverified,zh,True,True,excluded,not_marked_chinese_original,data/raw/deep_author/works/da-work-1330837564.json,SCPPER-CN JSON bundle,734,8fbc063ae7d277a76a6761235c53a6fc742a1371fee9d4ded0a7ccee4a68f85b,2026-08-14,CC BY-SA 3.0 unless a page records a different compatible notice,jp|艺术作品,
da-author-etinjat-1c584251,Etinjat,da-work-1330837716,1330837716,致熬过极夜者,https://scp-wiki-cn.wikidot.com/light-of-daybreak,https://scp-wiki-cn.wikidot.com/light-of-daybreak,SCP-CN via SCPPER-CN,2021-12-07,,True,excluded_or_unverified,zh,True,True,excluded,not_marked_chinese_original,data/raw/deep_author/works/da-work-1330837716.json,SCPPER-CN JSON bundle,1147,2eadbfe628e5885891e2a2c7efe3737a79371f541faa503f9ea775ac97182502,2026-08-14,CC BY-SA 3.0 unless a page records a different compatible notice,jp|极夜灯|艺术作品,
da-author-etinjat-1c584251,Etinjat,da-work-1330837938,1330837938,银弹,https://scp-wiki-cn.wikidot.com/silverbullet,https://scp-wiki-cn.wikidot.com/silverbullet,SCP-CN via SCPPER-CN,2021-12-07,,True,excluded_or_unverified,zh,True,True,excluded,not_marked_chinese_original,data/raw/deep_author/works/da-work-1330837938.json,SCPPER-CN JSON bundle,833,a7dafd5a91f73f24f543096aa539f9837b042e379bbc1d228bf063eeac9ab495,2026-08-14,CC BY-SA 3.0 unless a page records a different compatible notice,jp|艺术作品,
da-author-etinjat-1c584251,Etinjat,da-work-1330889539,1330889539,Billy 是 Euc-kid,https://scp-wiki-cn.wikidot.com/scp-484-fr,https://scp-wiki-cn.wikidot.com/scp-484-fr,SCP-CN via SCPPER-CN,2021-12-10,,True,excluded_or_unverified,zh,True,True,excluded,not_marked_chinese_original,data/raw/deep_author/works/da-work-1330889539.json,SCPPER-CN JSON bundle,1069,ebd84c1953b2c32f605808f7a4b70d96068d981a771d2ca63513a5aba14b1f40,2026-08-14,CC BY-SA 3.0 unless a page records a different compatible notice,fr|scp|yellow|二次翻译|信息危害|叙述性|媒体|感知力|机密分级|艺术性|视觉性,
da-author-etinjat-1c584251,Etinjat,da-work-1330903505,1330903505,流动夜空 版式,https://scp-wiki-cn.wikidot.com/theme:the-flowing-night-sky,https://scp-wiki-cn.wikidot.com/theme:the-flowing-night-sky,SCP-CN via SCPPER-CN,2021-12-11,,True,excluded_or_unverified,zh,True,True,excluded,not_marked_chinese_original,data/raw/deep_author/works/da-work-1330903505.json,SCPPER-CN JSON bundle,1046,594206ab9d94f43be36c3cd347a568791c27deb24f63b83085b0baf9dc06bdca,2026-08-14,CC BY-SA 3.0 unless a page records a different compatible notice,ko|版式,
da-author-etinjat-1c584251,Etinjat,da-work-1330904137,1330904137,朋友啊，去往星辰大海,https://scp-wiki-cn.wikidot.com/the-starry-sea,https://scp-wiki-cn.wikidot.com/the-starry-sea,SCP-CN via SCPPER-CN,2021-12-11,,True,excluded_or_unverified,zh,True,True,excluded,not_marked_chinese_original,data/raw/deep_author/works/da-work-1330904137.json,SCPPER-CN JSON bundle,1047,e58725eb51b5b7a6937fdc32c1ac8dfb01d1ed8d9bf39fcf281a81720c803632,2026-08-14,CC BY-SA 3.0 unless a page records a different compatible notice,jp|艺术作品|蛸苇废船,
da-author-etinjat-1c584251,Etinjat,da-work-1330911415,1330911415,不会飞的翅膀,https://scp-wiki-cn.wikidot.com/izm-artwork-1,https://scp-wiki-cn.wikidot.com/izm-artwork-1,SCP-CN via SCPPER-CN,2021-12-12,,True,excluded_or_unverified,zh,True,True,excluded,not_marked_chinese_original,data/raw/deep_author/works/da-work-1330911415.json,SCPPER-CN JSON bundle,828,f5aa15c80a3f443023c9e412594d729d924f97f88a72d2dbf748c676da8e835f,2026-08-14,CC BY-SA 3.0 unless a page records a different compatible notice,jp|艺术作品,
da-author-etinjat-1c584251,Etinjat,da-work-1330920283,1330920283,深海恐惧症 主题版式,https://scp-wiki-cn.wikidot.com/theme:thalassophobia,https://scp-wiki-cn.wikidot.com/theme:thalassophobia,SCP-CN via SCPPER-CN,2021-12-14,,True,excluded_or_unverified,zh,True,True,excluded,not_marked_chinese_original,data/raw/deep_author/works/da-work-1330920283.json,SCPPER-CN JSON bundle,854,7a2785d5bad59a96a751534c356985d92a3f54a16ad4eae71cb8edf106c6ff52,2026-08-14,CC BY-SA 3.0 unless a page records a different compatible notice,版式,
da-author-etinjat-1c584251,Etinjat,da-work-1331014733,1331014733,你们为什么不信那些迹象呢？,https://scp-wiki-cn.wikidot.com/scp-cn-2991,https://scp-wiki-cn.wikidot.com/scp-cn-2991,SCP-CN via SCPPER-CN,2021-12-17,,True,single_selected_author,zh,False,False,included,,data/raw/deep_author/works/da-work-1331014733.json,SCPPER-CN JSON bundle,8963,9a65fcb20fa339130b9fd062f2796465f063f5193b237f6fc7942f9fde1b1d33,2026-08-14,CC BY-SA 3.0 unless a page records a different compatible notice,scp|不可摧毁|原创|无定形|时空|机密分级|现实扭曲|移情作用|误传部,
da-author-etinjat-1c584251,Etinjat,da-work-1331028807,1331028807,海洋传说 版式,https://scp-wiki-cn.wikidot.com/theme:legend-of-blue,https://scp-wiki-cn.wikidot.com/theme:legend-of-blue,SCP-CN via SCPPER-CN,2021-12-19,,True,excluded_or_unverified,zh,True,True,excluded,not_marked_chinese_original,data/raw/deep_author/works/da-work-1331028807.json,SCPPER-CN JSON bundle,765,e51186aeaac76a0823a126cbc65ec2e716d83784f045955f5c6b170c07382d3b,2026-08-14,CC BY-SA 3.0 unless a page records a different compatible notice,ko|版式,
da-author-etinjat-1c584251,Etinjat,da-work-1331158659,1331158659,愚者史诗：俄耳甫斯之死,https://scp-wiki-cn.wikidot.com/the-death-of-orpheus,https://scp-wiki-cn.wikidot.com/the-death-of-orpheus,SCP-CN via SCPPER-CN,2021-12-22,,True,single_selected_author,zh,False,False,included,,data/raw/deep_author/works/da-work-1331158659.json,SCPPER-CN JSON bundle,26644,8b1e9f8bd69e62129e51fd4911b4a10d3e3d8a0826942ba70b3cb0dab3f57ca9,2026-08-14,CC BY-SA 3.0 unless a page records a different compatible notice,_破碎之神教会|goi格式|原创|曝光|欲肉教|破碎之神教会|第二海托世教会|诗歌,
da-author-etinjat-1c584251,Etinjat,da-work-1331204635,1331204635,花园 版式,https://scp-wiki-cn.wikidot.com/theme:flowergarden,https://scp-wiki-cn.wikidot.com/theme:flowergarden,SCP-CN via SCPPER-CN,2021-12-28,,True,excluded_or_unverified,zh,True,True,excluded,not_marked_chinese_original,data/raw/deep_author/works/da-work-1331204635.json,SCPPER-CN JSON bundle,1028,4f00d8ff174e49bd2ca76a2bd5371742d2a7177c4adcf04a0182347febd454a6,2026-08-14,CC BY-SA 3.0 unless a page records a different compatible notice,ko|版式,
da-author-etinjat-1c584251,Etinjat,da-work-1331206445,1331206445,箱根町奇蹄病大屠杀事件始末,https://scp-wiki-cn.wikidot.com/koigarezaki-news-201212,https://scp-wiki-cn.wikidot.com/koigarezaki-news-201212,SCP-CN via SCPPER-CN,2021-12-28,,True,single_selected_author,zh,False,False,included,,data/raw/deep_author/works/da-work-1331206445.json,SCPPER-CN JSON bundle,74809,0123f68f3b168c8c99bb83405abb99d00e4ecd3455fec003b5d5b1103ed081c1,2026-08-14,CC BY-SA 3.0 unless a page records a different compatible notice,1998|_恋昏崎新闻社|goi格式|jagpato|全球超自然联盟|公安部特事课|原创|国家超常防灾院|威尔逊野生动物|广末孝行|恋昏崎新闻社|精品|肖邦教|赤链蛇之手|远野妖怪保护区|青大将|风露旅社,
da-author-etinjat-1c584251,Etinjat,da-work-1331209925,1331209925,半死不活,https://scp-wiki-cn.wikidot.com/art:only-half-alive,https://scp-wiki-cn.wikidot.com/art:only-half-alive,SCP-CN via SCPPER-CN,2021-12-29,,True,excluded_or_unverified,zh,True,True,excluded,not_marked_chinese_original,data/raw/deep_author/works/da-work-1331209925.json,SCPPER-CN JSON bundle,987,48801e67c07ba2720a78a551a62a8b812ac285b4d01e9cac451e8a69c11bbbdd,2026-08-14,CC BY-SA 3.0 unless a page records a different compatible notice,交换艺术|艺术作品,
da-author-etinjat-1c584251,Etinjat,da-work-1331218263,1331218263,“再临”,https://scp-wiki-cn.wikidot.com/1998-summer,https://scp-wiki-cn.wikidot.com/1998-summer,SCP-CN via SCPPER-CN,2021-12-30,,True,excluded_or_unverified,zh,True,True,excluded,not_marked_chinese_original,data/raw/deep_author/works/da-work-1331218263.json,SCPPER-CN JSON bundle,1082,69f4db3914d1334e692925bc91b1a43faf487ec78da8815fec0ffb58026d15f5,2026-08-14,CC BY-SA 3.0 unless a page records a different compatible notice,1998|jp|艺术作品,
da-author-etinjat-1c584251,Etinjat,da-work-1331219150,1331219150,SOYA-001的音乐艺术作品,https://scp-wiki-cn.wikidot.com/soya-001-music-art,https://scp-wiki-cn.wikidot.com/soya-001-music-art,SCP-CN via SCPPER-CN,2021-12-30,,True,excluded_or_unverified,zh,True,True,excluded,not_marked_chinese_original,data/raw/deep_author/works/da-work-1331219150.json,SCPPER-CN JSON bundle,919,c280dc712f76b425f152e285a50b26f1bc893456225d69d4d38253831abbb4e5,2026-08-14,CC BY-SA 3.0 unless a page records a different compatible notice,1998|jp|艺术作品|音频,
da-author-etinjat-1c584251,Etinjat,da-work-1331219674,1331219674,艾米莉·米兰达发来了裸照,https://scp-wiki-cn.wikidot.com/aquiyasevienepajeado,https://scp-wiki-cn.wikidot.com/aquiyasevienepajeado,SCP-CN via SCPPER-CN,2021-12-30,,True,excluded_or_unverified,zh,True,True,excluded,not_marked_chinese_original,data/raw/deep_author/works/da-work-1331219674.json,SCPPER-CN JSON bundle,794,d7eb93cf3768ccdd54e4b2ceb58afdaadf75a106de318febc278253bc9a056f3,2026-08-14,CC BY-SA 3.0 unless a page records a different compatible notice,es|二次翻译|搞笑|故事,
